datetime_est,do_percent_sat,depth,plot
6/5/23,81.16,5,Freshwater
6/5/23 0:05,81.263,5,Freshwater
6/5/23 0:10,81.189,5,Freshwater
6/5/23 0:15,81.182,5,Freshwater
6/5/23 0:20,81.2,5,Freshwater
6/5/23 0:25,81.178,5,Freshwater
6/5/23 0:30,81.167,5,Freshwater
6/5/23 0:35,81.182,5,Freshwater
6/5/23 0:40,81.189,5,Freshwater
6/5/23 0:45,81.169,5,Freshwater
6/5/23 0:50,81.232,5,Freshwater
6/5/23 0:55,81.174,5,Freshwater
6/5/23 1:00,81.142,5,Freshwater
6/5/23 1:05,81.111,5,Freshwater
6/5/23 1:10,81.108,5,Freshwater
6/5/23 1:15,81.24,5,Freshwater
6/5/23 1:20,81.206,5,Freshwater
6/5/23 1:25,81.258,5,Freshwater
6/5/23 1:30,81.185,5,Freshwater
6/5/23 1:35,81.159,5,Freshwater
6/5/23 1:40,81.217,5,Freshwater
6/5/23 1:45,81.246,5,Freshwater
6/5/23 1:50,81.147,5,Freshwater
6/5/23 1:55,81.174,5,Freshwater
6/5/23 2:00,81.167,5,Freshwater
6/5/23 2:05,81.107,5,Freshwater
6/5/23 2:10,81.244,5,Freshwater
6/5/23 2:15,81.168,5,Freshwater
6/5/23 2:20,81.2,5,Freshwater
6/5/23 2:25,81.194,5,Freshwater
6/5/23 2:30,81.077,5,Freshwater
6/5/23 2:35,81.192,5,Freshwater
6/5/23 2:40,81.109,5,Freshwater
6/5/23 2:45,81.115,5,Freshwater
6/5/23 2:50,81.218,5,Freshwater
6/5/23 2:55,81.172,5,Freshwater
6/5/23 3:00,81.076,5,Freshwater
6/5/23 3:05,81.093,5,Freshwater
6/5/23 3:10,81.133,5,Freshwater
6/5/23 3:15,81.154,5,Freshwater
6/5/23 3:20,81.174,5,Freshwater
6/5/23 3:25,81.168,5,Freshwater
6/5/23 3:30,81.14,5,Freshwater
6/5/23 3:35,81.179,5,Freshwater
6/5/23 3:40,81.135,5,Freshwater
6/5/23 3:45,81.145,5,Freshwater
6/5/23 3:50,81.142,5,Freshwater
6/5/23 3:55,81.167,5,Freshwater
6/5/23 4:00,81.133,5,Freshwater
6/5/23 4:05,81.081,5,Freshwater
6/5/23 4:10,81.133,5,Freshwater
6/5/23 4:15,81.093,5,Freshwater
6/5/23 4:20,81.096,5,Freshwater
6/5/23 4:25,81.204,5,Freshwater
6/5/23 4:30,81.103,5,Freshwater
6/5/23 4:35,81.149,5,Freshwater
6/5/23 4:40,81.131,5,Freshwater
6/5/23 4:45,81.135,5,Freshwater
6/5/23 4:50,81.194,5,Freshwater
6/5/23 4:55,81.071,5,Freshwater
6/5/23 5:00,81.146,5,Freshwater
6/5/23 5:05,81.11,5,Freshwater
6/5/23 5:10,81.014,5,Freshwater
6/5/23 5:15,81.128,5,Freshwater
6/5/23 5:20,81.101,5,Freshwater
6/5/23 5:25,81.05,5,Freshwater
6/5/23 5:30,81.026,5,Freshwater
6/5/23 5:35,81.079,5,Freshwater
6/5/23 5:40,81.088,5,Freshwater
6/5/23 5:45,81.111,5,Freshwater
6/5/23 5:50,81.048,5,Freshwater
6/5/23 5:55,81.056,5,Freshwater
6/5/23 6:00,81.084,5,Freshwater
6/5/23 6:05,81.108,5,Freshwater
6/5/23,82.675,10,Freshwater
6/5/23 0:05,82.692,10,Freshwater
6/5/23 0:10,82.616,10,Freshwater
6/5/23 0:15,82.596,10,Freshwater
6/5/23 0:20,82.587,10,Freshwater
6/5/23 0:25,82.623,10,Freshwater
6/5/23 0:30,82.622,10,Freshwater
6/5/23 0:35,82.599,10,Freshwater
6/5/23 0:40,82.619,10,Freshwater
6/5/23 0:45,82.551,10,Freshwater
6/5/23 0:50,82.655,10,Freshwater
6/5/23 0:55,82.568,10,Freshwater
6/5/23 1:00,82.588,10,Freshwater
6/5/23 1:05,82.534,10,Freshwater
6/5/23 1:10,82.55,10,Freshwater
6/5/23 1:15,82.523,10,Freshwater
6/5/23 1:20,82.561,10,Freshwater
6/5/23 1:25,82.532,10,Freshwater
6/5/23 1:30,82.457,10,Freshwater
6/5/23 1:35,82.533,10,Freshwater
6/5/23 1:40,82.453,10,Freshwater
6/5/23 1:45,82.443,10,Freshwater
6/5/23 1:50,82.467,10,Freshwater
6/5/23 1:55,82.417,10,Freshwater
6/5/23 2:00,82.474,10,Freshwater
6/5/23 2:05,82.384,10,Freshwater
6/5/23 2:10,82.369,10,Freshwater
6/5/23 2:15,82.402,10,Freshwater
6/5/23 2:20,82.34,10,Freshwater
6/5/23 2:25,82.401,10,Freshwater
6/5/23 2:30,82.411,10,Freshwater
6/5/23 2:35,82.378,10,Freshwater
6/5/23 2:40,82.294,10,Freshwater
6/5/23 2:45,82.343,10,Freshwater
6/5/23 2:50,82.324,10,Freshwater
6/5/23 2:55,82.35,10,Freshwater
6/5/23 3:00,82.396,10,Freshwater
6/5/23 3:05,82.356,10,Freshwater
6/5/23 3:10,82.386,10,Freshwater
6/5/23 3:15,82.386,10,Freshwater
6/5/23 3:20,82.314,10,Freshwater
6/5/23 3:25,82.317,10,Freshwater
6/5/23 3:30,82.315,10,Freshwater
6/5/23 3:35,82.313,10,Freshwater
6/5/23 3:40,82.299,10,Freshwater
6/5/23 3:45,82.24,10,Freshwater
6/5/23 3:50,82.325,10,Freshwater
6/5/23 3:55,82.312,10,Freshwater
6/5/23 4:00,82.277,10,Freshwater
6/5/23 4:05,82.273,10,Freshwater
6/5/23 4:10,82.205,10,Freshwater
6/5/23 4:15,82.309,10,Freshwater
6/5/23 4:20,82.386,10,Freshwater
6/5/23 4:25,82.26,10,Freshwater
6/5/23 4:30,82.268,10,Freshwater
6/5/23 4:35,82.323,10,Freshwater
6/5/23 4:40,82.308,10,Freshwater
6/5/23 4:45,82.381,10,Freshwater
6/5/23 4:50,82.247,10,Freshwater
6/5/23 4:55,82.276,10,Freshwater
6/5/23 5:00,82.289,10,Freshwater
6/5/23 5:05,82.278,10,Freshwater
6/5/23 5:10,82.258,10,Freshwater
6/5/23 5:15,82.283,10,Freshwater
6/5/23 5:20,82.158,10,Freshwater
6/5/23 5:25,82.294,10,Freshwater
6/5/23 5:30,82.207,10,Freshwater
6/5/23 5:35,82.247,10,Freshwater
6/5/23 5:40,82.248,10,Freshwater
6/5/23 5:45,82.381,10,Freshwater
6/5/23 5:50,82.236,10,Freshwater
6/5/23 5:55,82.175,10,Freshwater
6/5/23 6:00,82.246,10,Freshwater
6/5/23 6:05,82.268,10,Freshwater
6/5/23,81.995,20,Freshwater
6/5/23 0:05,81.945,20,Freshwater
6/5/23 0:10,81.993,20,Freshwater
6/5/23 0:15,81.942,20,Freshwater
6/5/23 0:20,81.959,20,Freshwater
6/5/23 0:25,81.967,20,Freshwater
6/5/23 0:30,81.95,20,Freshwater
6/5/23 0:35,81.959,20,Freshwater
6/5/23 0:40,81.973,20,Freshwater
6/5/23 0:45,81.997,20,Freshwater
6/5/23 0:50,81.96,20,Freshwater
6/5/23 0:55,81.999,20,Freshwater
6/5/23 1:00,81.933,20,Freshwater
6/5/23 1:05,81.984,20,Freshwater
6/5/23 1:10,81.98,20,Freshwater
6/5/23 1:15,81.997,20,Freshwater
6/5/23 1:20,81.984,20,Freshwater
6/5/23 1:25,81.926,20,Freshwater
6/5/23 1:30,81.998,20,Freshwater
6/5/23 1:35,81.943,20,Freshwater
6/5/23 1:40,82.039,20,Freshwater
6/5/23 1:45,81.904,20,Freshwater
6/5/23 1:50,81.947,20,Freshwater
6/5/23 1:55,81.932,20,Freshwater
6/5/23 2:00,81.989,20,Freshwater
6/5/23 2:05,81.946,20,Freshwater
6/5/23 2:10,81.929,20,Freshwater
6/5/23 2:15,81.927,20,Freshwater
6/5/23 2:20,81.849,20,Freshwater
6/5/23 2:25,81.935,20,Freshwater
6/5/23 2:30,81.936,20,Freshwater
6/5/23 2:35,81.911,20,Freshwater
6/5/23 2:40,81.899,20,Freshwater
6/5/23 2:45,81.89,20,Freshwater
6/5/23 2:50,81.876,20,Freshwater
6/5/23 2:55,81.884,20,Freshwater
6/5/23 3:00,81.871,20,Freshwater
6/5/23 3:05,81.929,20,Freshwater
6/5/23 3:10,81.897,20,Freshwater
6/5/23 3:15,81.89,20,Freshwater
6/5/23 3:20,81.889,20,Freshwater
6/5/23 3:25,81.798,20,Freshwater
6/5/23 3:30,81.801,20,Freshwater
6/5/23 3:35,81.874,20,Freshwater
6/5/23 3:40,81.845,20,Freshwater
6/5/23 3:45,81.857,20,Freshwater
6/5/23 3:50,81.818,20,Freshwater
6/5/23 3:55,81.85,20,Freshwater
6/5/23 4:00,81.81,20,Freshwater
6/5/23 4:05,81.783,20,Freshwater
6/5/23 4:10,81.811,20,Freshwater
6/5/23 4:15,81.82,20,Freshwater
6/5/23 4:20,81.804,20,Freshwater
6/5/23 4:25,81.893,20,Freshwater
6/5/23 4:30,81.816,20,Freshwater
6/5/23 4:35,81.821,20,Freshwater
6/5/23 4:40,81.842,20,Freshwater
6/5/23 4:45,81.891,20,Freshwater
6/5/23 4:50,81.899,20,Freshwater
6/5/23 4:55,81.863,20,Freshwater
6/5/23 5:00,81.794,20,Freshwater
6/5/23 5:05,81.85,20,Freshwater
6/5/23 5:10,81.883,20,Freshwater
6/5/23 5:15,81.793,20,Freshwater
6/5/23 5:20,81.884,20,Freshwater
6/5/23 5:25,81.829,20,Freshwater
6/5/23 5:30,81.868,20,Freshwater
6/5/23 5:35,81.803,20,Freshwater
6/5/23 5:40,81.818,20,Freshwater
6/5/23 5:45,81.805,20,Freshwater
6/5/23 5:50,81.817,20,Freshwater
6/5/23 5:55,81.853,20,Freshwater
6/5/23 6:00,81.797,20,Freshwater
6/5/23 6:05,81.823,20,Freshwater
6/5/23,77.93,30,Freshwater
6/5/23 0:05,78.045,30,Freshwater
6/5/23 0:10,77.952,30,Freshwater
6/5/23 0:15,77.949,30,Freshwater
6/5/23 0:20,78.001,30,Freshwater
6/5/23 0:25,77.955,30,Freshwater
6/5/23 0:30,77.957,30,Freshwater
6/5/23 0:35,77.971,30,Freshwater
6/5/23 0:40,77.947,30,Freshwater
6/5/23 0:45,77.974,30,Freshwater
6/5/23 0:50,78.004,30,Freshwater
6/5/23 0:55,77.975,30,Freshwater
6/5/23 1:00,77.986,30,Freshwater
6/5/23 1:05,77.964,30,Freshwater
6/5/23 1:10,77.991,30,Freshwater
6/5/23 1:15,77.954,30,Freshwater
6/5/23 1:20,78.025,30,Freshwater
6/5/23 1:25,77.994,30,Freshwater
6/5/23 1:30,77.986,30,Freshwater
6/5/23 1:35,77.938,30,Freshwater
6/5/23 1:40,77.967,30,Freshwater
6/5/23 1:45,77.962,30,Freshwater
6/5/23 1:50,78.024,30,Freshwater
6/5/23 1:55,77.991,30,Freshwater
6/5/23 2:00,77.987,30,Freshwater
6/5/23 2:05,78.005,30,Freshwater
6/5/23 2:10,78.015,30,Freshwater
6/5/23 2:15,77.978,30,Freshwater
6/5/23 2:20,77.943,30,Freshwater
6/5/23 2:25,77.987,30,Freshwater
6/5/23 2:30,78.028,30,Freshwater
6/5/23 2:35,77.999,30,Freshwater
6/5/23 2:40,77.929,30,Freshwater
6/5/23 2:45,77.974,30,Freshwater
6/5/23 2:50,77.914,30,Freshwater
6/5/23 2:55,77.95,30,Freshwater
6/5/23 3:00,77.934,30,Freshwater
6/5/23 3:05,78,30,Freshwater
6/5/23 3:10,77.96,30,Freshwater
6/5/23 3:15,77.954,30,Freshwater
6/5/23 3:20,77.983,30,Freshwater
6/5/23 3:25,77.972,30,Freshwater
6/5/23 3:30,77.932,30,Freshwater
6/5/23 3:35,77.974,30,Freshwater
6/5/23 3:40,77.97,30,Freshwater
6/5/23 3:45,77.923,30,Freshwater
6/5/23 3:50,77.912,30,Freshwater
6/5/23 3:55,77.911,30,Freshwater
6/5/23 4:00,78.04,30,Freshwater
6/5/23 4:05,77.89,30,Freshwater
6/5/23 4:10,77.878,30,Freshwater
6/5/23 4:15,77.926,30,Freshwater
6/5/23 4:20,77.851,30,Freshwater
6/5/23 4:25,77.931,30,Freshwater
6/5/23 4:30,77.952,30,Freshwater
6/5/23 4:35,77.966,30,Freshwater
6/5/23 4:40,77.958,30,Freshwater
6/5/23 4:45,77.942,30,Freshwater
6/5/23 4:50,77.975,30,Freshwater
6/5/23 4:55,77.958,30,Freshwater
6/5/23 5:00,77.994,30,Freshwater
6/5/23 5:05,77.96,30,Freshwater
6/5/23 5:10,77.973,30,Freshwater
6/5/23 5:15,77.981,30,Freshwater
6/5/23 5:20,78.005,30,Freshwater
6/5/23 5:25,77.945,30,Freshwater
6/5/23 5:30,77.982,30,Freshwater
6/5/23 5:35,77.987,30,Freshwater
6/5/23 5:40,78.027,30,Freshwater
6/5/23 5:45,77.996,30,Freshwater
6/5/23 5:50,78.032,30,Freshwater
6/5/23 5:55,78.029,30,Freshwater
6/5/23 6:00,78.026,30,Freshwater
6/5/23 6:05,78.029,30,Freshwater
6/5/23 10:00,81.566,5,Freshwater
6/5/23 10:05,81.48,5,Freshwater
6/5/23 10:10,81.538,5,Freshwater
6/5/23 10:15,81.527,5,Freshwater
6/5/23 10:20,81.397,5,Freshwater
6/5/23 10:25,81.561,5,Freshwater
6/5/23 10:30,81.471,5,Freshwater
6/5/23 10:35,81.513,5,Freshwater
6/5/23 10:40,81.496,5,Freshwater
6/5/23 10:45,81.526,5,Freshwater
6/5/23 10:50,81.66,5,Freshwater
6/5/23 10:55,81.599,5,Freshwater
6/5/23 11:00,81.8,5,Freshwater
6/5/23 11:05,82.071,5,Freshwater
6/5/23 11:10,82.023,5,Freshwater
6/5/23 11:15,81.718,5,Freshwater
6/5/23 11:20,81.932,5,Freshwater
6/5/23 11:25,81.969,5,Freshwater
6/5/23 11:30,82.19,5,Freshwater
6/5/23 11:35,82.115,5,Freshwater
6/5/23 11:40,82.077,5,Freshwater
6/5/23 11:45,82.05,5,Freshwater
6/5/23 11:50,82.348,5,Freshwater
6/5/23 11:55,82.078,5,Freshwater
6/5/23 12:00,82.112,5,Freshwater
6/5/23 12:05,82.234,5,Freshwater
6/5/23 12:10,82.207,5,Freshwater
6/5/23 12:15,82.197,5,Freshwater
6/5/23 12:20,82.168,5,Freshwater
6/5/23 12:25,82.222,5,Freshwater
6/5/23 12:30,82.154,5,Freshwater
6/5/23 12:35,82.328,5,Freshwater
6/5/23 12:40,82.081,5,Freshwater
6/5/23 12:45,82.191,5,Freshwater
6/5/23 12:50,82.206,5,Freshwater
6/5/23 12:55,82.086,5,Freshwater
6/5/23 13:00,82.366,5,Freshwater
6/5/23 13:05,82.188,5,Freshwater
6/5/23 13:10,82.361,5,Freshwater
6/5/23 13:15,82.195,5,Freshwater
6/5/23 13:20,82.366,5,Freshwater
6/5/23 13:25,82.191,5,Freshwater
6/5/23 13:30,82.439,5,Freshwater
6/5/23 13:35,82.319,5,Freshwater
6/5/23 13:40,82.486,5,Freshwater
6/5/23 13:45,82.351,5,Freshwater
6/5/23 13:50,82.578,5,Freshwater
6/5/23 13:55,82.457,5,Freshwater
6/5/23 14:00,82.247,5,Freshwater
6/5/23 14:05,82.445,5,Freshwater
6/5/23 14:10,82.425,5,Freshwater
6/5/23 14:15,82.456,5,Freshwater
6/5/23 14:20,82.396,5,Freshwater
6/5/23 14:25,82.443,5,Freshwater
6/5/23 14:30,82.42,5,Freshwater
6/5/23 14:35,82.553,5,Freshwater
6/5/23 14:40,82.497,5,Freshwater
6/5/23 14:45,82.339,5,Freshwater
6/5/23 14:50,82.54,5,Freshwater
6/5/23 14:55,82.398,5,Freshwater
6/5/23 15:00,82.435,5,Freshwater
6/5/23 15:05,82.664,5,Freshwater
6/5/23 15:10,82.425,5,Freshwater
6/5/23 15:15,82.568,5,Freshwater
6/5/23 15:20,82.478,5,Freshwater
6/5/23 15:25,82.54,5,Freshwater
6/5/23 15:30,82.614,5,Freshwater
6/5/23 15:35,82.537,5,Freshwater
6/5/23 15:40,82.251,5,Freshwater
6/5/23 15:45,82.695,5,Freshwater
6/5/23 15:50,82.34,5,Freshwater
6/5/23 15:55,82.559,5,Freshwater
6/5/23 16:00,82.503,5,Freshwater
6/5/23 16:05,82.256,5,Freshwater
6/5/23 16:10,82.328,5,Freshwater
6/5/23 16:15,82.261,5,Freshwater
6/5/23 16:20,82.425,5,Freshwater
6/5/23 16:25,82.349,5,Freshwater
6/5/23 16:30,82.191,5,Freshwater
6/5/23 16:35,82.42,5,Freshwater
6/5/23 16:40,82.352,5,Freshwater
6/5/23 16:45,82.333,5,Freshwater
6/5/23 16:50,82.384,5,Freshwater
6/5/23 16:55,82.315,5,Freshwater
6/5/23 17:00,82.367,5,Freshwater
6/5/23 17:05,82.292,5,Freshwater
6/5/23 17:10,82.391,5,Freshwater
6/5/23 17:15,82.398,5,Freshwater
6/5/23 17:20,82.372,5,Freshwater
6/5/23 17:25,82.382,5,Freshwater
6/5/23 17:30,82.375,5,Freshwater
6/5/23 17:35,82.295,5,Freshwater
6/5/23 17:40,82.286,5,Freshwater
6/5/23 17:45,82.279,5,Freshwater
6/5/23 17:50,82.383,5,Freshwater
6/5/23 17:55,82.294,5,Freshwater
6/5/23 18:00,82.4,5,Freshwater
6/5/23 18:05,82.385,5,Freshwater
6/5/23 18:10,82.344,5,Freshwater
6/5/23 18:15,82.267,5,Freshwater
6/5/23 18:20,82.334,5,Freshwater
6/5/23 18:25,82.32,5,Freshwater
6/5/23 18:30,82.295,5,Freshwater
6/5/23 18:35,82.184,5,Freshwater
6/5/23 18:40,82.237,5,Freshwater
6/5/23 18:45,82.279,5,Freshwater
6/5/23 18:50,82.209,5,Freshwater
6/5/23 18:55,82.256,5,Freshwater
6/5/23 19:00,82.214,5,Freshwater
6/5/23 19:05,82.195,5,Freshwater
6/5/23 19:10,82.211,5,Freshwater
6/5/23 19:15,82.178,5,Freshwater
6/5/23 19:20,82.182,5,Freshwater
6/5/23 19:25,82.199,5,Freshwater
6/5/23 19:30,82.105,5,Freshwater
6/5/23 19:35,82.138,5,Freshwater
6/5/23 19:40,82.153,5,Freshwater
6/5/23 19:45,82.16,5,Freshwater
6/5/23 19:50,82.085,5,Freshwater
6/5/23 19:55,82.141,5,Freshwater
6/5/23 20:00,82.133,5,Freshwater
6/5/23 20:05,82.145,5,Freshwater
6/5/23 20:10,82.026,5,Freshwater
6/5/23 20:15,82.026,5,Freshwater
6/5/23 20:20,82.059,5,Freshwater
6/5/23 20:25,82.059,5,Freshwater
6/5/23 20:30,82.092,5,Freshwater
6/5/23 20:35,82.018,5,Freshwater
6/5/23 20:40,82.004,5,Freshwater
6/5/23 20:45,82.03,5,Freshwater
6/5/23 20:50,82.153,5,Freshwater
6/5/23 20:55,82.09,5,Freshwater
6/5/23 21:00,82.016,5,Freshwater
6/5/23 21:05,81.998,5,Freshwater
6/5/23 21:10,81.986,5,Freshwater
6/5/23 21:15,82.017,5,Freshwater
6/5/23 21:20,81.994,5,Freshwater
6/5/23 21:25,81.936,5,Freshwater
6/5/23 21:30,81.956,5,Freshwater
6/5/23 21:35,81.961,5,Freshwater
6/5/23 21:40,81.936,5,Freshwater
6/5/23 21:45,81.991,5,Freshwater
6/5/23 21:50,81.965,5,Freshwater
6/5/23 21:55,81.959,5,Freshwater
6/5/23 22:00,81.94,5,Freshwater
6/5/23 22:05,81.971,5,Freshwater
6/5/23 22:10,81.937,5,Freshwater
6/5/23 22:15,81.87,5,Freshwater
6/5/23 22:20,81.928,5,Freshwater
6/5/23 22:25,81.921,5,Freshwater
6/5/23 22:30,82,5,Freshwater
6/5/23 22:35,81.897,5,Freshwater
6/5/23 22:40,81.895,5,Freshwater
6/5/23 22:45,81.925,5,Freshwater
6/5/23 22:50,81.896,5,Freshwater
6/5/23 22:55,81.9,5,Freshwater
6/5/23 23:00,81.827,5,Freshwater
6/5/23 23:05,81.807,5,Freshwater
6/5/23 23:10,81.829,5,Freshwater
6/5/23 23:15,81.873,5,Freshwater
6/5/23 23:20,81.842,5,Freshwater
6/5/23 23:25,81.78,5,Freshwater
6/5/23 23:30,81.854,5,Freshwater
6/5/23 23:35,81.804,5,Freshwater
6/5/23 23:40,81.815,5,Freshwater
6/5/23 23:45,81.841,5,Freshwater
6/5/23 23:50,81.856,5,Freshwater
6/5/23 23:55,81.914,5,Freshwater
6/6/23,81.836,5,Freshwater
6/6/23 0:05,81.776,5,Freshwater
6/6/23 0:10,81.845,5,Freshwater
6/6/23 0:15,81.867,5,Freshwater
6/6/23 0:20,81.769,5,Freshwater
6/6/23 0:25,81.831,5,Freshwater
6/6/23 0:30,81.78,5,Freshwater
6/6/23 0:35,81.883,5,Freshwater
6/6/23 0:40,81.794,5,Freshwater
6/6/23 0:45,81.914,5,Freshwater
6/6/23 0:50,81.798,5,Freshwater
6/6/23 0:55,81.865,5,Freshwater
6/6/23 1:00,81.827,5,Freshwater
6/6/23 1:05,81.806,5,Freshwater
6/6/23 1:10,81.791,5,Freshwater
6/6/23 1:15,81.829,5,Freshwater
6/6/23 1:20,81.811,5,Freshwater
6/6/23 1:25,81.815,5,Freshwater
6/6/23 1:30,81.888,5,Freshwater
6/6/23 1:35,81.801,5,Freshwater
6/6/23 1:40,81.83,5,Freshwater
6/6/23 1:45,81.797,5,Freshwater
6/6/23 1:50,81.831,5,Freshwater
6/6/23 1:55,81.868,5,Freshwater
6/6/23 2:00,81.856,5,Freshwater
6/6/23 2:05,81.84,5,Freshwater
6/6/23 2:10,81.819,5,Freshwater
6/6/23 2:15,81.805,5,Freshwater
6/6/23 2:20,81.785,5,Freshwater
6/6/23 2:25,81.81,5,Freshwater
6/6/23 2:30,81.915,5,Freshwater
6/6/23 2:35,81.846,5,Freshwater
6/6/23 2:40,81.81,5,Freshwater
6/6/23 2:45,81.783,5,Freshwater
6/6/23 2:50,81.771,5,Freshwater
6/6/23 2:55,81.744,5,Freshwater
6/6/23 3:00,81.769,5,Freshwater
6/6/23 3:05,81.779,5,Freshwater
6/6/23 3:10,81.854,5,Freshwater
6/6/23 3:15,81.769,5,Freshwater
6/6/23 3:20,81.816,5,Freshwater
6/6/23 3:25,81.805,5,Freshwater
6/6/23 3:30,81.831,5,Freshwater
6/6/23 3:35,81.84,5,Freshwater
6/6/23 3:40,81.846,5,Freshwater
6/6/23 3:45,81.797,5,Freshwater
6/6/23 3:50,81.857,5,Freshwater
6/6/23 3:55,81.877,5,Freshwater
6/6/23 4:00,81.856,5,Freshwater
6/6/23 4:05,81.854,5,Freshwater
6/6/23 4:10,81.79,5,Freshwater
6/6/23 4:15,81.86,5,Freshwater
6/6/23 4:20,81.807,5,Freshwater
6/6/23 4:25,81.838,5,Freshwater
6/6/23 4:30,81.844,5,Freshwater
6/6/23 4:35,81.818,5,Freshwater
6/6/23 4:40,81.862,5,Freshwater
6/6/23 4:45,81.829,5,Freshwater
6/6/23 4:50,82.223,5,Freshwater
6/6/23 4:55,79.877,5,Freshwater
6/6/23 5:00,78.359,5,Freshwater
6/6/23 5:05,77.247,5,Freshwater
6/6/23 5:10,75.793,5,Freshwater
6/6/23 5:15,74.422,5,Freshwater
6/6/23 5:20,73.313,5,Freshwater
6/6/23 5:25,72.58,5,Freshwater
6/6/23 5:30,72.059,5,Freshwater
6/6/23 5:35,71.615,5,Freshwater
6/6/23 5:40,71.277,5,Freshwater
6/6/23 5:45,70.863,5,Freshwater
6/6/23 5:50,70.548,5,Freshwater
6/6/23 5:55,70.293,5,Freshwater
6/6/23 6:00,69.971,5,Freshwater
6/6/23 6:05,69.507,5,Freshwater
6/6/23 6:10,69.014,5,Freshwater
6/6/23 6:15,68.698,5,Freshwater
6/6/23 6:20,68.332,5,Freshwater
6/6/23 6:25,68.117,5,Freshwater
6/6/23 6:30,67.962,5,Freshwater
6/6/23 6:35,67.871,5,Freshwater
6/6/23 6:40,67.999,5,Freshwater
6/6/23 6:45,68.269,5,Freshwater
6/6/23 6:50,68.535,5,Freshwater
6/6/23 6:55,68.922,5,Freshwater
6/6/23 7:00,69.294,5,Freshwater
6/6/23 7:05,69.754,5,Freshwater
6/6/23 7:10,70.314,5,Freshwater
6/6/23 7:15,70.843,5,Freshwater
6/6/23 7:20,71.234,5,Freshwater
6/6/23 7:25,71.314,5,Freshwater
6/6/23 7:30,71.275,5,Freshwater
6/6/23 7:35,70.928,5,Freshwater
6/6/23 7:40,70.582,5,Freshwater
6/6/23 7:45,70.082,5,Freshwater
6/6/23 7:50,69.438,5,Freshwater
6/6/23 7:55,68.614,5,Freshwater
6/6/23 8:00,67.725,5,Freshwater
6/6/23 8:05,66.883,5,Freshwater
6/6/23 8:10,66.161,5,Freshwater
6/6/23 8:15,65.538,5,Freshwater
6/6/23 8:20,64.57,5,Freshwater
6/6/23 8:25,63.198,5,Freshwater
6/6/23 8:30,61.404,5,Freshwater
6/6/23 8:35,59.031,5,Freshwater
6/6/23 8:40,56.15,5,Freshwater
6/6/23 8:45,53.183,5,Freshwater
6/6/23 8:50,50.465,5,Freshwater
6/6/23 8:55,47.847,5,Freshwater
6/6/23 9:00,45.484,5,Freshwater
6/6/23 9:05,43.249,5,Freshwater
6/6/23 9:10,41.079,5,Freshwater
6/6/23 9:15,39.066,5,Freshwater
6/6/23 9:20,37.043,5,Freshwater
6/6/23 9:25,35.147,5,Freshwater
6/6/23 9:30,33.247,5,Freshwater
6/6/23 9:35,31.41,5,Freshwater
6/6/23 9:40,29.643,5,Freshwater
6/6/23 9:45,27.929,5,Freshwater
6/6/23 9:50,26.315,5,Freshwater
6/6/23 9:55,24.666,5,Freshwater
6/6/23 10:00,23.034,5,Freshwater
6/6/23 10:05,21.378,5,Freshwater
6/6/23 10:10,19.472,5,Freshwater
6/6/23 10:15,17.552,5,Freshwater
6/6/23 10:20,15.651,5,Freshwater
6/6/23 10:25,14.109,5,Freshwater
6/6/23 10:30,22.679,5,Freshwater
6/6/23 10:35,28.639,5,Freshwater
6/6/23 10:40,28.147,5,Freshwater
6/6/23 10:45,27.278,5,Freshwater
6/6/23 10:50,27.489,5,Freshwater
6/6/23 10:55,27.338,5,Freshwater
6/6/23 11:00,26.946,5,Freshwater
6/6/23 11:05,26.45,5,Freshwater
6/6/23 11:10,25.816,5,Freshwater
6/6/23 11:15,24.702,5,Freshwater
6/6/23 11:20,24.223,5,Freshwater
6/6/23 11:25,24.015,5,Freshwater
6/6/23 11:30,23.629,5,Freshwater
6/6/23 11:35,23.001,5,Freshwater
6/6/23 11:40,22.42,5,Freshwater
6/6/23 11:45,21.456,5,Freshwater
6/6/23 11:50,20.064,5,Freshwater
6/6/23 11:55,18.39,5,Freshwater
6/6/23 12:00,16.893,5,Freshwater
6/6/23 12:05,15.231,5,Freshwater
6/6/23 12:10,14.217,5,Freshwater
6/6/23 12:15,13.314,5,Freshwater
6/6/23 12:20,13.36,5,Freshwater
6/6/23 12:25,13.458,5,Freshwater
6/6/23 12:30,13.093,5,Freshwater
6/6/23 12:35,12.642,5,Freshwater
6/6/23 12:40,12.348,5,Freshwater
6/6/23 12:45,11.59,5,Freshwater
6/6/23 12:50,10.551,5,Freshwater
6/6/23 12:55,9.484,5,Freshwater
6/6/23 13:00,8.766,5,Freshwater
6/6/23 13:05,8.43,5,Freshwater
6/6/23 13:10,8.259,5,Freshwater
6/6/23 13:15,7.741,5,Freshwater
6/6/23 13:20,6.788,5,Freshwater
6/6/23 13:25,5.953,5,Freshwater
6/6/23 13:30,5.304,5,Freshwater
6/6/23 13:35,4.852,5,Freshwater
6/6/23 13:40,4.63,5,Freshwater
6/6/23 13:45,4.251,5,Freshwater
6/6/23 13:50,4.114,5,Freshwater
6/6/23 13:55,3.568,5,Freshwater
6/6/23 14:00,3.121,5,Freshwater
6/6/23 14:05,3.877,5,Freshwater
6/6/23 14:10,3.269,5,Freshwater
6/6/23 14:15,1.945,5,Freshwater
6/6/23 14:20,0.68,5,Freshwater
6/6/23 14:25,0,5,Freshwater
6/6/23 14:30,0.027,5,Freshwater
6/6/23 14:35,0,5,Freshwater
6/6/23 14:40,0,5,Freshwater
6/6/23 14:45,0,5,Freshwater
6/6/23 14:50,0,5,Freshwater
6/6/23 14:55,0,5,Freshwater
6/6/23 15:00,0,5,Freshwater
6/6/23 15:05,0,5,Freshwater
6/6/23 15:10,0,5,Freshwater
6/6/23 15:15,0,5,Freshwater
6/6/23 15:20,0,5,Freshwater
6/6/23 15:25,0,5,Freshwater
6/6/23 15:30,0,5,Freshwater
6/6/23 15:35,0,5,Freshwater
6/6/23 15:40,0,5,Freshwater
6/6/23 15:45,0,5,Freshwater
6/6/23 15:50,0,5,Freshwater
6/6/23 15:55,0,5,Freshwater
6/6/23 16:00,0,5,Freshwater
6/6/23 16:05,0,5,Freshwater
6/6/23 16:10,0,5,Freshwater
6/6/23 16:15,0,5,Freshwater
6/6/23 16:20,0,5,Freshwater
6/6/23 16:25,0,5,Freshwater
6/6/23 16:30,0,5,Freshwater
6/6/23 16:35,0,5,Freshwater
6/6/23 16:40,0,5,Freshwater
6/6/23 16:45,0,5,Freshwater
6/6/23 16:50,0,5,Freshwater
6/6/23 16:55,0,5,Freshwater
6/6/23 17:00,0,5,Freshwater
6/6/23 17:05,0,5,Freshwater
6/6/23 17:10,0,5,Freshwater
6/6/23 17:15,0,5,Freshwater
6/6/23 17:20,0,5,Freshwater
6/6/23 17:25,0,5,Freshwater
6/6/23 17:30,0,5,Freshwater
6/6/23 17:35,0.279,5,Freshwater
6/6/23 17:40,1.09,5,Freshwater
6/6/23 17:45,1.652,5,Freshwater
6/6/23 17:50,2.193,5,Freshwater
6/6/23 17:55,2.784,5,Freshwater
6/6/23 18:00,3.373,5,Freshwater
6/6/23 18:05,2.988,5,Freshwater
6/6/23 18:10,1.904,5,Freshwater
6/6/23 18:15,1.23,5,Freshwater
6/6/23 18:20,1.044,5,Freshwater
6/6/23 18:25,1.16,5,Freshwater
6/6/23 18:30,0.908,5,Freshwater
6/6/23 18:35,2.197,5,Freshwater
6/6/23 18:40,0.441,5,Freshwater
6/6/23 18:45,0.508,5,Freshwater
6/6/23 18:50,84.559,5,Freshwater
6/6/23 18:55,85.462,5,Freshwater
6/6/23 19:00,85.544,5,Freshwater
6/6/23 19:05,85.664,5,Freshwater
6/6/23 19:10,85.69,5,Freshwater
6/6/23 19:15,86.032,5,Freshwater
6/6/23 19:20,86.12,5,Freshwater
6/6/23 19:25,86.3,5,Freshwater
6/6/23 19:30,86.427,5,Freshwater
6/6/23 19:35,86.434,5,Freshwater
6/6/23 19:40,86.488,5,Freshwater
6/6/23 19:45,86.539,5,Freshwater
6/6/23 19:50,86.5,5,Freshwater
6/6/23 19:55,86.561,5,Freshwater
6/6/23 20:00,86.58,5,Freshwater
6/6/23 20:05,86.606,5,Freshwater
6/6/23 20:10,86.631,5,Freshwater
6/6/23 20:15,86.62,5,Freshwater
6/6/23 20:20,86.587,5,Freshwater
6/6/23 20:25,86.625,5,Freshwater
6/6/23 20:30,86.677,5,Freshwater
6/6/23 20:35,86.682,5,Freshwater
6/6/23 20:40,86.666,5,Freshwater
6/6/23 20:45,86.744,5,Freshwater
6/6/23 20:50,86.616,5,Freshwater
6/6/23 20:55,86.636,5,Freshwater
6/6/23 21:00,86.652,5,Freshwater
6/6/23 21:05,86.647,5,Freshwater
6/6/23 21:10,86.64,5,Freshwater
6/6/23 21:15,86.568,5,Freshwater
6/6/23 21:20,86.611,5,Freshwater
6/6/23 21:25,86.553,5,Freshwater
6/6/23 21:30,86.647,5,Freshwater
6/6/23 21:35,86.558,5,Freshwater
6/6/23 21:40,86.538,5,Freshwater
6/6/23 21:45,86.536,5,Freshwater
6/6/23 21:50,86.59,5,Freshwater
6/6/23 21:55,86.614,5,Freshwater
6/6/23 22:00,86.63,5,Freshwater
6/6/23 22:05,86.509,5,Freshwater
6/6/23 22:10,86.478,5,Freshwater
6/6/23 22:15,86.541,5,Freshwater
6/6/23 22:20,86.527,5,Freshwater
6/6/23 22:25,86.521,5,Freshwater
6/6/23 22:30,86.477,5,Freshwater
6/6/23 22:35,86.545,5,Freshwater
6/6/23 22:40,86.498,5,Freshwater
6/6/23 22:45,86.507,5,Freshwater
6/6/23 22:50,86.501,5,Freshwater
6/6/23 22:55,86.52,5,Freshwater
6/6/23 23:00,86.528,5,Freshwater
6/6/23 23:05,86.488,5,Freshwater
6/6/23 23:10,86.536,5,Freshwater
6/6/23 23:15,86.415,5,Freshwater
6/6/23 23:20,86.466,5,Freshwater
6/6/23 23:25,86.51,5,Freshwater
6/6/23 23:30,86.475,5,Freshwater
6/6/23 23:35,86.492,5,Freshwater
6/6/23 23:40,86.509,5,Freshwater
6/6/23 23:45,86.462,5,Freshwater
6/6/23 23:50,86.485,5,Freshwater
6/6/23 23:55,86.477,5,Freshwater
6/7/23,86.483,5,Freshwater
6/7/23 0:05,86.458,5,Freshwater
6/7/23 0:10,86.419,5,Freshwater
6/7/23 0:15,86.434,5,Freshwater
6/7/23 0:20,86.368,5,Freshwater
6/7/23 0:25,86.324,5,Freshwater
6/7/23 0:30,86.353,5,Freshwater
6/7/23 0:35,86.364,5,Freshwater
6/7/23 0:40,86.29,5,Freshwater
6/7/23 0:45,86.265,5,Freshwater
6/7/23 0:50,86.305,5,Freshwater
6/7/23 0:55,86.311,5,Freshwater
6/7/23 1:00,86.254,5,Freshwater
6/7/23 1:05,86.248,5,Freshwater
6/7/23 1:10,86.201,5,Freshwater
6/7/23 1:15,86.277,5,Freshwater
6/7/23 1:20,86.176,5,Freshwater
6/7/23 1:25,86.144,5,Freshwater
6/7/23 1:30,86.145,5,Freshwater
6/7/23 1:35,86.044,5,Freshwater
6/7/23 1:40,86.066,5,Freshwater
6/7/23 1:45,86.1,5,Freshwater
6/7/23 1:50,86.011,5,Freshwater
6/7/23 1:55,85.952,5,Freshwater
6/7/23 2:00,85.927,5,Freshwater
6/7/23 2:05,85.838,5,Freshwater
6/7/23 2:10,85.688,5,Freshwater
6/7/23 2:15,85.773,5,Freshwater
6/7/23 2:20,85.693,5,Freshwater
6/7/23 2:25,85.717,5,Freshwater
6/7/23 2:30,85.65,5,Freshwater
6/7/23 2:35,85.664,5,Freshwater
6/7/23 2:40,85.636,5,Freshwater
6/7/23 2:45,85.598,5,Freshwater
6/7/23 2:50,85.604,5,Freshwater
6/7/23 2:55,85.631,5,Freshwater
6/7/23 3:00,85.579,5,Freshwater
6/7/23 3:05,85.582,5,Freshwater
6/7/23 3:10,85.451,5,Freshwater
6/7/23 3:15,85.48,5,Freshwater
6/7/23 3:20,85.506,5,Freshwater
6/7/23 3:25,85.572,5,Freshwater
6/7/23 3:30,85.511,5,Freshwater
6/7/23 3:35,85.457,5,Freshwater
6/7/23 3:40,85.419,5,Freshwater
6/7/23 3:45,85.512,5,Freshwater
6/7/23 3:50,85.457,5,Freshwater
6/7/23 3:55,85.414,5,Freshwater
6/7/23 4:00,85.342,5,Freshwater
6/7/23 4:05,85.382,5,Freshwater
6/7/23 4:10,85.37,5,Freshwater
6/7/23 4:15,85.304,5,Freshwater
6/7/23 4:20,85.284,5,Freshwater
6/7/23 4:25,85.304,5,Freshwater
6/7/23 4:30,85.317,5,Freshwater
6/7/23 4:35,85.251,5,Freshwater
6/7/23 4:40,85.229,5,Freshwater
6/7/23 4:45,85.234,5,Freshwater
6/7/23 4:50,85.181,5,Freshwater
6/7/23 4:55,85.152,5,Freshwater
6/7/23 5:00,85.122,5,Freshwater
6/7/23 5:05,85.08,5,Freshwater
6/7/23 5:10,85.691,5,Freshwater
6/7/23 5:15,78.955,5,Freshwater
6/7/23 5:20,74.146,5,Freshwater
6/7/23 5:25,72.693,5,Freshwater
6/7/23 5:30,70.87,5,Freshwater
6/7/23 5:35,68.818,5,Freshwater
6/7/23 5:40,66.3,5,Freshwater
6/7/23 5:45,63.745,5,Freshwater
6/7/23 5:50,62.156,5,Freshwater
6/7/23 5:55,60.161,5,Freshwater
6/7/23 6:00,58.349,5,Freshwater
6/7/23 6:05,55.576,5,Freshwater
6/7/23 6:10,52.304,5,Freshwater
6/7/23 6:15,49.969,5,Freshwater
6/7/23 6:20,48.44,5,Freshwater
6/7/23 6:25,46.844,5,Freshwater
6/7/23 6:30,44.975,5,Freshwater
6/7/23 6:35,42.981,5,Freshwater
6/7/23 6:40,41.437,5,Freshwater
6/7/23 6:45,40.279,5,Freshwater
6/7/23 6:50,38.815,5,Freshwater
6/7/23 6:55,37.335,5,Freshwater
6/7/23 7:00,36.026,5,Freshwater
6/7/23 7:05,34.62,5,Freshwater
6/7/23 7:10,33.245,5,Freshwater
6/7/23 7:15,33.209,5,Freshwater
6/7/23 7:20,32.349,5,Freshwater
6/7/23 7:25,30.844,5,Freshwater
6/7/23 7:30,29.118,5,Freshwater
6/7/23 7:35,27.424,5,Freshwater
6/7/23 7:40,25.799,5,Freshwater
6/7/23 7:45,24.841,5,Freshwater
6/7/23 7:50,34.795,5,Freshwater
6/7/23 7:55,28.253,5,Freshwater
6/7/23 8:00,24.593,5,Freshwater
6/7/23 8:05,21.701,5,Freshwater
6/7/23 8:10,20.399,5,Freshwater
6/7/23 8:15,19.275,5,Freshwater
6/7/23 8:20,17.727,5,Freshwater
6/7/23 8:25,15.463,5,Freshwater
6/7/23 8:30,13.554,5,Freshwater
6/7/23 8:35,11.98,5,Freshwater
6/7/23 8:40,10.569,5,Freshwater
6/7/23 8:45,9.426,5,Freshwater
6/7/23 8:50,7.779,5,Freshwater
6/7/23 8:55,6.181,5,Freshwater
6/7/23 9:00,6.059,5,Freshwater
6/7/23 9:05,5.444,5,Freshwater
6/7/23 9:10,4.993,5,Freshwater
6/7/23 9:15,4.562,5,Freshwater
6/7/23 9:20,4.324,5,Freshwater
6/7/23 9:25,4.427,5,Freshwater
6/7/23 9:30,4.889,5,Freshwater
6/7/23 9:35,5.058,5,Freshwater
6/7/23 9:40,4.262,5,Freshwater
6/7/23 9:45,3.437,5,Freshwater
6/7/23 9:50,2.767,5,Freshwater
6/7/23 9:55,2.162,5,Freshwater
6/7/23 10:00,2.085,5,Freshwater
6/7/23 10:05,2.199,5,Freshwater
6/7/23 10:10,3.492,5,Freshwater
6/7/23 10:15,4.85,5,Freshwater
6/7/23 10:20,6.729,5,Freshwater
6/7/23 10:25,7.179,5,Freshwater
6/7/23 10:30,4.609,5,Freshwater
6/7/23 10:35,3.614,5,Freshwater
6/7/23 10:40,4.198,5,Freshwater
6/7/23 10:45,3.731,5,Freshwater
6/7/23 10:50,2.868,5,Freshwater
6/7/23 10:55,3.123,5,Freshwater
6/7/23 11:00,3.673,5,Freshwater
6/7/23 11:05,0.825,5,Freshwater
6/7/23 11:10,3.671,5,Freshwater
6/7/23 11:15,2.648,5,Freshwater
6/7/23 11:20,3.083,5,Freshwater
6/7/23 11:25,3.746,5,Freshwater
6/7/23 11:30,3.593,5,Freshwater
6/7/23 11:35,3.274,5,Freshwater
6/7/23 11:40,3.031,5,Freshwater
6/7/23 11:45,2.814,5,Freshwater
6/7/23 11:50,2.542,5,Freshwater
6/7/23 11:55,2.096,5,Freshwater
6/7/23 12:00,2.002,5,Freshwater
6/7/23 12:05,1.057,5,Freshwater
6/7/23 12:10,1.022,5,Freshwater
6/7/23 12:15,1.178,5,Freshwater
6/7/23 12:20,1.076,5,Freshwater
6/7/23 12:25,1.118,5,Freshwater
6/7/23 12:30,1.033,5,Freshwater
6/7/23 12:35,1.125,5,Freshwater
6/7/23 12:40,1.147,5,Freshwater
6/7/23 12:45,1.659,5,Freshwater
6/7/23 12:50,2.145,5,Freshwater
6/7/23 12:55,2.072,5,Freshwater
6/7/23 13:00,1.957,5,Freshwater
6/7/23 13:05,1.422,5,Freshwater
6/7/23 13:10,1.055,5,Freshwater
6/7/23 13:15,0.711,5,Freshwater
6/7/23 13:20,0.656,5,Freshwater
6/7/23 13:25,0.454,5,Freshwater
6/7/23 13:30,0.268,5,Freshwater
6/7/23 13:35,0,5,Freshwater
6/7/23 13:40,0,5,Freshwater
6/7/23 13:45,0,5,Freshwater
6/7/23 13:50,0,5,Freshwater
6/7/23 13:55,0,5,Freshwater
6/7/23 14:00,0,5,Freshwater
6/7/23 14:05,0,5,Freshwater
6/7/23 14:10,0,5,Freshwater
6/7/23 14:15,0,5,Freshwater
6/7/23 14:20,0,5,Freshwater
6/7/23 14:25,0,5,Freshwater
6/7/23 14:30,0,5,Freshwater
6/7/23 14:35,0,5,Freshwater
6/7/23 14:40,0,5,Freshwater
6/7/23 14:45,0,5,Freshwater
6/7/23 14:50,0,5,Freshwater
6/7/23 14:55,0,5,Freshwater
6/7/23 15:00,0,5,Freshwater
6/7/23 15:05,0,5,Freshwater
6/7/23 15:10,0,5,Freshwater
6/7/23 15:15,0,5,Freshwater
6/7/23 15:20,0,5,Freshwater
6/7/23 15:25,0,5,Freshwater
6/7/23 15:30,0,5,Freshwater
6/7/23 15:35,0,5,Freshwater
6/7/23 15:40,0,5,Freshwater
6/7/23 15:45,0,5,Freshwater
6/7/23 15:50,0.023,5,Freshwater
6/7/23 15:55,0.182,5,Freshwater
6/7/23 16:00,0.192,5,Freshwater
6/7/23 16:05,0.212,5,Freshwater
6/7/23 16:10,0.055,5,Freshwater
6/7/23 16:15,0,5,Freshwater
6/7/23 16:20,0,5,Freshwater
6/7/23 16:25,0,5,Freshwater
6/7/23 16:30,0,5,Freshwater
6/7/23 16:35,0,5,Freshwater
6/7/23 16:40,0,5,Freshwater
6/7/23 16:45,0,5,Freshwater
6/7/23 16:50,0,5,Freshwater
6/7/23 16:55,0.573,5,Freshwater
6/7/23 17:00,0.167,5,Freshwater
6/7/23 17:05,0,5,Freshwater
6/7/23 17:10,0,5,Freshwater
6/7/23 17:15,0,5,Freshwater
6/7/23 17:20,0,5,Freshwater
6/7/23 17:25,0,5,Freshwater
6/7/23 17:30,0,5,Freshwater
6/7/23 17:35,0,5,Freshwater
6/7/23 17:40,0,5,Freshwater
6/7/23 17:45,0,5,Freshwater
6/7/23 17:50,0,5,Freshwater
6/7/23 17:55,0,5,Freshwater
6/7/23 18:00,0,5,Freshwater
6/7/23 18:05,0,5,Freshwater
6/7/23 18:10,0,5,Freshwater
6/7/23 18:15,0,5,Freshwater
6/7/23 18:20,0,5,Freshwater
6/7/23 18:25,0,5,Freshwater
6/7/23 18:30,0,5,Freshwater
6/7/23 18:35,0,5,Freshwater
6/7/23 18:40,0,5,Freshwater
6/7/23 18:45,0,5,Freshwater
6/7/23 18:50,0,5,Freshwater
6/7/23 18:55,0,5,Freshwater
6/7/23 19:00,0,5,Freshwater
6/7/23 19:05,0,5,Freshwater
6/7/23 19:10,0,5,Freshwater
6/7/23 19:15,0,5,Freshwater
6/7/23 19:20,0,5,Freshwater
6/7/23 19:25,0,5,Freshwater
6/7/23 19:30,0,5,Freshwater
6/7/23 19:35,0,5,Freshwater
6/7/23 19:40,0,5,Freshwater
6/7/23 19:45,0,5,Freshwater
6/7/23 19:50,0,5,Freshwater
6/7/23 19:55,0.185,5,Freshwater
6/7/23 20:00,1.497,5,Freshwater
6/7/23 20:05,3.073,5,Freshwater
6/7/23 20:10,3.078,5,Freshwater
6/7/23 20:15,2.91,5,Freshwater
6/7/23 20:20,3.331,5,Freshwater
6/7/23 20:25,4.125,5,Freshwater
6/7/23 20:30,3.677,5,Freshwater
6/7/23 20:35,5.996,5,Freshwater
6/7/23 20:40,8.928,5,Freshwater
6/7/23 20:45,91.36,5,Freshwater
6/7/23 20:50,91.381,5,Freshwater
6/7/23 20:55,91.37,5,Freshwater
6/7/23 21:00,91.4,5,Freshwater
6/7/23 21:05,91.393,5,Freshwater
6/7/23 21:10,91.428,5,Freshwater
6/7/23 21:15,91.341,5,Freshwater
6/7/23 21:20,91.41,5,Freshwater
6/7/23 21:25,91.35,5,Freshwater
6/7/23 21:30,91.445,5,Freshwater
6/7/23 21:35,91.415,5,Freshwater
6/7/23 21:40,91.346,5,Freshwater
6/7/23 21:45,91.344,5,Freshwater
6/7/23 21:50,91.34,5,Freshwater
6/7/23 21:55,91.313,5,Freshwater
6/7/23 22:00,91.28,5,Freshwater
6/7/23 22:05,91.272,5,Freshwater
6/7/23 22:10,91.189,5,Freshwater
6/7/23 22:15,91.126,5,Freshwater
6/7/23 22:20,91.313,5,Freshwater
6/7/23 22:25,91.266,5,Freshwater
6/7/23 22:30,91.282,5,Freshwater
6/7/23 22:35,91.278,5,Freshwater
6/7/23 22:40,91.147,5,Freshwater
6/7/23 22:45,91.073,5,Freshwater
6/7/23 22:50,91.121,5,Freshwater
6/7/23 22:55,91.123,5,Freshwater
6/7/23 23:00,91.12,5,Freshwater
6/7/23 23:05,91.094,5,Freshwater
6/7/23 23:10,91.145,5,Freshwater
6/7/23 23:15,91.125,5,Freshwater
6/7/23 23:20,91.151,5,Freshwater
6/7/23 23:25,91.119,5,Freshwater
6/7/23 23:30,91.126,5,Freshwater
6/7/23 23:35,91.137,5,Freshwater
6/7/23 23:40,91.139,5,Freshwater
6/7/23 23:45,91.104,5,Freshwater
6/7/23 23:50,91.122,5,Freshwater
6/7/23 23:55,91.074,5,Freshwater
6/8/23,91.082,5,Freshwater
6/8/23 0:05,91.063,5,Freshwater
6/8/23 0:10,91.101,5,Freshwater
6/8/23 0:15,91.112,5,Freshwater
6/8/23 0:20,91.021,5,Freshwater
6/8/23 0:25,91.073,5,Freshwater
6/8/23 0:30,91.113,5,Freshwater
6/8/23 0:35,91.06,5,Freshwater
6/8/23 0:40,91.03,5,Freshwater
6/8/23 0:45,91.059,5,Freshwater
6/8/23 0:50,91.055,5,Freshwater
6/8/23 0:55,91.028,5,Freshwater
6/8/23 1:00,91.124,5,Freshwater
6/8/23 1:05,91.045,5,Freshwater
6/8/23 1:10,91.131,5,Freshwater
6/8/23 1:15,91.01,5,Freshwater
6/8/23 1:20,91.087,5,Freshwater
6/8/23 1:25,91.07,5,Freshwater
6/8/23 1:30,91.019,5,Freshwater
6/8/23 1:35,91.072,5,Freshwater
6/8/23 1:40,91.046,5,Freshwater
6/8/23 1:45,91.04,5,Freshwater
6/8/23 1:50,91.026,5,Freshwater
6/8/23 1:55,91.085,5,Freshwater
6/8/23 2:00,90.892,5,Freshwater
6/8/23 2:05,90.875,5,Freshwater
6/8/23 2:10,90.749,5,Freshwater
6/8/23 2:15,90.694,5,Freshwater
6/8/23 2:20,90.553,5,Freshwater
6/8/23 2:25,90.652,5,Freshwater
6/8/23 2:30,90.761,5,Freshwater
6/8/23 2:35,90.777,5,Freshwater
6/8/23 2:40,90.811,5,Freshwater
6/8/23 2:45,90.851,5,Freshwater
6/8/23 2:50,90.805,5,Freshwater
6/8/23 2:55,90.908,5,Freshwater
6/8/23 3:00,90.814,5,Freshwater
6/8/23 3:05,90.793,5,Freshwater
6/8/23 3:10,90.814,5,Freshwater
6/8/23 3:15,90.76,5,Freshwater
6/8/23 3:20,90.791,5,Freshwater
6/8/23 3:25,90.746,5,Freshwater
6/8/23 3:30,90.697,5,Freshwater
6/8/23 3:35,90.684,5,Freshwater
6/8/23 3:40,90.651,5,Freshwater
6/8/23 3:45,90.629,5,Freshwater
6/8/23 3:50,90.521,5,Freshwater
6/8/23 3:55,90.498,5,Freshwater
6/8/23 4:00,90.564,5,Freshwater
6/8/23 4:05,90.499,5,Freshwater
6/8/23 4:10,90.592,5,Freshwater
6/8/23 4:15,90.473,5,Freshwater
6/8/23 4:20,90.529,5,Freshwater
6/8/23 4:25,90.515,5,Freshwater
6/8/23 4:30,90.518,5,Freshwater
6/8/23 4:35,90.415,5,Freshwater
6/8/23 4:40,90.528,5,Freshwater
6/8/23 4:45,90.488,5,Freshwater
6/8/23 4:50,90.428,5,Freshwater
6/8/23 4:55,90.316,5,Freshwater
6/8/23 5:00,90.322,5,Freshwater
6/8/23 5:05,90.285,5,Freshwater
6/8/23 5:10,90.259,5,Freshwater
6/8/23 5:15,90.339,5,Freshwater
6/8/23 5:20,90.389,5,Freshwater
6/8/23 5:25,90.311,5,Freshwater
6/8/23 5:30,90.328,5,Freshwater
6/8/23 5:35,90.292,5,Freshwater
6/8/23 5:40,90.32,5,Freshwater
6/8/23 5:45,90.3,5,Freshwater
6/8/23 5:50,90.343,5,Freshwater
6/8/23 5:55,90.343,5,Freshwater
6/8/23 6:00,90.352,5,Freshwater
6/8/23 6:05,90.451,5,Freshwater
6/8/23 6:10,90.384,5,Freshwater
6/8/23 6:15,90.321,5,Freshwater
6/8/23 6:20,90.338,5,Freshwater
6/8/23 6:25,90.296,5,Freshwater
6/8/23 6:30,90.415,5,Freshwater
6/8/23 6:35,90.342,5,Freshwater
6/8/23 6:40,90.397,5,Freshwater
6/8/23 6:45,90.437,5,Freshwater
6/8/23 6:50,90.379,5,Freshwater
6/8/23 6:55,90.453,5,Freshwater
6/8/23 7:00,90.422,5,Freshwater
6/8/23 7:05,90.43,5,Freshwater
6/8/23 7:10,90.422,5,Freshwater
6/8/23 7:15,90.404,5,Freshwater
6/8/23 7:20,90.488,5,Freshwater
6/8/23 7:25,90.486,5,Freshwater
6/8/23 7:30,90.441,5,Freshwater
6/8/23 7:35,90.459,5,Freshwater
6/8/23 7:40,90.451,5,Freshwater
6/8/23 7:45,90.438,5,Freshwater
6/8/23 7:50,90.484,5,Freshwater
6/8/23 7:55,90.46,5,Freshwater
6/8/23 8:00,90.505,5,Freshwater
6/8/23 8:05,90.565,5,Freshwater
6/5/23 10:00,82.508,10,Freshwater
6/5/23 10:05,82.385,10,Freshwater
6/5/23 10:10,82.3,10,Freshwater
6/5/23 10:15,82.266,10,Freshwater
6/5/23 10:20,82.22,10,Freshwater
6/5/23 10:25,82.013,10,Freshwater
6/5/23 10:30,82.403,10,Freshwater
6/5/23 10:35,82.154,10,Freshwater
6/5/23 10:40,82.199,10,Freshwater
6/5/23 10:45,82.142,10,Freshwater
6/5/23 10:50,82.081,10,Freshwater
6/5/23 10:55,82.133,10,Freshwater
6/5/23 11:00,82.244,10,Freshwater
6/5/23 11:05,82.111,10,Freshwater
6/5/23 11:10,82.18,10,Freshwater
6/5/23 11:15,82.261,10,Freshwater
6/5/23 11:20,82.142,10,Freshwater
6/5/23 11:25,82.133,10,Freshwater
6/5/23 11:30,82.006,10,Freshwater
6/5/23 11:35,82.104,10,Freshwater
6/5/23 11:40,82.072,10,Freshwater
6/5/23 11:45,82.278,10,Freshwater
6/5/23 11:50,82.357,10,Freshwater
6/5/23 11:55,82.189,10,Freshwater
6/5/23 12:00,82.043,10,Freshwater
6/5/23 12:05,82.07,10,Freshwater
6/5/23 12:10,82.096,10,Freshwater
6/5/23 12:15,82.236,10,Freshwater
6/5/23 12:20,82.137,10,Freshwater
6/5/23 12:25,82.15,10,Freshwater
6/5/23 12:30,81.992,10,Freshwater
6/5/23 12:35,82.145,10,Freshwater
6/5/23 12:40,81.982,10,Freshwater
6/5/23 12:45,82.172,10,Freshwater
6/5/23 12:50,82.174,10,Freshwater
6/5/23 12:55,82.041,10,Freshwater
6/5/23 13:00,82.025,10,Freshwater
6/5/23 13:05,82.087,10,Freshwater
6/5/23 13:10,82.082,10,Freshwater
6/5/23 13:15,81.982,10,Freshwater
6/5/23 13:20,82.033,10,Freshwater
6/5/23 13:25,82.083,10,Freshwater
6/5/23 13:30,82.119,10,Freshwater
6/5/23 13:35,81.961,10,Freshwater
6/5/23 13:40,82.004,10,Freshwater
6/5/23 13:45,81.991,10,Freshwater
6/5/23 13:50,82.122,10,Freshwater
6/5/23 13:55,82.168,10,Freshwater
6/5/23 14:00,81.996,10,Freshwater
6/5/23 14:05,82.088,10,Freshwater
6/5/23 14:10,82.032,10,Freshwater
6/5/23 14:15,82.091,10,Freshwater
6/5/23 14:20,82.082,10,Freshwater
6/5/23 14:25,82.135,10,Freshwater
6/5/23 14:30,81.937,10,Freshwater
6/5/23 14:35,81.908,10,Freshwater
6/5/23 14:40,82.133,10,Freshwater
6/5/23 14:45,82.201,10,Freshwater
6/5/23 14:50,81.897,10,Freshwater
6/5/23 14:55,82.085,10,Freshwater
6/5/23 15:00,81.953,10,Freshwater
6/5/23 15:05,82.153,10,Freshwater
6/5/23 15:10,81.93,10,Freshwater
6/5/23 15:15,81.804,10,Freshwater
6/5/23 15:20,82.114,10,Freshwater
6/5/23 15:25,82.114,10,Freshwater
6/5/23 15:30,81.925,10,Freshwater
6/5/23 15:35,81.84,10,Freshwater
6/5/23 15:40,81.973,10,Freshwater
6/5/23 15:45,82.11,10,Freshwater
6/5/23 15:50,81.895,10,Freshwater
6/5/23 15:55,81.978,10,Freshwater
6/5/23 16:00,82.027,10,Freshwater
6/5/23 16:05,81.972,10,Freshwater
6/5/23 16:10,81.948,10,Freshwater
6/5/23 16:15,81.891,10,Freshwater
6/5/23 16:20,81.764,10,Freshwater
6/5/23 16:25,81.963,10,Freshwater
6/5/23 16:30,81.986,10,Freshwater
6/5/23 16:35,82.029,10,Freshwater
6/5/23 16:40,82.006,10,Freshwater
6/5/23 16:45,81.891,10,Freshwater
6/5/23 16:50,81.795,10,Freshwater
6/5/23 16:55,81.995,10,Freshwater
6/5/23 17:00,81.881,10,Freshwater
6/5/23 17:05,81.859,10,Freshwater
6/5/23 17:10,81.716,10,Freshwater
6/5/23 17:15,81.937,10,Freshwater
6/5/23 17:20,81.93,10,Freshwater
6/5/23 17:25,81.921,10,Freshwater
6/5/23 17:30,81.895,10,Freshwater
6/5/23 17:35,81.882,10,Freshwater
6/5/23 17:40,81.913,10,Freshwater
6/5/23 17:45,81.841,10,Freshwater
6/5/23 17:50,81.88,10,Freshwater
6/5/23 17:55,81.859,10,Freshwater
6/5/23 18:00,81.842,10,Freshwater
6/5/23 18:05,81.89,10,Freshwater
6/5/23 18:10,81.725,10,Freshwater
6/5/23 18:15,81.857,10,Freshwater
6/5/23 18:20,81.805,10,Freshwater
6/5/23 18:25,81.827,10,Freshwater
6/5/23 18:30,81.881,10,Freshwater
6/5/23 18:35,81.823,10,Freshwater
6/5/23 18:40,81.799,10,Freshwater
6/5/23 18:45,81.806,10,Freshwater
6/5/23 18:50,81.784,10,Freshwater
6/5/23 18:55,81.778,10,Freshwater
6/5/23 19:00,81.737,10,Freshwater
6/5/23 19:05,81.652,10,Freshwater
6/5/23 19:10,81.788,10,Freshwater
6/5/23 19:15,81.751,10,Freshwater
6/5/23 19:20,81.712,10,Freshwater
6/5/23 19:25,81.655,10,Freshwater
6/5/23 19:30,81.718,10,Freshwater
6/5/23 19:35,81.745,10,Freshwater
6/5/23 19:40,81.703,10,Freshwater
6/5/23 19:45,81.72,10,Freshwater
6/5/23 19:50,81.692,10,Freshwater
6/5/23 19:55,81.704,10,Freshwater
6/5/23 20:00,81.75,10,Freshwater
6/5/23 20:05,81.677,10,Freshwater
6/5/23 20:10,81.701,10,Freshwater
6/5/23 20:15,81.722,10,Freshwater
6/5/23 20:20,81.675,10,Freshwater
6/5/23 20:25,81.714,10,Freshwater
6/5/23 20:30,81.755,10,Freshwater
6/5/23 20:35,81.715,10,Freshwater
6/5/23 20:40,81.642,10,Freshwater
6/5/23 20:45,81.667,10,Freshwater
6/5/23 20:50,81.668,10,Freshwater
6/5/23 20:55,81.674,10,Freshwater
6/5/23 21:00,81.672,10,Freshwater
6/5/23 21:05,81.651,10,Freshwater
6/5/23 21:10,81.607,10,Freshwater
6/5/23 21:15,81.632,10,Freshwater
6/5/23 21:20,81.68,10,Freshwater
6/5/23 21:25,81.718,10,Freshwater
6/5/23 21:30,81.724,10,Freshwater
6/5/23 21:35,81.686,10,Freshwater
6/5/23 21:40,81.66,10,Freshwater
6/5/23 21:45,81.699,10,Freshwater
6/5/23 21:50,81.687,10,Freshwater
6/5/23 21:55,81.693,10,Freshwater
6/5/23 22:00,81.666,10,Freshwater
6/5/23 22:05,81.693,10,Freshwater
6/5/23 22:10,81.691,10,Freshwater
6/5/23 22:15,81.668,10,Freshwater
6/5/23 22:20,81.67,10,Freshwater
6/5/23 22:25,81.684,10,Freshwater
6/5/23 22:30,81.637,10,Freshwater
6/5/23 22:35,81.74,10,Freshwater
6/5/23 22:40,81.696,10,Freshwater
6/5/23 22:45,81.713,10,Freshwater
6/5/23 22:50,81.691,10,Freshwater
6/5/23 22:55,81.647,10,Freshwater
6/5/23 23:00,81.689,10,Freshwater
6/5/23 23:05,81.591,10,Freshwater
6/5/23 23:10,81.713,10,Freshwater
6/5/23 23:15,81.589,10,Freshwater
6/5/23 23:20,81.722,10,Freshwater
6/5/23 23:25,81.637,10,Freshwater
6/5/23 23:30,81.661,10,Freshwater
6/5/23 23:35,81.622,10,Freshwater
6/5/23 23:40,81.655,10,Freshwater
6/5/23 23:45,81.627,10,Freshwater
6/5/23 23:50,81.614,10,Freshwater
6/5/23 23:55,81.6,10,Freshwater
6/6/23,81.646,10,Freshwater
6/6/23 0:05,81.586,10,Freshwater
6/6/23 0:10,81.676,10,Freshwater
6/6/23 0:15,81.698,10,Freshwater
6/6/23 0:20,81.691,10,Freshwater
6/6/23 0:25,81.595,10,Freshwater
6/6/23 0:30,81.604,10,Freshwater
6/6/23 0:35,81.622,10,Freshwater
6/6/23 0:40,81.621,10,Freshwater
6/6/23 0:45,81.598,10,Freshwater
6/6/23 0:50,81.637,10,Freshwater
6/6/23 0:55,81.63,10,Freshwater
6/6/23 1:00,81.608,10,Freshwater
6/6/23 1:05,81.589,10,Freshwater
6/6/23 1:10,81.632,10,Freshwater
6/6/23 1:15,81.644,10,Freshwater
6/6/23 1:20,81.639,10,Freshwater
6/6/23 1:25,81.654,10,Freshwater
6/6/23 1:30,81.705,10,Freshwater
6/6/23 1:35,81.609,10,Freshwater
6/6/23 1:40,81.65,10,Freshwater
6/6/23 1:45,81.62,10,Freshwater
6/6/23 1:50,81.627,10,Freshwater
6/6/23 1:55,81.624,10,Freshwater
6/6/23 2:00,81.607,10,Freshwater
6/6/23 2:05,81.684,10,Freshwater
6/6/23 2:10,81.653,10,Freshwater
6/6/23 2:15,81.633,10,Freshwater
6/6/23 2:20,81.634,10,Freshwater
6/6/23 2:25,81.648,10,Freshwater
6/6/23 2:30,81.6,10,Freshwater
6/6/23 2:35,81.62,10,Freshwater
6/6/23 2:40,81.667,10,Freshwater
6/6/23 2:45,81.704,10,Freshwater
6/6/23 2:50,81.651,10,Freshwater
6/6/23 2:55,81.635,10,Freshwater
6/6/23 3:00,81.631,10,Freshwater
6/6/23 3:05,81.719,10,Freshwater
6/6/23 3:10,81.608,10,Freshwater
6/6/23 3:15,81.647,10,Freshwater
6/6/23 3:20,81.659,10,Freshwater
6/6/23 3:25,81.696,10,Freshwater
6/6/23 3:30,81.588,10,Freshwater
6/6/23 3:35,81.614,10,Freshwater
6/6/23 3:40,81.64,10,Freshwater
6/6/23 3:45,81.709,10,Freshwater
6/6/23 3:50,81.592,10,Freshwater
6/6/23 3:55,81.675,10,Freshwater
6/6/23 4:00,81.664,10,Freshwater
6/6/23 4:05,81.665,10,Freshwater
6/6/23 4:10,81.667,10,Freshwater
6/6/23 4:15,81.649,10,Freshwater
6/6/23 4:20,81.622,10,Freshwater
6/6/23 4:25,81.667,10,Freshwater
6/6/23 4:30,81.706,10,Freshwater
6/6/23 4:35,81.724,10,Freshwater
6/6/23 4:40,81.683,10,Freshwater
6/6/23 4:45,81.64,10,Freshwater
6/6/23 4:50,81.204,10,Freshwater
6/6/23 4:55,80.715,10,Freshwater
6/6/23 5:00,85.062,10,Freshwater
6/6/23 5:05,83.488,10,Freshwater
6/6/23 5:10,80.355,10,Freshwater
6/6/23 5:15,80.791,10,Freshwater
6/6/23 5:20,80.9,10,Freshwater
6/6/23 5:25,80.925,10,Freshwater
6/6/23 5:30,80.763,10,Freshwater
6/6/23 5:35,80.496,10,Freshwater
6/6/23 5:40,80.333,10,Freshwater
6/6/23 5:45,79.936,10,Freshwater
6/6/23 5:50,79.643,10,Freshwater
6/6/23 5:55,79.242,10,Freshwater
6/6/23 6:00,79.006,10,Freshwater
6/6/23 6:05,78.611,10,Freshwater
6/6/23 6:10,78.241,10,Freshwater
6/6/23 6:15,77.931,10,Freshwater
6/6/23 6:20,77.633,10,Freshwater
6/6/23 6:25,77.34,10,Freshwater
6/6/23 6:30,77.199,10,Freshwater
6/6/23 6:35,76.881,10,Freshwater
6/6/23 6:40,76.659,10,Freshwater
6/6/23 6:45,76.42,10,Freshwater
6/6/23 6:50,76.336,10,Freshwater
6/6/23 6:55,76.219,10,Freshwater
6/6/23 7:00,76.21,10,Freshwater
6/6/23 7:05,76.267,10,Freshwater
6/6/23 7:10,76.314,10,Freshwater
6/6/23 7:15,76.343,10,Freshwater
6/6/23 7:20,76.573,10,Freshwater
6/6/23 7:25,76.93,10,Freshwater
6/6/23 7:30,77.352,10,Freshwater
6/6/23 7:35,77.539,10,Freshwater
6/6/23 7:40,77.719,10,Freshwater
6/6/23 7:45,77.65,10,Freshwater
6/6/23 7:50,77.342,10,Freshwater
6/6/23 7:55,76.883,10,Freshwater
6/6/23 8:00,76.401,10,Freshwater
6/6/23 8:05,76.015,10,Freshwater
6/6/23 8:10,75.465,10,Freshwater
6/6/23 8:15,74.892,10,Freshwater
6/6/23 8:20,74.316,10,Freshwater
6/6/23 8:25,74.098,10,Freshwater
6/6/23 8:30,73.799,10,Freshwater
6/6/23 8:35,73.398,10,Freshwater
6/6/23 8:40,72.819,10,Freshwater
6/6/23 8:45,71.823,10,Freshwater
6/6/23 8:50,71.076,10,Freshwater
6/6/23 8:55,70.312,10,Freshwater
6/6/23 9:00,69.508,10,Freshwater
6/6/23 9:05,68.516,10,Freshwater
6/6/23 9:10,67.641,10,Freshwater
6/6/23 9:15,66.713,10,Freshwater
6/6/23 9:20,65.943,10,Freshwater
6/6/23 9:25,65.136,10,Freshwater
6/6/23 9:30,64.254,10,Freshwater
6/6/23 9:35,63.334,10,Freshwater
6/6/23 9:40,62.307,10,Freshwater
6/6/23 9:45,61.3,10,Freshwater
6/6/23 9:50,60.367,10,Freshwater
6/6/23 9:55,59.491,10,Freshwater
6/6/23 10:00,58.483,10,Freshwater
6/6/23 10:05,57.531,10,Freshwater
6/6/23 10:10,56.539,10,Freshwater
6/6/23 10:15,55.587,10,Freshwater
6/6/23 10:20,54.704,10,Freshwater
6/6/23 10:25,53.447,10,Freshwater
6/6/23 10:30,52.26,10,Freshwater
6/6/23 10:35,51.557,10,Freshwater
6/6/23 10:40,50.685,10,Freshwater
6/6/23 10:45,49.644,10,Freshwater
6/6/23 10:50,48.592,10,Freshwater
6/6/23 10:55,47.491,10,Freshwater
6/6/23 11:00,46.242,10,Freshwater
6/6/23 11:05,45.239,10,Freshwater
6/6/23 11:10,44.338,10,Freshwater
6/6/23 11:15,43.688,10,Freshwater
6/6/23 11:20,43.145,10,Freshwater
6/6/23 11:25,42.324,10,Freshwater
6/6/23 11:30,41.432,10,Freshwater
6/6/23 11:35,40.47,10,Freshwater
6/6/23 11:40,39.494,10,Freshwater
6/6/23 11:45,38.626,10,Freshwater
6/6/23 11:50,37.655,10,Freshwater
6/6/23 11:55,36.834,10,Freshwater
6/6/23 12:00,35.948,10,Freshwater
6/6/23 12:05,35.11,10,Freshwater
6/6/23 12:10,34.198,10,Freshwater
6/6/23 12:15,33.329,10,Freshwater
6/6/23 12:20,32.431,10,Freshwater
6/6/23 12:25,31.482,10,Freshwater
6/6/23 12:30,30.669,10,Freshwater
6/6/23 12:35,29.858,10,Freshwater
6/6/23 12:40,29.142,10,Freshwater
6/6/23 12:45,28.466,10,Freshwater
6/6/23 12:50,27.707,10,Freshwater
6/6/23 12:55,26.831,10,Freshwater
6/6/23 13:00,25.877,10,Freshwater
6/6/23 13:05,24.927,10,Freshwater
6/6/23 13:10,24.044,10,Freshwater
6/6/23 13:15,23.086,10,Freshwater
6/6/23 13:20,22.194,10,Freshwater
6/6/23 13:25,21.475,10,Freshwater
6/6/23 13:30,20.779,10,Freshwater
6/6/23 13:35,20.019,10,Freshwater
6/6/23 13:40,19.398,10,Freshwater
6/6/23 13:45,18.715,10,Freshwater
6/6/23 13:50,18.017,10,Freshwater
6/6/23 13:55,17.203,10,Freshwater
6/6/23 14:00,16.149,10,Freshwater
6/6/23 14:05,15.155,10,Freshwater
6/6/23 14:10,14.335,10,Freshwater
6/6/23 14:15,13.676,10,Freshwater
6/6/23 14:20,13.19,10,Freshwater
6/6/23 14:25,12.778,10,Freshwater
6/6/23 14:30,12.308,10,Freshwater
6/6/23 14:35,11.967,10,Freshwater
6/6/23 14:40,11.655,10,Freshwater
6/6/23 14:45,11.386,10,Freshwater
6/6/23 14:50,11.225,10,Freshwater
6/6/23 14:55,10.978,10,Freshwater
6/6/23 15:00,10.585,10,Freshwater
6/6/23 15:05,10.11,10,Freshwater
6/6/23 15:10,9.581,10,Freshwater
6/6/23 15:15,8.94,10,Freshwater
6/6/23 15:20,8.102,10,Freshwater
6/6/23 15:25,7.067,10,Freshwater
6/6/23 15:30,6.062,10,Freshwater
6/6/23 15:35,5.071,10,Freshwater
6/6/23 15:40,4.168,10,Freshwater
6/6/23 15:45,3.288,10,Freshwater
6/6/23 15:50,2.577,10,Freshwater
6/6/23 15:55,1.952,10,Freshwater
6/6/23 16:00,1.413,10,Freshwater
6/6/23 16:05,0.973,10,Freshwater
6/6/23 16:10,0.642,10,Freshwater
6/6/23 16:15,0.398,10,Freshwater
6/6/23 16:20,0.152,10,Freshwater
6/6/23 16:25,0,10,Freshwater
6/6/23 16:30,0,10,Freshwater
6/6/23 16:35,0,10,Freshwater
6/6/23 16:40,0,10,Freshwater
6/6/23 16:45,0,10,Freshwater
6/6/23 16:50,0,10,Freshwater
6/6/23 16:55,0,10,Freshwater
6/6/23 17:00,0,10,Freshwater
6/6/23 17:05,0,10,Freshwater
6/6/23 17:10,0,10,Freshwater
6/6/23 17:15,0,10,Freshwater
6/6/23 17:20,0,10,Freshwater
6/6/23 17:25,0,10,Freshwater
6/6/23 17:30,0,10,Freshwater
6/6/23 17:35,0,10,Freshwater
6/6/23 17:40,0,10,Freshwater
6/6/23 17:45,0,10,Freshwater
6/6/23 17:50,0,10,Freshwater
6/6/23 17:55,0,10,Freshwater
6/6/23 18:00,0,10,Freshwater
6/6/23 18:05,0,10,Freshwater
6/6/23 18:10,0,10,Freshwater
6/6/23 18:15,0,10,Freshwater
6/6/23 18:20,0,10,Freshwater
6/6/23 18:25,0,10,Freshwater
6/6/23 18:30,0,10,Freshwater
6/6/23 18:35,0,10,Freshwater
6/6/23 18:40,0,10,Freshwater
6/6/23 18:45,0,10,Freshwater
6/6/23 18:50,0,10,Freshwater
6/6/23 18:55,0,10,Freshwater
6/6/23 19:00,0,10,Freshwater
6/6/23 19:05,0,10,Freshwater
6/6/23 19:10,0,10,Freshwater
6/6/23 19:15,0,10,Freshwater
6/6/23 19:20,0,10,Freshwater
6/6/23 19:25,0,10,Freshwater
6/6/23 19:30,0.286,10,Freshwater
6/6/23 19:35,0.515,10,Freshwater
6/6/23 19:40,0.514,10,Freshwater
6/6/23 19:45,2.964,10,Freshwater
6/6/23 19:50,85.955,10,Freshwater
6/6/23 19:55,85.98,10,Freshwater
6/6/23 20:00,86.093,10,Freshwater
6/6/23 20:05,86.123,10,Freshwater
6/6/23 20:10,86.155,10,Freshwater
6/6/23 20:15,86.205,10,Freshwater
6/6/23 20:20,86.085,10,Freshwater
6/6/23 20:25,86.159,10,Freshwater
6/6/23 20:30,86.192,10,Freshwater
6/6/23 20:35,86.167,10,Freshwater
6/6/23 20:40,86.214,10,Freshwater
6/6/23 20:45,86.232,10,Freshwater
6/6/23 20:50,86.235,10,Freshwater
6/6/23 20:55,86.244,10,Freshwater
6/6/23 21:00,86.258,10,Freshwater
6/6/23 21:05,86.243,10,Freshwater
6/6/23 21:10,86.192,10,Freshwater
6/6/23 21:15,86.208,10,Freshwater
6/6/23 21:20,86.263,10,Freshwater
6/6/23 21:25,86.178,10,Freshwater
6/6/23 21:30,86.282,10,Freshwater
6/6/23 21:35,86.221,10,Freshwater
6/6/23 21:40,86.285,10,Freshwater
6/6/23 21:45,86.181,10,Freshwater
6/6/23 21:50,86.257,10,Freshwater
6/6/23 21:55,86.145,10,Freshwater
6/6/23 22:00,86.17,10,Freshwater
6/6/23 22:05,86.246,10,Freshwater
6/6/23 22:10,86.144,10,Freshwater
6/6/23 22:15,86.188,10,Freshwater
6/6/23 22:20,86.148,10,Freshwater
6/6/23 22:25,86.222,10,Freshwater
6/6/23 22:30,86.116,10,Freshwater
6/6/23 22:35,86.106,10,Freshwater
6/6/23 22:40,86.129,10,Freshwater
6/6/23 22:45,86.161,10,Freshwater
6/6/23 22:50,86.105,10,Freshwater
6/6/23 22:55,86.149,10,Freshwater
6/6/23 23:00,86.178,10,Freshwater
6/6/23 23:05,86.237,10,Freshwater
6/6/23 23:10,86.12,10,Freshwater
6/6/23 23:15,86.183,10,Freshwater
6/6/23 23:20,86.026,10,Freshwater
6/6/23 23:25,86.164,10,Freshwater
6/6/23 23:30,86.137,10,Freshwater
6/6/23 23:35,86.174,10,Freshwater
6/6/23 23:40,86.188,10,Freshwater
6/6/23 23:45,86.109,10,Freshwater
6/6/23 23:50,86.126,10,Freshwater
6/6/23 23:55,86.127,10,Freshwater
6/7/23,86.079,10,Freshwater
6/7/23 0:05,86.147,10,Freshwater
6/7/23 0:10,86.098,10,Freshwater
6/7/23 0:15,86.194,10,Freshwater
6/7/23 0:20,86.144,10,Freshwater
6/7/23 0:25,86.102,10,Freshwater
6/7/23 0:30,86.135,10,Freshwater
6/7/23 0:35,86.052,10,Freshwater
6/7/23 0:40,86.031,10,Freshwater
6/7/23 0:45,86.01,10,Freshwater
6/7/23 0:50,86.004,10,Freshwater
6/7/23 0:55,85.965,10,Freshwater
6/7/23 1:00,86.028,10,Freshwater
6/7/23 1:05,85.948,10,Freshwater
6/7/23 1:10,85.904,10,Freshwater
6/7/23 1:15,85.947,10,Freshwater
6/7/23 1:20,86.003,10,Freshwater
6/7/23 1:25,85.86,10,Freshwater
6/7/23 1:30,85.878,10,Freshwater
6/7/23 1:35,85.819,10,Freshwater
6/7/23 1:40,85.852,10,Freshwater
6/7/23 1:45,85.77,10,Freshwater
6/7/23 1:50,85.753,10,Freshwater
6/7/23 1:55,85.682,10,Freshwater
6/7/23 2:00,85.742,10,Freshwater
6/7/23 2:05,85.67,10,Freshwater
6/7/23 2:10,85.592,10,Freshwater
6/7/23 2:15,85.434,10,Freshwater
6/7/23 2:20,85.517,10,Freshwater
6/7/23 2:25,85.468,10,Freshwater
6/7/23 2:30,85.376,10,Freshwater
6/7/23 2:35,85.426,10,Freshwater
6/7/23 2:40,85.419,10,Freshwater
6/7/23 2:45,85.339,10,Freshwater
6/7/23 2:50,85.353,10,Freshwater
6/7/23 2:55,85.354,10,Freshwater
6/7/23 3:00,85.335,10,Freshwater
6/7/23 3:05,85.329,10,Freshwater
6/7/23 3:10,85.273,10,Freshwater
6/7/23 3:15,85.285,10,Freshwater
6/7/23 3:20,85.289,10,Freshwater
6/7/23 3:25,85.279,10,Freshwater
6/7/23 3:30,85.321,10,Freshwater
6/7/23 3:35,85.289,10,Freshwater
6/7/23 3:40,85.263,10,Freshwater
6/7/23 3:45,85.323,10,Freshwater
6/7/23 3:50,85.264,10,Freshwater
6/7/23 3:55,85.191,10,Freshwater
6/7/23 4:00,85.293,10,Freshwater
6/7/23 4:05,85.244,10,Freshwater
6/7/23 4:10,85.181,10,Freshwater
6/7/23 4:15,85.194,10,Freshwater
6/7/23 4:20,85.031,10,Freshwater
6/7/23 4:25,85.229,10,Freshwater
6/7/23 4:30,85.114,10,Freshwater
6/7/23 4:35,85.154,10,Freshwater
6/7/23 4:40,85.144,10,Freshwater
6/7/23 4:45,85.072,10,Freshwater
6/7/23 4:50,85.105,10,Freshwater
6/7/23 4:55,85.138,10,Freshwater
6/7/23 5:00,85.042,10,Freshwater
6/7/23 5:05,85.048,10,Freshwater
6/7/23 5:10,86.771,10,Freshwater
6/7/23 5:15,84.569,10,Freshwater
6/7/23 5:20,82.709,10,Freshwater
6/7/23 5:25,80.904,10,Freshwater
6/7/23 5:30,79.19,10,Freshwater
6/7/23 5:35,78.129,10,Freshwater
6/7/23 5:40,77.136,10,Freshwater
6/7/23 5:45,77.062,10,Freshwater
6/7/23 5:50,76.607,10,Freshwater
6/7/23 5:55,75.582,10,Freshwater
6/7/23 6:00,74.547,10,Freshwater
6/7/23 6:05,73.461,10,Freshwater
6/7/23 6:10,72.266,10,Freshwater
6/7/23 6:15,70.955,10,Freshwater
6/7/23 6:20,69.378,10,Freshwater
6/7/23 6:25,66.179,10,Freshwater
6/7/23 6:30,61.849,10,Freshwater
6/7/23 6:35,61.52,10,Freshwater
6/7/23 6:40,62.006,10,Freshwater
6/7/23 6:45,61.753,10,Freshwater
6/7/23 6:50,61.036,10,Freshwater
6/7/23 6:55,60.676,10,Freshwater
6/7/23 7:00,60.017,10,Freshwater
6/7/23 7:05,58.69,10,Freshwater
6/7/23 7:10,57.544,10,Freshwater
6/7/23 7:15,56.73,10,Freshwater
6/7/23 7:20,56.049,10,Freshwater
6/7/23 7:25,55.222,10,Freshwater
6/7/23 7:30,54.401,10,Freshwater
6/7/23 7:35,53.791,10,Freshwater
6/7/23 7:40,52.847,10,Freshwater
6/7/23 7:45,51.514,10,Freshwater
6/7/23 7:50,22.42,10,Freshwater
6/7/23 7:55,24.523,10,Freshwater
6/7/23 8:00,22.197,10,Freshwater
6/7/23 8:05,21.947,10,Freshwater
6/7/23 8:10,22.887,10,Freshwater
6/7/23 8:15,22.267,10,Freshwater
6/7/23 8:20,20.75,10,Freshwater
6/7/23 8:25,19.479,10,Freshwater
6/7/23 8:30,18.302,10,Freshwater
6/7/23 8:35,16.965,10,Freshwater
6/7/23 8:40,14.93,10,Freshwater
6/7/23 8:45,14.359,10,Freshwater
6/7/23 8:50,13.709,10,Freshwater
6/7/23 8:55,12.081,10,Freshwater
6/7/23 9:00,10.93,10,Freshwater
6/7/23 9:05,9.974,10,Freshwater
6/7/23 9:10,9.102,10,Freshwater
6/7/23 9:15,8.083,10,Freshwater
6/7/23 9:20,7.596,10,Freshwater
6/7/23 9:25,7.04,10,Freshwater
6/7/23 9:30,6.198,10,Freshwater
6/7/23 9:35,5.17,10,Freshwater
6/7/23 9:40,4.772,10,Freshwater
6/7/23 9:45,4.261,10,Freshwater
6/7/23 9:50,3.684,10,Freshwater
6/7/23 9:55,3.095,10,Freshwater
6/7/23 10:00,2.519,10,Freshwater
6/7/23 10:05,1.047,10,Freshwater
6/7/23 10:10,0.525,10,Freshwater
6/7/23 10:15,0.06,10,Freshwater
6/7/23 10:20,0.003,10,Freshwater
6/7/23 10:25,0,10,Freshwater
6/7/23 10:30,0,10,Freshwater
6/7/23 10:35,0,10,Freshwater
6/7/23 10:40,0,10,Freshwater
6/7/23 10:45,0,10,Freshwater
6/7/23 10:50,0,10,Freshwater
6/7/23 10:55,0,10,Freshwater
6/7/23 11:00,0,10,Freshwater
6/7/23 11:05,0,10,Freshwater
6/7/23 11:10,0,10,Freshwater
6/7/23 11:15,0,10,Freshwater
6/7/23 11:20,0,10,Freshwater
6/7/23 11:25,0,10,Freshwater
6/7/23 11:30,0,10,Freshwater
6/7/23 11:35,0,10,Freshwater
6/7/23 11:40,0,10,Freshwater
6/7/23 11:45,0,10,Freshwater
6/7/23 11:50,0,10,Freshwater
6/7/23 11:55,0,10,Freshwater
6/7/23 12:00,0,10,Freshwater
6/7/23 12:05,0,10,Freshwater
6/7/23 12:10,0,10,Freshwater
6/7/23 12:15,0,10,Freshwater
6/7/23 12:20,0,10,Freshwater
6/7/23 12:25,0,10,Freshwater
6/7/23 12:30,0,10,Freshwater
6/7/23 12:35,0,10,Freshwater
6/7/23 12:40,0,10,Freshwater
6/7/23 12:45,0,10,Freshwater
6/7/23 12:50,0,10,Freshwater
6/7/23 12:55,0,10,Freshwater
6/7/23 13:00,0,10,Freshwater
6/7/23 13:05,0,10,Freshwater
6/7/23 13:10,0,10,Freshwater
6/7/23 13:15,0,10,Freshwater
6/7/23 13:20,0,10,Freshwater
6/7/23 13:25,0,10,Freshwater
6/7/23 13:30,0,10,Freshwater
6/7/23 13:35,0,10,Freshwater
6/7/23 13:40,0,10,Freshwater
6/7/23 13:45,0,10,Freshwater
6/7/23 13:50,0,10,Freshwater
6/7/23 13:55,0,10,Freshwater
6/7/23 14:00,0,10,Freshwater
6/7/23 14:05,0,10,Freshwater
6/7/23 14:10,0,10,Freshwater
6/7/23 14:15,0,10,Freshwater
6/7/23 14:20,0,10,Freshwater
6/7/23 14:25,0,10,Freshwater
6/7/23 14:30,0,10,Freshwater
6/7/23 14:35,0,10,Freshwater
6/7/23 14:40,0,10,Freshwater
6/7/23 14:45,0,10,Freshwater
6/7/23 14:50,0,10,Freshwater
6/7/23 14:55,0,10,Freshwater
6/7/23 15:00,0,10,Freshwater
6/7/23 15:05,0,10,Freshwater
6/7/23 15:10,0,10,Freshwater
6/7/23 15:15,0,10,Freshwater
6/7/23 15:20,0,10,Freshwater
6/7/23 15:25,0,10,Freshwater
6/7/23 15:30,0,10,Freshwater
6/7/23 15:35,0,10,Freshwater
6/7/23 15:40,0,10,Freshwater
6/7/23 15:45,0,10,Freshwater
6/7/23 15:50,0,10,Freshwater
6/7/23 15:55,0,10,Freshwater
6/7/23 16:00,0,10,Freshwater
6/7/23 16:05,0,10,Freshwater
6/7/23 16:10,0,10,Freshwater
6/7/23 16:15,0,10,Freshwater
6/7/23 16:20,0,10,Freshwater
6/7/23 16:25,0,10,Freshwater
6/7/23 16:30,0,10,Freshwater
6/7/23 16:35,0,10,Freshwater
6/7/23 16:40,0,10,Freshwater
6/7/23 16:45,0,10,Freshwater
6/7/23 16:50,0.934,10,Freshwater
6/7/23 16:55,2.759,10,Freshwater
6/7/23 17:00,1.574,10,Freshwater
6/7/23 17:05,0.942,10,Freshwater
6/7/23 17:10,0.111,10,Freshwater
6/7/23 17:15,0,10,Freshwater
6/7/23 17:20,0,10,Freshwater
6/7/23 17:25,0,10,Freshwater
6/7/23 17:30,0,10,Freshwater
6/7/23 17:35,0,10,Freshwater
6/7/23 17:40,0,10,Freshwater
6/7/23 17:45,0,10,Freshwater
6/7/23 17:50,0,10,Freshwater
6/7/23 17:55,0,10,Freshwater
6/7/23 18:00,0,10,Freshwater
6/7/23 18:05,0,10,Freshwater
6/7/23 18:10,0,10,Freshwater
6/7/23 18:15,0,10,Freshwater
6/7/23 18:20,0,10,Freshwater
6/7/23 18:25,0,10,Freshwater
6/7/23 18:30,0,10,Freshwater
6/7/23 18:35,0,10,Freshwater
6/7/23 18:40,0,10,Freshwater
6/7/23 18:45,0,10,Freshwater
6/7/23 18:50,0,10,Freshwater
6/7/23 18:55,0,10,Freshwater
6/7/23 19:00,0,10,Freshwater
6/7/23 19:05,0,10,Freshwater
6/7/23 19:10,0,10,Freshwater
6/7/23 19:15,0,10,Freshwater
6/7/23 19:20,0,10,Freshwater
6/7/23 19:25,0,10,Freshwater
6/7/23 19:30,0,10,Freshwater
6/7/23 19:35,0,10,Freshwater
6/7/23 19:40,0,10,Freshwater
6/7/23 19:45,0,10,Freshwater
6/7/23 19:50,0,10,Freshwater
6/7/23 19:55,0,10,Freshwater
6/7/23 20:00,0,10,Freshwater
6/7/23 20:05,0,10,Freshwater
6/7/23 20:10,0,10,Freshwater
6/7/23 20:15,0,10,Freshwater
6/7/23 20:20,0,10,Freshwater
6/7/23 20:25,0,10,Freshwater
6/7/23 20:30,0,10,Freshwater
6/7/23 20:35,0,10,Freshwater
6/7/23 20:40,0,10,Freshwater
6/7/23 20:45,0,10,Freshwater
6/7/23 20:50,0,10,Freshwater
6/7/23 20:55,0,10,Freshwater
6/7/23 21:00,0,10,Freshwater
6/7/23 21:05,0,10,Freshwater
6/7/23 21:10,0,10,Freshwater
6/7/23 21:15,0,10,Freshwater
6/7/23 21:20,0.571,10,Freshwater
6/7/23 21:25,3.329,10,Freshwater
6/7/23 21:30,4.036,10,Freshwater
6/7/23 21:35,3.326,10,Freshwater
6/7/23 21:40,2.151,10,Freshwater
6/7/23 21:45,1.934,10,Freshwater
6/7/23 21:50,3.284,10,Freshwater
6/7/23 21:55,7.622,10,Freshwater
6/7/23 22:00,27.036,10,Freshwater
6/7/23 22:05,41.846,10,Freshwater
6/7/23 22:10,90.383,10,Freshwater
6/7/23 22:15,90.456,10,Freshwater
6/7/23 22:20,90.452,10,Freshwater
6/7/23 22:25,90.403,10,Freshwater
6/7/23 22:30,90.436,10,Freshwater
6/7/23 22:35,90.543,10,Freshwater
6/7/23 22:40,90.526,10,Freshwater
6/7/23 22:45,90.277,10,Freshwater
6/7/23 22:50,90.368,10,Freshwater
6/7/23 22:55,90.367,10,Freshwater
6/7/23 23:00,90.441,10,Freshwater
6/7/23 23:05,90.365,10,Freshwater
6/7/23 23:10,90.382,10,Freshwater
6/7/23 23:15,90.419,10,Freshwater
6/7/23 23:20,90.381,10,Freshwater
6/7/23 23:25,90.384,10,Freshwater
6/7/23 23:30,90.338,10,Freshwater
6/7/23 23:35,90.34,10,Freshwater
6/7/23 23:40,90.356,10,Freshwater
6/7/23 23:45,90.338,10,Freshwater
6/7/23 23:50,90.279,10,Freshwater
6/7/23 23:55,90.322,10,Freshwater
6/8/23,90.304,10,Freshwater
6/8/23 0:05,90.345,10,Freshwater
6/8/23 0:10,90.315,10,Freshwater
6/8/23 0:15,90.287,10,Freshwater
6/8/23 0:20,90.333,10,Freshwater
6/8/23 0:25,90.279,10,Freshwater
6/8/23 0:30,90.256,10,Freshwater
6/8/23 0:35,90.222,10,Freshwater
6/8/23 0:40,90.305,10,Freshwater
6/8/23 0:45,90.264,10,Freshwater
6/8/23 0:50,90.174,10,Freshwater
6/8/23 0:55,90.239,10,Freshwater
6/8/23 1:00,90.217,10,Freshwater
6/8/23 1:05,90.269,10,Freshwater
6/8/23 1:10,90.208,10,Freshwater
6/8/23 1:15,90.252,10,Freshwater
6/8/23 1:20,90.299,10,Freshwater
6/8/23 1:25,90.226,10,Freshwater
6/8/23 1:30,90.258,10,Freshwater
6/8/23 1:35,90.308,10,Freshwater
6/8/23 1:40,90.251,10,Freshwater
6/8/23 1:45,90.238,10,Freshwater
6/8/23 1:50,90.357,10,Freshwater
6/8/23 1:55,90.28,10,Freshwater
6/8/23 2:00,90.322,10,Freshwater
6/8/23 2:05,90.063,10,Freshwater
6/8/23 2:10,89.857,10,Freshwater
6/8/23 2:15,89.914,10,Freshwater
6/8/23 2:20,89.833,10,Freshwater
6/8/23 2:25,89.819,10,Freshwater
6/8/23 2:30,89.985,10,Freshwater
6/8/23 2:35,89.938,10,Freshwater
6/8/23 2:40,90.059,10,Freshwater
6/8/23 2:45,90.057,10,Freshwater
6/8/23 2:50,90.027,10,Freshwater
6/8/23 2:55,90.078,10,Freshwater
6/8/23 3:00,90.182,10,Freshwater
6/8/23 3:05,90.068,10,Freshwater
6/8/23 3:10,90.152,10,Freshwater
6/8/23 3:15,90.081,10,Freshwater
6/8/23 3:20,89.99,10,Freshwater
6/8/23 3:25,89.836,10,Freshwater
6/8/23 3:30,89.777,10,Freshwater
6/8/23 3:35,89.784,10,Freshwater
6/8/23 3:40,89.696,10,Freshwater
6/8/23 3:45,89.719,10,Freshwater
6/8/23 3:50,89.599,10,Freshwater
6/8/23 3:55,89.573,10,Freshwater
6/8/23 4:00,89.672,10,Freshwater
6/8/23 4:05,89.631,10,Freshwater
6/8/23 4:10,89.565,10,Freshwater
6/8/23 4:15,89.486,10,Freshwater
6/8/23 4:20,89.568,10,Freshwater
6/8/23 4:25,89.636,10,Freshwater
6/8/23 4:30,89.613,10,Freshwater
6/8/23 4:35,89.565,10,Freshwater
6/8/23 4:40,89.46,10,Freshwater
6/8/23 4:45,89.487,10,Freshwater
6/8/23 4:50,89.408,10,Freshwater
6/8/23 4:55,89.39,10,Freshwater
6/8/23 5:00,89.396,10,Freshwater
6/8/23 5:05,89.327,10,Freshwater
6/8/23 5:10,89.421,10,Freshwater
6/8/23 5:15,89.332,10,Freshwater
6/8/23 5:20,89.384,10,Freshwater
6/8/23 5:25,89.338,10,Freshwater
6/8/23 5:30,89.368,10,Freshwater
6/8/23 5:35,89.424,10,Freshwater
6/8/23 5:40,89.404,10,Freshwater
6/8/23 5:45,89.434,10,Freshwater
6/8/23 5:50,89.484,10,Freshwater
6/8/23 5:55,89.469,10,Freshwater
6/8/23 6:00,89.465,10,Freshwater
6/8/23 6:05,89.338,10,Freshwater
6/8/23 6:10,89.38,10,Freshwater
6/8/23 6:15,89.47,10,Freshwater
6/8/23 6:20,89.396,10,Freshwater
6/8/23 6:25,89.534,10,Freshwater
6/8/23 6:30,89.507,10,Freshwater
6/8/23 6:35,89.472,10,Freshwater
6/8/23 6:40,89.473,10,Freshwater
6/8/23 6:45,89.511,10,Freshwater
6/8/23 6:50,89.57,10,Freshwater
6/8/23 6:55,89.512,10,Freshwater
6/8/23 7:00,89.415,10,Freshwater
6/8/23 7:05,89.426,10,Freshwater
6/8/23 7:10,89.476,10,Freshwater
6/8/23 7:15,89.456,10,Freshwater
6/8/23 7:20,89.488,10,Freshwater
6/8/23 7:25,89.423,10,Freshwater
6/8/23 7:30,89.32,10,Freshwater
6/8/23 7:35,89.469,10,Freshwater
6/8/23 7:40,89.459,10,Freshwater
6/8/23 7:45,89.474,10,Freshwater
6/8/23 7:50,89.41,10,Freshwater
6/8/23 7:55,89.487,10,Freshwater
6/8/23 8:00,89.433,10,Freshwater
6/8/23 8:05,89.432,10,Freshwater
6/5/23 10:00,81.861,20,Freshwater
6/5/23 10:05,81.825,20,Freshwater
6/5/23 10:10,81.775,20,Freshwater
6/5/23 10:15,81.851,20,Freshwater
6/5/23 10:20,81.701,20,Freshwater
6/5/23 10:25,81.764,20,Freshwater
6/5/23 10:30,81.693,20,Freshwater
6/5/23 10:35,81.664,20,Freshwater
6/5/23 10:40,81.731,20,Freshwater
6/5/23 10:45,81.679,20,Freshwater
6/5/23 10:50,81.715,20,Freshwater
6/5/23 10:55,81.733,20,Freshwater
6/5/23 11:00,81.578,20,Freshwater
6/5/23 11:05,81.533,20,Freshwater
6/5/23 11:10,81.55,20,Freshwater
6/5/23 11:15,81.5,20,Freshwater
6/5/23 11:20,81.497,20,Freshwater
6/5/23 11:25,81.542,20,Freshwater
6/5/23 11:30,81.568,20,Freshwater
6/5/23 11:35,81.473,20,Freshwater
6/5/23 11:40,81.437,20,Freshwater
6/5/23 11:45,81.484,20,Freshwater
6/5/23 11:50,81.402,20,Freshwater
6/5/23 11:55,81.363,20,Freshwater
6/5/23 12:00,81.416,20,Freshwater
6/5/23 12:05,81.433,20,Freshwater
6/5/23 12:10,81.305,20,Freshwater
6/5/23 12:15,81.379,20,Freshwater
6/5/23 12:20,81.328,20,Freshwater
6/5/23 12:25,81.272,20,Freshwater
6/5/23 12:30,81.226,20,Freshwater
6/5/23 12:35,81.422,20,Freshwater
6/5/23 12:40,81.278,20,Freshwater
6/5/23 12:45,81.294,20,Freshwater
6/5/23 12:50,81.343,20,Freshwater
6/5/23 12:55,81.247,20,Freshwater
6/5/23 13:00,81.327,20,Freshwater
6/5/23 13:05,81.323,20,Freshwater
6/5/23 13:10,81.33,20,Freshwater
6/5/23 13:15,81.21,20,Freshwater
6/5/23 13:20,81.246,20,Freshwater
6/5/23 13:25,81.229,20,Freshwater
6/5/23 13:30,81.267,20,Freshwater
6/5/23 13:35,81.285,20,Freshwater
6/5/23 13:40,81.21,20,Freshwater
6/5/23 13:45,81.193,20,Freshwater
6/5/23 13:50,81.181,20,Freshwater
6/5/23 13:55,81.233,20,Freshwater
6/5/23 14:00,81.238,20,Freshwater
6/5/23 14:05,81.259,20,Freshwater
6/5/23 14:10,81.16,20,Freshwater
6/5/23 14:15,81.148,20,Freshwater
6/5/23 14:20,81.073,20,Freshwater
6/5/23 14:25,81.095,20,Freshwater
6/5/23 14:30,81.184,20,Freshwater
6/5/23 14:35,81.147,20,Freshwater
6/5/23 14:40,81.17,20,Freshwater
6/5/23 14:45,81.147,20,Freshwater
6/5/23 14:50,81.197,20,Freshwater
6/5/23 14:55,81.155,20,Freshwater
6/5/23 15:00,81.081,20,Freshwater
6/5/23 15:05,81.043,20,Freshwater
6/5/23 15:10,81.129,20,Freshwater
6/5/23 15:15,81.029,20,Freshwater
6/5/23 15:20,81.141,20,Freshwater
6/5/23 15:25,81.036,20,Freshwater
6/5/23 15:30,81.166,20,Freshwater
6/5/23 15:35,81.168,20,Freshwater
6/5/23 15:40,81.112,20,Freshwater
6/5/23 15:45,81.142,20,Freshwater
6/5/23 15:50,81.073,20,Freshwater
6/5/23 15:55,81.005,20,Freshwater
6/5/23 16:00,81.065,20,Freshwater
6/5/23 16:05,81.036,20,Freshwater
6/5/23 16:10,81.054,20,Freshwater
6/5/23 16:15,81.128,20,Freshwater
6/5/23 16:20,80.896,20,Freshwater
6/5/23 16:25,80.985,20,Freshwater
6/5/23 16:30,81.037,20,Freshwater
6/5/23 16:35,81.083,20,Freshwater
6/5/23 16:40,80.931,20,Freshwater
6/5/23 16:45,81.001,20,Freshwater
6/5/23 16:50,81.071,20,Freshwater
6/5/23 16:55,80.989,20,Freshwater
6/5/23 17:00,81.086,20,Freshwater
6/5/23 17:05,80.867,20,Freshwater
6/5/23 17:10,80.996,20,Freshwater
6/5/23 17:15,80.963,20,Freshwater
6/5/23 17:20,80.991,20,Freshwater
6/5/23 17:25,81.002,20,Freshwater
6/5/23 17:30,80.996,20,Freshwater
6/5/23 17:35,80.908,20,Freshwater
6/5/23 17:40,81.018,20,Freshwater
6/5/23 17:45,81.01,20,Freshwater
6/5/23 17:50,81.005,20,Freshwater
6/5/23 17:55,81.023,20,Freshwater
6/5/23 18:00,80.995,20,Freshwater
6/5/23 18:05,80.966,20,Freshwater
6/5/23 18:10,80.928,20,Freshwater
6/5/23 18:15,80.945,20,Freshwater
6/5/23 18:20,80.947,20,Freshwater
6/5/23 18:25,80.956,20,Freshwater
6/5/23 18:30,80.913,20,Freshwater
6/5/23 18:35,80.961,20,Freshwater
6/5/23 18:40,80.897,20,Freshwater
6/5/23 18:45,80.945,20,Freshwater
6/5/23 18:50,80.918,20,Freshwater
6/5/23 18:55,80.886,20,Freshwater
6/5/23 19:00,80.882,20,Freshwater
6/5/23 19:05,80.869,20,Freshwater
6/5/23 19:10,80.928,20,Freshwater
6/5/23 19:15,80.849,20,Freshwater
6/5/23 19:20,80.912,20,Freshwater
6/5/23 19:25,80.914,20,Freshwater
6/5/23 19:30,80.886,20,Freshwater
6/5/23 19:35,80.918,20,Freshwater
6/5/23 19:40,80.931,20,Freshwater
6/5/23 19:45,80.974,20,Freshwater
6/5/23 19:50,80.898,20,Freshwater
6/5/23 19:55,80.851,20,Freshwater
6/5/23 20:00,80.926,20,Freshwater
6/5/23 20:05,80.904,20,Freshwater
6/5/23 20:10,80.936,20,Freshwater
6/5/23 20:15,80.911,20,Freshwater
6/5/23 20:20,80.926,20,Freshwater
6/5/23 20:25,80.849,20,Freshwater
6/5/23 20:30,80.89,20,Freshwater
6/5/23 20:35,80.916,20,Freshwater
6/5/23 20:40,80.948,20,Freshwater
6/5/23 20:45,81,20,Freshwater
6/5/23 20:50,80.897,20,Freshwater
6/5/23 20:55,80.912,20,Freshwater
6/5/23 21:00,80.922,20,Freshwater
6/5/23 21:05,80.952,20,Freshwater
6/5/23 21:10,80.932,20,Freshwater
6/5/23 21:15,80.94,20,Freshwater
6/5/23 21:20,80.926,20,Freshwater
6/5/23 21:25,80.92,20,Freshwater
6/5/23 21:30,80.938,20,Freshwater
6/5/23 21:35,80.939,20,Freshwater
6/5/23 21:40,80.916,20,Freshwater
6/5/23 21:45,80.863,20,Freshwater
6/5/23 21:50,80.92,20,Freshwater
6/5/23 21:55,80.967,20,Freshwater
6/5/23 22:00,80.916,20,Freshwater
6/5/23 22:05,80.976,20,Freshwater
6/5/23 22:10,80.965,20,Freshwater
6/5/23 22:15,80.998,20,Freshwater
6/5/23 22:20,81.025,20,Freshwater
6/5/23 22:25,80.9,20,Freshwater
6/5/23 22:30,81,20,Freshwater
6/5/23 22:35,80.974,20,Freshwater
6/5/23 22:40,80.936,20,Freshwater
6/5/23 22:45,80.952,20,Freshwater
6/5/23 22:50,80.994,20,Freshwater
6/5/23 22:55,80.991,20,Freshwater
6/5/23 23:00,80.897,20,Freshwater
6/5/23 23:05,81.014,20,Freshwater
6/5/23 23:10,81.026,20,Freshwater
6/5/23 23:15,80.934,20,Freshwater
6/5/23 23:20,80.974,20,Freshwater
6/5/23 23:25,81.034,20,Freshwater
6/5/23 23:30,81.005,20,Freshwater
6/5/23 23:35,80.972,20,Freshwater
6/5/23 23:40,80.938,20,Freshwater
6/5/23 23:45,81.043,20,Freshwater
6/5/23 23:50,80.969,20,Freshwater
6/5/23 23:55,81.032,20,Freshwater
6/6/23,80.997,20,Freshwater
6/6/23 0:05,81.028,20,Freshwater
6/6/23 0:10,81,20,Freshwater
6/6/23 0:15,80.987,20,Freshwater
6/6/23 0:20,81.15,20,Freshwater
6/6/23 0:25,81.031,20,Freshwater
6/6/23 0:30,81.048,20,Freshwater
6/6/23 0:35,81.036,20,Freshwater
6/6/23 0:40,81.068,20,Freshwater
6/6/23 0:45,81.073,20,Freshwater
6/6/23 0:50,81.037,20,Freshwater
6/6/23 0:55,81.075,20,Freshwater
6/6/23 1:00,80.997,20,Freshwater
6/6/23 1:05,81.075,20,Freshwater
6/6/23 1:10,81.05,20,Freshwater
6/6/23 1:15,81.066,20,Freshwater
6/6/23 1:20,81.025,20,Freshwater
6/6/23 1:25,80.988,20,Freshwater
6/6/23 1:30,81.032,20,Freshwater
6/6/23 1:35,81.052,20,Freshwater
6/6/23 1:40,81.104,20,Freshwater
6/6/23 1:45,81.087,20,Freshwater
6/6/23 1:50,81.11,20,Freshwater
6/6/23 1:55,81.071,20,Freshwater
6/6/23 2:00,81.125,20,Freshwater
6/6/23 2:05,81.097,20,Freshwater
6/6/23 2:10,81.07,20,Freshwater
6/6/23 2:15,81.119,20,Freshwater
6/6/23 2:20,81.077,20,Freshwater
6/6/23 2:25,81.136,20,Freshwater
6/6/23 2:30,81.055,20,Freshwater
6/6/23 2:35,81.148,20,Freshwater
6/6/23 2:40,81.111,20,Freshwater
6/6/23 2:45,81.151,20,Freshwater
6/6/23 2:50,81.062,20,Freshwater
6/6/23 2:55,81.106,20,Freshwater
6/6/23 3:00,81.135,20,Freshwater
6/6/23 3:05,81.061,20,Freshwater
6/6/23 3:10,81.107,20,Freshwater
6/6/23 3:15,81.113,20,Freshwater
6/6/23 3:20,81.154,20,Freshwater
6/6/23 3:25,81.114,20,Freshwater
6/6/23 3:30,81.212,20,Freshwater
6/6/23 3:35,81.201,20,Freshwater
6/6/23 3:40,81.227,20,Freshwater
6/6/23 3:45,81.154,20,Freshwater
6/6/23 3:50,81.228,20,Freshwater
6/6/23 3:55,81.19,20,Freshwater
6/6/23 4:00,81.191,20,Freshwater
6/6/23 4:05,81.185,20,Freshwater
6/6/23 4:10,81.216,20,Freshwater
6/6/23 4:15,81.161,20,Freshwater
6/6/23 4:20,81.17,20,Freshwater
6/6/23 4:25,81.203,20,Freshwater
6/6/23 4:30,81.205,20,Freshwater
6/6/23 4:35,81.208,20,Freshwater
6/6/23 4:40,81.232,20,Freshwater
6/6/23 4:45,81.21,20,Freshwater
6/6/23 4:50,81.629,20,Freshwater
6/6/23 4:55,82.143,20,Freshwater
6/6/23 5:00,82.107,20,Freshwater
6/6/23 5:05,81.871,20,Freshwater
6/6/23 5:10,81.105,20,Freshwater
6/6/23 5:15,80.606,20,Freshwater
6/6/23 5:20,79.932,20,Freshwater
6/6/23 5:25,78.535,20,Freshwater
6/6/23 5:30,77.078,20,Freshwater
6/6/23 5:35,75.97,20,Freshwater
6/6/23 5:40,75.011,20,Freshwater
6/6/23 5:45,74.404,20,Freshwater
6/6/23 5:50,73.584,20,Freshwater
6/6/23 5:55,73.066,20,Freshwater
6/6/23 6:00,72.143,20,Freshwater
6/6/23 6:05,71.498,20,Freshwater
6/6/23 6:10,71.549,20,Freshwater
6/6/23 6:15,70.672,20,Freshwater
6/6/23 6:20,69.751,20,Freshwater
6/6/23 6:25,67.989,20,Freshwater
6/6/23 6:30,68.51,20,Freshwater
6/6/23 6:35,67.409,20,Freshwater
6/6/23 6:40,66.373,20,Freshwater
6/6/23 6:45,65.884,20,Freshwater
6/6/23 6:50,65.303,20,Freshwater
6/6/23 6:55,64.954,20,Freshwater
6/6/23 7:00,63.873,20,Freshwater
6/6/23 7:05,63.67,20,Freshwater
6/6/23 7:10,64.419,20,Freshwater
6/6/23 7:15,64.463,20,Freshwater
6/6/23 7:20,63.712,20,Freshwater
6/6/23 7:25,69.196,20,Freshwater
6/6/23 7:30,72.084,20,Freshwater
6/6/23 7:35,73.117,20,Freshwater
6/6/23 7:40,72.95,20,Freshwater
6/6/23 7:45,70.672,20,Freshwater
6/6/23 7:50,66.712,20,Freshwater
6/6/23 7:55,65.613,20,Freshwater
6/6/23 8:00,61.944,20,Freshwater
6/6/23 8:05,60.476,20,Freshwater
6/6/23 8:10,57.321,20,Freshwater
6/6/23 8:15,54.57,20,Freshwater
6/6/23 8:20,55.033,20,Freshwater
6/6/23 8:25,54.399,20,Freshwater
6/6/23 8:30,54.111,20,Freshwater
6/6/23 8:35,51.476,20,Freshwater
6/6/23 8:40,51.316,20,Freshwater
6/6/23 8:45,50.099,20,Freshwater
6/6/23 8:50,50.574,20,Freshwater
6/6/23 8:55,47.815,20,Freshwater
6/6/23 9:00,46.199,20,Freshwater
6/6/23 9:05,46.279,20,Freshwater
6/6/23 9:10,44.279,20,Freshwater
6/6/23 9:15,42.536,20,Freshwater
6/6/23 9:20,45.869,20,Freshwater
6/6/23 9:25,46.962,20,Freshwater
6/6/23 9:30,45.253,20,Freshwater
6/6/23 9:35,46.481,20,Freshwater
6/6/23 9:40,46.346,20,Freshwater
6/6/23 9:45,42.449,20,Freshwater
6/6/23 9:50,38.68,20,Freshwater
6/6/23 9:55,35.874,20,Freshwater
6/6/23 10:00,36.926,20,Freshwater
6/6/23 10:05,36.819,20,Freshwater
6/6/23 10:10,35.01,20,Freshwater
6/6/23 10:15,39.245,20,Freshwater
6/6/23 10:20,38.301,20,Freshwater
6/6/23 10:25,34.644,20,Freshwater
6/6/23 10:30,33.169,20,Freshwater
6/6/23 10:35,34.348,20,Freshwater
6/6/23 10:40,27.284,20,Freshwater
6/6/23 10:45,25.206,20,Freshwater
6/6/23 10:50,22.451,20,Freshwater
6/6/23 10:55,22.954,20,Freshwater
6/6/23 11:00,22.575,20,Freshwater
6/6/23 11:05,22.571,20,Freshwater
6/6/23 11:10,25.578,20,Freshwater
6/6/23 11:15,26.417,20,Freshwater
6/6/23 11:20,27.396,20,Freshwater
6/6/23 11:25,20.695,20,Freshwater
6/6/23 11:30,21.662,20,Freshwater
6/6/23 11:35,21.733,20,Freshwater
6/6/23 11:40,23.088,20,Freshwater
6/6/23 11:45,26.038,20,Freshwater
6/6/23 11:50,26.781,20,Freshwater
6/6/23 11:55,23.569,20,Freshwater
6/6/23 12:00,17.244,20,Freshwater
6/6/23 12:05,14.874,20,Freshwater
6/6/23 12:10,13.383,20,Freshwater
6/6/23 12:15,12.462,20,Freshwater
6/6/23 12:20,12.411,20,Freshwater
6/6/23 12:25,13.696,20,Freshwater
6/6/23 12:30,12.262,20,Freshwater
6/6/23 12:35,12.601,20,Freshwater
6/6/23 12:40,11.872,20,Freshwater
6/6/23 12:45,13.188,20,Freshwater
6/6/23 12:50,14.658,20,Freshwater
6/6/23 12:55,14.675,20,Freshwater
6/6/23 13:00,13.043,20,Freshwater
6/6/23 13:05,10.799,20,Freshwater
6/6/23 13:10,11.69,20,Freshwater
6/6/23 13:15,12.389,20,Freshwater
6/6/23 13:20,14.27,20,Freshwater
6/6/23 13:25,10.363,20,Freshwater
6/6/23 13:30,10.139,20,Freshwater
6/6/23 13:35,9.447,20,Freshwater
6/6/23 13:40,7.042,20,Freshwater
6/6/23 13:45,7.631,20,Freshwater
6/6/23 13:50,5.456,20,Freshwater
6/6/23 13:55,4.538,20,Freshwater
6/6/23 14:00,6.857,20,Freshwater
6/6/23 14:05,5.202,20,Freshwater
6/6/23 14:10,4.446,20,Freshwater
6/6/23 14:15,4.224,20,Freshwater
6/6/23 14:20,2.095,20,Freshwater
6/6/23 14:25,1.225,20,Freshwater
6/6/23 14:30,0.922,20,Freshwater
6/6/23 14:35,0.536,20,Freshwater
6/6/23 14:40,0.243,20,Freshwater
6/6/23 14:45,0,20,Freshwater
6/6/23 14:50,0,20,Freshwater
6/6/23 14:55,0,20,Freshwater
6/6/23 15:00,0,20,Freshwater
6/6/23 15:05,0,20,Freshwater
6/6/23 15:10,0.786,20,Freshwater
6/6/23 15:15,2.975,20,Freshwater
6/6/23 15:20,9.261,20,Freshwater
6/6/23 15:25,11.167,20,Freshwater
6/6/23 15:30,11.493,20,Freshwater
6/6/23 15:35,12.98,20,Freshwater
6/6/23 15:40,13.82,20,Freshwater
6/6/23 15:45,14.915,20,Freshwater
6/6/23 15:50,15.689,20,Freshwater
6/6/23 15:55,16.403,20,Freshwater
6/6/23 16:00,16.839,20,Freshwater
6/6/23 16:05,15.739,20,Freshwater
6/6/23 16:10,16.152,20,Freshwater
6/6/23 16:15,14.787,20,Freshwater
6/6/23 16:20,14.834,20,Freshwater
6/6/23 16:25,12.564,20,Freshwater
6/6/23 16:30,9.484,20,Freshwater
6/6/23 16:35,6.846,20,Freshwater
6/6/23 16:40,6.303,20,Freshwater
6/6/23 16:45,5.792,20,Freshwater
6/6/23 16:50,8.044,20,Freshwater
6/6/23 16:55,7.02,20,Freshwater
6/6/23 17:00,6.184,20,Freshwater
6/6/23 17:05,3.058,20,Freshwater
6/6/23 17:10,0.021,20,Freshwater
6/6/23 17:15,0,20,Freshwater
6/6/23 17:20,0,20,Freshwater
6/6/23 17:25,0,20,Freshwater
6/6/23 17:30,0,20,Freshwater
6/6/23 17:35,0,20,Freshwater
6/6/23 17:40,0,20,Freshwater
6/6/23 17:45,0,20,Freshwater
6/6/23 17:50,0,20,Freshwater
6/6/23 17:55,0,20,Freshwater
6/6/23 18:00,0,20,Freshwater
6/6/23 18:05,0,20,Freshwater
6/6/23 18:10,0,20,Freshwater
6/6/23 18:15,0,20,Freshwater
6/6/23 18:20,0,20,Freshwater
6/6/23 18:25,0,20,Freshwater
6/6/23 18:30,0,20,Freshwater
6/6/23 18:35,0,20,Freshwater
6/6/23 18:40,0,20,Freshwater
6/6/23 18:45,0,20,Freshwater
6/6/23 18:50,0,20,Freshwater
6/6/23 18:55,0,20,Freshwater
6/6/23 19:00,0,20,Freshwater
6/6/23 19:05,0,20,Freshwater
6/6/23 19:10,0,20,Freshwater
6/6/23 19:15,0,20,Freshwater
6/6/23 19:20,0,20,Freshwater
6/6/23 19:25,0,20,Freshwater
6/6/23 19:30,0,20,Freshwater
6/6/23 19:35,0,20,Freshwater
6/6/23 19:40,0,20,Freshwater
6/6/23 19:45,0,20,Freshwater
6/6/23 19:50,0,20,Freshwater
6/6/23 19:55,0,20,Freshwater
6/6/23 20:00,0,20,Freshwater
6/6/23 20:05,0,20,Freshwater
6/6/23 20:10,0,20,Freshwater
6/6/23 20:15,0,20,Freshwater
6/6/23 20:20,0,20,Freshwater
6/6/23 20:25,0,20,Freshwater
6/6/23 20:30,0,20,Freshwater
6/6/23 20:35,0,20,Freshwater
6/6/23 20:40,0,20,Freshwater
6/6/23 20:45,0,20,Freshwater
6/6/23 20:50,0,20,Freshwater
6/6/23 20:55,0,20,Freshwater
6/6/23 21:00,0,20,Freshwater
6/6/23 21:05,0,20,Freshwater
6/6/23 21:10,0,20,Freshwater
6/6/23 21:15,0,20,Freshwater
6/6/23 21:20,0,20,Freshwater
6/6/23 21:25,0,20,Freshwater
6/6/23 21:30,0,20,Freshwater
6/6/23 21:35,0,20,Freshwater
6/6/23 21:40,0,20,Freshwater
6/6/23 21:45,0,20,Freshwater
6/6/23 21:50,0,20,Freshwater
6/6/23 21:55,0,20,Freshwater
6/6/23 22:00,0,20,Freshwater
6/6/23 22:05,0,20,Freshwater
6/6/23 22:10,0,20,Freshwater
6/6/23 22:15,0,20,Freshwater
6/6/23 22:20,0,20,Freshwater
6/6/23 22:25,0,20,Freshwater
6/6/23 22:30,0,20,Freshwater
6/6/23 22:35,0,20,Freshwater
6/6/23 22:40,0,20,Freshwater
6/6/23 22:45,0,20,Freshwater
6/6/23 22:50,0,20,Freshwater
6/6/23 22:55,0,20,Freshwater
6/6/23 23:00,0,20,Freshwater
6/6/23 23:05,0,20,Freshwater
6/6/23 23:10,0,20,Freshwater
6/6/23 23:15,0,20,Freshwater
6/6/23 23:20,0,20,Freshwater
6/6/23 23:25,0,20,Freshwater
6/6/23 23:30,0,20,Freshwater
6/6/23 23:35,0,20,Freshwater
6/6/23 23:40,0,20,Freshwater
6/6/23 23:45,0,20,Freshwater
6/6/23 23:50,0,20,Freshwater
6/6/23 23:55,0,20,Freshwater
6/7/23,0,20,Freshwater
6/7/23 0:05,0,20,Freshwater
6/7/23 0:10,0,20,Freshwater
6/7/23 0:15,0,20,Freshwater
6/7/23 0:20,0,20,Freshwater
6/7/23 0:25,0,20,Freshwater
6/7/23 0:30,0,20,Freshwater
6/7/23 0:35,0,20,Freshwater
6/7/23 0:40,0,20,Freshwater
6/7/23 0:45,0,20,Freshwater
6/7/23 0:50,0,20,Freshwater
6/7/23 0:55,0,20,Freshwater
6/7/23 1:00,0,20,Freshwater
6/7/23 1:05,0,20,Freshwater
6/7/23 1:10,0.017,20,Freshwater
6/7/23 1:15,0.398,20,Freshwater
6/7/23 1:20,1.736,20,Freshwater
6/7/23 1:25,4.044,20,Freshwater
6/7/23 1:30,8.503,20,Freshwater
6/7/23 1:35,12.304,20,Freshwater
6/7/23 1:40,23.836,20,Freshwater
6/7/23 1:45,34.481,20,Freshwater
6/7/23 1:50,45.707,20,Freshwater
6/7/23 1:55,57.867,20,Freshwater
6/7/23 2:00,78.07,20,Freshwater
6/7/23 2:05,85.241,20,Freshwater
6/7/23 2:10,85.309,20,Freshwater
6/7/23 2:15,85.277,20,Freshwater
6/7/23 2:20,85.166,20,Freshwater
6/7/23 2:25,85.233,20,Freshwater
6/7/23 2:30,85.136,20,Freshwater
6/7/23 2:35,85.156,20,Freshwater
6/7/23 2:40,85.187,20,Freshwater
6/7/23 2:45,85.13,20,Freshwater
6/7/23 2:50,85.186,20,Freshwater
6/7/23 2:55,85.106,20,Freshwater
6/7/23 3:00,85.13,20,Freshwater
6/7/23 3:05,85.129,20,Freshwater
6/7/23 3:10,85.087,20,Freshwater
6/7/23 3:15,85.029,20,Freshwater
6/7/23 3:20,85.137,20,Freshwater
6/7/23 3:25,85.131,20,Freshwater
6/7/23 3:30,85.204,20,Freshwater
6/7/23 3:35,85.075,20,Freshwater
6/7/23 3:40,85.135,20,Freshwater
6/7/23 3:45,85.151,20,Freshwater
6/7/23 3:50,85.072,20,Freshwater
6/7/23 3:55,85.091,20,Freshwater
6/7/23 4:00,85.148,20,Freshwater
6/7/23 4:05,85.137,20,Freshwater
6/7/23 4:10,85.04,20,Freshwater
6/7/23 4:15,85.091,20,Freshwater
6/7/23 4:20,85.084,20,Freshwater
6/7/23 4:25,85.077,20,Freshwater
6/7/23 4:30,85.124,20,Freshwater
6/7/23 4:35,85.044,20,Freshwater
6/7/23 4:40,85.108,20,Freshwater
6/7/23 4:45,85.039,20,Freshwater
6/7/23 4:50,85.053,20,Freshwater
6/7/23 4:55,85.011,20,Freshwater
6/7/23 5:00,85.65,20,Freshwater
6/7/23 5:05,52.642,20,Freshwater
6/7/23 5:10,41.545,20,Freshwater
6/7/23 5:15,51.977,20,Freshwater
6/7/23 5:20,68.709,20,Freshwater
6/7/23 5:25,73.367,20,Freshwater
6/7/23 5:30,73.145,20,Freshwater
6/7/23 5:35,70.048,20,Freshwater
6/7/23 5:40,64.856,20,Freshwater
6/7/23 5:45,54.158,20,Freshwater
6/7/23 5:50,43.785,20,Freshwater
6/7/23 5:55,36.784,20,Freshwater
6/7/23 6:00,30.69,20,Freshwater
6/7/23 6:05,27.396,20,Freshwater
6/7/23 6:10,25.7,20,Freshwater
6/7/23 6:15,23.585,20,Freshwater
6/7/23 6:20,20.376,20,Freshwater
6/7/23 6:25,19.985,20,Freshwater
6/7/23 6:30,20.413,20,Freshwater
6/7/23 6:35,19.663,20,Freshwater
6/7/23 6:40,18.11,20,Freshwater
6/7/23 6:45,16.69,20,Freshwater
6/7/23 6:50,16.166,20,Freshwater
6/7/23 6:55,15.416,20,Freshwater
6/7/23 7:00,14.509,20,Freshwater
6/7/23 7:05,13.921,20,Freshwater
6/7/23 7:10,12.885,20,Freshwater
6/7/23 7:15,11.35,20,Freshwater
6/7/23 7:20,10.138,20,Freshwater
6/7/23 7:25,8.932,20,Freshwater
6/7/23 7:30,8.047,20,Freshwater
6/7/23 7:35,6.385,20,Freshwater
6/7/23 7:40,4.573,20,Freshwater
6/7/23 7:45,3.852,20,Freshwater
6/7/23 7:50,19.113,20,Freshwater
6/7/23 7:55,15.678,20,Freshwater
6/7/23 8:00,14.448,20,Freshwater
6/7/23 8:05,13.186,20,Freshwater
6/7/23 8:10,12.036,20,Freshwater
6/7/23 8:15,11.817,20,Freshwater
6/7/23 8:20,11.01,20,Freshwater
6/7/23 8:25,10.05,20,Freshwater
6/7/23 8:30,8.454,20,Freshwater
6/7/23 8:35,7.333,20,Freshwater
6/7/23 8:40,7.02,20,Freshwater
6/7/23 8:45,5.004,20,Freshwater
6/7/23 8:50,3.687,20,Freshwater
6/7/23 8:55,3.483,20,Freshwater
6/7/23 9:00,3.105,20,Freshwater
6/7/23 9:05,3.13,20,Freshwater
6/7/23 9:10,3.118,20,Freshwater
6/7/23 9:15,2.745,20,Freshwater
6/7/23 9:20,2.631,20,Freshwater
6/7/23 9:25,2.301,20,Freshwater
6/7/23 9:30,2.209,20,Freshwater
6/7/23 9:35,1.63,20,Freshwater
6/7/23 9:40,1.466,20,Freshwater
6/7/23 9:45,0.935,20,Freshwater
6/7/23 9:50,0.452,20,Freshwater
6/7/23 9:55,0.273,20,Freshwater
6/7/23 10:00,0.069,20,Freshwater
6/7/23 10:05,0,20,Freshwater
6/7/23 10:10,0,20,Freshwater
6/7/23 10:15,0,20,Freshwater
6/7/23 10:20,0,20,Freshwater
6/7/23 10:25,0,20,Freshwater
6/7/23 10:30,0,20,Freshwater
6/7/23 10:35,0,20,Freshwater
6/7/23 10:40,0,20,Freshwater
6/7/23 10:45,0,20,Freshwater
6/7/23 10:50,0,20,Freshwater
6/7/23 10:55,0,20,Freshwater
6/7/23 11:00,0,20,Freshwater
6/7/23 11:05,0,20,Freshwater
6/7/23 11:10,0,20,Freshwater
6/7/23 11:15,0,20,Freshwater
6/7/23 11:20,0,20,Freshwater
6/7/23 11:25,0,20,Freshwater
6/7/23 11:30,0,20,Freshwater
6/7/23 11:35,0,20,Freshwater
6/7/23 11:40,0,20,Freshwater
6/7/23 11:45,0,20,Freshwater
6/7/23 11:50,0,20,Freshwater
6/7/23 11:55,0,20,Freshwater
6/7/23 12:00,0,20,Freshwater
6/7/23 12:05,0,20,Freshwater
6/7/23 12:10,0,20,Freshwater
6/7/23 12:15,0,20,Freshwater
6/7/23 12:20,0,20,Freshwater
6/7/23 12:25,0,20,Freshwater
6/7/23 12:30,0,20,Freshwater
6/7/23 12:35,0,20,Freshwater
6/7/23 12:40,0,20,Freshwater
6/7/23 12:45,0,20,Freshwater
6/7/23 12:50,0,20,Freshwater
6/7/23 12:55,0,20,Freshwater
6/7/23 13:00,0,20,Freshwater
6/7/23 13:05,0,20,Freshwater
6/7/23 13:10,0,20,Freshwater
6/7/23 13:15,0,20,Freshwater
6/7/23 13:20,0,20,Freshwater
6/7/23 13:25,0,20,Freshwater
6/7/23 13:30,0,20,Freshwater
6/7/23 13:35,0,20,Freshwater
6/7/23 13:40,0,20,Freshwater
6/7/23 13:45,0,20,Freshwater
6/7/23 13:50,0,20,Freshwater
6/7/23 13:55,0,20,Freshwater
6/7/23 14:00,0,20,Freshwater
6/7/23 14:05,0,20,Freshwater
6/7/23 14:10,0,20,Freshwater
6/7/23 14:15,0,20,Freshwater
6/7/23 14:20,0,20,Freshwater
6/7/23 14:25,0,20,Freshwater
6/7/23 14:30,0,20,Freshwater
6/7/23 14:35,0,20,Freshwater
6/7/23 14:40,0,20,Freshwater
6/7/23 14:45,0,20,Freshwater
6/7/23 14:50,0,20,Freshwater
6/7/23 14:55,0,20,Freshwater
6/7/23 15:00,0,20,Freshwater
6/7/23 15:05,0,20,Freshwater
6/7/23 15:10,0,20,Freshwater
6/7/23 15:15,0,20,Freshwater
6/7/23 15:20,0,20,Freshwater
6/7/23 15:25,0,20,Freshwater
6/7/23 15:30,0,20,Freshwater
6/7/23 15:35,0,20,Freshwater
6/7/23 15:40,0,20,Freshwater
6/7/23 15:45,0,20,Freshwater
6/7/23 15:50,0,20,Freshwater
6/7/23 15:55,0,20,Freshwater
6/7/23 16:00,0,20,Freshwater
6/7/23 16:05,0,20,Freshwater
6/7/23 16:10,0,20,Freshwater
6/7/23 16:15,0,20,Freshwater
6/7/23 16:20,0,20,Freshwater
6/7/23 16:25,0,20,Freshwater
6/7/23 16:30,0,20,Freshwater
6/7/23 16:35,0,20,Freshwater
6/7/23 16:40,0,20,Freshwater
6/7/23 16:45,0,20,Freshwater
6/7/23 16:50,0,20,Freshwater
6/7/23 16:55,0.07,20,Freshwater
6/7/23 17:00,0.007,20,Freshwater
6/7/23 17:05,0,20,Freshwater
6/7/23 17:10,0,20,Freshwater
6/7/23 17:15,0,20,Freshwater
6/7/23 17:20,0,20,Freshwater
6/7/23 17:25,0,20,Freshwater
6/7/23 17:30,0,20,Freshwater
6/7/23 17:35,0,20,Freshwater
6/7/23 17:40,0,20,Freshwater
6/7/23 17:45,0,20,Freshwater
6/7/23 17:50,0,20,Freshwater
6/7/23 17:55,0,20,Freshwater
6/7/23 18:00,0,20,Freshwater
6/7/23 18:05,0,20,Freshwater
6/7/23 18:10,0,20,Freshwater
6/7/23 18:15,0,20,Freshwater
6/7/23 18:20,0,20,Freshwater
6/7/23 18:25,0,20,Freshwater
6/7/23 18:30,0,20,Freshwater
6/7/23 18:35,0,20,Freshwater
6/7/23 18:40,0,20,Freshwater
6/7/23 18:45,0,20,Freshwater
6/7/23 18:50,0,20,Freshwater
6/7/23 18:55,0,20,Freshwater
6/7/23 19:00,0,20,Freshwater
6/7/23 19:05,0,20,Freshwater
6/7/23 19:10,0,20,Freshwater
6/7/23 19:15,0,20,Freshwater
6/7/23 19:20,0,20,Freshwater
6/7/23 19:25,0,20,Freshwater
6/7/23 19:30,0,20,Freshwater
6/7/23 19:35,0,20,Freshwater
6/7/23 19:40,0,20,Freshwater
6/7/23 19:45,0,20,Freshwater
6/7/23 19:50,0,20,Freshwater
6/7/23 19:55,0,20,Freshwater
6/7/23 20:00,0,20,Freshwater
6/7/23 20:05,0,20,Freshwater
6/7/23 20:10,0,20,Freshwater
6/7/23 20:15,0,20,Freshwater
6/7/23 20:20,0,20,Freshwater
6/7/23 20:25,0,20,Freshwater
6/7/23 20:30,0,20,Freshwater
6/7/23 20:35,0,20,Freshwater
6/7/23 20:40,0,20,Freshwater
6/7/23 20:45,0,20,Freshwater
6/7/23 20:50,0,20,Freshwater
6/7/23 20:55,0,20,Freshwater
6/7/23 21:00,0,20,Freshwater
6/7/23 21:05,0,20,Freshwater
6/7/23 21:10,0,20,Freshwater
6/7/23 21:15,0,20,Freshwater
6/7/23 21:20,0,20,Freshwater
6/7/23 21:25,0,20,Freshwater
6/7/23 21:30,0,20,Freshwater
6/7/23 21:35,0,20,Freshwater
6/7/23 21:40,0,20,Freshwater
6/7/23 21:45,0,20,Freshwater
6/7/23 21:50,0,20,Freshwater
6/7/23 21:55,0,20,Freshwater
6/7/23 22:00,0,20,Freshwater
6/7/23 22:05,0,20,Freshwater
6/7/23 22:10,0,20,Freshwater
6/7/23 22:15,0,20,Freshwater
6/7/23 22:20,0,20,Freshwater
6/7/23 22:25,0,20,Freshwater
6/7/23 22:30,0,20,Freshwater
6/7/23 22:35,0,20,Freshwater
6/7/23 22:40,0,20,Freshwater
6/7/23 22:45,0,20,Freshwater
6/7/23 22:50,0,20,Freshwater
6/7/23 22:55,0,20,Freshwater
6/7/23 23:00,0,20,Freshwater
6/7/23 23:05,0,20,Freshwater
6/7/23 23:10,0,20,Freshwater
6/7/23 23:15,0,20,Freshwater
6/7/23 23:20,0,20,Freshwater
6/7/23 23:25,0,20,Freshwater
6/7/23 23:30,0,20,Freshwater
6/7/23 23:35,0,20,Freshwater
6/7/23 23:40,0,20,Freshwater
6/7/23 23:45,0,20,Freshwater
6/7/23 23:50,0,20,Freshwater
6/7/23 23:55,0,20,Freshwater
6/8/23,0,20,Freshwater
6/8/23 0:05,0,20,Freshwater
6/8/23 0:10,0,20,Freshwater
6/8/23 0:15,0,20,Freshwater
6/8/23 0:20,0,20,Freshwater
6/8/23 0:25,0,20,Freshwater
6/8/23 0:30,0,20,Freshwater
6/8/23 0:35,0,20,Freshwater
6/8/23 0:40,0,20,Freshwater
6/8/23 0:45,0,20,Freshwater
6/8/23 0:50,0,20,Freshwater
6/8/23 0:55,0,20,Freshwater
6/8/23 1:00,0,20,Freshwater
6/8/23 1:05,0,20,Freshwater
6/8/23 1:10,0,20,Freshwater
6/8/23 1:15,0,20,Freshwater
6/8/23 1:20,0,20,Freshwater
6/8/23 1:25,0,20,Freshwater
6/8/23 1:30,0,20,Freshwater
6/8/23 1:35,0,20,Freshwater
6/8/23 1:40,0,20,Freshwater
6/8/23 1:45,0,20,Freshwater
6/8/23 1:50,0,20,Freshwater
6/8/23 1:55,0,20,Freshwater
6/8/23 2:00,0,20,Freshwater
6/8/23 2:05,0,20,Freshwater
6/8/23 2:10,0,20,Freshwater
6/8/23 2:15,0,20,Freshwater
6/8/23 2:20,0,20,Freshwater
6/8/23 2:25,0,20,Freshwater
6/8/23 2:30,0,20,Freshwater
6/8/23 2:35,0,20,Freshwater
6/8/23 2:40,0,20,Freshwater
6/8/23 2:45,0,20,Freshwater
6/8/23 2:50,0,20,Freshwater
6/8/23 2:55,0,20,Freshwater
6/8/23 3:00,0,20,Freshwater
6/8/23 3:05,0,20,Freshwater
6/8/23 3:10,0,20,Freshwater
6/8/23 3:15,0,20,Freshwater
6/8/23 3:20,0,20,Freshwater
6/8/23 3:25,0,20,Freshwater
6/8/23 3:30,0,20,Freshwater
6/8/23 3:35,0,20,Freshwater
6/8/23 3:40,0,20,Freshwater
6/8/23 3:45,0.141,20,Freshwater
6/8/23 3:50,0,20,Freshwater
6/8/23 3:55,0,20,Freshwater
6/8/23 4:00,0.009,20,Freshwater
6/8/23 4:05,0.235,20,Freshwater
6/8/23 4:10,0.589,20,Freshwater
6/8/23 4:15,0.729,20,Freshwater
6/8/23 4:20,2.287,20,Freshwater
6/8/23 4:25,4.849,20,Freshwater
6/8/23 4:30,6.59,20,Freshwater
6/8/23 4:35,9.886,20,Freshwater
6/8/23 4:40,15.475,20,Freshwater
6/8/23 4:45,25.715,20,Freshwater
6/8/23 4:50,35.766,20,Freshwater
6/8/23 4:55,46.913,20,Freshwater
6/8/23 5:00,54.519,20,Freshwater
6/8/23 5:05,74.411,20,Freshwater
6/8/23 5:10,88.711,20,Freshwater
6/8/23 5:15,88.975,20,Freshwater
6/8/23 5:20,88.962,20,Freshwater
6/8/23 5:25,88.979,20,Freshwater
6/8/23 5:30,89.048,20,Freshwater
6/8/23 5:35,89.062,20,Freshwater
6/8/23 5:40,89.092,20,Freshwater
6/8/23 5:45,89.142,20,Freshwater
6/8/23 5:50,89.145,20,Freshwater
6/8/23 5:55,89.092,20,Freshwater
6/8/23 6:00,89.134,20,Freshwater
6/8/23 6:05,89.09,20,Freshwater
6/8/23 6:10,89.07,20,Freshwater
6/8/23 6:15,89.092,20,Freshwater
6/8/23 6:20,89.088,20,Freshwater
6/8/23 6:25,89.184,20,Freshwater
6/8/23 6:30,89.155,20,Freshwater
6/8/23 6:35,89.045,20,Freshwater
6/8/23 6:40,89.138,20,Freshwater
6/8/23 6:45,89.168,20,Freshwater
6/8/23 6:50,89.175,20,Freshwater
6/8/23 6:55,89.201,20,Freshwater
6/8/23 7:00,89.179,20,Freshwater
6/8/23 7:05,89.122,20,Freshwater
6/8/23 7:10,89.097,20,Freshwater
6/8/23 7:15,89.197,20,Freshwater
6/8/23 7:20,89.138,20,Freshwater
6/8/23 7:25,89.134,20,Freshwater
6/8/23 7:30,89.135,20,Freshwater
6/8/23 7:35,89.131,20,Freshwater
6/8/23 7:40,89.09,20,Freshwater
6/8/23 7:45,89.092,20,Freshwater
6/8/23 7:50,89.121,20,Freshwater
6/8/23 7:55,89.074,20,Freshwater
6/8/23 8:00,89.051,20,Freshwater
6/8/23 8:05,89.157,20,Freshwater
6/5/23 10:00,78.224,30,Freshwater
6/5/23 10:05,78.215,30,Freshwater
6/5/23 10:10,78.093,30,Freshwater
6/5/23 10:15,78.158,30,Freshwater
6/5/23 10:20,78.052,30,Freshwater
6/5/23 10:25,77.884,30,Freshwater
6/5/23 10:30,78.219,30,Freshwater
6/5/23 10:35,77.973,30,Freshwater
6/5/23 10:40,78.094,30,Freshwater
6/5/23 10:45,77.959,30,Freshwater
6/5/23 10:50,78.027,30,Freshwater
6/5/23 10:55,77.907,30,Freshwater
6/5/23 11:00,77.913,30,Freshwater
6/5/23 11:05,77.842,30,Freshwater
6/5/23 11:10,77.938,30,Freshwater
6/5/23 11:15,77.867,30,Freshwater
6/5/23 11:20,77.874,30,Freshwater
6/5/23 11:25,77.836,30,Freshwater
6/5/23 11:30,77.829,30,Freshwater
6/5/23 11:35,77.813,30,Freshwater
6/5/23 11:40,77.847,30,Freshwater
6/5/23 11:45,77.817,30,Freshwater
6/5/23 11:50,77.755,30,Freshwater
6/5/23 11:55,77.769,30,Freshwater
6/5/23 12:00,77.698,30,Freshwater
6/5/23 12:05,77.743,30,Freshwater
6/5/23 12:10,77.786,30,Freshwater
6/5/23 12:15,77.701,30,Freshwater
6/5/23 12:20,77.654,30,Freshwater
6/5/23 12:25,77.76,30,Freshwater
6/5/23 12:30,77.681,30,Freshwater
6/5/23 12:35,77.576,30,Freshwater
6/5/23 12:40,77.688,30,Freshwater
6/5/23 12:45,77.677,30,Freshwater
6/5/23 12:50,77.618,30,Freshwater
6/5/23 12:55,77.671,30,Freshwater
6/5/23 13:00,77.58,30,Freshwater
6/5/23 13:05,77.604,30,Freshwater
6/5/23 13:10,77.627,30,Freshwater
6/5/23 13:15,77.516,30,Freshwater
6/5/23 13:20,77.558,30,Freshwater
6/5/23 13:25,77.536,30,Freshwater
6/5/23 13:30,77.606,30,Freshwater
6/5/23 13:35,77.564,30,Freshwater
6/5/23 13:40,77.55,30,Freshwater
6/5/23 13:45,77.589,30,Freshwater
6/5/23 13:50,77.636,30,Freshwater
6/5/23 13:55,77.613,30,Freshwater
6/5/23 14:00,77.491,30,Freshwater
6/5/23 14:05,77.623,30,Freshwater
6/5/23 14:10,77.496,30,Freshwater
6/5/23 14:15,77.561,30,Freshwater
6/5/23 14:20,77.498,30,Freshwater
6/5/23 14:25,77.508,30,Freshwater
6/5/23 14:30,77.562,30,Freshwater
6/5/23 14:35,77.483,30,Freshwater
6/5/23 14:40,77.558,30,Freshwater
6/5/23 14:45,77.465,30,Freshwater
6/5/23 14:50,77.507,30,Freshwater
6/5/23 14:55,77.475,30,Freshwater
6/5/23 15:00,77.466,30,Freshwater
6/5/23 15:05,77.338,30,Freshwater
6/5/23 15:10,77.375,30,Freshwater
6/5/23 15:15,77.502,30,Freshwater
6/5/23 15:20,77.434,30,Freshwater
6/5/23 15:25,77.446,30,Freshwater
6/5/23 15:30,77.382,30,Freshwater
6/5/23 15:35,77.379,30,Freshwater
6/5/23 15:40,77.422,30,Freshwater
6/5/23 15:45,77.244,30,Freshwater
6/5/23 15:50,77.334,30,Freshwater
6/5/23 15:55,77.415,30,Freshwater
6/5/23 16:00,77.459,30,Freshwater
6/5/23 16:05,77.307,30,Freshwater
6/5/23 16:10,77.287,30,Freshwater
6/5/23 16:15,77.384,30,Freshwater
6/5/23 16:20,77.466,30,Freshwater
6/5/23 16:25,77.47,30,Freshwater
6/5/23 16:30,77.365,30,Freshwater
6/5/23 16:35,77.461,30,Freshwater
6/5/23 16:40,77.399,30,Freshwater
6/5/23 16:45,77.345,30,Freshwater
6/5/23 16:50,77.453,30,Freshwater
6/5/23 16:55,77.444,30,Freshwater
6/5/23 17:00,77.515,30,Freshwater
6/5/23 17:05,77.331,30,Freshwater
6/5/23 17:10,77.36,30,Freshwater
6/5/23 17:15,77.358,30,Freshwater
6/5/23 17:20,77.428,30,Freshwater
6/5/23 17:25,77.314,30,Freshwater
6/5/23 17:30,77.476,30,Freshwater
6/5/23 17:35,77.356,30,Freshwater
6/5/23 17:40,77.408,30,Freshwater
6/5/23 17:45,77.44,30,Freshwater
6/5/23 17:50,77.385,30,Freshwater
6/5/23 17:55,77.428,30,Freshwater
6/5/23 18:00,77.403,30,Freshwater
6/5/23 18:05,77.433,30,Freshwater
6/5/23 18:10,77.401,30,Freshwater
6/5/23 18:15,77.42,30,Freshwater
6/5/23 18:20,77.444,30,Freshwater
6/5/23 18:25,77.325,30,Freshwater
6/5/23 18:30,77.381,30,Freshwater
6/5/23 18:35,77.33,30,Freshwater
6/5/23 18:40,77.311,30,Freshwater
6/5/23 18:45,77.283,30,Freshwater
6/5/23 18:50,77.352,30,Freshwater
6/5/23 18:55,77.295,30,Freshwater
6/5/23 19:00,77.339,30,Freshwater
6/5/23 19:05,77.309,30,Freshwater
6/5/23 19:10,77.384,30,Freshwater
6/5/23 19:15,77.33,30,Freshwater
6/5/23 19:20,77.282,30,Freshwater
6/5/23 19:25,77.265,30,Freshwater
6/5/23 19:30,77.326,30,Freshwater
6/5/23 19:35,77.319,30,Freshwater
6/5/23 19:40,77.371,30,Freshwater
6/5/23 19:45,77.321,30,Freshwater
6/5/23 19:50,77.3,30,Freshwater
6/5/23 19:55,77.328,30,Freshwater
6/5/23 20:00,77.33,30,Freshwater
6/5/23 20:05,77.281,30,Freshwater
6/5/23 20:10,77.35,30,Freshwater
6/5/23 20:15,77.328,30,Freshwater
6/5/23 20:20,77.293,30,Freshwater
6/5/23 20:25,77.297,30,Freshwater
6/5/23 20:30,77.395,30,Freshwater
6/5/23 20:35,77.402,30,Freshwater
6/5/23 20:40,77.359,30,Freshwater
6/5/23 20:45,77.452,30,Freshwater
6/5/23 20:50,77.42,30,Freshwater
6/5/23 20:55,77.361,30,Freshwater
6/5/23 21:00,77.381,30,Freshwater
6/5/23 21:05,77.341,30,Freshwater
6/5/23 21:10,77.423,30,Freshwater
6/5/23 21:15,77.404,30,Freshwater
6/5/23 21:20,77.388,30,Freshwater
6/5/23 21:25,77.444,30,Freshwater
6/5/23 21:30,77.411,30,Freshwater
6/5/23 21:35,77.439,30,Freshwater
6/5/23 21:40,77.489,30,Freshwater
6/5/23 21:45,77.487,30,Freshwater
6/5/23 21:50,77.447,30,Freshwater
6/5/23 21:55,77.407,30,Freshwater
6/5/23 22:00,77.481,30,Freshwater
6/5/23 22:05,77.524,30,Freshwater
6/5/23 22:10,77.517,30,Freshwater
6/5/23 22:15,77.461,30,Freshwater
6/5/23 22:20,77.513,30,Freshwater
6/5/23 22:25,77.49,30,Freshwater
6/5/23 22:30,77.447,30,Freshwater
6/5/23 22:35,77.587,30,Freshwater
6/5/23 22:40,77.544,30,Freshwater
6/5/23 22:45,77.488,30,Freshwater
6/5/23 22:50,77.611,30,Freshwater
6/5/23 22:55,77.611,30,Freshwater
6/5/23 23:00,77.618,30,Freshwater
6/5/23 23:05,77.576,30,Freshwater
6/5/23 23:10,77.617,30,Freshwater
6/5/23 23:15,77.601,30,Freshwater
6/5/23 23:20,77.556,30,Freshwater
6/5/23 23:25,77.566,30,Freshwater
6/5/23 23:30,77.688,30,Freshwater
6/5/23 23:35,77.567,30,Freshwater
6/5/23 23:40,77.537,30,Freshwater
6/5/23 23:45,77.628,30,Freshwater
6/5/23 23:50,77.573,30,Freshwater
6/5/23 23:55,77.645,30,Freshwater
6/6/23,77.56,30,Freshwater
6/6/23 0:05,77.629,30,Freshwater
6/6/23 0:10,77.665,30,Freshwater
6/6/23 0:15,77.604,30,Freshwater
6/6/23 0:20,77.671,30,Freshwater
6/6/23 0:25,77.636,30,Freshwater
6/6/23 0:30,77.701,30,Freshwater
6/6/23 0:35,77.675,30,Freshwater
6/6/23 0:40,77.618,30,Freshwater
6/6/23 0:45,77.732,30,Freshwater
6/6/23 0:50,77.692,30,Freshwater
6/6/23 0:55,77.686,30,Freshwater
6/6/23 1:00,77.688,30,Freshwater
6/6/23 1:05,77.714,30,Freshwater
6/6/23 1:10,77.771,30,Freshwater
6/6/23 1:15,77.698,30,Freshwater
6/6/23 1:20,77.751,30,Freshwater
6/6/23 1:25,77.716,30,Freshwater
6/6/23 1:30,77.752,30,Freshwater
6/6/23 1:35,77.732,30,Freshwater
6/6/23 1:40,77.776,30,Freshwater
6/6/23 1:45,77.788,30,Freshwater
6/6/23 1:50,77.803,30,Freshwater
6/6/23 1:55,77.719,30,Freshwater
6/6/23 2:00,77.813,30,Freshwater
6/6/23 2:05,77.786,30,Freshwater
6/6/23 2:10,77.853,30,Freshwater
6/6/23 2:15,77.838,30,Freshwater
6/6/23 2:20,77.869,30,Freshwater
6/6/23 2:25,77.887,30,Freshwater
6/6/23 2:30,77.89,30,Freshwater
6/6/23 2:35,77.836,30,Freshwater
6/6/23 2:40,77.912,30,Freshwater
6/6/23 2:45,77.869,30,Freshwater
6/6/23 2:50,77.892,30,Freshwater
6/6/23 2:55,77.855,30,Freshwater
6/6/23 3:00,77.822,30,Freshwater
6/6/23 3:05,77.936,30,Freshwater
6/6/23 3:10,77.894,30,Freshwater
6/6/23 3:15,77.955,30,Freshwater
6/6/23 3:20,77.931,30,Freshwater
6/6/23 3:25,77.942,30,Freshwater
6/6/23 3:30,77.987,30,Freshwater
6/6/23 3:35,77.913,30,Freshwater
6/6/23 3:40,77.931,30,Freshwater
6/6/23 3:45,78.041,30,Freshwater
6/6/23 3:50,78.05,30,Freshwater
6/6/23 3:55,78.003,30,Freshwater
6/6/23 4:00,78.048,30,Freshwater
6/6/23 4:05,78.019,30,Freshwater
6/6/23 4:10,78.042,30,Freshwater
6/6/23 4:15,78.059,30,Freshwater
6/6/23 4:20,78.103,30,Freshwater
6/6/23 4:25,78.039,30,Freshwater
6/6/23 4:30,78.077,30,Freshwater
6/6/23 4:35,78.117,30,Freshwater
6/6/23 4:40,77.992,30,Freshwater
6/6/23 4:45,78.062,30,Freshwater
6/6/23 4:50,79.006,30,Freshwater
6/6/23 4:55,79.52,30,Freshwater
6/6/23 5:00,79.294,30,Freshwater
6/6/23 5:05,78.611,30,Freshwater
6/6/23 5:10,77.873,30,Freshwater
6/6/23 5:15,77.477,30,Freshwater
6/6/23 5:20,76.993,30,Freshwater
6/6/23 5:25,76.688,30,Freshwater
6/6/23 5:30,76.326,30,Freshwater
6/6/23 5:35,76.084,30,Freshwater
6/6/23 5:40,75.601,30,Freshwater
6/6/23 5:45,75.091,30,Freshwater
6/6/23 5:50,74.604,30,Freshwater
6/6/23 5:55,74.21,30,Freshwater
6/6/23 6:00,73.896,30,Freshwater
6/6/23 6:05,73.543,30,Freshwater
6/6/23 6:10,73.283,30,Freshwater
6/6/23 6:15,72.963,30,Freshwater
6/6/23 6:20,72.612,30,Freshwater
6/6/23 6:25,72.256,30,Freshwater
6/6/23 6:30,72.002,30,Freshwater
6/6/23 6:35,71.748,30,Freshwater
6/6/23 6:40,71.277,30,Freshwater
6/6/23 6:45,70.569,30,Freshwater
6/6/23 6:50,69.941,30,Freshwater
6/6/23 6:55,69.31,30,Freshwater
6/6/23 7:00,68.84,30,Freshwater
6/6/23 7:05,68.399,30,Freshwater
6/6/23 7:10,67.934,30,Freshwater
6/6/23 7:15,67.444,30,Freshwater
6/6/23 7:20,66.851,30,Freshwater
6/6/23 7:25,66.359,30,Freshwater
6/6/23 7:30,65.906,30,Freshwater
6/6/23 7:35,65.555,30,Freshwater
6/6/23 7:40,65.224,30,Freshwater
6/6/23 7:45,64.961,30,Freshwater
6/6/23 7:50,64.71,30,Freshwater
6/6/23 7:55,64.431,30,Freshwater
6/6/23 8:00,64.453,30,Freshwater
6/6/23 8:05,64.43,30,Freshwater
6/6/23 8:10,64.216,30,Freshwater
6/6/23 8:15,63.989,30,Freshwater
6/6/23 8:20,63.859,30,Freshwater
6/6/23 8:25,63.65,30,Freshwater
6/6/23 8:30,63.302,30,Freshwater
6/6/23 8:35,63.076,30,Freshwater
6/6/23 8:40,62.798,30,Freshwater
6/6/23 8:45,62.543,30,Freshwater
6/6/23 8:50,62.404,30,Freshwater
6/6/23 8:55,62.199,30,Freshwater
6/6/23 9:00,61.921,30,Freshwater
6/6/23 9:05,61.522,30,Freshwater
6/6/23 9:10,61.145,30,Freshwater
6/6/23 9:15,60.712,30,Freshwater
6/6/23 9:20,60.381,30,Freshwater
6/6/23 9:25,60.132,30,Freshwater
6/6/23 9:30,59.867,30,Freshwater
6/6/23 9:35,59.576,30,Freshwater
6/6/23 9:40,59.232,30,Freshwater
6/6/23 9:45,58.795,30,Freshwater
6/6/23 9:50,58.419,30,Freshwater
6/6/23 9:55,57.957,30,Freshwater
6/6/23 10:00,57.511,30,Freshwater
6/6/23 10:05,57.015,30,Freshwater
6/6/23 10:10,56.331,30,Freshwater
6/6/23 10:15,55.718,30,Freshwater
6/6/23 10:20,55.131,30,Freshwater
6/6/23 10:25,54.661,30,Freshwater
6/6/23 10:30,54.098,30,Freshwater
6/6/23 10:35,53.43,30,Freshwater
6/6/23 10:40,52.668,30,Freshwater
6/6/23 10:45,51.901,30,Freshwater
6/6/23 10:50,51.156,30,Freshwater
6/6/23 10:55,50.386,30,Freshwater
6/6/23 11:00,49.586,30,Freshwater
6/6/23 11:05,48.768,30,Freshwater
6/6/23 11:10,47.911,30,Freshwater
6/6/23 11:15,47.054,30,Freshwater
6/6/23 11:20,46.14,30,Freshwater
6/6/23 11:25,45.208,30,Freshwater
6/6/23 11:30,44.301,30,Freshwater
6/6/23 11:35,43.355,30,Freshwater
6/6/23 11:40,42.457,30,Freshwater
6/6/23 11:45,41.572,30,Freshwater
6/6/23 11:50,40.769,30,Freshwater
6/6/23 11:55,39.886,30,Freshwater
6/6/23 12:00,38.946,30,Freshwater
6/6/23 12:05,38.027,30,Freshwater
6/6/23 12:10,37.122,30,Freshwater
6/6/23 12:15,36.31,30,Freshwater
6/6/23 12:20,35.515,30,Freshwater
6/6/23 12:25,34.675,30,Freshwater
6/6/23 12:30,33.861,30,Freshwater
6/6/23 12:35,32.962,30,Freshwater
6/6/23 12:40,32.079,30,Freshwater
6/6/23 12:45,31.269,30,Freshwater
6/6/23 12:50,30.491,30,Freshwater
6/6/23 12:55,29.617,30,Freshwater
6/6/23 13:00,28.638,30,Freshwater
6/6/23 13:05,27.815,30,Freshwater
6/6/23 13:10,27.022,30,Freshwater
6/6/23 13:15,26.206,30,Freshwater
6/6/23 13:20,25.252,30,Freshwater
6/6/23 13:25,24.265,30,Freshwater
6/6/23 13:30,23.287,30,Freshwater
6/6/23 13:35,22.325,30,Freshwater
6/6/23 13:40,21.419,30,Freshwater
6/6/23 13:45,20.503,30,Freshwater
6/6/23 13:50,19.604,30,Freshwater
6/6/23 13:55,18.642,30,Freshwater
6/6/23 14:00,17.621,30,Freshwater
6/6/23 14:05,16.285,30,Freshwater
6/6/23 14:10,15.322,30,Freshwater
6/6/23 14:15,14.415,30,Freshwater
6/6/23 14:20,13.598,30,Freshwater
6/6/23 14:25,12.846,30,Freshwater
6/6/23 14:30,12.135,30,Freshwater
6/6/23 14:35,11.413,30,Freshwater
6/6/23 14:40,10.837,30,Freshwater
6/6/23 14:45,10.036,30,Freshwater
6/6/23 14:50,9.278,30,Freshwater
6/6/23 14:55,8.636,30,Freshwater
6/6/23 15:00,8.028,30,Freshwater
6/6/23 15:05,7.441,30,Freshwater
6/6/23 15:10,6.865,30,Freshwater
6/6/23 15:15,6.288,30,Freshwater
6/6/23 15:20,5.677,30,Freshwater
6/6/23 15:25,5.055,30,Freshwater
6/6/23 15:30,4.434,30,Freshwater
6/6/23 15:35,3.81,30,Freshwater
6/6/23 15:40,3.223,30,Freshwater
6/6/23 15:45,2.669,30,Freshwater
6/6/23 15:50,2.124,30,Freshwater
6/6/23 15:55,1.671,30,Freshwater
6/6/23 16:00,1.29,30,Freshwater
6/6/23 16:05,0.991,30,Freshwater
6/6/23 16:10,0.757,30,Freshwater
6/6/23 16:15,0.589,30,Freshwater
6/6/23 16:20,0.455,30,Freshwater
6/6/23 16:25,0.322,30,Freshwater
6/6/23 16:30,0.209,30,Freshwater
6/6/23 16:35,0.115,30,Freshwater
6/6/23 16:40,0.027,30,Freshwater
6/6/23 16:45,0,30,Freshwater
6/6/23 16:50,0,30,Freshwater
6/6/23 16:55,0,30,Freshwater
6/6/23 17:00,0,30,Freshwater
6/6/23 17:05,0,30,Freshwater
6/6/23 17:10,0,30,Freshwater
6/6/23 17:15,0,30,Freshwater
6/6/23 17:20,0,30,Freshwater
6/6/23 17:25,0,30,Freshwater
6/6/23 17:30,0,30,Freshwater
6/6/23 17:35,0,30,Freshwater
6/6/23 17:40,0,30,Freshwater
6/6/23 17:45,0,30,Freshwater
6/6/23 17:50,0,30,Freshwater
6/6/23 17:55,0,30,Freshwater
6/6/23 18:00,0,30,Freshwater
6/6/23 18:05,0,30,Freshwater
6/6/23 18:10,0,30,Freshwater
6/6/23 18:15,0,30,Freshwater
6/6/23 18:20,0,30,Freshwater
6/6/23 18:25,0,30,Freshwater
6/6/23 18:30,0,30,Freshwater
6/6/23 18:35,0,30,Freshwater
6/6/23 18:40,0,30,Freshwater
6/6/23 18:45,0,30,Freshwater
6/6/23 18:50,0,30,Freshwater
6/6/23 18:55,0,30,Freshwater
6/6/23 19:00,0,30,Freshwater
6/6/23 19:05,0,30,Freshwater
6/6/23 19:10,0,30,Freshwater
6/6/23 19:15,0,30,Freshwater
6/6/23 19:20,0,30,Freshwater
6/6/23 19:25,0,30,Freshwater
6/6/23 19:30,0,30,Freshwater
6/6/23 19:35,0,30,Freshwater
6/6/23 19:40,0,30,Freshwater
6/6/23 19:45,0,30,Freshwater
6/6/23 19:50,0,30,Freshwater
6/6/23 19:55,0,30,Freshwater
6/6/23 20:00,0,30,Freshwater
6/6/23 20:05,0,30,Freshwater
6/6/23 20:10,0,30,Freshwater
6/6/23 20:15,0,30,Freshwater
6/6/23 20:20,0,30,Freshwater
6/6/23 20:25,0,30,Freshwater
6/6/23 20:30,0,30,Freshwater
6/6/23 20:35,0,30,Freshwater
6/6/23 20:40,0,30,Freshwater
6/6/23 20:45,0,30,Freshwater
6/6/23 20:50,0,30,Freshwater
6/6/23 20:55,0,30,Freshwater
6/6/23 21:00,0,30,Freshwater
6/6/23 21:05,0,30,Freshwater
6/6/23 21:10,0,30,Freshwater
6/6/23 21:15,0,30,Freshwater
6/6/23 21:20,0,30,Freshwater
6/6/23 21:25,0,30,Freshwater
6/6/23 21:30,0,30,Freshwater
6/6/23 21:35,0,30,Freshwater
6/6/23 21:40,0,30,Freshwater
6/6/23 21:45,0,30,Freshwater
6/6/23 21:50,0,30,Freshwater
6/6/23 21:55,0,30,Freshwater
6/6/23 22:00,0,30,Freshwater
6/6/23 22:05,0,30,Freshwater
6/6/23 22:10,0,30,Freshwater
6/6/23 22:15,0,30,Freshwater
6/6/23 22:20,0,30,Freshwater
6/6/23 22:25,0,30,Freshwater
6/6/23 22:30,0,30,Freshwater
6/6/23 22:35,0,30,Freshwater
6/6/23 22:40,0,30,Freshwater
6/6/23 22:45,0,30,Freshwater
6/6/23 22:50,0,30,Freshwater
6/6/23 22:55,0,30,Freshwater
6/6/23 23:00,0,30,Freshwater
6/6/23 23:05,0,30,Freshwater
6/6/23 23:10,0,30,Freshwater
6/6/23 23:15,0,30,Freshwater
6/6/23 23:20,0,30,Freshwater
6/6/23 23:25,0,30,Freshwater
6/6/23 23:30,0,30,Freshwater
6/6/23 23:35,0,30,Freshwater
6/6/23 23:40,0,30,Freshwater
6/6/23 23:45,0,30,Freshwater
6/6/23 23:50,0,30,Freshwater
6/6/23 23:55,0,30,Freshwater
6/7/23,0,30,Freshwater
6/7/23 0:05,0,30,Freshwater
6/7/23 0:10,0,30,Freshwater
6/7/23 0:15,0,30,Freshwater
6/7/23 0:20,0,30,Freshwater
6/7/23 0:25,0,30,Freshwater
6/7/23 0:30,0,30,Freshwater
6/7/23 0:35,0,30,Freshwater
6/7/23 0:40,0,30,Freshwater
6/7/23 0:45,0,30,Freshwater
6/7/23 0:50,0,30,Freshwater
6/7/23 0:55,0,30,Freshwater
6/7/23 1:00,0,30,Freshwater
6/7/23 1:05,0,30,Freshwater
6/7/23 1:10,0,30,Freshwater
6/7/23 1:15,0,30,Freshwater
6/7/23 1:20,0,30,Freshwater
6/7/23 1:25,0,30,Freshwater
6/7/23 1:30,0,30,Freshwater
6/7/23 1:35,0,30,Freshwater
6/7/23 1:40,0,30,Freshwater
6/7/23 1:45,0,30,Freshwater
6/7/23 1:50,0,30,Freshwater
6/7/23 1:55,0,30,Freshwater
6/7/23 2:00,0,30,Freshwater
6/7/23 2:05,0,30,Freshwater
6/7/23 2:10,0,30,Freshwater
6/7/23 2:15,0,30,Freshwater
6/7/23 2:20,0,30,Freshwater
6/7/23 2:25,0,30,Freshwater
6/7/23 2:30,0,30,Freshwater
6/7/23 2:35,0,30,Freshwater
6/7/23 2:40,0,30,Freshwater
6/7/23 2:45,0,30,Freshwater
6/7/23 2:50,0,30,Freshwater
6/7/23 2:55,0,30,Freshwater
6/7/23 3:00,0,30,Freshwater
6/7/23 3:05,0,30,Freshwater
6/7/23 3:10,0,30,Freshwater
6/7/23 3:15,0,30,Freshwater
6/7/23 3:20,0,30,Freshwater
6/7/23 3:25,0,30,Freshwater
6/7/23 3:30,0,30,Freshwater
6/7/23 3:35,0,30,Freshwater
6/7/23 3:40,0,30,Freshwater
6/7/23 3:45,0,30,Freshwater
6/7/23 3:50,0,30,Freshwater
6/7/23 3:55,0,30,Freshwater
6/7/23 4:00,0,30,Freshwater
6/7/23 4:05,0,30,Freshwater
6/7/23 4:10,0,30,Freshwater
6/7/23 4:15,0,30,Freshwater
6/7/23 4:20,0,30,Freshwater
6/7/23 4:25,0,30,Freshwater
6/7/23 4:30,0,30,Freshwater
6/7/23 4:35,0,30,Freshwater
6/7/23 4:40,0,30,Freshwater
6/7/23 4:45,0,30,Freshwater
6/7/23 4:50,0,30,Freshwater
6/7/23 4:55,0,30,Freshwater
6/7/23 5:00,0,30,Freshwater
6/7/23 5:05,0,30,Freshwater
6/7/23 5:10,0,30,Freshwater
6/7/23 5:15,0,30,Freshwater
6/7/23 5:20,0.273,30,Freshwater
6/7/23 5:25,1.782,30,Freshwater
6/7/23 5:30,2.858,30,Freshwater
6/7/23 5:35,4.853,30,Freshwater
6/7/23 5:40,6.449,30,Freshwater
6/7/23 5:45,6.5,30,Freshwater
6/7/23 5:50,5.757,30,Freshwater
6/7/23 5:55,4.81,30,Freshwater
6/7/23 6:00,4.308,30,Freshwater
6/7/23 6:05,4.129,30,Freshwater
6/7/23 6:10,3.918,30,Freshwater
6/7/23 6:15,3.744,30,Freshwater
6/7/23 6:20,3.499,30,Freshwater
6/7/23 6:25,3.268,30,Freshwater
6/7/23 6:30,2.986,30,Freshwater
6/7/23 6:35,2.599,30,Freshwater
6/7/23 6:40,2.118,30,Freshwater
6/7/23 6:45,1.59,30,Freshwater
6/7/23 6:50,1.06,30,Freshwater
6/7/23 6:55,0.565,30,Freshwater
6/7/23 7:00,0.124,30,Freshwater
6/7/23 7:05,0,30,Freshwater
6/7/23 7:10,0,30,Freshwater
6/7/23 7:15,0,30,Freshwater
6/7/23 7:20,0,30,Freshwater
6/7/23 7:25,0,30,Freshwater
6/7/23 7:30,0,30,Freshwater
6/7/23 7:35,0,30,Freshwater
6/7/23 7:40,0,30,Freshwater
6/7/23 7:45,0,30,Freshwater
6/7/23 7:50,9.86,30,Freshwater
6/7/23 7:55,16.079,30,Freshwater
6/7/23 8:00,16.342,30,Freshwater
6/7/23 8:05,16.148,30,Freshwater
6/7/23 8:10,16.089,30,Freshwater
6/7/23 8:15,16.017,30,Freshwater
6/7/23 8:20,14.891,30,Freshwater
6/7/23 8:25,13.964,30,Freshwater
6/7/23 8:30,12.842,30,Freshwater
6/7/23 8:35,12.072,30,Freshwater
6/7/23 8:40,10.565,30,Freshwater
6/7/23 8:45,9.296,30,Freshwater
6/7/23 8:50,8.715,30,Freshwater
6/7/23 8:55,8.729,30,Freshwater
6/7/23 9:00,7.399,30,Freshwater
6/7/23 9:05,6.577,30,Freshwater
6/7/23 9:10,5.362,30,Freshwater
6/7/23 9:15,5.043,30,Freshwater
6/7/23 9:20,4.445,30,Freshwater
6/7/23 9:25,3.424,30,Freshwater
6/7/23 9:30,3.822,30,Freshwater
6/7/23 9:35,4.579,30,Freshwater
6/7/23 9:40,4.72,30,Freshwater
6/7/23 9:45,3.479,30,Freshwater
6/7/23 9:50,3.23,30,Freshwater
6/7/23 9:55,3.65,30,Freshwater
6/7/23 10:00,3.542,30,Freshwater
6/7/23 10:05,3.209,30,Freshwater
6/7/23 10:10,2.525,30,Freshwater
6/7/23 10:15,2.395,30,Freshwater
6/7/23 10:20,1.873,30,Freshwater
6/7/23 10:25,1.308,30,Freshwater
6/7/23 10:30,1.367,30,Freshwater
6/7/23 10:35,0.852,30,Freshwater
6/7/23 10:40,0.547,30,Freshwater
6/7/23 10:45,0.599,30,Freshwater
6/7/23 10:50,0.62,30,Freshwater
6/7/23 10:55,0.578,30,Freshwater
6/7/23 11:00,0.32,30,Freshwater
6/7/23 11:05,0.062,30,Freshwater
6/7/23 11:10,0,30,Freshwater
6/7/23 11:15,0,30,Freshwater
6/7/23 11:20,0,30,Freshwater
6/7/23 11:25,0,30,Freshwater
6/7/23 11:30,0,30,Freshwater
6/7/23 11:35,0,30,Freshwater
6/7/23 11:40,0,30,Freshwater
6/7/23 11:45,0,30,Freshwater
6/7/23 11:50,0,30,Freshwater
6/7/23 11:55,0,30,Freshwater
6/7/23 12:00,0,30,Freshwater
6/7/23 12:05,0,30,Freshwater
6/7/23 12:10,0,30,Freshwater
6/7/23 12:15,0,30,Freshwater
6/7/23 12:20,0,30,Freshwater
6/7/23 12:25,0,30,Freshwater
6/7/23 12:30,0,30,Freshwater
6/7/23 12:35,0,30,Freshwater
6/7/23 12:40,0,30,Freshwater
6/7/23 12:45,0,30,Freshwater
6/7/23 12:50,0,30,Freshwater
6/7/23 12:55,0,30,Freshwater
6/7/23 13:00,0,30,Freshwater
6/7/23 13:05,0,30,Freshwater
6/7/23 13:10,0,30,Freshwater
6/7/23 13:15,0,30,Freshwater
6/7/23 13:20,0,30,Freshwater
6/7/23 13:25,0,30,Freshwater
6/7/23 13:30,0,30,Freshwater
6/7/23 13:35,0,30,Freshwater
6/7/23 13:40,0,30,Freshwater
6/7/23 13:45,0,30,Freshwater
6/7/23 13:50,0,30,Freshwater
6/7/23 13:55,0,30,Freshwater
6/7/23 14:00,0,30,Freshwater
6/7/23 14:05,0,30,Freshwater
6/7/23 14:10,0,30,Freshwater
6/7/23 14:15,0,30,Freshwater
6/7/23 14:20,0,30,Freshwater
6/7/23 14:25,0,30,Freshwater
6/7/23 14:30,0,30,Freshwater
6/7/23 14:35,0,30,Freshwater
6/7/23 14:40,0,30,Freshwater
6/7/23 14:45,0,30,Freshwater
6/7/23 14:50,0,30,Freshwater
6/7/23 14:55,0,30,Freshwater
6/7/23 15:00,0,30,Freshwater
6/7/23 15:05,0,30,Freshwater
6/7/23 15:10,0,30,Freshwater
6/7/23 15:15,0,30,Freshwater
6/7/23 15:20,0,30,Freshwater
6/7/23 15:25,0,30,Freshwater
6/7/23 15:30,0,30,Freshwater
6/7/23 15:35,0,30,Freshwater
6/7/23 15:40,0,30,Freshwater
6/7/23 15:45,0,30,Freshwater
6/7/23 15:50,0,30,Freshwater
6/7/23 15:55,0,30,Freshwater
6/7/23 16:00,0,30,Freshwater
6/7/23 16:05,0,30,Freshwater
6/7/23 16:10,0,30,Freshwater
6/7/23 16:15,0,30,Freshwater
6/7/23 16:20,0,30,Freshwater
6/7/23 16:25,0,30,Freshwater
6/7/23 16:30,0,30,Freshwater
6/7/23 16:35,0,30,Freshwater
6/7/23 16:40,0,30,Freshwater
6/7/23 16:45,0,30,Freshwater
6/7/23 16:50,0,30,Freshwater
6/7/23 16:55,0.324,30,Freshwater
6/7/23 17:00,0.35,30,Freshwater
6/7/23 17:05,0.055,30,Freshwater
6/7/23 17:10,0,30,Freshwater
6/7/23 17:15,0,30,Freshwater
6/7/23 17:20,0,30,Freshwater
6/7/23 17:25,0,30,Freshwater
6/7/23 17:30,0,30,Freshwater
6/7/23 17:35,0,30,Freshwater
6/7/23 17:40,0,30,Freshwater
6/7/23 17:45,0,30,Freshwater
6/7/23 17:50,0,30,Freshwater
6/7/23 17:55,0,30,Freshwater
6/7/23 18:00,0,30,Freshwater
6/7/23 18:05,0,30,Freshwater
6/7/23 18:10,0,30,Freshwater
6/7/23 18:15,0,30,Freshwater
6/7/23 18:20,0,30,Freshwater
6/7/23 18:25,0,30,Freshwater
6/7/23 18:30,0,30,Freshwater
6/7/23 18:35,0,30,Freshwater
6/7/23 18:40,0,30,Freshwater
6/7/23 18:45,0,30,Freshwater
6/7/23 18:50,0,30,Freshwater
6/7/23 18:55,0,30,Freshwater
6/7/23 19:00,0,30,Freshwater
6/7/23 19:05,0,30,Freshwater
6/7/23 19:10,0,30,Freshwater
6/7/23 19:15,0,30,Freshwater
6/7/23 19:20,0,30,Freshwater
6/7/23 19:25,0,30,Freshwater
6/7/23 19:30,0,30,Freshwater
6/7/23 19:35,0,30,Freshwater
6/7/23 19:40,0,30,Freshwater
6/7/23 19:45,0,30,Freshwater
6/7/23 19:50,0,30,Freshwater
6/7/23 19:55,0,30,Freshwater
6/7/23 20:00,0,30,Freshwater
6/7/23 20:05,0,30,Freshwater
6/7/23 20:10,0,30,Freshwater
6/7/23 20:15,0,30,Freshwater
6/7/23 20:20,0,30,Freshwater
6/7/23 20:25,0,30,Freshwater
6/7/23 20:30,0,30,Freshwater
6/7/23 20:35,0,30,Freshwater
6/7/23 20:40,0,30,Freshwater
6/7/23 20:45,0,30,Freshwater
6/7/23 20:50,0,30,Freshwater
6/7/23 20:55,0,30,Freshwater
6/7/23 21:00,0,30,Freshwater
6/7/23 21:05,0,30,Freshwater
6/7/23 21:10,0,30,Freshwater
6/7/23 21:15,0,30,Freshwater
6/7/23 21:20,0,30,Freshwater
6/7/23 21:25,0,30,Freshwater
6/7/23 21:30,0,30,Freshwater
6/7/23 21:35,0,30,Freshwater
6/7/23 21:40,0,30,Freshwater
6/7/23 21:45,0,30,Freshwater
6/7/23 21:50,0,30,Freshwater
6/7/23 21:55,0,30,Freshwater
6/7/23 22:00,0,30,Freshwater
6/7/23 22:05,0,30,Freshwater
6/7/23 22:10,0,30,Freshwater
6/7/23 22:15,0,30,Freshwater
6/7/23 22:20,0,30,Freshwater
6/7/23 22:25,0,30,Freshwater
6/7/23 22:30,0,30,Freshwater
6/7/23 22:35,0,30,Freshwater
6/7/23 22:40,0,30,Freshwater
6/7/23 22:45,0,30,Freshwater
6/7/23 22:50,0,30,Freshwater
6/7/23 22:55,0,30,Freshwater
6/7/23 23:00,0,30,Freshwater
6/7/23 23:05,0,30,Freshwater
6/7/23 23:10,0,30,Freshwater
6/7/23 23:15,0,30,Freshwater
6/7/23 23:20,0,30,Freshwater
6/7/23 23:25,0,30,Freshwater
6/7/23 23:30,0,30,Freshwater
6/7/23 23:35,0,30,Freshwater
6/7/23 23:40,0,30,Freshwater
6/7/23 23:45,0,30,Freshwater
6/7/23 23:50,0,30,Freshwater
6/7/23 23:55,0,30,Freshwater
6/8/23,0,30,Freshwater
6/8/23 0:05,0,30,Freshwater
6/8/23 0:10,0,30,Freshwater
6/8/23 0:15,0,30,Freshwater
6/8/23 0:20,0,30,Freshwater
6/8/23 0:25,0,30,Freshwater
6/8/23 0:30,0,30,Freshwater
6/8/23 0:35,0,30,Freshwater
6/8/23 0:40,0,30,Freshwater
6/8/23 0:45,0,30,Freshwater
6/8/23 0:50,0,30,Freshwater
6/8/23 0:55,0,30,Freshwater
6/8/23 1:00,0,30,Freshwater
6/8/23 1:05,0,30,Freshwater
6/8/23 1:10,0,30,Freshwater
6/8/23 1:15,0,30,Freshwater
6/8/23 1:20,0,30,Freshwater
6/8/23 1:25,0,30,Freshwater
6/8/23 1:30,0,30,Freshwater
6/8/23 1:35,0,30,Freshwater
6/8/23 1:40,0,30,Freshwater
6/8/23 1:45,0,30,Freshwater
6/8/23 1:50,0,30,Freshwater
6/8/23 1:55,0,30,Freshwater
6/8/23 2:00,0,30,Freshwater
6/8/23 2:05,0,30,Freshwater
6/8/23 2:10,0,30,Freshwater
6/8/23 2:15,0,30,Freshwater
6/8/23 2:20,0,30,Freshwater
6/8/23 2:25,0,30,Freshwater
6/8/23 2:30,0,30,Freshwater
6/8/23 2:35,0,30,Freshwater
6/8/23 2:40,0,30,Freshwater
6/8/23 2:45,0,30,Freshwater
6/8/23 2:50,0,30,Freshwater
6/8/23 2:55,0,30,Freshwater
6/8/23 3:00,0,30,Freshwater
6/8/23 3:05,0,30,Freshwater
6/8/23 3:10,0,30,Freshwater
6/8/23 3:15,0,30,Freshwater
6/8/23 3:20,0,30,Freshwater
6/8/23 3:25,0,30,Freshwater
6/8/23 3:30,0,30,Freshwater
6/8/23 3:35,0,30,Freshwater
6/8/23 3:40,0,30,Freshwater
6/8/23 3:45,0,30,Freshwater
6/8/23 3:50,0,30,Freshwater
6/8/23 3:55,0,30,Freshwater
6/8/23 4:00,0,30,Freshwater
6/8/23 4:05,0,30,Freshwater
6/8/23 4:10,0,30,Freshwater
6/8/23 4:15,0,30,Freshwater
6/8/23 4:20,0,30,Freshwater
6/8/23 4:25,0,30,Freshwater
6/8/23 4:30,0,30,Freshwater
6/8/23 4:35,0,30,Freshwater
6/8/23 4:40,0,30,Freshwater
6/8/23 4:45,0,30,Freshwater
6/8/23 4:50,0,30,Freshwater
6/8/23 4:55,0,30,Freshwater
6/8/23 5:00,0,30,Freshwater
6/8/23 5:05,0,30,Freshwater
6/8/23 5:10,0,30,Freshwater
6/8/23 5:15,0,30,Freshwater
6/8/23 5:20,0,30,Freshwater
6/8/23 5:25,0,30,Freshwater
6/8/23 5:30,0,30,Freshwater
6/8/23 5:35,0,30,Freshwater
6/8/23 5:40,0,30,Freshwater
6/8/23 5:45,0,30,Freshwater
6/8/23 5:50,0,30,Freshwater
6/8/23 5:55,0,30,Freshwater
6/8/23 6:00,0,30,Freshwater
6/8/23 6:05,0,30,Freshwater
6/8/23 6:10,0,30,Freshwater
6/8/23 6:15,0,30,Freshwater
6/8/23 6:20,0,30,Freshwater
6/8/23 6:25,0,30,Freshwater
6/8/23 6:30,0,30,Freshwater
6/8/23 6:35,0,30,Freshwater
6/8/23 6:40,0,30,Freshwater
6/8/23 6:45,0,30,Freshwater
6/8/23 6:50,0,30,Freshwater
6/8/23 6:55,0,30,Freshwater
6/8/23 7:00,0,30,Freshwater
6/8/23 7:05,0,30,Freshwater
6/8/23 7:10,0,30,Freshwater
6/8/23 7:15,0,30,Freshwater
6/8/23 7:20,0,30,Freshwater
6/8/23 7:25,0,30,Freshwater
6/8/23 7:30,0,30,Freshwater
6/8/23 7:35,0,30,Freshwater
6/8/23 7:40,0,30,Freshwater
6/8/23 7:45,0,30,Freshwater
6/8/23 7:50,0,30,Freshwater
6/8/23 7:55,0,30,Freshwater
6/8/23 8:00,0,30,Freshwater
6/8/23 8:05,0,30,Freshwater
6/8/23 8:15,90.602,5,Freshwater
6/8/23 8:20,90.591,5,Freshwater
6/8/23 8:25,90.662,5,Freshwater
6/8/23 8:30,90.699,5,Freshwater
6/8/23 8:35,90.799,5,Freshwater
6/8/23 8:40,90.799,5,Freshwater
6/8/23 8:45,90.806,5,Freshwater
6/8/23 8:50,90.909,5,Freshwater
6/8/23 8:55,90.836,5,Freshwater
6/8/23 9:00,90.868,5,Freshwater
6/8/23 9:05,90.859,5,Freshwater
6/8/23 9:10,90.793,5,Freshwater
6/8/23 9:15,90.818,5,Freshwater
6/8/23 9:20,90.878,5,Freshwater
6/8/23 9:25,90.804,5,Freshwater
6/8/23 9:30,90.933,5,Freshwater
6/8/23 9:35,90.781,5,Freshwater
6/8/23 9:40,90.706,5,Freshwater
6/8/23 9:45,90.842,5,Freshwater
6/8/23 9:50,90.783,5,Freshwater
6/8/23 9:55,90.842,5,Freshwater
6/8/23 10:00,90.988,5,Freshwater
6/8/23 10:05,90.929,5,Freshwater
6/8/23 10:10,91.009,5,Freshwater
6/8/23 10:15,90.995,5,Freshwater
6/8/23 10:20,90.926,5,Freshwater
6/8/23 10:25,91.029,5,Freshwater
6/8/23 10:30,91.081,5,Freshwater
6/8/23 10:35,90.987,5,Freshwater
6/8/23 10:40,91.047,5,Freshwater
6/8/23 10:45,91.024,5,Freshwater
6/8/23 10:50,91.113,5,Freshwater
6/8/23 10:55,91.034,5,Freshwater
6/8/23 11:00,91.146,5,Freshwater
6/8/23 11:05,91.175,5,Freshwater
6/8/23 11:10,91.279,5,Freshwater
6/8/23 11:15,91.133,5,Freshwater
6/8/23 11:20,91.173,5,Freshwater
6/8/23 11:25,91.279,5,Freshwater
6/8/23 11:30,91.133,5,Freshwater
6/8/23 11:35,91.183,5,Freshwater
6/8/23 11:40,91.155,5,Freshwater
6/8/23 11:45,91.127,5,Freshwater
6/8/23 11:50,91.28,5,Freshwater
6/8/23 11:55,91.214,5,Freshwater
6/8/23 12:00,91.262,5,Freshwater
6/8/23 12:05,91.294,5,Freshwater
6/8/23 12:10,91.289,5,Freshwater
6/8/23 12:15,91.215,5,Freshwater
6/8/23 12:20,91.283,5,Freshwater
6/8/23 12:25,91.328,5,Freshwater
6/8/23 12:30,91.317,5,Freshwater
6/8/23 12:35,91.281,5,Freshwater
6/8/23 12:40,91.165,5,Freshwater
6/8/23 12:45,91.258,5,Freshwater
6/8/23 12:50,91.196,5,Freshwater
6/8/23 12:55,91.223,5,Freshwater
6/8/23 13:00,91.238,5,Freshwater
6/8/23 13:05,91.285,5,Freshwater
6/8/23 13:10,91.283,5,Freshwater
6/8/23 13:15,91.174,5,Freshwater
6/8/23 13:20,91.234,5,Freshwater
6/8/23 13:25,91.2,5,Freshwater
6/8/23 13:30,91.254,5,Freshwater
6/8/23 13:35,91.209,5,Freshwater
6/8/23 13:40,91.255,5,Freshwater
6/8/23 13:45,91.401,5,Freshwater
6/8/23 13:50,91.334,5,Freshwater
6/8/23 13:55,91.323,5,Freshwater
6/8/23 14:00,91.406,5,Freshwater
6/8/23 14:05,91.317,5,Freshwater
6/8/23 14:10,91.366,5,Freshwater
6/8/23 14:15,91.381,5,Freshwater
6/8/23 14:20,91.388,5,Freshwater
6/8/23 14:25,91.471,5,Freshwater
6/8/23 14:30,91.4,5,Freshwater
6/8/23 14:35,91.448,5,Freshwater
6/8/23 14:40,91.38,5,Freshwater
6/8/23 14:45,91.433,5,Freshwater
6/8/23 14:50,91.362,5,Freshwater
6/8/23 14:55,91.315,5,Freshwater
6/8/23 15:00,91.349,5,Freshwater
6/8/23 15:05,91.356,5,Freshwater
6/8/23 15:10,91.321,5,Freshwater
6/8/23 15:15,91.416,5,Freshwater
6/8/23 15:20,91.43,5,Freshwater
6/8/23 15:25,91.39,5,Freshwater
6/8/23 15:30,91.366,5,Freshwater
6/8/23 15:35,91.333,5,Freshwater
6/8/23 15:40,91.334,5,Freshwater
6/8/23 15:45,91.409,5,Freshwater
6/8/23 15:50,91.325,5,Freshwater
6/8/23 15:55,91.359,5,Freshwater
6/8/23 16:00,91.317,5,Freshwater
6/8/23 16:05,91.374,5,Freshwater
6/8/23 16:10,91.417,5,Freshwater
6/8/23 16:15,91.359,5,Freshwater
6/8/23 16:20,91.346,5,Freshwater
6/8/23 16:25,91.299,5,Freshwater
6/8/23 16:30,91.323,5,Freshwater
6/8/23 16:35,91.214,5,Freshwater
6/8/23 16:40,91.314,5,Freshwater
6/8/23 16:45,91.133,5,Freshwater
6/8/23 16:50,91.272,5,Freshwater
6/8/23 16:55,91.323,5,Freshwater
6/8/23 17:00,91.193,5,Freshwater
6/8/23 17:05,91.226,5,Freshwater
6/8/23 17:10,91.125,5,Freshwater
6/8/23 17:15,91.098,5,Freshwater
6/8/23 17:20,91.101,5,Freshwater
6/8/23 17:25,91.032,5,Freshwater
6/8/23 17:30,90.991,5,Freshwater
6/8/23 17:35,91.071,5,Freshwater
6/8/23 17:40,91.029,5,Freshwater
6/8/23 17:45,91.029,5,Freshwater
6/8/23 17:50,91.122,5,Freshwater
6/8/23 17:55,91.005,5,Freshwater
6/8/23 18:00,91.049,5,Freshwater
6/8/23 18:05,91.046,5,Freshwater
6/8/23 18:10,91.03,5,Freshwater
6/8/23 18:15,91.044,5,Freshwater
6/8/23 18:20,91.031,5,Freshwater
6/8/23 18:25,91.109,5,Freshwater
6/8/23 18:30,91.077,5,Freshwater
6/8/23 18:35,91.01,5,Freshwater
6/8/23 18:40,91.073,5,Freshwater
6/8/23 18:45,91.077,5,Freshwater
6/8/23 18:50,91.019,5,Freshwater
6/8/23 18:55,91.08,5,Freshwater
6/8/23 19:00,91.035,5,Freshwater
6/8/23 19:05,91.059,5,Freshwater
6/8/23 19:10,90.995,5,Freshwater
6/8/23 19:15,90.982,5,Freshwater
6/8/23 19:20,90.955,5,Freshwater
6/8/23 19:25,91.025,5,Freshwater
6/8/23 19:30,91.061,5,Freshwater
6/8/23 19:35,91.022,5,Freshwater
6/8/23 19:40,90.979,5,Freshwater
6/8/23 19:45,90.952,5,Freshwater
6/8/23 19:50,90.835,5,Freshwater
6/8/23 19:55,90.887,5,Freshwater
6/8/23 20:00,91.093,5,Freshwater
6/8/23 20:05,91.095,5,Freshwater
6/8/23 20:10,91.019,5,Freshwater
6/8/23 20:15,91.176,5,Freshwater
6/8/23 20:20,91.083,5,Freshwater
6/8/23 20:25,91.117,5,Freshwater
6/8/23 20:30,90.974,5,Freshwater
6/8/23 20:35,91.105,5,Freshwater
6/8/23 20:40,91.132,5,Freshwater
6/8/23 20:45,91.093,5,Freshwater
6/8/23 20:50,91.057,5,Freshwater
6/8/23 20:55,91.141,5,Freshwater
6/8/23 21:00,91.013,5,Freshwater
6/8/23 21:05,91.072,5,Freshwater
6/8/23 21:10,90.993,5,Freshwater
6/8/23 21:15,91.088,5,Freshwater
6/8/23 21:20,91.021,5,Freshwater
6/8/23 21:25,91.094,5,Freshwater
6/8/23 21:30,91.046,5,Freshwater
6/8/23 21:35,91.015,5,Freshwater
6/8/23 21:40,91.118,5,Freshwater
6/8/23 21:45,91.091,5,Freshwater
6/8/23 21:50,91.052,5,Freshwater
6/8/23 21:55,91.035,5,Freshwater
6/8/23 22:00,91.094,5,Freshwater
6/8/23 22:05,91.039,5,Freshwater
6/8/23 22:10,91.115,5,Freshwater
6/8/23 22:15,91.049,5,Freshwater
6/8/23 22:20,91.027,5,Freshwater
6/8/23 22:25,91.092,5,Freshwater
6/8/23 22:30,91.007,5,Freshwater
6/8/23 22:35,91.092,5,Freshwater
6/8/23 22:40,91.08,5,Freshwater
6/8/23 22:45,91.153,5,Freshwater
6/8/23 22:50,90.912,5,Freshwater
6/8/23 22:55,90.947,5,Freshwater
6/8/23 23:00,91.008,5,Freshwater
6/8/23 23:05,90.737,5,Freshwater
6/8/23 23:10,90.876,5,Freshwater
6/8/23 23:15,90.989,5,Freshwater
6/8/23 23:20,91.044,5,Freshwater
6/8/23 23:25,90.985,5,Freshwater
6/8/23 23:30,90.919,5,Freshwater
6/8/23 23:35,90.951,5,Freshwater
6/8/23 23:40,90.929,5,Freshwater
6/8/23 23:45,91.042,5,Freshwater
6/8/23 23:50,91.069,5,Freshwater
6/8/23 23:55,90.959,5,Freshwater
6/9/23,91.052,5,Freshwater
6/9/23 0:05,90.993,5,Freshwater
6/9/23 0:10,91.017,5,Freshwater
6/9/23 0:15,91.02,5,Freshwater
6/9/23 0:20,90.998,5,Freshwater
6/9/23 0:25,90.971,5,Freshwater
6/9/23 0:30,91,5,Freshwater
6/9/23 0:35,91.04,5,Freshwater
6/9/23 0:40,91.013,5,Freshwater
6/9/23 0:45,91.033,5,Freshwater
6/9/23 0:50,90.993,5,Freshwater
6/9/23 0:55,90.997,5,Freshwater
6/9/23 1:00,90.982,5,Freshwater
6/9/23 1:05,90.945,5,Freshwater
6/9/23 1:10,90.891,5,Freshwater
6/9/23 1:15,91.035,5,Freshwater
6/9/23 1:20,90.965,5,Freshwater
6/9/23 1:25,90.945,5,Freshwater
6/9/23 1:30,90.967,5,Freshwater
6/9/23 1:35,90.989,5,Freshwater
6/9/23 1:40,90.903,5,Freshwater
6/9/23 1:45,90.976,5,Freshwater
6/9/23 1:50,90.971,5,Freshwater
6/9/23 1:55,90.991,5,Freshwater
6/9/23 2:00,90.895,5,Freshwater
6/9/23 2:05,90.893,5,Freshwater
6/9/23 2:10,90.927,5,Freshwater
6/9/23 2:15,90.846,5,Freshwater
6/9/23 2:20,90.825,5,Freshwater
6/9/23 2:25,90.915,5,Freshwater
6/9/23 2:30,90.791,5,Freshwater
6/9/23 2:35,90.847,5,Freshwater
6/9/23 2:40,90.798,5,Freshwater
6/9/23 2:45,90.821,5,Freshwater
6/9/23 2:50,90.823,5,Freshwater
6/9/23 2:55,90.863,5,Freshwater
6/9/23 3:00,90.836,5,Freshwater
6/9/23 3:05,90.742,5,Freshwater
6/9/23 3:10,90.799,5,Freshwater
6/9/23 3:15,90.894,5,Freshwater
6/9/23 3:20,90.721,5,Freshwater
6/9/23 3:25,90.874,5,Freshwater
6/9/23 3:30,90.726,5,Freshwater
6/9/23 3:35,90.842,5,Freshwater
6/9/23 3:40,90.907,5,Freshwater
6/9/23 3:45,90.761,5,Freshwater
6/9/23 3:50,90.849,5,Freshwater
6/9/23 3:55,90.796,5,Freshwater
6/9/23 4:00,90.747,5,Freshwater
6/9/23 4:05,90.873,5,Freshwater
6/9/23 4:10,90.806,5,Freshwater
6/9/23 4:15,90.753,5,Freshwater
6/9/23 4:20,90.835,5,Freshwater
6/9/23 4:25,90.627,5,Freshwater
6/9/23 4:30,90.591,5,Freshwater
6/9/23 4:35,90.545,5,Freshwater
6/9/23 4:40,90.568,5,Freshwater
6/9/23 4:45,90.498,5,Freshwater
6/9/23 4:50,90.526,5,Freshwater
6/9/23 4:55,90.606,5,Freshwater
6/9/23 5:00,90.517,5,Freshwater
6/9/23 5:05,90.523,5,Freshwater
6/9/23 5:10,90.531,5,Freshwater
6/9/23 5:15,90.523,5,Freshwater
6/9/23 5:20,90.596,5,Freshwater
6/9/23 5:25,90.492,5,Freshwater
6/9/23 5:30,90.51,5,Freshwater
6/9/23 5:35,90.579,5,Freshwater
6/9/23 5:40,90.422,5,Freshwater
6/9/23 5:45,90.475,5,Freshwater
6/9/23 5:50,90.513,5,Freshwater
6/9/23 5:55,90.436,5,Freshwater
6/9/23 6:00,90.428,5,Freshwater
6/9/23 6:05,90.384,5,Freshwater
6/9/23 6:10,90.31,5,Freshwater
6/9/23 6:15,90.437,5,Freshwater
6/9/23 6:20,90.311,5,Freshwater
6/9/23 6:25,90.427,5,Freshwater
6/9/23 6:30,90.424,5,Freshwater
6/9/23 6:35,90.418,5,Freshwater
6/9/23 6:40,90.477,5,Freshwater
6/9/23 6:45,90.447,5,Freshwater
6/9/23 6:50,90.517,5,Freshwater
6/9/23 6:55,90.493,5,Freshwater
6/9/23 7:00,90.427,5,Freshwater
6/9/23 7:05,90.48,5,Freshwater
6/9/23 7:10,90.52,5,Freshwater
6/9/23 7:15,90.535,5,Freshwater
6/9/23 7:20,90.524,5,Freshwater
6/9/23 7:25,90.519,5,Freshwater
6/9/23 7:30,90.47,5,Freshwater
6/9/23 7:35,90.568,5,Freshwater
6/9/23 7:40,90.652,5,Freshwater
6/9/23 7:45,90.677,5,Freshwater
6/9/23 7:50,90.605,5,Freshwater
6/9/23 7:55,90.637,5,Freshwater
6/9/23 8:00,90.732,5,Freshwater
6/9/23 8:05,90.668,5,Freshwater
6/9/23 8:10,90.669,5,Freshwater
6/9/23 8:15,90.637,5,Freshwater
6/9/23 8:20,90.736,5,Freshwater
6/9/23 8:25,90.734,5,Freshwater
6/9/23 8:30,90.706,5,Freshwater
6/9/23 8:35,90.83,5,Freshwater
6/9/23 8:40,90.713,5,Freshwater
6/9/23 8:45,90.848,5,Freshwater
6/9/23 8:50,90.84,5,Freshwater
6/9/23 8:55,90.837,5,Freshwater
6/9/23 9:00,90.856,5,Freshwater
6/9/23 9:05,90.848,5,Freshwater
6/9/23 9:10,90.896,5,Freshwater
6/9/23 9:15,90.919,5,Freshwater
6/9/23 9:20,90.902,5,Freshwater
6/9/23 9:25,90.912,5,Freshwater
6/9/23 9:30,90.879,5,Freshwater
6/9/23 9:35,90.941,5,Freshwater
6/9/23 9:40,90.961,5,Freshwater
6/9/23 9:45,90.969,5,Freshwater
6/9/23 9:50,91.006,5,Freshwater
6/9/23 9:55,90.99,5,Freshwater
6/9/23 10:00,91.031,5,Freshwater
6/9/23 10:05,91.042,5,Freshwater
6/9/23 10:10,91.101,5,Freshwater
6/9/23 10:15,91.052,5,Freshwater
6/9/23 10:20,91.107,5,Freshwater
6/9/23 10:25,90.983,5,Freshwater
6/9/23 10:30,91.072,5,Freshwater
6/9/23 10:35,91.048,5,Freshwater
6/9/23 10:40,91.036,5,Freshwater
6/9/23 10:45,91.15,5,Freshwater
6/9/23 10:50,91.173,5,Freshwater
6/9/23 10:55,91.049,5,Freshwater
6/9/23 11:00,91.137,5,Freshwater
6/9/23 11:05,91.326,5,Freshwater
6/9/23 11:10,91.315,5,Freshwater
6/9/23 11:15,91.26,5,Freshwater
6/9/23 11:20,91.397,5,Freshwater
6/9/23 11:25,91.343,5,Freshwater
6/9/23 11:30,91.326,5,Freshwater
6/9/23 11:35,91.366,5,Freshwater
6/9/23 11:40,91.313,5,Freshwater
6/9/23 11:45,91.353,5,Freshwater
6/9/23 11:50,91.291,5,Freshwater
6/9/23 11:55,91.329,5,Freshwater
6/9/23 12:00,91.26,5,Freshwater
6/9/23 12:05,91.299,5,Freshwater
6/9/23 12:10,91.449,5,Freshwater
6/9/23 12:15,91.366,5,Freshwater
6/9/23 12:20,91.406,5,Freshwater
6/9/23 12:25,91.412,5,Freshwater
6/9/23 12:30,91.364,5,Freshwater
6/9/23 12:35,91.388,5,Freshwater
6/9/23 12:40,91.411,5,Freshwater
6/9/23 12:45,91.359,5,Freshwater
6/9/23 12:50,91.274,5,Freshwater
6/9/23 12:55,91.296,5,Freshwater
6/9/23 13:00,91.453,5,Freshwater
6/9/23 13:05,91.423,5,Freshwater
6/9/23 13:10,91.413,5,Freshwater
6/9/23 13:15,91.307,5,Freshwater
6/9/23 13:20,91.446,5,Freshwater
6/9/23 13:25,91.467,5,Freshwater
6/9/23 13:30,91.485,5,Freshwater
6/9/23 13:35,91.386,5,Freshwater
6/9/23 13:40,91.489,5,Freshwater
6/9/23 13:45,91.46,5,Freshwater
6/9/23 13:50,91.591,5,Freshwater
6/9/23 13:55,91.53,5,Freshwater
6/9/23 14:00,91.481,5,Freshwater
6/9/23 14:05,91.503,5,Freshwater
6/9/23 14:10,91.405,5,Freshwater
6/9/23 14:15,91.472,5,Freshwater
6/9/23 14:20,91.546,5,Freshwater
6/9/23 14:25,91.508,5,Freshwater
6/9/23 14:30,91.451,5,Freshwater
6/9/23 14:35,91.444,5,Freshwater
6/9/23 14:40,91.462,5,Freshwater
6/9/23 14:45,91.514,5,Freshwater
6/9/23 14:50,91.546,5,Freshwater
6/9/23 14:55,91.458,5,Freshwater
6/9/23 15:00,91.541,5,Freshwater
6/9/23 15:05,91.482,5,Freshwater
6/9/23 15:10,91.505,5,Freshwater
6/9/23 15:15,91.509,5,Freshwater
6/9/23 15:20,91.527,5,Freshwater
6/9/23 15:25,91.536,5,Freshwater
6/9/23 15:30,91.552,5,Freshwater
6/8/23 8:15,89.472,10,Freshwater
6/8/23 8:20,89.521,10,Freshwater
6/8/23 8:25,89.601,10,Freshwater
6/8/23 8:30,89.571,10,Freshwater
6/8/23 8:35,89.573,10,Freshwater
6/8/23 8:40,89.497,10,Freshwater
6/8/23 8:45,89.627,10,Freshwater
6/8/23 8:50,89.679,10,Freshwater
6/8/23 8:55,89.601,10,Freshwater
6/8/23 9:00,89.648,10,Freshwater
6/8/23 9:05,89.664,10,Freshwater
6/8/23 9:10,89.643,10,Freshwater
6/8/23 9:15,89.665,10,Freshwater
6/8/23 9:20,89.654,10,Freshwater
6/8/23 9:25,89.609,10,Freshwater
6/8/23 9:30,89.554,10,Freshwater
6/8/23 9:35,89.613,10,Freshwater
6/8/23 9:40,89.64,10,Freshwater
6/8/23 9:45,89.632,10,Freshwater
6/8/23 9:50,89.759,10,Freshwater
6/8/23 9:55,89.742,10,Freshwater
6/8/23 10:00,89.784,10,Freshwater
6/8/23 10:05,89.764,10,Freshwater
6/8/23 10:10,89.705,10,Freshwater
6/8/23 10:15,89.8,10,Freshwater
6/8/23 10:20,89.829,10,Freshwater
6/8/23 10:25,89.85,10,Freshwater
6/8/23 10:30,89.835,10,Freshwater
6/8/23 10:35,89.792,10,Freshwater
6/8/23 10:40,89.787,10,Freshwater
6/8/23 10:45,89.747,10,Freshwater
6/8/23 10:50,89.763,10,Freshwater
6/8/23 10:55,89.76,10,Freshwater
6/8/23 11:00,89.852,10,Freshwater
6/8/23 11:05,89.827,10,Freshwater
6/8/23 11:10,89.842,10,Freshwater
6/8/23 11:15,89.779,10,Freshwater
6/8/23 11:20,89.735,10,Freshwater
6/8/23 11:25,89.751,10,Freshwater
6/8/23 11:30,89.74,10,Freshwater
6/8/23 11:35,89.833,10,Freshwater
6/8/23 11:40,89.789,10,Freshwater
6/8/23 11:45,89.7,10,Freshwater
6/8/23 11:50,89.732,10,Freshwater
6/8/23 11:55,89.77,10,Freshwater
6/8/23 12:00,89.755,10,Freshwater
6/8/23 12:05,89.781,10,Freshwater
6/8/23 12:10,89.726,10,Freshwater
6/8/23 12:15,89.663,10,Freshwater
6/8/23 12:20,89.735,10,Freshwater
6/8/23 12:25,89.659,10,Freshwater
6/8/23 12:30,89.665,10,Freshwater
6/8/23 12:35,89.584,10,Freshwater
6/8/23 12:40,89.572,10,Freshwater
6/8/23 12:45,89.565,10,Freshwater
6/8/23 12:50,89.55,10,Freshwater
6/8/23 12:55,89.579,10,Freshwater
6/8/23 13:00,89.671,10,Freshwater
6/8/23 13:05,89.59,10,Freshwater
6/8/23 13:10,89.656,10,Freshwater
6/8/23 13:15,89.568,10,Freshwater
6/8/23 13:20,89.588,10,Freshwater
6/8/23 13:25,89.579,10,Freshwater
6/8/23 13:30,89.644,10,Freshwater
6/8/23 13:35,89.674,10,Freshwater
6/8/23 13:40,89.695,10,Freshwater
6/8/23 13:45,89.67,10,Freshwater
6/8/23 13:50,89.725,10,Freshwater
6/8/23 13:55,89.701,10,Freshwater
6/8/23 14:00,89.681,10,Freshwater
6/8/23 14:05,89.668,10,Freshwater
6/8/23 14:10,89.759,10,Freshwater
6/8/23 14:15,89.734,10,Freshwater
6/8/23 14:20,89.741,10,Freshwater
6/8/23 14:25,89.828,10,Freshwater
6/8/23 14:30,89.783,10,Freshwater
6/8/23 14:35,89.801,10,Freshwater
6/8/23 14:40,89.837,10,Freshwater
6/8/23 14:45,89.797,10,Freshwater
6/8/23 14:50,89.714,10,Freshwater
6/8/23 14:55,89.767,10,Freshwater
6/8/23 15:00,89.706,10,Freshwater
6/8/23 15:05,89.789,10,Freshwater
6/8/23 15:10,89.82,10,Freshwater
6/8/23 15:15,89.776,10,Freshwater
6/8/23 15:20,89.79,10,Freshwater
6/8/23 15:25,89.729,10,Freshwater
6/8/23 15:30,89.813,10,Freshwater
6/8/23 15:35,89.75,10,Freshwater
6/8/23 15:40,89.807,10,Freshwater
6/8/23 15:45,89.836,10,Freshwater
6/8/23 15:50,89.705,10,Freshwater
6/8/23 15:55,89.682,10,Freshwater
6/8/23 16:00,89.693,10,Freshwater
6/8/23 16:05,89.703,10,Freshwater
6/8/23 16:10,89.737,10,Freshwater
6/8/23 16:15,89.769,10,Freshwater
6/8/23 16:20,89.781,10,Freshwater
6/8/23 16:25,89.721,10,Freshwater
6/8/23 16:30,89.714,10,Freshwater
6/8/23 16:35,89.744,10,Freshwater
6/8/23 16:40,89.704,10,Freshwater
6/8/23 16:45,89.764,10,Freshwater
6/8/23 16:50,89.726,10,Freshwater
6/8/23 16:55,89.714,10,Freshwater
6/8/23 17:00,89.735,10,Freshwater
6/8/23 17:05,89.656,10,Freshwater
6/8/23 17:10,89.611,10,Freshwater
6/8/23 17:15,89.622,10,Freshwater
6/8/23 17:20,89.606,10,Freshwater
6/8/23 17:25,89.529,10,Freshwater
6/8/23 17:30,89.544,10,Freshwater
6/8/23 17:35,89.555,10,Freshwater
6/8/23 17:40,89.57,10,Freshwater
6/8/23 17:45,89.52,10,Freshwater
6/8/23 17:50,89.504,10,Freshwater
6/8/23 17:55,89.588,10,Freshwater
6/8/23 18:00,89.502,10,Freshwater
6/8/23 18:05,89.573,10,Freshwater
6/8/23 18:10,89.488,10,Freshwater
6/8/23 18:15,89.45,10,Freshwater
6/8/23 18:20,89.526,10,Freshwater
6/8/23 18:25,89.593,10,Freshwater
6/8/23 18:30,89.509,10,Freshwater
6/8/23 18:35,89.506,10,Freshwater
6/8/23 18:40,89.539,10,Freshwater
6/8/23 18:45,89.396,10,Freshwater
6/8/23 18:50,89.425,10,Freshwater
6/8/23 18:55,89.471,10,Freshwater
6/8/23 19:00,89.516,10,Freshwater
6/8/23 19:05,89.437,10,Freshwater
6/8/23 19:10,89.52,10,Freshwater
6/8/23 19:15,89.54,10,Freshwater
6/8/23 19:20,89.52,10,Freshwater
6/8/23 19:25,89.516,10,Freshwater
6/8/23 19:30,89.527,10,Freshwater
6/8/23 19:35,89.424,10,Freshwater
6/8/23 19:40,89.505,10,Freshwater
6/8/23 19:45,89.546,10,Freshwater
6/8/23 19:50,89.43,10,Freshwater
6/8/23 19:55,89.428,10,Freshwater
6/8/23 20:00,89.53,10,Freshwater
6/8/23 20:05,89.596,10,Freshwater
6/8/23 20:10,89.612,10,Freshwater
6/8/23 20:15,89.568,10,Freshwater
6/8/23 20:20,89.636,10,Freshwater
6/8/23 20:25,89.643,10,Freshwater
6/8/23 20:30,89.576,10,Freshwater
6/8/23 20:35,89.703,10,Freshwater
6/8/23 20:40,89.647,10,Freshwater
6/8/23 20:45,89.666,10,Freshwater
6/8/23 20:50,89.669,10,Freshwater
6/8/23 20:55,89.637,10,Freshwater
6/8/23 21:00,89.587,10,Freshwater
6/8/23 21:05,89.566,10,Freshwater
6/8/23 21:10,89.563,10,Freshwater
6/8/23 21:15,89.629,10,Freshwater
6/8/23 21:20,89.64,10,Freshwater
6/8/23 21:25,89.612,10,Freshwater
6/8/23 21:30,89.618,10,Freshwater
6/8/23 21:35,89.614,10,Freshwater
6/8/23 21:40,89.531,10,Freshwater
6/8/23 21:45,89.653,10,Freshwater
6/8/23 21:50,89.596,10,Freshwater
6/8/23 21:55,89.624,10,Freshwater
6/8/23 22:00,89.567,10,Freshwater
6/8/23 22:05,89.646,10,Freshwater
6/8/23 22:10,89.649,10,Freshwater
6/8/23 22:15,89.648,10,Freshwater
6/8/23 22:20,89.594,10,Freshwater
6/8/23 22:25,89.567,10,Freshwater
6/8/23 22:30,89.599,10,Freshwater
6/8/23 22:35,89.607,10,Freshwater
6/8/23 22:40,89.621,10,Freshwater
6/8/23 22:45,89.719,10,Freshwater
6/8/23 22:50,89.444,10,Freshwater
6/8/23 22:55,89.535,10,Freshwater
6/8/23 23:00,89.463,10,Freshwater
6/8/23 23:05,89.364,10,Freshwater
6/8/23 23:10,89.373,10,Freshwater
6/8/23 23:15,89.471,10,Freshwater
6/8/23 23:20,89.45,10,Freshwater
6/8/23 23:25,89.517,10,Freshwater
6/8/23 23:30,89.527,10,Freshwater
6/8/23 23:35,89.572,10,Freshwater
6/8/23 23:40,89.559,10,Freshwater
6/8/23 23:45,89.58,10,Freshwater
6/8/23 23:50,89.61,10,Freshwater
6/8/23 23:55,89.656,10,Freshwater
6/9/23,89.762,10,Freshwater
6/9/23 0:05,89.664,10,Freshwater
6/9/23 0:10,89.626,10,Freshwater
6/9/23 0:15,89.709,10,Freshwater
6/9/23 0:20,89.618,10,Freshwater
6/9/23 0:25,89.613,10,Freshwater
6/9/23 0:30,89.624,10,Freshwater
6/9/23 0:35,89.663,10,Freshwater
6/9/23 0:40,89.638,10,Freshwater
6/9/23 0:45,89.631,10,Freshwater
6/9/23 0:50,89.755,10,Freshwater
6/9/23 0:55,89.599,10,Freshwater
6/9/23 1:00,89.633,10,Freshwater
6/9/23 1:05,89.561,10,Freshwater
6/9/23 1:10,89.611,10,Freshwater
6/9/23 1:15,89.735,10,Freshwater
6/9/23 1:20,89.65,10,Freshwater
6/9/23 1:25,89.617,10,Freshwater
6/9/23 1:30,89.657,10,Freshwater
6/9/23 1:35,89.716,10,Freshwater
6/9/23 1:40,89.662,10,Freshwater
6/9/23 1:45,89.753,10,Freshwater
6/9/23 1:50,89.646,10,Freshwater
6/9/23 1:55,89.685,10,Freshwater
6/9/23 2:00,89.637,10,Freshwater
6/9/23 2:05,89.692,10,Freshwater
6/9/23 2:10,89.659,10,Freshwater
6/9/23 2:15,89.66,10,Freshwater
6/9/23 2:20,89.674,10,Freshwater
6/9/23 2:25,89.675,10,Freshwater
6/9/23 2:30,89.568,10,Freshwater
6/9/23 2:35,89.626,10,Freshwater
6/9/23 2:40,89.568,10,Freshwater
6/9/23 2:45,89.589,10,Freshwater
6/9/23 2:50,89.56,10,Freshwater
6/9/23 2:55,89.57,10,Freshwater
6/9/23 3:00,89.643,10,Freshwater
6/9/23 3:05,89.567,10,Freshwater
6/9/23 3:10,89.584,10,Freshwater
6/9/23 3:15,89.583,10,Freshwater
6/9/23 3:20,89.616,10,Freshwater
6/9/23 3:25,89.571,10,Freshwater
6/9/23 3:30,89.597,10,Freshwater
6/9/23 3:35,89.598,10,Freshwater
6/9/23 3:40,89.611,10,Freshwater
6/9/23 3:45,89.632,10,Freshwater
6/9/23 3:50,89.627,10,Freshwater
6/9/23 3:55,89.72,10,Freshwater
6/9/23 4:00,89.594,10,Freshwater
6/9/23 4:05,89.65,10,Freshwater
6/9/23 4:10,89.598,10,Freshwater
6/9/23 4:15,89.665,10,Freshwater
6/9/23 4:20,89.607,10,Freshwater
6/9/23 4:25,89.548,10,Freshwater
6/9/23 4:30,89.448,10,Freshwater
6/9/23 4:35,89.416,10,Freshwater
6/9/23 4:40,89.434,10,Freshwater
6/9/23 4:45,89.304,10,Freshwater
6/9/23 4:50,89.304,10,Freshwater
6/9/23 4:55,89.308,10,Freshwater
6/9/23 5:00,89.269,10,Freshwater
6/9/23 5:05,89.3,10,Freshwater
6/9/23 5:10,89.341,10,Freshwater
6/9/23 5:15,89.281,10,Freshwater
6/9/23 5:20,89.331,10,Freshwater
6/9/23 5:25,89.313,10,Freshwater
6/9/23 5:30,89.236,10,Freshwater
6/9/23 5:35,89.184,10,Freshwater
6/9/23 5:40,89.164,10,Freshwater
6/9/23 5:45,89.076,10,Freshwater
6/9/23 5:50,89.055,10,Freshwater
6/9/23 5:55,89.004,10,Freshwater
6/9/23 6:00,89.028,10,Freshwater
6/9/23 6:05,89.024,10,Freshwater
6/9/23 6:10,89.024,10,Freshwater
6/9/23 6:15,88.92,10,Freshwater
6/9/23 6:20,88.97,10,Freshwater
6/9/23 6:25,88.903,10,Freshwater
6/9/23 6:30,88.956,10,Freshwater
6/9/23 6:35,88.976,10,Freshwater
6/9/23 6:40,88.952,10,Freshwater
6/9/23 6:45,88.958,10,Freshwater
6/9/23 6:50,88.891,10,Freshwater
6/9/23 6:55,88.932,10,Freshwater
6/9/23 7:00,88.907,10,Freshwater
6/9/23 7:05,88.895,10,Freshwater
6/9/23 7:10,89.02,10,Freshwater
6/9/23 7:15,88.941,10,Freshwater
6/9/23 7:20,88.91,10,Freshwater
6/9/23 7:25,88.849,10,Freshwater
6/9/23 7:30,88.943,10,Freshwater
6/9/23 7:35,88.947,10,Freshwater
6/9/23 7:40,89.049,10,Freshwater
6/9/23 7:45,89.004,10,Freshwater
6/9/23 7:50,89.102,10,Freshwater
6/9/23 7:55,89.1,10,Freshwater
6/9/23 8:00,89.04,10,Freshwater
6/9/23 8:05,89.038,10,Freshwater
6/9/23 8:10,89.021,10,Freshwater
6/9/23 8:15,89.116,10,Freshwater
6/9/23 8:20,89.01,10,Freshwater
6/9/23 8:25,89.038,10,Freshwater
6/9/23 8:30,89.02,10,Freshwater
6/9/23 8:35,89.056,10,Freshwater
6/9/23 8:40,89.032,10,Freshwater
6/9/23 8:45,89.018,10,Freshwater
6/9/23 8:50,89.079,10,Freshwater
6/9/23 8:55,88.964,10,Freshwater
6/9/23 9:00,89.096,10,Freshwater
6/9/23 9:05,89.073,10,Freshwater
6/9/23 9:10,89.037,10,Freshwater
6/9/23 9:15,89.038,10,Freshwater
6/9/23 9:20,89.148,10,Freshwater
6/9/23 9:25,89.079,10,Freshwater
6/9/23 9:30,89.012,10,Freshwater
6/9/23 9:35,89.127,10,Freshwater
6/9/23 9:40,89.138,10,Freshwater
6/9/23 9:45,89.065,10,Freshwater
6/9/23 9:50,89.098,10,Freshwater
6/9/23 9:55,89.146,10,Freshwater
6/9/23 10:00,89.15,10,Freshwater
6/9/23 10:05,89.136,10,Freshwater
6/9/23 10:10,89.117,10,Freshwater
6/9/23 10:15,89.182,10,Freshwater
6/9/23 10:20,89.118,10,Freshwater
6/9/23 10:25,89.086,10,Freshwater
6/9/23 10:30,89.11,10,Freshwater
6/9/23 10:35,89.184,10,Freshwater
6/9/23 10:40,89.121,10,Freshwater
6/9/23 10:45,89.188,10,Freshwater
6/9/23 10:50,89.089,10,Freshwater
6/9/23 10:55,89.04,10,Freshwater
6/9/23 11:00,89.114,10,Freshwater
6/9/23 11:05,89.216,10,Freshwater
6/9/23 11:10,89.206,10,Freshwater
6/9/23 11:15,89.14,10,Freshwater
6/9/23 11:20,89.248,10,Freshwater
6/9/23 11:25,89.16,10,Freshwater
6/9/23 11:30,89.19,10,Freshwater
6/9/23 11:35,89.197,10,Freshwater
6/9/23 11:40,89.098,10,Freshwater
6/9/23 11:45,89.128,10,Freshwater
6/9/23 11:50,89.153,10,Freshwater
6/9/23 11:55,89.171,10,Freshwater
6/9/23 12:00,89.215,10,Freshwater
6/9/23 12:05,89.148,10,Freshwater
6/9/23 12:10,89.173,10,Freshwater
6/9/23 12:15,89.115,10,Freshwater
6/9/23 12:20,89.164,10,Freshwater
6/9/23 12:25,89.196,10,Freshwater
6/9/23 12:30,89.184,10,Freshwater
6/9/23 12:35,89.164,10,Freshwater
6/9/23 12:40,89.138,10,Freshwater
6/9/23 12:45,89.124,10,Freshwater
6/9/23 12:50,89.09,10,Freshwater
6/9/23 12:55,89.169,10,Freshwater
6/9/23 13:00,89.106,10,Freshwater
6/9/23 13:05,89.125,10,Freshwater
6/9/23 13:10,89.106,10,Freshwater
6/9/23 13:15,89.116,10,Freshwater
6/9/23 13:20,89.22,10,Freshwater
6/9/23 13:25,89.1,10,Freshwater
6/9/23 13:30,89.293,10,Freshwater
6/9/23 13:35,89.236,10,Freshwater
6/9/23 13:40,89.205,10,Freshwater
6/9/23 13:45,89.233,10,Freshwater
6/9/23 13:50,89.231,10,Freshwater
6/9/23 13:55,89.208,10,Freshwater
6/9/23 14:00,89.18,10,Freshwater
6/9/23 14:05,89.302,10,Freshwater
6/9/23 14:10,89.296,10,Freshwater
6/9/23 14:15,89.281,10,Freshwater
6/9/23 14:20,89.242,10,Freshwater
6/9/23 14:25,89.201,10,Freshwater
6/9/23 14:30,89.145,10,Freshwater
6/9/23 14:35,89.271,10,Freshwater
6/9/23 14:40,89.218,10,Freshwater
6/9/23 14:45,89.207,10,Freshwater
6/9/23 14:50,89.285,10,Freshwater
6/9/23 14:55,89.238,10,Freshwater
6/9/23 15:00,89.315,10,Freshwater
6/9/23 15:05,89.301,10,Freshwater
6/9/23 15:10,89.173,10,Freshwater
6/9/23 15:15,89.228,10,Freshwater
6/9/23 15:20,89.34,10,Freshwater
6/9/23 15:25,89.226,10,Freshwater
6/9/23 15:30,89.282,10,Freshwater
6/8/23 8:15,89.145,20,Freshwater
6/8/23 8:20,89.118,20,Freshwater
6/8/23 8:25,89.198,20,Freshwater
6/8/23 8:30,89.164,20,Freshwater
6/8/23 8:35,89.244,20,Freshwater
6/8/23 8:40,89.283,20,Freshwater
6/8/23 8:45,89.322,20,Freshwater
6/8/23 8:50,89.184,20,Freshwater
6/8/23 8:55,89.329,20,Freshwater
6/8/23 9:00,89.334,20,Freshwater
6/8/23 9:05,89.339,20,Freshwater
6/8/23 9:10,89.359,20,Freshwater
6/8/23 9:15,89.335,20,Freshwater
6/8/23 9:20,89.272,20,Freshwater
6/8/23 9:25,89.211,20,Freshwater
6/8/23 9:30,89.155,20,Freshwater
6/8/23 9:35,89.185,20,Freshwater
6/8/23 9:40,89.255,20,Freshwater
6/8/23 9:45,89.237,20,Freshwater
6/8/23 9:50,89.355,20,Freshwater
6/8/23 9:55,89.287,20,Freshwater
6/8/23 10:00,89.364,20,Freshwater
6/8/23 10:05,89.431,20,Freshwater
6/8/23 10:10,89.427,20,Freshwater
6/8/23 10:15,89.393,20,Freshwater
6/8/23 10:20,89.397,20,Freshwater
6/8/23 10:25,89.406,20,Freshwater
6/8/23 10:30,89.471,20,Freshwater
6/8/23 10:35,89.416,20,Freshwater
6/8/23 10:40,89.478,20,Freshwater
6/8/23 10:45,89.396,20,Freshwater
6/8/23 10:50,89.31,20,Freshwater
6/8/23 10:55,89.368,20,Freshwater
6/8/23 11:00,89.348,20,Freshwater
6/8/23 11:05,89.349,20,Freshwater
6/8/23 11:10,89.371,20,Freshwater
6/8/23 11:15,89.311,20,Freshwater
6/8/23 11:20,89.295,20,Freshwater
6/8/23 11:25,89.246,20,Freshwater
6/8/23 11:30,89.279,20,Freshwater
6/8/23 11:35,89.259,20,Freshwater
6/8/23 11:40,89.276,20,Freshwater
6/8/23 11:45,89.282,20,Freshwater
6/8/23 11:50,89.294,20,Freshwater
6/8/23 11:55,89.262,20,Freshwater
6/8/23 12:00,89.206,20,Freshwater
6/8/23 12:05,89.212,20,Freshwater
6/8/23 12:10,89.235,20,Freshwater
6/8/23 12:15,89.195,20,Freshwater
6/8/23 12:20,89.129,20,Freshwater
6/8/23 12:25,89.054,20,Freshwater
6/8/23 12:30,89.068,20,Freshwater
6/8/23 12:35,89.035,20,Freshwater
6/8/23 12:40,89.057,20,Freshwater
6/8/23 12:45,88.994,20,Freshwater
6/8/23 12:50,89.017,20,Freshwater
6/8/23 12:55,88.961,20,Freshwater
6/8/23 13:00,88.94,20,Freshwater
6/8/23 13:05,88.949,20,Freshwater
6/8/23 13:10,89.024,20,Freshwater
6/8/23 13:15,88.969,20,Freshwater
6/8/23 13:20,88.974,20,Freshwater
6/8/23 13:25,89,20,Freshwater
6/8/23 13:30,89.014,20,Freshwater
6/8/23 13:35,88.999,20,Freshwater
6/8/23 13:40,88.962,20,Freshwater
6/8/23 13:45,88.973,20,Freshwater
6/8/23 13:50,89.002,20,Freshwater
6/8/23 13:55,88.994,20,Freshwater
6/8/23 14:00,88.969,20,Freshwater
6/8/23 14:05,89.055,20,Freshwater
6/8/23 14:10,89.035,20,Freshwater
6/8/23 14:15,88.983,20,Freshwater
6/8/23 14:20,89.049,20,Freshwater
6/8/23 14:25,88.991,20,Freshwater
6/8/23 14:30,88.989,20,Freshwater
6/8/23 14:35,89.047,20,Freshwater
6/8/23 14:40,89.024,20,Freshwater
6/8/23 14:45,89.022,20,Freshwater
6/8/23 14:50,89.018,20,Freshwater
6/8/23 14:55,89.078,20,Freshwater
6/8/23 15:00,89.047,20,Freshwater
6/8/23 15:05,89.002,20,Freshwater
6/8/23 15:10,89.07,20,Freshwater
6/8/23 15:15,89.132,20,Freshwater
6/8/23 15:20,89.058,20,Freshwater
6/8/23 15:25,89.102,20,Freshwater
6/8/23 15:30,89.038,20,Freshwater
6/8/23 15:35,89.051,20,Freshwater
6/8/23 15:40,89.002,20,Freshwater
6/8/23 15:45,89.053,20,Freshwater
6/8/23 15:50,89.024,20,Freshwater
6/8/23 15:55,89.051,20,Freshwater
6/8/23 16:00,89.016,20,Freshwater
6/8/23 16:05,89.016,20,Freshwater
6/8/23 16:10,88.967,20,Freshwater
6/8/23 16:15,89.055,20,Freshwater
6/8/23 16:20,89.07,20,Freshwater
6/8/23 16:25,88.922,20,Freshwater
6/8/23 16:30,89.036,20,Freshwater
6/8/23 16:35,89.052,20,Freshwater
6/8/23 16:40,89.006,20,Freshwater
6/8/23 16:45,88.929,20,Freshwater
6/8/23 16:50,88.918,20,Freshwater
6/8/23 16:55,88.909,20,Freshwater
6/8/23 17:00,88.892,20,Freshwater
6/8/23 17:05,88.861,20,Freshwater
6/8/23 17:10,88.772,20,Freshwater
6/8/23 17:15,88.849,20,Freshwater
6/8/23 17:20,88.765,20,Freshwater
6/8/23 17:25,88.795,20,Freshwater
6/8/23 17:30,88.741,20,Freshwater
6/8/23 17:35,88.693,20,Freshwater
6/8/23 17:40,88.72,20,Freshwater
6/8/23 17:45,88.742,20,Freshwater
6/8/23 17:50,88.647,20,Freshwater
6/8/23 17:55,88.65,20,Freshwater
6/8/23 18:00,88.604,20,Freshwater
6/8/23 18:05,88.581,20,Freshwater
6/8/23 18:10,88.659,20,Freshwater
6/8/23 18:15,88.603,20,Freshwater
6/8/23 18:20,88.63,20,Freshwater
6/8/23 18:25,88.661,20,Freshwater
6/8/23 18:30,88.582,20,Freshwater
6/8/23 18:35,88.596,20,Freshwater
6/8/23 18:40,88.593,20,Freshwater
6/8/23 18:45,88.685,20,Freshwater
6/8/23 18:50,88.698,20,Freshwater
6/8/23 18:55,88.731,20,Freshwater
6/8/23 19:00,88.657,20,Freshwater
6/8/23 19:05,88.707,20,Freshwater
6/8/23 19:10,88.757,20,Freshwater
6/8/23 19:15,88.686,20,Freshwater
6/8/23 19:20,88.694,20,Freshwater
6/8/23 19:25,88.718,20,Freshwater
6/8/23 19:30,88.671,20,Freshwater
6/8/23 19:35,88.701,20,Freshwater
6/8/23 19:40,88.756,20,Freshwater
6/8/23 19:45,88.719,20,Freshwater
6/8/23 19:50,88.726,20,Freshwater
6/8/23 19:55,88.64,20,Freshwater
6/8/23 20:00,88.655,20,Freshwater
6/8/23 20:05,88.771,20,Freshwater
6/8/23 20:10,88.751,20,Freshwater
6/8/23 20:15,88.777,20,Freshwater
6/8/23 20:20,88.758,20,Freshwater
6/8/23 20:25,88.779,20,Freshwater
6/8/23 20:30,88.824,20,Freshwater
6/8/23 20:35,88.841,20,Freshwater
6/8/23 20:40,88.885,20,Freshwater
6/8/23 20:45,88.886,20,Freshwater
6/8/23 20:50,88.888,20,Freshwater
6/8/23 20:55,88.859,20,Freshwater
6/8/23 21:00,88.838,20,Freshwater
6/8/23 21:05,88.845,20,Freshwater
6/8/23 21:10,88.822,20,Freshwater
6/8/23 21:15,88.913,20,Freshwater
6/8/23 21:20,88.83,20,Freshwater
6/8/23 21:25,88.926,20,Freshwater
6/8/23 21:30,88.879,20,Freshwater
6/8/23 21:35,88.879,20,Freshwater
6/8/23 21:40,88.831,20,Freshwater
6/8/23 21:45,88.841,20,Freshwater
6/8/23 21:50,88.947,20,Freshwater
6/8/23 21:55,88.833,20,Freshwater
6/8/23 22:00,88.904,20,Freshwater
6/8/23 22:05,88.872,20,Freshwater
6/8/23 22:10,88.91,20,Freshwater
6/8/23 22:15,88.904,20,Freshwater
6/8/23 22:20,88.938,20,Freshwater
6/8/23 22:25,88.917,20,Freshwater
6/8/23 22:30,88.812,20,Freshwater
6/8/23 22:35,88.944,20,Freshwater
6/8/23 22:40,88.85,20,Freshwater
6/8/23 22:45,88.867,20,Freshwater
6/8/23 22:50,88.926,20,Freshwater
6/8/23 22:55,88.677,20,Freshwater
6/8/23 23:00,88.419,20,Freshwater
6/8/23 23:05,88.541,20,Freshwater
6/8/23 23:10,88.578,20,Freshwater
6/8/23 23:15,88.603,20,Freshwater
6/8/23 23:20,88.722,20,Freshwater
6/8/23 23:25,88.781,20,Freshwater
6/8/23 23:30,88.717,20,Freshwater
6/8/23 23:35,88.795,20,Freshwater
6/8/23 23:40,88.908,20,Freshwater
6/8/23 23:45,88.87,20,Freshwater
6/8/23 23:50,88.908,20,Freshwater
6/8/23 23:55,88.847,20,Freshwater
6/9/23,88.894,20,Freshwater
6/9/23 0:05,88.928,20,Freshwater
6/9/23 0:10,88.893,20,Freshwater
6/9/23 0:15,88.862,20,Freshwater
6/9/23 0:20,88.948,20,Freshwater
6/9/23 0:25,88.908,20,Freshwater
6/9/23 0:30,88.871,20,Freshwater
6/9/23 0:35,88.954,20,Freshwater
6/9/23 0:40,88.923,20,Freshwater
6/9/23 0:45,88.892,20,Freshwater
6/9/23 0:50,88.964,20,Freshwater
6/9/23 0:55,88.945,20,Freshwater
6/9/23 1:00,88.868,20,Freshwater
6/9/23 1:05,88.884,20,Freshwater
6/9/23 1:10,88.915,20,Freshwater
6/9/23 1:15,88.947,20,Freshwater
6/9/23 1:20,88.882,20,Freshwater
6/9/23 1:25,88.937,20,Freshwater
6/9/23 1:30,88.916,20,Freshwater
6/9/23 1:35,88.925,20,Freshwater
6/9/23 1:40,89.008,20,Freshwater
6/9/23 1:45,88.991,20,Freshwater
6/9/23 1:50,88.947,20,Freshwater
6/9/23 1:55,88.996,20,Freshwater
6/9/23 2:00,88.994,20,Freshwater
6/9/23 2:05,88.982,20,Freshwater
6/9/23 2:10,88.974,20,Freshwater
6/9/23 2:15,88.991,20,Freshwater
6/9/23 2:20,89.019,20,Freshwater
6/9/23 2:25,88.985,20,Freshwater
6/9/23 2:30,88.986,20,Freshwater
6/9/23 2:35,89.051,20,Freshwater
6/9/23 2:40,89.017,20,Freshwater
6/9/23 2:45,88.961,20,Freshwater
6/9/23 2:50,89.02,20,Freshwater
6/9/23 2:55,89.023,20,Freshwater
6/9/23 3:00,89,20,Freshwater
6/9/23 3:05,89.091,20,Freshwater
6/9/23 3:10,89.009,20,Freshwater
6/9/23 3:15,89.033,20,Freshwater
6/9/23 3:20,89.025,20,Freshwater
6/9/23 3:25,89.064,20,Freshwater
6/9/23 3:30,89.045,20,Freshwater
6/9/23 3:35,88.961,20,Freshwater
6/9/23 3:40,89.02,20,Freshwater
6/9/23 3:45,89.084,20,Freshwater
6/9/23 3:50,89.063,20,Freshwater
6/9/23 3:55,89.04,20,Freshwater
6/9/23 4:00,89.087,20,Freshwater
6/9/23 4:05,89.057,20,Freshwater
6/9/23 4:10,89.158,20,Freshwater
6/9/23 4:15,89.073,20,Freshwater
6/9/23 4:20,89.102,20,Freshwater
6/9/23 4:25,89.079,20,Freshwater
6/9/23 4:30,89.061,20,Freshwater
6/9/23 4:35,88.965,20,Freshwater
6/9/23 4:40,88.982,20,Freshwater
6/9/23 4:45,88.94,20,Freshwater
6/9/23 4:50,88.878,20,Freshwater
6/9/23 4:55,88.812,20,Freshwater
6/9/23 5:00,88.832,20,Freshwater
6/9/23 5:05,88.792,20,Freshwater
6/9/23 5:10,88.897,20,Freshwater
6/9/23 5:15,88.881,20,Freshwater
6/9/23 5:20,88.798,20,Freshwater
6/9/23 5:25,88.767,20,Freshwater
6/9/23 5:30,88.73,20,Freshwater
6/9/23 5:35,88.589,20,Freshwater
6/9/23 5:40,88.575,20,Freshwater
6/9/23 5:45,88.655,20,Freshwater
6/9/23 5:50,88.542,20,Freshwater
6/9/23 5:55,88.489,20,Freshwater
6/9/23 6:00,88.512,20,Freshwater
6/9/23 6:05,88.518,20,Freshwater
6/9/23 6:10,88.455,20,Freshwater
6/9/23 6:15,88.492,20,Freshwater
6/9/23 6:20,88.421,20,Freshwater
6/9/23 6:25,88.439,20,Freshwater
6/9/23 6:30,88.472,20,Freshwater
6/9/23 6:35,88.387,20,Freshwater
6/9/23 6:40,88.337,20,Freshwater
6/9/23 6:45,88.412,20,Freshwater
6/9/23 6:50,88.371,20,Freshwater
6/9/23 6:55,88.337,20,Freshwater
6/9/23 7:00,88.344,20,Freshwater
6/9/23 7:05,88.332,20,Freshwater
6/9/23 7:10,88.365,20,Freshwater
6/9/23 7:15,88.412,20,Freshwater
6/9/23 7:20,88.266,20,Freshwater
6/9/23 7:25,88.364,20,Freshwater
6/9/23 7:30,88.327,20,Freshwater
6/9/23 7:35,88.251,20,Freshwater
6/9/23 7:40,88.275,20,Freshwater
6/9/23 7:45,88.284,20,Freshwater
6/9/23 7:50,88.401,20,Freshwater
6/9/23 7:55,88.313,20,Freshwater
6/9/23 8:00,88.272,20,Freshwater
6/9/23 8:05,88.299,20,Freshwater
6/9/23 8:10,88.271,20,Freshwater
6/9/23 8:15,88.299,20,Freshwater
6/9/23 8:20,88.223,20,Freshwater
6/9/23 8:25,88.192,20,Freshwater
6/9/23 8:30,88.241,20,Freshwater
6/9/23 8:35,88.202,20,Freshwater
6/9/23 8:40,88.147,20,Freshwater
6/9/23 8:45,88.154,20,Freshwater
6/9/23 8:50,88.156,20,Freshwater
6/9/23 8:55,88.088,20,Freshwater
6/9/23 9:00,88.045,20,Freshwater
6/9/23 9:05,88.037,20,Freshwater
6/9/23 9:10,88.13,20,Freshwater
6/9/23 9:15,88.171,20,Freshwater
6/9/23 9:20,88.11,20,Freshwater
6/9/23 9:25,88.109,20,Freshwater
6/9/23 9:30,88.11,20,Freshwater
6/9/23 9:35,88.055,20,Freshwater
6/9/23 9:40,88.039,20,Freshwater
6/9/23 9:45,88.033,20,Freshwater
6/9/23 9:50,88.035,20,Freshwater
6/9/23 9:55,87.989,20,Freshwater
6/9/23 10:00,87.98,20,Freshwater
6/9/23 10:05,88.067,20,Freshwater
6/9/23 10:10,88.017,20,Freshwater
6/9/23 10:15,87.989,20,Freshwater
6/9/23 10:20,87.951,20,Freshwater
6/9/23 10:25,87.953,20,Freshwater
6/9/23 10:30,87.969,20,Freshwater
6/9/23 10:35,87.983,20,Freshwater
6/9/23 10:40,87.891,20,Freshwater
6/9/23 10:45,87.975,20,Freshwater
6/9/23 10:50,87.97,20,Freshwater
6/9/23 10:55,87.982,20,Freshwater
6/9/23 11:00,87.95,20,Freshwater
6/9/23 11:05,87.9,20,Freshwater
6/9/23 11:10,87.942,20,Freshwater
6/9/23 11:15,87.81,20,Freshwater
6/9/23 11:20,87.841,20,Freshwater
6/9/23 11:25,87.955,20,Freshwater
6/9/23 11:30,87.843,20,Freshwater
6/9/23 11:35,87.913,20,Freshwater
6/9/23 11:40,87.891,20,Freshwater
6/9/23 11:45,87.855,20,Freshwater
6/9/23 11:50,87.835,20,Freshwater
6/9/23 11:55,87.877,20,Freshwater
6/9/23 12:00,87.791,20,Freshwater
6/9/23 12:05,87.8,20,Freshwater
6/9/23 12:10,87.797,20,Freshwater
6/9/23 12:15,87.743,20,Freshwater
6/9/23 12:20,87.73,20,Freshwater
6/9/23 12:25,87.802,20,Freshwater
6/9/23 12:30,87.725,20,Freshwater
6/9/23 12:35,87.62,20,Freshwater
6/9/23 12:40,87.634,20,Freshwater
6/9/23 12:45,87.689,20,Freshwater
6/9/23 12:50,87.578,20,Freshwater
6/9/23 12:55,87.625,20,Freshwater
6/9/23 13:00,87.634,20,Freshwater
6/9/23 13:05,87.649,20,Freshwater
6/9/23 13:10,87.597,20,Freshwater
6/9/23 13:15,87.583,20,Freshwater
6/9/23 13:20,87.512,20,Freshwater
6/9/23 13:25,87.569,20,Freshwater
6/9/23 13:30,87.625,20,Freshwater
6/9/23 13:35,87.583,20,Freshwater
6/9/23 13:40,87.551,20,Freshwater
6/9/23 13:45,87.612,20,Freshwater
6/9/23 13:50,87.545,20,Freshwater
6/9/23 13:55,87.506,20,Freshwater
6/9/23 14:00,87.575,20,Freshwater
6/9/23 14:05,87.606,20,Freshwater
6/9/23 14:10,87.537,20,Freshwater
6/9/23 14:15,87.502,20,Freshwater
6/9/23 14:20,87.583,20,Freshwater
6/9/23 14:25,87.544,20,Freshwater
6/9/23 14:30,87.571,20,Freshwater
6/9/23 14:35,87.519,20,Freshwater
6/9/23 14:40,87.453,20,Freshwater
6/9/23 14:45,87.519,20,Freshwater
6/9/23 14:50,87.472,20,Freshwater
6/9/23 14:55,87.515,20,Freshwater
6/9/23 15:00,87.53,20,Freshwater
6/9/23 15:05,87.547,20,Freshwater
6/9/23 15:10,87.551,20,Freshwater
6/9/23 15:15,87.503,20,Freshwater
6/9/23 15:20,87.483,20,Freshwater
6/9/23 15:25,87.585,20,Freshwater
6/9/23 15:30,87.51,20,Freshwater
6/8/23 8:15,0,30,Freshwater
6/8/23 8:20,0,30,Freshwater
6/8/23 8:25,0,30,Freshwater
6/8/23 8:30,0,30,Freshwater
6/8/23 8:35,0,30,Freshwater
6/8/23 8:40,0,30,Freshwater
6/8/23 8:45,0,30,Freshwater
6/8/23 8:50,0,30,Freshwater
6/8/23 8:55,0,30,Freshwater
6/8/23 9:00,0,30,Freshwater
6/8/23 9:05,0,30,Freshwater
6/8/23 9:10,0,30,Freshwater
6/8/23 9:15,0,30,Freshwater
6/8/23 9:20,0,30,Freshwater
6/8/23 9:25,0,30,Freshwater
6/8/23 9:30,0,30,Freshwater
6/8/23 9:35,0,30,Freshwater
6/8/23 9:40,0,30,Freshwater
6/8/23 9:45,0,30,Freshwater
6/8/23 9:50,0,30,Freshwater
6/8/23 9:55,0,30,Freshwater
6/8/23 10:00,0,30,Freshwater
6/8/23 10:05,0,30,Freshwater
6/8/23 10:10,0,30,Freshwater
6/8/23 10:15,0,30,Freshwater
6/8/23 10:20,0,30,Freshwater
6/8/23 10:25,0,30,Freshwater
6/8/23 10:30,0,30,Freshwater
6/8/23 10:35,0,30,Freshwater
6/8/23 10:40,0,30,Freshwater
6/8/23 10:45,0,30,Freshwater
6/8/23 10:50,0,30,Freshwater
6/8/23 10:55,0,30,Freshwater
6/8/23 11:00,0,30,Freshwater
6/8/23 11:05,0,30,Freshwater
6/8/23 11:10,0,30,Freshwater
6/8/23 11:15,0,30,Freshwater
6/8/23 11:20,0,30,Freshwater
6/8/23 11:25,0,30,Freshwater
6/8/23 11:30,0,30,Freshwater
6/8/23 11:35,0,30,Freshwater
6/8/23 11:40,0,30,Freshwater
6/8/23 11:45,0,30,Freshwater
6/8/23 11:50,0,30,Freshwater
6/8/23 11:55,0,30,Freshwater
6/8/23 12:00,0,30,Freshwater
6/8/23 12:05,0,30,Freshwater
6/8/23 12:10,0,30,Freshwater
6/8/23 12:15,0,30,Freshwater
6/8/23 12:20,0,30,Freshwater
6/8/23 12:25,0,30,Freshwater
6/8/23 12:30,0,30,Freshwater
6/8/23 12:35,0,30,Freshwater
6/8/23 12:40,0,30,Freshwater
6/8/23 12:45,0,30,Freshwater
6/8/23 12:50,0,30,Freshwater
6/8/23 12:55,0,30,Freshwater
6/8/23 13:00,0,30,Freshwater
6/8/23 13:05,0,30,Freshwater
6/8/23 13:10,0,30,Freshwater
6/8/23 13:15,0,30,Freshwater
6/8/23 13:20,0,30,Freshwater
6/8/23 13:25,0,30,Freshwater
6/8/23 13:30,0,30,Freshwater
6/8/23 13:35,0,30,Freshwater
6/8/23 13:40,0,30,Freshwater
6/8/23 13:45,0,30,Freshwater
6/8/23 13:50,0,30,Freshwater
6/8/23 13:55,0,30,Freshwater
6/8/23 14:00,0,30,Freshwater
6/8/23 14:05,0,30,Freshwater
6/8/23 14:10,0,30,Freshwater
6/8/23 14:15,0,30,Freshwater
6/8/23 14:20,0,30,Freshwater
6/8/23 14:25,0,30,Freshwater
6/8/23 14:30,0,30,Freshwater
6/8/23 14:35,0,30,Freshwater
6/8/23 14:40,0,30,Freshwater
6/8/23 14:45,0,30,Freshwater
6/8/23 14:50,0,30,Freshwater
6/8/23 14:55,0,30,Freshwater
6/8/23 15:00,0,30,Freshwater
6/8/23 15:05,0,30,Freshwater
6/8/23 15:10,0,30,Freshwater
6/8/23 15:15,0,30,Freshwater
6/8/23 15:20,0,30,Freshwater
6/8/23 15:25,0,30,Freshwater
6/8/23 15:30,0,30,Freshwater
6/8/23 15:35,0,30,Freshwater
6/8/23 15:40,0,30,Freshwater
6/8/23 15:45,0,30,Freshwater
6/8/23 15:50,0,30,Freshwater
6/8/23 15:55,0,30,Freshwater
6/8/23 16:00,0,30,Freshwater
6/8/23 16:05,0,30,Freshwater
6/8/23 16:10,0,30,Freshwater
6/8/23 16:15,0,30,Freshwater
6/8/23 16:20,0,30,Freshwater
6/8/23 16:25,0,30,Freshwater
6/8/23 16:30,0,30,Freshwater
6/8/23 16:35,0,30,Freshwater
6/8/23 16:40,0,30,Freshwater
6/8/23 16:45,0,30,Freshwater
6/8/23 16:50,0,30,Freshwater
6/8/23 16:55,0,30,Freshwater
6/8/23 17:00,0,30,Freshwater
6/8/23 17:05,0,30,Freshwater
6/8/23 17:10,0,30,Freshwater
6/8/23 17:15,0,30,Freshwater
6/8/23 17:20,0,30,Freshwater
6/8/23 17:25,0,30,Freshwater
6/8/23 17:30,0,30,Freshwater
6/8/23 17:35,0,30,Freshwater
6/8/23 17:40,0,30,Freshwater
6/8/23 17:45,0,30,Freshwater
6/8/23 17:50,0,30,Freshwater
6/8/23 17:55,0,30,Freshwater
6/8/23 18:00,0,30,Freshwater
6/8/23 18:05,0,30,Freshwater
6/8/23 18:10,0,30,Freshwater
6/8/23 18:15,0,30,Freshwater
6/8/23 18:20,0,30,Freshwater
6/8/23 18:25,0,30,Freshwater
6/8/23 18:30,0,30,Freshwater
6/8/23 18:35,0,30,Freshwater
6/8/23 18:40,0,30,Freshwater
6/8/23 18:45,0,30,Freshwater
6/8/23 18:50,0,30,Freshwater
6/8/23 18:55,0,30,Freshwater
6/8/23 19:00,0,30,Freshwater
6/8/23 19:05,0,30,Freshwater
6/8/23 19:10,0,30,Freshwater
6/8/23 19:15,0,30,Freshwater
6/8/23 19:20,0,30,Freshwater
6/8/23 19:25,0,30,Freshwater
6/8/23 19:30,0,30,Freshwater
6/8/23 19:35,0,30,Freshwater
6/8/23 19:40,0,30,Freshwater
6/8/23 19:45,0,30,Freshwater
6/8/23 19:50,0,30,Freshwater
6/8/23 19:55,0,30,Freshwater
6/8/23 20:00,0,30,Freshwater
6/8/23 20:05,0,30,Freshwater
6/8/23 20:10,0,30,Freshwater
6/8/23 20:15,0,30,Freshwater
6/8/23 20:20,0,30,Freshwater
6/8/23 20:25,0,30,Freshwater
6/8/23 20:30,0,30,Freshwater
6/8/23 20:35,0,30,Freshwater
6/8/23 20:40,0,30,Freshwater
6/8/23 20:45,0,30,Freshwater
6/8/23 20:50,0,30,Freshwater
6/8/23 20:55,0,30,Freshwater
6/8/23 21:00,0,30,Freshwater
6/8/23 21:05,0,30,Freshwater
6/8/23 21:10,0,30,Freshwater
6/8/23 21:15,0,30,Freshwater
6/8/23 21:20,0,30,Freshwater
6/8/23 21:25,0,30,Freshwater
6/8/23 21:30,0,30,Freshwater
6/8/23 21:35,0,30,Freshwater
6/8/23 21:40,0,30,Freshwater
6/8/23 21:45,0,30,Freshwater
6/8/23 21:50,0,30,Freshwater
6/8/23 21:55,0,30,Freshwater
6/8/23 22:00,0,30,Freshwater
6/8/23 22:05,0,30,Freshwater
6/8/23 22:10,0,30,Freshwater
6/8/23 22:15,0,30,Freshwater
6/8/23 22:20,0,30,Freshwater
6/8/23 22:25,0,30,Freshwater
6/8/23 22:30,0,30,Freshwater
6/8/23 22:35,0,30,Freshwater
6/8/23 22:40,0,30,Freshwater
6/8/23 22:45,0,30,Freshwater
6/8/23 22:50,0,30,Freshwater
6/8/23 22:55,0,30,Freshwater
6/8/23 23:00,0,30,Freshwater
6/8/23 23:05,0,30,Freshwater
6/8/23 23:10,0,30,Freshwater
6/8/23 23:15,0,30,Freshwater
6/8/23 23:20,0,30,Freshwater
6/8/23 23:25,0,30,Freshwater
6/8/23 23:30,0,30,Freshwater
6/8/23 23:35,0,30,Freshwater
6/8/23 23:40,0,30,Freshwater
6/8/23 23:45,0,30,Freshwater
6/8/23 23:50,0,30,Freshwater
6/8/23 23:55,0,30,Freshwater
6/9/23,0,30,Freshwater
6/9/23 0:05,0,30,Freshwater
6/9/23 0:10,0,30,Freshwater
6/9/23 0:15,0,30,Freshwater
6/9/23 0:20,0,30,Freshwater
6/9/23 0:25,0,30,Freshwater
6/9/23 0:30,0,30,Freshwater
6/9/23 0:35,0,30,Freshwater
6/9/23 0:40,0,30,Freshwater
6/9/23 0:45,0,30,Freshwater
6/9/23 0:50,0,30,Freshwater
6/9/23 0:55,0,30,Freshwater
6/9/23 1:00,0,30,Freshwater
6/9/23 1:05,0,30,Freshwater
6/9/23 1:10,0,30,Freshwater
6/9/23 1:15,0,30,Freshwater
6/9/23 1:20,0,30,Freshwater
6/9/23 1:25,0,30,Freshwater
6/9/23 1:30,0,30,Freshwater
6/9/23 1:35,0,30,Freshwater
6/9/23 1:40,0,30,Freshwater
6/9/23 1:45,0,30,Freshwater
6/9/23 1:50,0,30,Freshwater
6/9/23 1:55,0,30,Freshwater
6/9/23 2:00,0,30,Freshwater
6/9/23 2:05,0,30,Freshwater
6/9/23 2:10,0,30,Freshwater
6/9/23 2:15,0,30,Freshwater
6/9/23 2:20,0,30,Freshwater
6/9/23 2:25,0,30,Freshwater
6/9/23 2:30,0,30,Freshwater
6/9/23 2:35,0,30,Freshwater
6/9/23 2:40,0,30,Freshwater
6/9/23 2:45,0,30,Freshwater
6/9/23 2:50,0,30,Freshwater
6/9/23 2:55,0,30,Freshwater
6/9/23 3:00,0,30,Freshwater
6/9/23 3:05,0,30,Freshwater
6/9/23 3:10,0,30,Freshwater
6/9/23 3:15,0,30,Freshwater
6/9/23 3:20,0,30,Freshwater
6/9/23 3:25,0,30,Freshwater
6/9/23 3:30,0,30,Freshwater
6/9/23 3:35,0,30,Freshwater
6/9/23 3:40,0,30,Freshwater
6/9/23 3:45,0,30,Freshwater
6/9/23 3:50,0,30,Freshwater
6/9/23 3:55,0,30,Freshwater
6/9/23 4:00,0,30,Freshwater
6/9/23 4:05,0,30,Freshwater
6/9/23 4:10,0,30,Freshwater
6/9/23 4:15,0,30,Freshwater
6/9/23 4:20,0,30,Freshwater
6/9/23 4:25,0,30,Freshwater
6/9/23 4:30,0,30,Freshwater
6/9/23 4:35,0,30,Freshwater
6/9/23 4:40,0,30,Freshwater
6/9/23 4:45,0,30,Freshwater
6/9/23 4:50,0,30,Freshwater
6/9/23 4:55,0,30,Freshwater
6/9/23 5:00,0,30,Freshwater
6/9/23 5:05,0,30,Freshwater
6/9/23 5:10,0,30,Freshwater
6/9/23 5:15,0,30,Freshwater
6/9/23 5:20,0,30,Freshwater
6/9/23 5:25,0,30,Freshwater
6/9/23 5:30,0,30,Freshwater
6/9/23 5:35,0,30,Freshwater
6/9/23 5:40,0,30,Freshwater
6/9/23 5:45,0,30,Freshwater
6/9/23 5:50,0,30,Freshwater
6/9/23 5:55,0,30,Freshwater
6/9/23 6:00,0,30,Freshwater
6/9/23 6:05,0,30,Freshwater
6/9/23 6:10,0,30,Freshwater
6/9/23 6:15,0,30,Freshwater
6/9/23 6:20,0,30,Freshwater
6/9/23 6:25,0,30,Freshwater
6/9/23 6:30,0,30,Freshwater
6/9/23 6:35,0,30,Freshwater
6/9/23 6:40,0,30,Freshwater
6/9/23 6:45,0,30,Freshwater
6/9/23 6:50,0,30,Freshwater
6/9/23 6:55,0,30,Freshwater
6/9/23 7:00,0,30,Freshwater
6/9/23 7:05,0,30,Freshwater
6/9/23 7:10,0,30,Freshwater
6/9/23 7:15,0,30,Freshwater
6/9/23 7:20,0,30,Freshwater
6/9/23 7:25,0,30,Freshwater
6/9/23 7:30,0,30,Freshwater
6/9/23 7:35,0,30,Freshwater
6/9/23 7:40,0,30,Freshwater
6/9/23 7:45,0,30,Freshwater
6/9/23 7:50,0,30,Freshwater
6/9/23 7:55,0,30,Freshwater
6/9/23 8:00,0,30,Freshwater
6/9/23 8:05,0,30,Freshwater
6/9/23 8:10,0,30,Freshwater
6/9/23 8:15,0,30,Freshwater
6/9/23 8:20,0,30,Freshwater
6/9/23 8:25,0,30,Freshwater
6/9/23 8:30,0,30,Freshwater
6/9/23 8:35,0,30,Freshwater
6/9/23 8:40,0,30,Freshwater
6/9/23 8:45,0,30,Freshwater
6/9/23 8:50,0,30,Freshwater
6/9/23 8:55,0,30,Freshwater
6/9/23 9:00,0,30,Freshwater
6/9/23 9:05,0,30,Freshwater
6/9/23 9:10,0,30,Freshwater
6/9/23 9:15,0,30,Freshwater
6/9/23 9:20,0,30,Freshwater
6/9/23 9:25,0,30,Freshwater
6/9/23 9:30,0,30,Freshwater
6/9/23 9:35,0,30,Freshwater
6/9/23 9:40,0,30,Freshwater
6/9/23 9:45,0,30,Freshwater
6/9/23 9:50,0,30,Freshwater
6/9/23 9:55,0,30,Freshwater
6/9/23 10:00,0,30,Freshwater
6/9/23 10:05,0,30,Freshwater
6/9/23 10:10,0,30,Freshwater
6/9/23 10:15,0,30,Freshwater
6/9/23 10:20,0,30,Freshwater
6/9/23 10:25,0.052,30,Freshwater
6/9/23 10:30,0.194,30,Freshwater
6/9/23 10:35,0.319,30,Freshwater
6/9/23 10:40,0.468,30,Freshwater
6/9/23 10:45,0.662,30,Freshwater
6/9/23 10:50,0.905,30,Freshwater
6/9/23 10:55,1.116,30,Freshwater
6/9/23 11:00,1.366,30,Freshwater
6/9/23 11:05,1.62,30,Freshwater
6/9/23 11:10,1.961,30,Freshwater
6/9/23 11:15,2.349,30,Freshwater
6/9/23 11:20,2.715,30,Freshwater
6/9/23 11:25,3.191,30,Freshwater
6/9/23 11:30,3.749,30,Freshwater
6/9/23 11:35,4.424,30,Freshwater
6/9/23 11:40,5.264,30,Freshwater
6/9/23 11:45,6.268,30,Freshwater
6/9/23 11:50,7.622,30,Freshwater
6/9/23 11:55,9.081,30,Freshwater
6/9/23 12:00,10.598,30,Freshwater
6/9/23 12:05,12.241,30,Freshwater
6/9/23 12:10,14.115,30,Freshwater
6/9/23 12:15,16.242,30,Freshwater
6/9/23 12:20,18.497,30,Freshwater
6/9/23 12:25,21.029,30,Freshwater
6/9/23 12:30,23.79,30,Freshwater
6/9/23 12:35,26.592,30,Freshwater
6/9/23 12:40,29.516,30,Freshwater
6/9/23 12:45,32.441,30,Freshwater
6/9/23 12:50,35.235,30,Freshwater
6/9/23 12:55,38.031,30,Freshwater
6/9/23 13:00,40.816,30,Freshwater
6/9/23 13:05,43.614,30,Freshwater
6/9/23 13:10,46.271,30,Freshwater
6/9/23 13:15,48.827,30,Freshwater
6/9/23 13:20,51.335,30,Freshwater
6/9/23 13:25,53.873,30,Freshwater
6/9/23 13:30,56.289,30,Freshwater
6/9/23 13:35,58.583,30,Freshwater
6/9/23 13:40,60.618,30,Freshwater
6/9/23 13:45,62.374,30,Freshwater
6/9/23 13:50,63.814,30,Freshwater
6/9/23 13:55,65.127,30,Freshwater
6/9/23 14:00,66.425,30,Freshwater
6/9/23 14:05,67.666,30,Freshwater
6/9/23 14:10,69.086,30,Freshwater
6/9/23 14:15,70.45,30,Freshwater
6/9/23 14:20,71.847,30,Freshwater
6/9/23 14:25,73.146,30,Freshwater
6/9/23 14:30,74.235,30,Freshwater
6/9/23 14:35,75.107,30,Freshwater
6/9/23 14:40,75.943,30,Freshwater
6/9/23 14:45,76.775,30,Freshwater
6/9/23 14:50,77.487,30,Freshwater
6/9/23 14:55,78.199,30,Freshwater
6/9/23 15:00,78.879,30,Freshwater
6/9/23 15:05,79.633,30,Freshwater
6/9/23 15:10,80.3,30,Freshwater
6/9/23 15:15,80.975,30,Freshwater
6/9/23 15:20,81.504,30,Freshwater
6/9/23 15:25,81.974,30,Freshwater
6/9/23 15:30,82.474,30,Freshwater
6/9/23 15:35,91.547,5,Freshwater
6/9/23 15:40,91.488,5,Freshwater
6/9/23 15:45,91.542,5,Freshwater
6/9/23 15:50,91.467,5,Freshwater
6/9/23 15:55,91.472,5,Freshwater
6/9/23 16:00,91.45,5,Freshwater
6/9/23 16:05,91.431,5,Freshwater
6/9/23 16:10,91.374,5,Freshwater
6/9/23 16:15,91.402,5,Freshwater
6/9/23 16:20,91.35,5,Freshwater
6/9/23 16:25,91.423,5,Freshwater
6/9/23 16:30,91.474,5,Freshwater
6/9/23 16:35,91.479,5,Freshwater
6/9/23 16:40,91.383,5,Freshwater
6/9/23 16:45,91.336,5,Freshwater
6/9/23 16:50,91.364,5,Freshwater
6/9/23 16:55,91.352,5,Freshwater
6/9/23 17:00,91.356,5,Freshwater
6/9/23 17:05,91.27,5,Freshwater
6/9/23 17:10,91.272,5,Freshwater
6/9/23 17:15,91.127,5,Freshwater
6/9/23 17:20,91.156,5,Freshwater
6/9/23 17:25,91.179,5,Freshwater
6/9/23 17:30,91.199,5,Freshwater
6/9/23 17:35,91.17,5,Freshwater
6/9/23 17:40,91.186,5,Freshwater
6/9/23 17:45,91.192,5,Freshwater
6/9/23 17:50,91.26,5,Freshwater
6/9/23 17:55,91.171,5,Freshwater
6/9/23 18:00,91.357,5,Freshwater
6/9/23 18:05,91.258,5,Freshwater
6/9/23 18:10,91.154,5,Freshwater
6/9/23 18:15,91.195,5,Freshwater
6/9/23 18:20,91.225,5,Freshwater
6/9/23 18:25,91.244,5,Freshwater
6/9/23 18:30,91.18,5,Freshwater
6/9/23 18:35,91.147,5,Freshwater
6/9/23 18:40,91.239,5,Freshwater
6/9/23 18:45,91.318,5,Freshwater
6/9/23 18:50,91.351,5,Freshwater
6/9/23 18:55,91.467,5,Freshwater
6/9/23 19:00,91.301,5,Freshwater
6/9/23 19:05,91.241,5,Freshwater
6/9/23 19:10,91.265,5,Freshwater
6/9/23 19:15,91.291,5,Freshwater
6/9/23 19:20,91.306,5,Freshwater
6/9/23 19:25,91.219,5,Freshwater
6/9/23 19:30,91.393,5,Freshwater
6/9/23 19:35,91.449,5,Freshwater
6/9/23 19:40,91.448,5,Freshwater
6/9/23 19:45,91.454,5,Freshwater
6/9/23 19:50,91.536,5,Freshwater
6/9/23 19:55,91.486,5,Freshwater
6/9/23 20:00,91.531,5,Freshwater
6/9/23 20:05,91.495,5,Freshwater
6/9/23 20:10,91.547,5,Freshwater
6/9/23 20:15,91.5,5,Freshwater
6/9/23 20:20,91.557,5,Freshwater
6/9/23 20:25,91.537,5,Freshwater
6/9/23 20:30,91.502,5,Freshwater
6/9/23 20:35,91.63,5,Freshwater
6/9/23 20:40,91.44,5,Freshwater
6/9/23 20:45,91.416,5,Freshwater
6/9/23 20:50,91.438,5,Freshwater
6/9/23 20:55,91.451,5,Freshwater
6/9/23 21:00,91.459,5,Freshwater
6/9/23 21:05,91.52,5,Freshwater
6/9/23 21:10,91.474,5,Freshwater
6/9/23 21:15,91.464,5,Freshwater
6/9/23 21:20,91.419,5,Freshwater
6/9/23 21:25,91.49,5,Freshwater
6/9/23 21:30,91.408,5,Freshwater
6/9/23 21:35,91.43,5,Freshwater
6/9/23 21:40,91.525,5,Freshwater
6/9/23 21:45,91.389,5,Freshwater
6/9/23 21:50,91.452,5,Freshwater
6/9/23 21:55,91.43,5,Freshwater
6/9/23 22:00,91.446,5,Freshwater
6/9/23 22:05,91.436,5,Freshwater
6/9/23 22:10,91.508,5,Freshwater
6/9/23 22:15,91.453,5,Freshwater
6/9/23 22:20,91.413,5,Freshwater
6/9/23 22:25,91.415,5,Freshwater
6/9/23 22:30,91.482,5,Freshwater
6/9/23 22:35,91.524,5,Freshwater
6/9/23 22:40,91.466,5,Freshwater
6/9/23 22:45,91.364,5,Freshwater
6/9/23 22:50,91.433,5,Freshwater
6/9/23 22:55,91.562,5,Freshwater
6/9/23 23:00,91.533,5,Freshwater
6/9/23 23:05,91.407,5,Freshwater
6/9/23 23:10,91.451,5,Freshwater
6/9/23 23:15,91.371,5,Freshwater
6/9/23 23:20,91.392,5,Freshwater
6/9/23 23:25,91.356,5,Freshwater
6/9/23 23:30,91.358,5,Freshwater
6/9/23 23:35,91.359,5,Freshwater
6/9/23 23:40,91.411,5,Freshwater
6/9/23 23:45,91.366,5,Freshwater
6/9/23 23:50,91.362,5,Freshwater
6/9/23 23:55,91.371,5,Freshwater
6/10/23,91.288,5,Freshwater
6/10/23 0:05,91.336,5,Freshwater
6/10/23 0:10,91.381,5,Freshwater
6/10/23 0:15,91.334,5,Freshwater
6/10/23 0:20,91.39,5,Freshwater
6/10/23 0:25,91.297,5,Freshwater
6/10/23 0:30,91.347,5,Freshwater
6/10/23 0:35,91.386,5,Freshwater
6/10/23 0:40,91.285,5,Freshwater
6/10/23 0:45,91.298,5,Freshwater
6/10/23 0:50,91.315,5,Freshwater
6/10/23 0:55,91.345,5,Freshwater
6/10/23 1:00,91.362,5,Freshwater
6/10/23 1:05,91.278,5,Freshwater
6/10/23 1:10,91.426,5,Freshwater
6/10/23 1:15,91.221,5,Freshwater
6/10/23 1:20,91.325,5,Freshwater
6/10/23 1:25,91.268,5,Freshwater
6/10/23 1:30,91.277,5,Freshwater
6/10/23 1:35,91.327,5,Freshwater
6/10/23 1:40,91.315,5,Freshwater
6/10/23 1:45,91.249,5,Freshwater
6/10/23 1:50,91.272,5,Freshwater
6/10/23 1:55,91.251,5,Freshwater
6/10/23 2:00,91.271,5,Freshwater
6/10/23 2:05,91.231,5,Freshwater
6/10/23 2:10,91.292,5,Freshwater
6/10/23 2:15,91.216,5,Freshwater
6/10/23 2:20,91.213,5,Freshwater
6/10/23 2:25,91.336,5,Freshwater
6/10/23 2:30,91.242,5,Freshwater
6/10/23 2:35,91.203,5,Freshwater
6/10/23 2:40,91.19,5,Freshwater
6/10/23 2:45,91.161,5,Freshwater
6/10/23 2:50,91.201,5,Freshwater
6/10/23 2:55,91.206,5,Freshwater
6/10/23 3:00,91.163,5,Freshwater
6/10/23 3:05,91.206,5,Freshwater
6/10/23 3:10,91.11,5,Freshwater
6/10/23 3:15,91.216,5,Freshwater
6/10/23 3:20,91.215,5,Freshwater
6/10/23 3:25,91.131,5,Freshwater
6/10/23 3:30,91.171,5,Freshwater
6/10/23 3:35,91.141,5,Freshwater
6/10/23 3:40,91.167,5,Freshwater
6/10/23 3:45,91.199,5,Freshwater
6/10/23 3:50,91.118,5,Freshwater
6/10/23 3:55,91.141,5,Freshwater
6/10/23 4:00,91.211,5,Freshwater
6/10/23 4:05,91.256,5,Freshwater
6/10/23 4:10,91.187,5,Freshwater
6/10/23 4:15,91.234,5,Freshwater
6/10/23 4:20,91.238,5,Freshwater
6/10/23 4:25,91.19,5,Freshwater
6/10/23 4:30,91.155,5,Freshwater
6/10/23 4:35,91.209,5,Freshwater
6/10/23 4:40,91.197,5,Freshwater
6/10/23 4:45,91.196,5,Freshwater
6/10/23 4:50,91.276,5,Freshwater
6/10/23 4:55,91.222,5,Freshwater
6/10/23 5:00,91.193,5,Freshwater
6/10/23 5:05,91.228,5,Freshwater
6/10/23 5:10,91.211,5,Freshwater
6/10/23 5:15,91.229,5,Freshwater
6/10/23 5:20,91.197,5,Freshwater
6/10/23 5:25,91.24,5,Freshwater
6/10/23 5:30,91.223,5,Freshwater
6/10/23 5:35,91.164,5,Freshwater
6/10/23 5:40,91.196,5,Freshwater
6/10/23 5:45,91.21,5,Freshwater
6/10/23 5:50,91.158,5,Freshwater
6/10/23 5:55,91.199,5,Freshwater
6/10/23 6:00,91.245,5,Freshwater
6/10/23 6:05,91.299,5,Freshwater
6/10/23 6:10,91.233,5,Freshwater
6/10/23 6:15,91.255,5,Freshwater
6/10/23 6:20,91.222,5,Freshwater
6/10/23 6:25,91.221,5,Freshwater
6/10/23 6:30,91.225,5,Freshwater
6/10/23 6:35,91.222,5,Freshwater
6/10/23 6:40,91.256,5,Freshwater
6/10/23 6:45,91.215,5,Freshwater
6/10/23 6:50,91.221,5,Freshwater
6/10/23 6:55,91.165,5,Freshwater
6/10/23 7:00,91.238,5,Freshwater
6/10/23 7:05,91.31,5,Freshwater
6/10/23 7:10,91.346,5,Freshwater
6/10/23 7:15,91.346,5,Freshwater
6/10/23 7:20,91.324,5,Freshwater
6/10/23 7:25,91.284,5,Freshwater
6/10/23 7:30,91.361,5,Freshwater
6/10/23 7:35,91.319,5,Freshwater
6/10/23 7:40,91.29,5,Freshwater
6/10/23 7:45,91.383,5,Freshwater
6/10/23 7:50,91.389,5,Freshwater
6/10/23 7:55,91.409,5,Freshwater
6/10/23 8:00,91.412,5,Freshwater
6/10/23 8:05,91.309,5,Freshwater
6/10/23 8:10,91.381,5,Freshwater
6/10/23 8:15,91.407,5,Freshwater
6/10/23 8:20,91.386,5,Freshwater
6/10/23 8:25,91.359,5,Freshwater
6/10/23 8:30,91.356,5,Freshwater
6/10/23 8:35,91.386,5,Freshwater
6/10/23 8:40,91.454,5,Freshwater
6/10/23 8:45,91.45,5,Freshwater
6/10/23 8:50,91.529,5,Freshwater
6/10/23 8:55,91.391,5,Freshwater
6/10/23 9:00,91.508,5,Freshwater
6/10/23 9:05,91.535,5,Freshwater
6/10/23 9:10,91.589,5,Freshwater
6/10/23 9:15,91.586,5,Freshwater
6/10/23 9:20,91.566,5,Freshwater
6/10/23 9:25,91.657,5,Freshwater
6/10/23 9:30,91.699,5,Freshwater
6/10/23 9:35,91.644,5,Freshwater
6/10/23 9:40,91.763,5,Freshwater
6/10/23 9:45,91.692,5,Freshwater
6/10/23 9:50,91.736,5,Freshwater
6/10/23 9:55,91.826,5,Freshwater
6/10/23 10:00,91.787,5,Freshwater
6/10/23 10:05,91.768,5,Freshwater
6/10/23 10:10,91.866,5,Freshwater
6/10/23 10:15,91.899,5,Freshwater
6/10/23 10:20,91.848,5,Freshwater
6/10/23 10:25,91.928,5,Freshwater
6/10/23 10:30,92.005,5,Freshwater
6/10/23 10:35,91.866,5,Freshwater
6/10/23 10:40,91.981,5,Freshwater
6/10/23 10:45,92.207,5,Freshwater
6/10/23 10:50,92.035,5,Freshwater
6/10/23 10:55,92.028,5,Freshwater
6/10/23 11:00,92.064,5,Freshwater
6/10/23 11:05,92.193,5,Freshwater
6/10/23 11:10,92.324,5,Freshwater
6/10/23 11:15,92.205,5,Freshwater
6/10/23 11:20,92.24,5,Freshwater
6/10/23 11:25,92.264,5,Freshwater
6/10/23 11:30,92.279,5,Freshwater
6/10/23 11:35,92.274,5,Freshwater
6/10/23 11:40,92.264,5,Freshwater
6/10/23 11:45,92.41,5,Freshwater
6/10/23 11:50,92.306,5,Freshwater
6/10/23 11:55,92.351,5,Freshwater
6/10/23 12:00,92.514,5,Freshwater
6/10/23 12:05,92.451,5,Freshwater
6/10/23 12:10,92.364,5,Freshwater
6/10/23 12:15,92.452,5,Freshwater
6/10/23 12:20,92.463,5,Freshwater
6/10/23 12:25,92.567,5,Freshwater
6/10/23 12:30,92.494,5,Freshwater
6/10/23 12:35,92.41,5,Freshwater
6/10/23 12:40,92.528,5,Freshwater
6/10/23 12:45,92.43,5,Freshwater
6/10/23 12:50,92.521,5,Freshwater
6/10/23 12:55,92.493,5,Freshwater
6/10/23 13:00,92.472,5,Freshwater
6/10/23 13:05,92.469,5,Freshwater
6/10/23 13:10,92.592,5,Freshwater
6/10/23 13:15,92.499,5,Freshwater
6/10/23 13:20,92.576,5,Freshwater
6/10/23 13:25,92.58,5,Freshwater
6/10/23 13:30,92.63,5,Freshwater
6/10/23 13:35,92.632,5,Freshwater
6/10/23 13:40,92.677,5,Freshwater
6/10/23 13:45,92.647,5,Freshwater
6/10/23 13:50,92.529,5,Freshwater
6/10/23 13:55,92.657,5,Freshwater
6/10/23 14:00,92.644,5,Freshwater
6/10/23 14:05,92.617,5,Freshwater
6/10/23 14:10,92.57,5,Freshwater
6/10/23 14:15,92.607,5,Freshwater
6/10/23 14:20,92.638,5,Freshwater
6/10/23 14:25,92.588,5,Freshwater
6/10/23 14:30,92.595,5,Freshwater
6/10/23 14:35,92.57,5,Freshwater
6/10/23 14:40,92.603,5,Freshwater
6/10/23 14:45,92.58,5,Freshwater
6/10/23 14:50,92.49,5,Freshwater
6/10/23 14:55,92.541,5,Freshwater
6/10/23 15:00,92.531,5,Freshwater
6/10/23 15:05,92.571,5,Freshwater
6/10/23 15:10,92.576,5,Freshwater
6/10/23 15:15,92.677,5,Freshwater
6/10/23 15:20,92.575,5,Freshwater
6/10/23 15:25,92.666,5,Freshwater
6/10/23 15:30,92.546,5,Freshwater
6/10/23 15:35,92.636,5,Freshwater
6/10/23 15:40,92.66,5,Freshwater
6/10/23 15:45,92.682,5,Freshwater
6/10/23 15:50,92.471,5,Freshwater
6/10/23 15:55,92.69,5,Freshwater
6/10/23 16:00,92.586,5,Freshwater
6/10/23 16:05,92.644,5,Freshwater
6/10/23 16:10,92.632,5,Freshwater
6/10/23 16:15,92.657,5,Freshwater
6/10/23 16:20,92.708,5,Freshwater
6/10/23 16:25,92.701,5,Freshwater
6/10/23 16:30,92.685,5,Freshwater
6/10/23 16:35,92.625,5,Freshwater
6/10/23 16:40,92.592,5,Freshwater
6/10/23 16:45,92.579,5,Freshwater
6/10/23 16:50,92.562,5,Freshwater
6/10/23 16:55,92.572,5,Freshwater
6/10/23 17:00,92.576,5,Freshwater
6/10/23 17:05,92.608,5,Freshwater
6/10/23 17:10,92.7,5,Freshwater
6/10/23 17:15,92.612,5,Freshwater
6/10/23 17:20,92.603,5,Freshwater
6/10/23 17:25,92.619,5,Freshwater
6/10/23 17:30,92.589,5,Freshwater
6/10/23 17:35,92.586,5,Freshwater
6/10/23 17:40,92.593,5,Freshwater
6/10/23 17:45,92.577,5,Freshwater
6/10/23 17:50,92.576,5,Freshwater
6/10/23 17:55,92.552,5,Freshwater
6/10/23 18:00,92.611,5,Freshwater
6/10/23 18:05,92.494,5,Freshwater
6/10/23 18:10,92.576,5,Freshwater
6/10/23 18:15,92.542,5,Freshwater
6/10/23 18:20,92.534,5,Freshwater
6/10/23 18:25,92.476,5,Freshwater
6/10/23 18:30,92.533,5,Freshwater
6/10/23 18:35,92.471,5,Freshwater
6/10/23 18:40,92.527,5,Freshwater
6/10/23 18:45,92.49,5,Freshwater
6/10/23 18:50,92.485,5,Freshwater
6/10/23 18:55,92.403,5,Freshwater
6/10/23 19:00,92.375,5,Freshwater
6/10/23 19:05,92.454,5,Freshwater
6/10/23 19:10,92.426,5,Freshwater
6/10/23 19:15,92.469,5,Freshwater
6/10/23 19:20,92.41,5,Freshwater
6/10/23 19:25,92.351,5,Freshwater
6/10/23 19:30,92.258,5,Freshwater
6/10/23 19:35,92.343,5,Freshwater
6/10/23 19:40,92.273,5,Freshwater
6/10/23 19:45,92.272,5,Freshwater
6/10/23 19:50,92.317,5,Freshwater
6/10/23 19:55,92.305,5,Freshwater
6/10/23 20:00,92.284,5,Freshwater
6/10/23 20:05,92.292,5,Freshwater
6/10/23 20:10,92.263,5,Freshwater
6/10/23 20:15,92.173,5,Freshwater
6/10/23 20:20,92.292,5,Freshwater
6/10/23 20:25,92.265,5,Freshwater
6/10/23 20:30,92.157,5,Freshwater
6/10/23 20:35,92.14,5,Freshwater
6/10/23 20:40,92.201,5,Freshwater
6/10/23 20:45,92.198,5,Freshwater
6/10/23 20:50,92.18,5,Freshwater
6/10/23 20:55,92.177,5,Freshwater
6/10/23 21:00,92.163,5,Freshwater
6/10/23 21:05,92.162,5,Freshwater
6/10/23 21:10,92.21,5,Freshwater
6/10/23 21:15,92.158,5,Freshwater
6/10/23 21:20,92.081,5,Freshwater
6/10/23 21:25,92.185,5,Freshwater
6/10/23 21:30,92.157,5,Freshwater
6/10/23 21:35,92.197,5,Freshwater
6/10/23 21:40,92.12,5,Freshwater
6/10/23 21:45,92.155,5,Freshwater
6/10/23 21:50,92.19,5,Freshwater
6/10/23 21:55,92.158,5,Freshwater
6/10/23 22:00,92.1,5,Freshwater
6/10/23 22:05,92.158,5,Freshwater
6/10/23 22:10,92.12,5,Freshwater
6/10/23 22:15,92.159,5,Freshwater
6/10/23 22:20,92.131,5,Freshwater
6/10/23 22:25,92.215,5,Freshwater
6/10/23 22:30,92.126,5,Freshwater
6/10/23 22:35,92.205,5,Freshwater
6/10/23 22:40,92.217,5,Freshwater
6/10/23 22:45,92.214,5,Freshwater
6/10/23 22:50,92.215,5,Freshwater
6/10/23 22:55,92.224,5,Freshwater
6/10/23 23:00,92.26,5,Freshwater
6/10/23 23:05,92.184,5,Freshwater
6/10/23 23:10,92.17,5,Freshwater
6/10/23 23:15,92.202,5,Freshwater
6/10/23 23:20,92.13,5,Freshwater
6/10/23 23:25,92.274,5,Freshwater
6/10/23 23:30,92.222,5,Freshwater
6/10/23 23:35,92.19,5,Freshwater
6/10/23 23:40,92.243,5,Freshwater
6/10/23 23:45,92.155,5,Freshwater
6/10/23 23:50,92.194,5,Freshwater
6/10/23 23:55,92.201,5,Freshwater
6/11/23,92.211,5,Freshwater
6/11/23 0:05,92.214,5,Freshwater
6/11/23 0:10,92.152,5,Freshwater
6/11/23 0:15,92.246,5,Freshwater
6/11/23 0:20,92.252,5,Freshwater
6/11/23 0:25,92.258,5,Freshwater
6/11/23 0:30,92.197,5,Freshwater
6/11/23 0:35,92.259,5,Freshwater
6/11/23 0:40,92.275,5,Freshwater
6/11/23 0:45,92.241,5,Freshwater
6/11/23 0:50,92.301,5,Freshwater
6/11/23 0:55,92.21,5,Freshwater
6/11/23 1:00,92.21,5,Freshwater
6/11/23 1:05,92.213,5,Freshwater
6/11/23 1:10,92.193,5,Freshwater
6/11/23 1:15,92.196,5,Freshwater
6/11/23 1:20,92.329,5,Freshwater
6/11/23 1:25,92.251,5,Freshwater
6/11/23 1:30,92.324,5,Freshwater
6/11/23 1:35,92.265,5,Freshwater
6/11/23 1:40,92.336,5,Freshwater
6/11/23 1:45,92.213,5,Freshwater
6/11/23 1:50,92.118,5,Freshwater
6/11/23 1:55,92.251,5,Freshwater
6/11/23 2:00,92.246,5,Freshwater
6/11/23 2:05,92.11,5,Freshwater
6/11/23 2:10,92.213,5,Freshwater
6/11/23 2:15,92.216,5,Freshwater
6/11/23 2:20,92.24,5,Freshwater
6/11/23 2:25,92.222,5,Freshwater
6/11/23 2:30,92.216,5,Freshwater
6/11/23 2:35,92.256,5,Freshwater
6/11/23 2:40,92.279,5,Freshwater
6/11/23 2:45,92.257,5,Freshwater
6/11/23 2:50,92.23,5,Freshwater
6/11/23 2:55,92.26,5,Freshwater
6/11/23 3:00,92.234,5,Freshwater
6/11/23 3:05,92.315,5,Freshwater
6/11/23 3:10,92.171,5,Freshwater
6/11/23 3:15,92.195,5,Freshwater
6/11/23 3:20,92.218,5,Freshwater
6/11/23 3:25,92.271,5,Freshwater
6/11/23 3:30,92.228,5,Freshwater
6/11/23 3:35,92.2,5,Freshwater
6/11/23 3:40,92.325,5,Freshwater
6/11/23 3:45,92.248,5,Freshwater
6/11/23 3:50,92.157,5,Freshwater
6/11/23 3:55,92.256,5,Freshwater
6/11/23 4:00,92.195,5,Freshwater
6/11/23 4:05,92.155,5,Freshwater
6/11/23 4:10,92.23,5,Freshwater
6/11/23 4:15,92.249,5,Freshwater
6/11/23 4:20,92.303,5,Freshwater
6/11/23 4:25,92.288,5,Freshwater
6/11/23 4:30,92.326,5,Freshwater
6/11/23 4:35,92.25,5,Freshwater
6/11/23 4:40,92.242,5,Freshwater
6/11/23 4:45,92.306,5,Freshwater
6/11/23 4:50,92.256,5,Freshwater
6/11/23 4:55,92.277,5,Freshwater
6/11/23 5:00,92.193,5,Freshwater
6/11/23 5:05,92.229,5,Freshwater
6/11/23 5:10,92.284,5,Freshwater
6/11/23 5:15,92.268,5,Freshwater
6/11/23 5:20,92.291,5,Freshwater
6/11/23 5:25,92.184,5,Freshwater
6/11/23 5:30,92.221,5,Freshwater
6/11/23 5:35,92.274,5,Freshwater
6/11/23 5:40,92.249,5,Freshwater
6/11/23 5:45,92.236,5,Freshwater
6/11/23 5:50,92.304,5,Freshwater
6/11/23 5:55,92.175,5,Freshwater
6/11/23 6:00,92.237,5,Freshwater
6/11/23 6:05,92.238,5,Freshwater
6/11/23 6:10,92.224,5,Freshwater
6/11/23 6:15,92.25,5,Freshwater
6/11/23 6:20,92.208,5,Freshwater
6/11/23 6:25,92.285,5,Freshwater
6/11/23 6:30,92.301,5,Freshwater
6/11/23 6:35,92.291,5,Freshwater
6/11/23 6:40,92.222,5,Freshwater
6/11/23 6:45,92.293,5,Freshwater
6/11/23 6:50,92.291,5,Freshwater
6/11/23 6:55,92.254,5,Freshwater
6/11/23 7:00,92.354,5,Freshwater
6/11/23 7:05,92.362,5,Freshwater
6/11/23 7:10,92.295,5,Freshwater
6/11/23 7:15,92.331,5,Freshwater
6/11/23 7:20,92.33,5,Freshwater
6/11/23 7:25,92.416,5,Freshwater
6/11/23 7:30,92.319,5,Freshwater
6/11/23 7:35,92.289,5,Freshwater
6/11/23 7:40,92.418,5,Freshwater
6/11/23 7:45,92.47,5,Freshwater
6/11/23 7:50,92.509,5,Freshwater
6/11/23 7:55,92.492,5,Freshwater
6/11/23 8:00,92.502,5,Freshwater
6/11/23 8:05,92.557,5,Freshwater
6/11/23 8:10,92.583,5,Freshwater
6/11/23 8:15,92.564,5,Freshwater
6/11/23 8:20,92.697,5,Freshwater
6/11/23 8:25,92.636,5,Freshwater
6/11/23 8:30,92.684,5,Freshwater
6/11/23 8:35,92.606,5,Freshwater
6/11/23 8:40,92.709,5,Freshwater
6/11/23 8:45,92.763,5,Freshwater
6/11/23 8:50,92.697,5,Freshwater
6/11/23 8:55,92.73,5,Freshwater
6/11/23 9:00,92.689,5,Freshwater
6/11/23 9:05,92.731,5,Freshwater
6/11/23 9:10,92.707,5,Freshwater
6/11/23 9:15,92.765,5,Freshwater
6/11/23 9:20,92.832,5,Freshwater
6/11/23 9:25,92.809,5,Freshwater
6/11/23 9:30,92.821,5,Freshwater
6/11/23 9:35,92.872,5,Freshwater
6/11/23 9:40,92.872,5,Freshwater
6/11/23 9:45,92.796,5,Freshwater
6/11/23 9:50,92.814,5,Freshwater
6/11/23 9:55,92.855,5,Freshwater
6/11/23 10:00,92.88,5,Freshwater
6/11/23 10:05,92.992,5,Freshwater
6/11/23 10:10,92.939,5,Freshwater
6/11/23 10:15,92.995,5,Freshwater
6/11/23 10:20,93.06,5,Freshwater
6/11/23 10:25,93.091,5,Freshwater
6/11/23 10:30,93.014,5,Freshwater
6/11/23 10:35,93.048,5,Freshwater
6/11/23 10:40,93.098,5,Freshwater
6/11/23 10:45,93.313,5,Freshwater
6/11/23 10:50,93.274,5,Freshwater
6/11/23 10:55,93.284,5,Freshwater
6/11/23 11:00,93.313,5,Freshwater
6/11/23 11:05,93.399,5,Freshwater
6/11/23 11:10,93.533,5,Freshwater
6/11/23 11:15,93.516,5,Freshwater
6/11/23 11:20,93.56,5,Freshwater
6/11/23 11:25,93.56,5,Freshwater
6/11/23 11:30,93.513,5,Freshwater
6/11/23 11:35,93.612,5,Freshwater
6/11/23 11:40,93.546,5,Freshwater
6/11/23 11:45,93.498,5,Freshwater
6/11/23 11:50,93.559,5,Freshwater
6/11/23 11:55,93.593,5,Freshwater
6/11/23 12:00,93.583,5,Freshwater
6/11/23 12:05,93.654,5,Freshwater
6/11/23 12:10,93.602,5,Freshwater
6/11/23 12:15,93.589,5,Freshwater
6/11/23 12:20,93.574,5,Freshwater
6/11/23 12:25,93.673,5,Freshwater
6/11/23 12:30,93.629,5,Freshwater
6/11/23 12:35,93.684,5,Freshwater
6/11/23 12:40,93.639,5,Freshwater
6/11/23 12:45,93.629,5,Freshwater
6/11/23 12:50,93.629,5,Freshwater
6/11/23 12:55,93.621,5,Freshwater
6/11/23 13:00,93.631,5,Freshwater
6/11/23 13:05,93.633,5,Freshwater
6/11/23 13:10,93.684,5,Freshwater
6/11/23 13:15,93.647,5,Freshwater
6/11/23 13:20,93.707,5,Freshwater
6/11/23 13:25,93.597,5,Freshwater
6/11/23 13:30,93.742,5,Freshwater
6/11/23 13:35,93.67,5,Freshwater
6/11/23 13:40,93.722,5,Freshwater
6/11/23 13:45,93.766,5,Freshwater
6/11/23 13:50,93.734,5,Freshwater
6/11/23 13:55,93.699,5,Freshwater
6/11/23 14:00,93.65,5,Freshwater
6/11/23 14:05,93.681,5,Freshwater
6/11/23 14:10,93.777,5,Freshwater
6/11/23 14:15,93.652,5,Freshwater
6/11/23 14:20,93.749,5,Freshwater
6/11/23 14:25,93.59,5,Freshwater
6/11/23 14:30,93.701,5,Freshwater
6/11/23 14:35,93.677,5,Freshwater
6/11/23 14:40,93.615,5,Freshwater
6/11/23 14:45,93.676,5,Freshwater
6/11/23 14:50,93.628,5,Freshwater
6/11/23 14:55,93.779,5,Freshwater
6/11/23 15:00,93.814,5,Freshwater
6/11/23 15:05,93.713,5,Freshwater
6/11/23 15:10,93.721,5,Freshwater
6/11/23 15:15,93.843,5,Freshwater
6/11/23 15:20,93.755,5,Freshwater
6/11/23 15:25,93.673,5,Freshwater
6/11/23 15:30,93.752,5,Freshwater
6/11/23 15:35,93.693,5,Freshwater
6/11/23 15:40,93.806,5,Freshwater
6/11/23 15:45,93.758,5,Freshwater
6/11/23 15:50,93.796,5,Freshwater
6/11/23 15:55,93.752,5,Freshwater
6/11/23 16:00,93.766,5,Freshwater
6/11/23 16:05,93.71,5,Freshwater
6/11/23 16:10,93.758,5,Freshwater
6/11/23 16:15,93.791,5,Freshwater
6/11/23 16:20,93.819,5,Freshwater
6/11/23 16:25,93.757,5,Freshwater
6/11/23 16:30,93.713,5,Freshwater
6/11/23 16:35,93.802,5,Freshwater
6/11/23 16:40,93.818,5,Freshwater
6/11/23 16:45,93.693,5,Freshwater
6/11/23 16:50,93.688,5,Freshwater
6/11/23 16:55,93.787,5,Freshwater
6/11/23 17:00,93.731,5,Freshwater
6/11/23 17:05,93.854,5,Freshwater
6/11/23 17:10,93.744,5,Freshwater
6/11/23 17:15,93.762,5,Freshwater
6/11/23 17:20,93.696,5,Freshwater
6/11/23 17:25,93.726,5,Freshwater
6/11/23 17:30,93.773,5,Freshwater
6/11/23 17:35,93.744,5,Freshwater
6/11/23 17:40,93.804,5,Freshwater
6/11/23 17:45,93.729,5,Freshwater
6/11/23 17:50,93.766,5,Freshwater
6/11/23 17:55,93.776,5,Freshwater
6/11/23 18:00,93.697,5,Freshwater
6/11/23 18:05,93.792,5,Freshwater
6/11/23 18:10,93.704,5,Freshwater
6/11/23 18:15,93.767,5,Freshwater
6/11/23 18:20,93.803,5,Freshwater
6/11/23 18:25,93.722,5,Freshwater
6/11/23 18:30,93.799,5,Freshwater
6/11/23 18:35,93.734,5,Freshwater
6/11/23 18:40,93.761,5,Freshwater
6/11/23 18:45,93.699,5,Freshwater
6/11/23 18:50,93.655,5,Freshwater
6/11/23 18:55,93.698,5,Freshwater
6/11/23 19:00,93.809,5,Freshwater
6/11/23 19:05,93.721,5,Freshwater
6/11/23 19:10,93.751,5,Freshwater
6/11/23 19:15,93.745,5,Freshwater
6/11/23 19:20,93.782,5,Freshwater
6/11/23 19:25,93.741,5,Freshwater
6/11/23 19:30,93.645,5,Freshwater
6/11/23 19:35,93.692,5,Freshwater
6/11/23 19:40,93.655,5,Freshwater
6/11/23 19:45,93.7,5,Freshwater
6/11/23 19:50,93.564,5,Freshwater
6/11/23 19:55,93.59,5,Freshwater
6/11/23 20:00,93.649,5,Freshwater
6/11/23 20:05,93.525,5,Freshwater
6/11/23 20:10,93.624,5,Freshwater
6/11/23 20:15,93.645,5,Freshwater
6/11/23 20:20,93.575,5,Freshwater
6/11/23 20:25,93.498,5,Freshwater
6/11/23 20:30,93.535,5,Freshwater
6/11/23 20:35,93.533,5,Freshwater
6/11/23 20:40,93.404,5,Freshwater
6/11/23 20:45,93.388,5,Freshwater
6/11/23 20:50,93.489,5,Freshwater
6/11/23 20:55,93.356,5,Freshwater
6/11/23 21:00,93.398,5,Freshwater
6/11/23 21:05,93.357,5,Freshwater
6/11/23 21:10,93.392,5,Freshwater
6/11/23 21:15,93.328,5,Freshwater
6/11/23 21:20,93.461,5,Freshwater
6/11/23 21:25,93.325,5,Freshwater
6/11/23 21:30,93.387,5,Freshwater
6/11/23 21:35,93.443,5,Freshwater
6/11/23 21:40,93.434,5,Freshwater
6/11/23 21:45,93.349,5,Freshwater
6/11/23 21:50,93.357,5,Freshwater
6/11/23 21:55,93.284,5,Freshwater
6/11/23 22:00,93.409,5,Freshwater
6/11/23 22:05,93.428,5,Freshwater
6/11/23 22:10,93.369,5,Freshwater
6/11/23 22:15,93.237,5,Freshwater
6/11/23 22:20,93.391,5,Freshwater
6/11/23 22:25,93.412,5,Freshwater
6/11/23 22:30,93.37,5,Freshwater
6/11/23 22:35,93.429,5,Freshwater
6/11/23 22:40,93.292,5,Freshwater
6/11/23 22:45,93.411,5,Freshwater
6/11/23 22:50,93.321,5,Freshwater
6/11/23 22:55,93.331,5,Freshwater
6/11/23 23:00,93.318,5,Freshwater
6/11/23 23:05,93.389,5,Freshwater
6/11/23 23:10,93.311,5,Freshwater
6/11/23 23:15,93.377,5,Freshwater
6/11/23 23:20,93.336,5,Freshwater
6/11/23 23:25,93.319,5,Freshwater
6/11/23 23:30,93.421,5,Freshwater
6/11/23 23:35,93.33,5,Freshwater
6/11/23 23:40,93.386,5,Freshwater
6/11/23 23:45,93.426,5,Freshwater
6/11/23 23:50,93.415,5,Freshwater
6/11/23 23:55,93.409,5,Freshwater
6/12/23,93.307,5,Freshwater
6/9/23 15:35,89.256,10,Freshwater
6/9/23 15:40,89.221,10,Freshwater
6/9/23 15:45,89.299,10,Freshwater
6/9/23 15:50,89.205,10,Freshwater
6/9/23 15:55,89.276,10,Freshwater
6/9/23 16:00,89.204,10,Freshwater
6/9/23 16:05,89.259,10,Freshwater
6/9/23 16:10,89.155,10,Freshwater
6/9/23 16:15,89.186,10,Freshwater
6/9/23 16:20,89.204,10,Freshwater
6/9/23 16:25,89.322,10,Freshwater
6/9/23 16:30,89.248,10,Freshwater
6/9/23 16:35,89.194,10,Freshwater
6/9/23 16:40,89.147,10,Freshwater
6/9/23 16:45,89.224,10,Freshwater
6/9/23 16:50,89.178,10,Freshwater
6/9/23 16:55,89.137,10,Freshwater
6/9/23 17:00,89.095,10,Freshwater
6/9/23 17:05,89.031,10,Freshwater
6/9/23 17:10,89.097,10,Freshwater
6/9/23 17:15,89.062,10,Freshwater
6/9/23 17:20,89.034,10,Freshwater
6/9/23 17:25,88.983,10,Freshwater
6/9/23 17:30,88.93,10,Freshwater
6/9/23 17:35,89.043,10,Freshwater
6/9/23 17:40,88.909,10,Freshwater
6/9/23 17:45,88.992,10,Freshwater
6/9/23 17:50,88.992,10,Freshwater
6/9/23 17:55,88.853,10,Freshwater
6/9/23 18:00,89.016,10,Freshwater
6/9/23 18:05,88.965,10,Freshwater
6/9/23 18:10,88.947,10,Freshwater
6/9/23 18:15,88.859,10,Freshwater
6/9/23 18:20,88.899,10,Freshwater
6/9/23 18:25,88.967,10,Freshwater
6/9/23 18:30,88.901,10,Freshwater
6/9/23 18:35,88.961,10,Freshwater
6/9/23 18:40,88.97,10,Freshwater
6/9/23 18:45,89.017,10,Freshwater
6/9/23 18:50,89.133,10,Freshwater
6/9/23 18:55,89.186,10,Freshwater
6/9/23 19:00,89.172,10,Freshwater
6/9/23 19:05,89.125,10,Freshwater
6/9/23 19:10,89.111,10,Freshwater
6/9/23 19:15,89.055,10,Freshwater
6/9/23 19:20,89.096,10,Freshwater
6/9/23 19:25,89.077,10,Freshwater
6/9/23 19:30,89.094,10,Freshwater
6/9/23 19:35,89.232,10,Freshwater
6/9/23 19:40,89.302,10,Freshwater
6/9/23 19:45,89.233,10,Freshwater
6/9/23 19:50,89.299,10,Freshwater
6/9/23 19:55,89.371,10,Freshwater
6/9/23 20:00,89.326,10,Freshwater
6/9/23 20:05,89.37,10,Freshwater
6/9/23 20:10,89.449,10,Freshwater
6/9/23 20:15,89.392,10,Freshwater
6/9/23 20:20,89.376,10,Freshwater
6/9/23 20:25,89.349,10,Freshwater
6/9/23 20:30,89.407,10,Freshwater
6/9/23 20:35,89.374,10,Freshwater
6/9/23 20:40,89.379,10,Freshwater
6/9/23 20:45,89.393,10,Freshwater
6/9/23 20:50,89.487,10,Freshwater
6/9/23 20:55,89.363,10,Freshwater
6/9/23 21:00,89.385,10,Freshwater
6/9/23 21:05,89.392,10,Freshwater
6/9/23 21:10,89.413,10,Freshwater
6/9/23 21:15,89.322,10,Freshwater
6/9/23 21:20,89.417,10,Freshwater
6/9/23 21:25,89.349,10,Freshwater
6/9/23 21:30,89.359,10,Freshwater
6/9/23 21:35,89.4,10,Freshwater
6/9/23 21:40,89.439,10,Freshwater
6/9/23 21:45,89.402,10,Freshwater
6/9/23 21:50,89.502,10,Freshwater
6/9/23 21:55,89.361,10,Freshwater
6/9/23 22:00,89.359,10,Freshwater
6/9/23 22:05,89.31,10,Freshwater
6/9/23 22:10,89.443,10,Freshwater
6/9/23 22:15,89.334,10,Freshwater
6/9/23 22:20,89.356,10,Freshwater
6/9/23 22:25,89.429,10,Freshwater
6/9/23 22:30,89.4,10,Freshwater
6/9/23 22:35,89.384,10,Freshwater
6/9/23 22:40,89.426,10,Freshwater
6/9/23 22:45,89.466,10,Freshwater
6/9/23 22:50,89.459,10,Freshwater
6/9/23 22:55,89.375,10,Freshwater
6/9/23 23:00,89.416,10,Freshwater
6/9/23 23:05,89.425,10,Freshwater
6/9/23 23:10,89.474,10,Freshwater
6/9/23 23:15,89.466,10,Freshwater
6/9/23 23:20,89.404,10,Freshwater
6/9/23 23:25,89.417,10,Freshwater
6/9/23 23:30,89.407,10,Freshwater
6/9/23 23:35,89.437,10,Freshwater
6/9/23 23:40,89.353,10,Freshwater
6/9/23 23:45,89.464,10,Freshwater
6/9/23 23:50,89.362,10,Freshwater
6/9/23 23:55,89.381,10,Freshwater
6/10/23,89.381,10,Freshwater
6/10/23 0:05,89.352,10,Freshwater
6/10/23 0:10,89.327,10,Freshwater
6/10/23 0:15,89.402,10,Freshwater
6/10/23 0:20,89.4,10,Freshwater
6/10/23 0:25,89.367,10,Freshwater
6/10/23 0:30,89.437,10,Freshwater
6/10/23 0:35,89.427,10,Freshwater
6/10/23 0:40,89.412,10,Freshwater
6/10/23 0:45,89.452,10,Freshwater
6/10/23 0:50,89.478,10,Freshwater
6/10/23 0:55,89.429,10,Freshwater
6/10/23 1:00,89.415,10,Freshwater
6/10/23 1:05,89.318,10,Freshwater
6/10/23 1:10,89.433,10,Freshwater
6/10/23 1:15,89.429,10,Freshwater
6/10/23 1:20,89.501,10,Freshwater
6/10/23 1:25,89.376,10,Freshwater
6/10/23 1:30,89.486,10,Freshwater
6/10/23 1:35,89.454,10,Freshwater
6/10/23 1:40,89.549,10,Freshwater
6/10/23 1:45,89.388,10,Freshwater
6/10/23 1:50,89.432,10,Freshwater
6/10/23 1:55,89.454,10,Freshwater
6/10/23 2:00,89.341,10,Freshwater
6/10/23 2:05,89.429,10,Freshwater
6/10/23 2:10,89.494,10,Freshwater
6/10/23 2:15,89.523,10,Freshwater
6/10/23 2:20,89.452,10,Freshwater
6/10/23 2:25,89.488,10,Freshwater
6/10/23 2:30,89.578,10,Freshwater
6/10/23 2:35,89.484,10,Freshwater
6/10/23 2:40,89.5,10,Freshwater
6/10/23 2:45,89.38,10,Freshwater
6/10/23 2:50,89.429,10,Freshwater
6/10/23 2:55,89.412,10,Freshwater
6/10/23 3:00,89.466,10,Freshwater
6/10/23 3:05,89.431,10,Freshwater
6/10/23 3:10,89.475,10,Freshwater
6/10/23 3:15,89.365,10,Freshwater
6/10/23 3:20,89.495,10,Freshwater
6/10/23 3:25,89.472,10,Freshwater
6/10/23 3:30,89.473,10,Freshwater
6/10/23 3:35,89.54,10,Freshwater
6/10/23 3:40,89.518,10,Freshwater
6/10/23 3:45,89.524,10,Freshwater
6/10/23 3:50,89.494,10,Freshwater
6/10/23 3:55,89.525,10,Freshwater
6/10/23 4:00,89.495,10,Freshwater
6/10/23 4:05,89.435,10,Freshwater
6/10/23 4:10,89.508,10,Freshwater
6/10/23 4:15,89.462,10,Freshwater
6/10/23 4:20,89.46,10,Freshwater
6/10/23 4:25,89.485,10,Freshwater
6/10/23 4:30,89.494,10,Freshwater
6/10/23 4:35,89.516,10,Freshwater
6/10/23 4:40,89.525,10,Freshwater
6/10/23 4:45,89.521,10,Freshwater
6/10/23 4:50,89.452,10,Freshwater
6/10/23 4:55,89.52,10,Freshwater
6/10/23 5:00,89.526,10,Freshwater
6/10/23 5:05,89.555,10,Freshwater
6/10/23 5:10,89.442,10,Freshwater
6/10/23 5:15,89.542,10,Freshwater
6/10/23 5:20,89.522,10,Freshwater
6/10/23 5:25,89.525,10,Freshwater
6/10/23 5:30,89.536,10,Freshwater
6/10/23 5:35,89.515,10,Freshwater
6/10/23 5:40,89.513,10,Freshwater
6/10/23 5:45,89.51,10,Freshwater
6/10/23 5:50,89.507,10,Freshwater
6/10/23 5:55,89.528,10,Freshwater
6/10/23 6:00,89.496,10,Freshwater
6/10/23 6:05,89.549,10,Freshwater
6/10/23 6:10,89.548,10,Freshwater
6/10/23 6:15,89.57,10,Freshwater
6/10/23 6:20,89.543,10,Freshwater
6/10/23 6:25,89.512,10,Freshwater
6/10/23 6:30,89.534,10,Freshwater
6/10/23 6:35,89.544,10,Freshwater
6/10/23 6:40,89.51,10,Freshwater
6/10/23 6:45,89.541,10,Freshwater
6/10/23 6:50,89.462,10,Freshwater
6/10/23 6:55,89.541,10,Freshwater
6/10/23 7:00,89.534,10,Freshwater
6/10/23 7:05,89.54,10,Freshwater
6/10/23 7:10,89.469,10,Freshwater
6/10/23 7:15,89.492,10,Freshwater
6/10/23 7:20,89.396,10,Freshwater
6/10/23 7:25,89.526,10,Freshwater
6/10/23 7:30,89.457,10,Freshwater
6/10/23 7:35,89.477,10,Freshwater
6/10/23 7:40,89.537,10,Freshwater
6/10/23 7:45,89.507,10,Freshwater
6/10/23 7:50,89.562,10,Freshwater
6/10/23 7:55,89.424,10,Freshwater
6/10/23 8:00,89.489,10,Freshwater
6/10/23 8:05,89.466,10,Freshwater
6/10/23 8:10,89.487,10,Freshwater
6/10/23 8:15,89.431,10,Freshwater
6/10/23 8:20,89.541,10,Freshwater
6/10/23 8:25,89.459,10,Freshwater
6/10/23 8:30,89.455,10,Freshwater
6/10/23 8:35,89.459,10,Freshwater
6/10/23 8:40,89.464,10,Freshwater
6/10/23 8:45,89.532,10,Freshwater
6/10/23 8:50,89.549,10,Freshwater
6/10/23 8:55,89.435,10,Freshwater
6/10/23 9:00,89.513,10,Freshwater
6/10/23 9:05,89.542,10,Freshwater
6/10/23 9:10,89.531,10,Freshwater
6/10/23 9:15,89.428,10,Freshwater
6/10/23 9:20,89.462,10,Freshwater
6/10/23 9:25,89.487,10,Freshwater
6/10/23 9:30,89.518,10,Freshwater
6/10/23 9:35,89.437,10,Freshwater
6/10/23 9:40,89.426,10,Freshwater
6/10/23 9:45,89.488,10,Freshwater
6/10/23 9:50,89.543,10,Freshwater
6/10/23 9:55,89.462,10,Freshwater
6/10/23 10:00,89.462,10,Freshwater
6/10/23 10:05,89.506,10,Freshwater
6/10/23 10:10,89.438,10,Freshwater
6/10/23 10:15,89.539,10,Freshwater
6/10/23 10:20,89.591,10,Freshwater
6/10/23 10:25,89.506,10,Freshwater
6/10/23 10:30,89.545,10,Freshwater
6/10/23 10:35,89.451,10,Freshwater
6/10/23 10:40,89.494,10,Freshwater
6/10/23 10:45,89.551,10,Freshwater
6/10/23 10:50,89.477,10,Freshwater
6/10/23 10:55,89.408,10,Freshwater
6/10/23 11:00,89.38,10,Freshwater
6/10/23 11:05,89.41,10,Freshwater
6/10/23 11:10,89.43,10,Freshwater
6/10/23 11:15,89.384,10,Freshwater
6/10/23 11:20,89.464,10,Freshwater
6/10/23 11:25,89.49,10,Freshwater
6/10/23 11:30,89.425,10,Freshwater
6/10/23 11:35,89.536,10,Freshwater
6/10/23 11:40,89.532,10,Freshwater
6/10/23 11:45,89.598,10,Freshwater
6/10/23 11:50,89.626,10,Freshwater
6/10/23 11:55,89.655,10,Freshwater
6/10/23 12:00,89.679,10,Freshwater
6/10/23 12:05,89.602,10,Freshwater
6/10/23 12:10,89.608,10,Freshwater
6/10/23 12:15,89.591,10,Freshwater
6/10/23 12:20,89.672,10,Freshwater
6/10/23 12:25,89.644,10,Freshwater
6/10/23 12:30,89.745,10,Freshwater
6/10/23 12:35,89.635,10,Freshwater
6/10/23 12:40,89.626,10,Freshwater
6/10/23 12:45,89.652,10,Freshwater
6/10/23 12:50,89.649,10,Freshwater
6/10/23 12:55,89.711,10,Freshwater
6/10/23 13:00,89.639,10,Freshwater
6/10/23 13:05,89.706,10,Freshwater
6/10/23 13:10,89.627,10,Freshwater
6/10/23 13:15,89.662,10,Freshwater
6/10/23 13:20,89.703,10,Freshwater
6/10/23 13:25,89.725,10,Freshwater
6/10/23 13:30,89.772,10,Freshwater
6/10/23 13:35,89.672,10,Freshwater
6/10/23 13:40,89.68,10,Freshwater
6/10/23 13:45,89.723,10,Freshwater
6/10/23 13:50,89.712,10,Freshwater
6/10/23 13:55,89.758,10,Freshwater
6/10/23 14:00,89.675,10,Freshwater
6/10/23 14:05,89.644,10,Freshwater
6/10/23 14:10,89.682,10,Freshwater
6/10/23 14:15,89.577,10,Freshwater
6/10/23 14:20,89.663,10,Freshwater
6/10/23 14:25,89.722,10,Freshwater
6/10/23 14:30,89.682,10,Freshwater
6/10/23 14:35,89.609,10,Freshwater
6/10/23 14:40,89.649,10,Freshwater
6/10/23 14:45,89.65,10,Freshwater
6/10/23 14:50,89.688,10,Freshwater
6/10/23 14:55,89.658,10,Freshwater
6/10/23 15:00,89.657,10,Freshwater
6/10/23 15:05,89.641,10,Freshwater
6/10/23 15:10,89.606,10,Freshwater
6/10/23 15:15,89.598,10,Freshwater
6/10/23 15:20,89.57,10,Freshwater
6/10/23 15:25,89.58,10,Freshwater
6/10/23 15:30,89.631,10,Freshwater
6/10/23 15:35,89.582,10,Freshwater
6/10/23 15:40,89.658,10,Freshwater
6/10/23 15:45,89.616,10,Freshwater
6/10/23 15:50,89.643,10,Freshwater
6/10/23 15:55,89.603,10,Freshwater
6/10/23 16:00,89.596,10,Freshwater
6/10/23 16:05,89.618,10,Freshwater
6/10/23 16:10,89.715,10,Freshwater
6/10/23 16:15,89.638,10,Freshwater
6/10/23 16:20,89.671,10,Freshwater
6/10/23 16:25,89.711,10,Freshwater
6/10/23 16:30,89.66,10,Freshwater
6/10/23 16:35,89.634,10,Freshwater
6/10/23 16:40,89.597,10,Freshwater
6/10/23 16:45,89.617,10,Freshwater
6/10/23 16:50,89.618,10,Freshwater
6/10/23 16:55,89.67,10,Freshwater
6/10/23 17:00,89.681,10,Freshwater
6/10/23 17:05,89.692,10,Freshwater
6/10/23 17:10,89.614,10,Freshwater
6/10/23 17:15,89.693,10,Freshwater
6/10/23 17:20,89.667,10,Freshwater
6/10/23 17:25,89.588,10,Freshwater
6/10/23 17:30,89.602,10,Freshwater
6/10/23 17:35,89.677,10,Freshwater
6/10/23 17:40,89.703,10,Freshwater
6/10/23 17:45,89.658,10,Freshwater
6/10/23 17:50,89.64,10,Freshwater
6/10/23 17:55,89.615,10,Freshwater
6/10/23 18:00,89.64,10,Freshwater
6/10/23 18:05,89.614,10,Freshwater
6/10/23 18:10,89.674,10,Freshwater
6/10/23 18:15,89.626,10,Freshwater
6/10/23 18:20,89.649,10,Freshwater
6/10/23 18:25,89.668,10,Freshwater
6/10/23 18:30,89.511,10,Freshwater
6/10/23 18:35,89.526,10,Freshwater
6/10/23 18:40,89.595,10,Freshwater
6/10/23 18:45,89.574,10,Freshwater
6/10/23 18:50,89.512,10,Freshwater
6/10/23 18:55,89.594,10,Freshwater
6/10/23 19:00,89.52,10,Freshwater
6/10/23 19:05,89.567,10,Freshwater
6/10/23 19:10,89.565,10,Freshwater
6/10/23 19:15,89.481,10,Freshwater
6/10/23 19:20,89.498,10,Freshwater
6/10/23 19:25,89.561,10,Freshwater
6/10/23 19:30,89.559,10,Freshwater
6/10/23 19:35,89.48,10,Freshwater
6/10/23 19:40,89.45,10,Freshwater
6/10/23 19:45,89.429,10,Freshwater
6/10/23 19:50,89.496,10,Freshwater
6/10/23 19:55,89.488,10,Freshwater
6/10/23 20:00,89.508,10,Freshwater
6/10/23 20:05,89.515,10,Freshwater
6/10/23 20:10,89.444,10,Freshwater
6/10/23 20:15,89.464,10,Freshwater
6/10/23 20:20,89.421,10,Freshwater
6/10/23 20:25,89.477,10,Freshwater
6/10/23 20:30,89.466,10,Freshwater
6/10/23 20:35,89.46,10,Freshwater
6/10/23 20:40,89.479,10,Freshwater
6/10/23 20:45,89.382,10,Freshwater
6/10/23 20:50,89.428,10,Freshwater
6/10/23 20:55,89.479,10,Freshwater
6/10/23 21:00,89.44,10,Freshwater
6/10/23 21:05,89.474,10,Freshwater
6/10/23 21:10,89.425,10,Freshwater
6/10/23 21:15,89.435,10,Freshwater
6/10/23 21:20,89.469,10,Freshwater
6/10/23 21:25,89.446,10,Freshwater
6/10/23 21:30,89.453,10,Freshwater
6/10/23 21:35,89.42,10,Freshwater
6/10/23 21:40,89.459,10,Freshwater
6/10/23 21:45,89.383,10,Freshwater
6/10/23 21:50,89.37,10,Freshwater
6/10/23 21:55,89.427,10,Freshwater
6/10/23 22:00,89.521,10,Freshwater
6/10/23 22:05,89.38,10,Freshwater
6/10/23 22:10,89.451,10,Freshwater
6/10/23 22:15,89.405,10,Freshwater
6/10/23 22:20,89.446,10,Freshwater
6/10/23 22:25,89.402,10,Freshwater
6/10/23 22:30,89.399,10,Freshwater
6/10/23 22:35,89.478,10,Freshwater
6/10/23 22:40,89.419,10,Freshwater
6/10/23 22:45,89.541,10,Freshwater
6/10/23 22:50,89.481,10,Freshwater
6/10/23 22:55,89.546,10,Freshwater
6/10/23 23:00,89.455,10,Freshwater
6/10/23 23:05,89.498,10,Freshwater
6/10/23 23:10,89.548,10,Freshwater
6/10/23 23:15,89.423,10,Freshwater
6/10/23 23:20,89.457,10,Freshwater
6/10/23 23:25,89.427,10,Freshwater
6/10/23 23:30,89.481,10,Freshwater
6/10/23 23:35,89.536,10,Freshwater
6/10/23 23:40,89.494,10,Freshwater
6/10/23 23:45,89.55,10,Freshwater
6/10/23 23:50,89.467,10,Freshwater
6/10/23 23:55,89.443,10,Freshwater
6/11/23,89.496,10,Freshwater
6/11/23 0:05,89.479,10,Freshwater
6/11/23 0:10,89.569,10,Freshwater
6/11/23 0:15,89.53,10,Freshwater
6/11/23 0:20,89.465,10,Freshwater
6/11/23 0:25,89.503,10,Freshwater
6/11/23 0:30,89.542,10,Freshwater
6/11/23 0:35,89.512,10,Freshwater
6/11/23 0:40,89.551,10,Freshwater
6/11/23 0:45,89.52,10,Freshwater
6/11/23 0:50,89.547,10,Freshwater
6/11/23 0:55,89.53,10,Freshwater
6/11/23 1:00,89.462,10,Freshwater
6/11/23 1:05,89.545,10,Freshwater
6/11/23 1:10,89.502,10,Freshwater
6/11/23 1:15,89.561,10,Freshwater
6/11/23 1:20,89.552,10,Freshwater
6/11/23 1:25,89.609,10,Freshwater
6/11/23 1:30,89.471,10,Freshwater
6/11/23 1:35,89.497,10,Freshwater
6/11/23 1:40,89.472,10,Freshwater
6/11/23 1:45,89.556,10,Freshwater
6/11/23 1:50,89.573,10,Freshwater
6/11/23 1:55,89.557,10,Freshwater
6/11/23 2:00,89.55,10,Freshwater
6/11/23 2:05,89.566,10,Freshwater
6/11/23 2:10,89.505,10,Freshwater
6/11/23 2:15,89.535,10,Freshwater
6/11/23 2:20,89.487,10,Freshwater
6/11/23 2:25,89.472,10,Freshwater
6/11/23 2:30,89.53,10,Freshwater
6/11/23 2:35,89.634,10,Freshwater
6/11/23 2:40,89.57,10,Freshwater
6/11/23 2:45,89.566,10,Freshwater
6/11/23 2:50,89.574,10,Freshwater
6/11/23 2:55,89.6,10,Freshwater
6/11/23 3:00,89.533,10,Freshwater
6/11/23 3:05,89.536,10,Freshwater
6/11/23 3:10,89.498,10,Freshwater
6/11/23 3:15,89.552,10,Freshwater
6/11/23 3:20,89.533,10,Freshwater
6/11/23 3:25,89.592,10,Freshwater
6/11/23 3:30,89.549,10,Freshwater
6/11/23 3:35,89.494,10,Freshwater
6/11/23 3:40,89.537,10,Freshwater
6/11/23 3:45,89.616,10,Freshwater
6/11/23 3:50,89.545,10,Freshwater
6/11/23 3:55,89.664,10,Freshwater
6/11/23 4:00,89.591,10,Freshwater
6/11/23 4:05,89.523,10,Freshwater
6/11/23 4:10,89.525,10,Freshwater
6/11/23 4:15,89.552,10,Freshwater
6/11/23 4:20,89.563,10,Freshwater
6/11/23 4:25,89.622,10,Freshwater
6/11/23 4:30,89.682,10,Freshwater
6/11/23 4:35,89.616,10,Freshwater
6/11/23 4:40,89.642,10,Freshwater
6/11/23 4:45,89.589,10,Freshwater
6/11/23 4:50,89.618,10,Freshwater
6/11/23 4:55,89.611,10,Freshwater
6/11/23 5:00,89.667,10,Freshwater
6/11/23 5:05,89.612,10,Freshwater
6/11/23 5:10,89.638,10,Freshwater
6/11/23 5:15,89.629,10,Freshwater
6/11/23 5:20,89.608,10,Freshwater
6/11/23 5:25,89.656,10,Freshwater
6/11/23 5:30,89.619,10,Freshwater
6/11/23 5:35,89.682,10,Freshwater
6/11/23 5:40,89.61,10,Freshwater
6/11/23 5:45,89.681,10,Freshwater
6/11/23 5:50,89.647,10,Freshwater
6/11/23 5:55,89.593,10,Freshwater
6/11/23 6:00,89.63,10,Freshwater
6/11/23 6:05,89.666,10,Freshwater
6/11/23 6:10,89.653,10,Freshwater
6/11/23 6:15,89.691,10,Freshwater
6/11/23 6:20,89.66,10,Freshwater
6/11/23 6:25,89.654,10,Freshwater
6/11/23 6:30,89.64,10,Freshwater
6/11/23 6:35,89.657,10,Freshwater
6/11/23 6:40,89.601,10,Freshwater
6/11/23 6:45,89.651,10,Freshwater
6/11/23 6:50,89.617,10,Freshwater
6/11/23 6:55,89.673,10,Freshwater
6/11/23 7:00,89.67,10,Freshwater
6/11/23 7:05,89.74,10,Freshwater
6/11/23 7:10,89.66,10,Freshwater
6/11/23 7:15,89.656,10,Freshwater
6/11/23 7:20,89.658,10,Freshwater
6/11/23 7:25,89.699,10,Freshwater
6/11/23 7:30,89.724,10,Freshwater
6/11/23 7:35,89.71,10,Freshwater
6/11/23 7:40,89.728,10,Freshwater
6/11/23 7:45,89.722,10,Freshwater
6/11/23 7:50,89.823,10,Freshwater
6/11/23 7:55,89.826,10,Freshwater
6/11/23 8:00,89.842,10,Freshwater
6/11/23 8:05,89.787,10,Freshwater
6/11/23 8:10,89.913,10,Freshwater
6/11/23 8:15,89.835,10,Freshwater
6/11/23 8:20,89.866,10,Freshwater
6/11/23 8:25,89.908,10,Freshwater
6/11/23 8:30,89.896,10,Freshwater
6/11/23 8:35,89.861,10,Freshwater
6/11/23 8:40,89.875,10,Freshwater
6/11/23 8:45,89.817,10,Freshwater
6/11/23 8:50,89.967,10,Freshwater
6/11/23 8:55,89.881,10,Freshwater
6/11/23 9:00,89.984,10,Freshwater
6/11/23 9:05,89.918,10,Freshwater
6/11/23 9:10,89.957,10,Freshwater
6/11/23 9:15,90,10,Freshwater
6/11/23 9:20,89.936,10,Freshwater
6/11/23 9:25,89.855,10,Freshwater
6/11/23 9:30,89.956,10,Freshwater
6/11/23 9:35,89.976,10,Freshwater
6/11/23 9:40,89.937,10,Freshwater
6/11/23 9:45,89.985,10,Freshwater
6/11/23 9:50,89.97,10,Freshwater
6/11/23 9:55,90.02,10,Freshwater
6/11/23 10:00,89.91,10,Freshwater
6/11/23 10:05,89.968,10,Freshwater
6/11/23 10:10,90.033,10,Freshwater
6/11/23 10:15,90.022,10,Freshwater
6/11/23 10:20,90.065,10,Freshwater
6/11/23 10:25,89.969,10,Freshwater
6/11/23 10:30,89.999,10,Freshwater
6/11/23 10:35,90.028,10,Freshwater
6/11/23 10:40,90,10,Freshwater
6/11/23 10:45,90.02,10,Freshwater
6/11/23 10:50,90.124,10,Freshwater
6/11/23 10:55,90.092,10,Freshwater
6/11/23 11:00,90.057,10,Freshwater
6/11/23 11:05,90.222,10,Freshwater
6/11/23 11:10,90.177,10,Freshwater
6/11/23 11:15,90.252,10,Freshwater
6/11/23 11:20,90.086,10,Freshwater
6/11/23 11:25,90.171,10,Freshwater
6/11/23 11:30,90.207,10,Freshwater
6/11/23 11:35,90.12,10,Freshwater
6/11/23 11:40,90.197,10,Freshwater
6/11/23 11:45,90.32,10,Freshwater
6/11/23 11:50,90.135,10,Freshwater
6/11/23 11:55,90.149,10,Freshwater
6/11/23 12:00,90.244,10,Freshwater
6/11/23 12:05,90.24,10,Freshwater
6/11/23 12:10,90.235,10,Freshwater
6/11/23 12:15,90.242,10,Freshwater
6/11/23 12:20,90.249,10,Freshwater
6/11/23 12:25,90.314,10,Freshwater
6/11/23 12:30,90.24,10,Freshwater
6/11/23 12:35,90.304,10,Freshwater
6/11/23 12:40,90.244,10,Freshwater
6/11/23 12:45,90.244,10,Freshwater
6/11/23 12:50,90.233,10,Freshwater
6/11/23 12:55,90.222,10,Freshwater
6/11/23 13:00,90.229,10,Freshwater
6/11/23 13:05,90.274,10,Freshwater
6/11/23 13:10,90.252,10,Freshwater
6/11/23 13:15,90.373,10,Freshwater
6/11/23 13:20,90.272,10,Freshwater
6/11/23 13:25,90.364,10,Freshwater
6/11/23 13:30,90.291,10,Freshwater
6/11/23 13:35,90.359,10,Freshwater
6/11/23 13:40,90.396,10,Freshwater
6/11/23 13:45,90.28,10,Freshwater
6/11/23 13:50,90.402,10,Freshwater
6/11/23 13:55,90.311,10,Freshwater
6/11/23 14:00,90.39,10,Freshwater
6/11/23 14:05,90.404,10,Freshwater
6/11/23 14:10,90.306,10,Freshwater
6/11/23 14:15,90.284,10,Freshwater
6/11/23 14:20,90.318,10,Freshwater
6/11/23 14:25,90.312,10,Freshwater
6/11/23 14:30,90.317,10,Freshwater
6/11/23 14:35,90.328,10,Freshwater
6/11/23 14:40,90.334,10,Freshwater
6/11/23 14:45,90.355,10,Freshwater
6/11/23 14:50,90.351,10,Freshwater
6/11/23 14:55,90.383,10,Freshwater
6/11/23 15:00,90.385,10,Freshwater
6/11/23 15:05,90.473,10,Freshwater
6/11/23 15:10,90.447,10,Freshwater
6/11/23 15:15,90.402,10,Freshwater
6/11/23 15:20,90.313,10,Freshwater
6/11/23 15:25,90.365,10,Freshwater
6/11/23 15:30,90.442,10,Freshwater
6/11/23 15:35,90.426,10,Freshwater
6/11/23 15:40,90.437,10,Freshwater
6/11/23 15:45,90.399,10,Freshwater
6/11/23 15:50,90.386,10,Freshwater
6/11/23 15:55,90.456,10,Freshwater
6/11/23 16:00,90.374,10,Freshwater
6/11/23 16:05,90.452,10,Freshwater
6/11/23 16:10,90.436,10,Freshwater
6/11/23 16:15,90.392,10,Freshwater
6/11/23 16:20,90.456,10,Freshwater
6/11/23 16:25,90.368,10,Freshwater
6/11/23 16:30,90.348,10,Freshwater
6/11/23 16:35,90.42,10,Freshwater
6/11/23 16:40,90.429,10,Freshwater
6/11/23 16:45,90.405,10,Freshwater
6/11/23 16:50,90.4,10,Freshwater
6/11/23 16:55,90.471,10,Freshwater
6/11/23 17:00,90.431,10,Freshwater
6/11/23 17:05,90.506,10,Freshwater
6/11/23 17:10,90.44,10,Freshwater
6/11/23 17:15,90.429,10,Freshwater
6/11/23 17:20,90.491,10,Freshwater
6/11/23 17:25,90.447,10,Freshwater
6/11/23 17:30,90.466,10,Freshwater
6/11/23 17:35,90.519,10,Freshwater
6/11/23 17:40,90.545,10,Freshwater
6/11/23 17:45,90.483,10,Freshwater
6/11/23 17:50,90.495,10,Freshwater
6/11/23 17:55,90.481,10,Freshwater
6/11/23 18:00,90.541,10,Freshwater
6/11/23 18:05,90.543,10,Freshwater
6/11/23 18:10,90.495,10,Freshwater
6/11/23 18:15,90.521,10,Freshwater
6/11/23 18:20,90.428,10,Freshwater
6/11/23 18:25,90.538,10,Freshwater
6/11/23 18:30,90.536,10,Freshwater
6/11/23 18:35,90.52,10,Freshwater
6/11/23 18:40,90.481,10,Freshwater
6/11/23 18:45,90.497,10,Freshwater
6/11/23 18:50,90.475,10,Freshwater
6/11/23 18:55,90.497,10,Freshwater
6/11/23 19:00,90.407,10,Freshwater
6/11/23 19:05,90.537,10,Freshwater
6/11/23 19:10,90.484,10,Freshwater
6/11/23 19:15,90.533,10,Freshwater
6/11/23 19:20,90.559,10,Freshwater
6/11/23 19:25,90.502,10,Freshwater
6/11/23 19:30,90.5,10,Freshwater
6/11/23 19:35,90.461,10,Freshwater
6/11/23 19:40,90.512,10,Freshwater
6/11/23 19:45,90.49,10,Freshwater
6/11/23 19:50,90.5,10,Freshwater
6/11/23 19:55,90.474,10,Freshwater
6/11/23 20:00,90.469,10,Freshwater
6/11/23 20:05,90.394,10,Freshwater
6/11/23 20:10,90.338,10,Freshwater
6/11/23 20:15,90.435,10,Freshwater
6/11/23 20:20,90.436,10,Freshwater
6/11/23 20:25,90.404,10,Freshwater
6/11/23 20:30,90.409,10,Freshwater
6/11/23 20:35,90.406,10,Freshwater
6/11/23 20:40,90.299,10,Freshwater
6/11/23 20:45,90.293,10,Freshwater
6/11/23 20:50,90.344,10,Freshwater
6/11/23 20:55,90.338,10,Freshwater
6/11/23 21:00,90.314,10,Freshwater
6/11/23 21:05,90.35,10,Freshwater
6/11/23 21:10,90.316,10,Freshwater
6/11/23 21:15,90.346,10,Freshwater
6/11/23 21:20,90.297,10,Freshwater
6/11/23 21:25,90.28,10,Freshwater
6/11/23 21:30,90.341,10,Freshwater
6/11/23 21:35,90.289,10,Freshwater
6/11/23 21:40,90.372,10,Freshwater
6/11/23 21:45,90.272,10,Freshwater
6/11/23 21:50,90.396,10,Freshwater
6/11/23 21:55,90.293,10,Freshwater
6/11/23 22:00,90.289,10,Freshwater
6/11/23 22:05,90.297,10,Freshwater
6/11/23 22:10,90.34,10,Freshwater
6/11/23 22:15,90.263,10,Freshwater
6/11/23 22:20,90.28,10,Freshwater
6/11/23 22:25,90.313,10,Freshwater
6/11/23 22:30,90.384,10,Freshwater
6/11/23 22:35,90.32,10,Freshwater
6/11/23 22:40,90.296,10,Freshwater
6/11/23 22:45,90.278,10,Freshwater
6/11/23 22:50,90.3,10,Freshwater
6/11/23 22:55,90.285,10,Freshwater
6/11/23 23:00,90.319,10,Freshwater
6/11/23 23:05,90.275,10,Freshwater
6/11/23 23:10,90.257,10,Freshwater
6/11/23 23:15,90.225,10,Freshwater
6/11/23 23:20,90.265,10,Freshwater
6/11/23 23:25,90.253,10,Freshwater
6/11/23 23:30,90.187,10,Freshwater
6/11/23 23:35,90.235,10,Freshwater
6/11/23 23:40,90.338,10,Freshwater
6/11/23 23:45,90.282,10,Freshwater
6/11/23 23:50,90.261,10,Freshwater
6/11/23 23:55,90.268,10,Freshwater
6/12/23,90.273,10,Freshwater
6/9/23 15:35,87.429,20,Freshwater
6/9/23 15:40,87.45,20,Freshwater
6/9/23 15:45,87.524,20,Freshwater
6/9/23 15:50,87.511,20,Freshwater
6/9/23 15:55,87.452,20,Freshwater
6/9/23 16:00,87.528,20,Freshwater
6/9/23 16:05,87.542,20,Freshwater
6/9/23 16:10,87.507,20,Freshwater
6/9/23 16:15,87.451,20,Freshwater
6/9/23 16:20,87.409,20,Freshwater
6/9/23 16:25,87.435,20,Freshwater
6/9/23 16:30,87.4,20,Freshwater
6/9/23 16:35,87.393,20,Freshwater
6/9/23 16:40,87.338,20,Freshwater
6/9/23 16:45,87.359,20,Freshwater
6/9/23 16:50,87.323,20,Freshwater
6/9/23 16:55,87.265,20,Freshwater
6/9/23 17:00,87.292,20,Freshwater
6/9/23 17:05,87.287,20,Freshwater
6/9/23 17:10,87.266,20,Freshwater
6/9/23 17:15,87.207,20,Freshwater
6/9/23 17:20,87.195,20,Freshwater
6/9/23 17:25,87.185,20,Freshwater
6/9/23 17:30,87.177,20,Freshwater
6/9/23 17:35,87.176,20,Freshwater
6/9/23 17:40,87.124,20,Freshwater
6/9/23 17:45,87.054,20,Freshwater
6/9/23 17:50,87.133,20,Freshwater
6/9/23 17:55,87.093,20,Freshwater
6/9/23 18:00,87.072,20,Freshwater
6/9/23 18:05,87.104,20,Freshwater
6/9/23 18:10,87.123,20,Freshwater
6/9/23 18:15,87.072,20,Freshwater
6/9/23 18:20,87.042,20,Freshwater
6/9/23 18:25,87.048,20,Freshwater
6/9/23 18:30,87.083,20,Freshwater
6/9/23 18:35,87.163,20,Freshwater
6/9/23 18:40,87.131,20,Freshwater
6/9/23 18:45,87.129,20,Freshwater
6/9/23 18:50,87.126,20,Freshwater
6/9/23 18:55,87.179,20,Freshwater
6/9/23 19:00,87.278,20,Freshwater
6/9/23 19:05,87.256,20,Freshwater
6/9/23 19:10,87.185,20,Freshwater
6/9/23 19:15,87.271,20,Freshwater
6/9/23 19:20,87.282,20,Freshwater
6/9/23 19:25,87.343,20,Freshwater
6/9/23 19:30,87.383,20,Freshwater
6/9/23 19:35,87.336,20,Freshwater
6/9/23 19:40,87.326,20,Freshwater
6/9/23 19:45,87.397,20,Freshwater
6/9/23 19:50,87.453,20,Freshwater
6/9/23 19:55,87.486,20,Freshwater
6/9/23 20:00,87.45,20,Freshwater
6/9/23 20:05,87.536,20,Freshwater
6/9/23 20:10,87.517,20,Freshwater
6/9/23 20:15,87.537,20,Freshwater
6/9/23 20:20,87.517,20,Freshwater
6/9/23 20:25,87.594,20,Freshwater
6/9/23 20:30,87.578,20,Freshwater
6/9/23 20:35,87.601,20,Freshwater
6/9/23 20:40,87.558,20,Freshwater
6/9/23 20:45,87.609,20,Freshwater
6/9/23 20:50,87.494,20,Freshwater
6/9/23 20:55,87.564,20,Freshwater
6/9/23 21:00,87.574,20,Freshwater
6/9/23 21:05,87.539,20,Freshwater
6/9/23 21:10,87.525,20,Freshwater
6/9/23 21:15,87.626,20,Freshwater
6/9/23 21:20,87.587,20,Freshwater
6/9/23 21:25,87.581,20,Freshwater
6/9/23 21:30,87.531,20,Freshwater
6/9/23 21:35,87.544,20,Freshwater
6/9/23 21:40,87.637,20,Freshwater
6/9/23 21:45,87.536,20,Freshwater
6/9/23 21:50,87.577,20,Freshwater
6/9/23 21:55,87.603,20,Freshwater
6/9/23 22:00,87.608,20,Freshwater
6/9/23 22:05,87.567,20,Freshwater
6/9/23 22:10,87.649,20,Freshwater
6/9/23 22:15,87.579,20,Freshwater
6/9/23 22:20,87.582,20,Freshwater
6/9/23 22:25,87.562,20,Freshwater
6/9/23 22:30,87.633,20,Freshwater
6/9/23 22:35,87.569,20,Freshwater
6/9/23 22:40,87.658,20,Freshwater
6/9/23 22:45,87.591,20,Freshwater
6/9/23 22:50,87.622,20,Freshwater
6/9/23 22:55,87.617,20,Freshwater
6/9/23 23:00,87.576,20,Freshwater
6/9/23 23:05,87.678,20,Freshwater
6/9/23 23:10,87.628,20,Freshwater
6/9/23 23:15,87.659,20,Freshwater
6/9/23 23:20,87.631,20,Freshwater
6/9/23 23:25,87.639,20,Freshwater
6/9/23 23:30,87.642,20,Freshwater
6/9/23 23:35,87.671,20,Freshwater
6/9/23 23:40,87.633,20,Freshwater
6/9/23 23:45,87.676,20,Freshwater
6/9/23 23:50,87.705,20,Freshwater
6/9/23 23:55,87.602,20,Freshwater
6/10/23,87.676,20,Freshwater
6/10/23 0:05,87.68,20,Freshwater
6/10/23 0:10,87.646,20,Freshwater
6/10/23 0:15,87.623,20,Freshwater
6/10/23 0:20,87.613,20,Freshwater
6/10/23 0:25,87.61,20,Freshwater
6/10/23 0:30,87.611,20,Freshwater
6/10/23 0:35,87.579,20,Freshwater
6/10/23 0:40,87.689,20,Freshwater
6/10/23 0:45,87.697,20,Freshwater
6/10/23 0:50,87.703,20,Freshwater
6/10/23 0:55,87.657,20,Freshwater
6/10/23 1:00,87.659,20,Freshwater
6/10/23 1:05,87.677,20,Freshwater
6/10/23 1:10,87.654,20,Freshwater
6/10/23 1:15,87.71,20,Freshwater
6/10/23 1:20,87.731,20,Freshwater
6/10/23 1:25,87.715,20,Freshwater
6/10/23 1:30,87.696,20,Freshwater
6/10/23 1:35,87.791,20,Freshwater
6/10/23 1:40,87.755,20,Freshwater
6/10/23 1:45,87.71,20,Freshwater
6/10/23 1:50,87.739,20,Freshwater
6/10/23 1:55,87.75,20,Freshwater
6/10/23 2:00,87.799,20,Freshwater
6/10/23 2:05,87.804,20,Freshwater
6/10/23 2:10,87.746,20,Freshwater
6/10/23 2:15,87.778,20,Freshwater
6/10/23 2:20,87.777,20,Freshwater
6/10/23 2:25,87.849,20,Freshwater
6/10/23 2:30,87.865,20,Freshwater
6/10/23 2:35,87.701,20,Freshwater
6/10/23 2:40,87.775,20,Freshwater
6/10/23 2:45,87.851,20,Freshwater
6/10/23 2:50,87.839,20,Freshwater
6/10/23 2:55,87.855,20,Freshwater
6/10/23 3:00,87.885,20,Freshwater
6/10/23 3:05,87.813,20,Freshwater
6/10/23 3:10,87.773,20,Freshwater
6/10/23 3:15,87.853,20,Freshwater
6/10/23 3:20,87.84,20,Freshwater
6/10/23 3:25,87.882,20,Freshwater
6/10/23 3:30,87.893,20,Freshwater
6/10/23 3:35,87.9,20,Freshwater
6/10/23 3:40,87.87,20,Freshwater
6/10/23 3:45,87.855,20,Freshwater
6/10/23 3:50,87.887,20,Freshwater
6/10/23 3:55,87.849,20,Freshwater
6/10/23 4:00,87.908,20,Freshwater
6/10/23 4:05,87.919,20,Freshwater
6/10/23 4:10,87.97,20,Freshwater
6/10/23 4:15,87.874,20,Freshwater
6/10/23 4:20,87.999,20,Freshwater
6/10/23 4:25,87.932,20,Freshwater
6/10/23 4:30,87.964,20,Freshwater
6/10/23 4:35,87.945,20,Freshwater
6/10/23 4:40,88.073,20,Freshwater
6/10/23 4:45,88.011,20,Freshwater
6/10/23 4:50,88.014,20,Freshwater
6/10/23 4:55,87.97,20,Freshwater
6/10/23 5:00,87.926,20,Freshwater
6/10/23 5:05,88.01,20,Freshwater
6/10/23 5:10,88.052,20,Freshwater
6/10/23 5:15,88.016,20,Freshwater
6/10/23 5:20,88.054,20,Freshwater
6/10/23 5:25,87.982,20,Freshwater
6/10/23 5:30,88.053,20,Freshwater
6/10/23 5:35,88.012,20,Freshwater
6/10/23 5:40,87.996,20,Freshwater
6/10/23 5:45,87.962,20,Freshwater
6/10/23 5:50,87.994,20,Freshwater
6/10/23 5:55,88.059,20,Freshwater
6/10/23 6:00,88.059,20,Freshwater
6/10/23 6:05,88.031,20,Freshwater
6/10/23 6:10,87.968,20,Freshwater
6/10/23 6:15,88.022,20,Freshwater
6/10/23 6:20,87.996,20,Freshwater
6/10/23 6:25,88.015,20,Freshwater
6/10/23 6:30,88,20,Freshwater
6/10/23 6:35,88.015,20,Freshwater
6/10/23 6:40,88.072,20,Freshwater
6/10/23 6:45,88.007,20,Freshwater
6/10/23 6:50,88.058,20,Freshwater
6/10/23 6:55,88.009,20,Freshwater
6/10/23 7:00,88.005,20,Freshwater
6/10/23 7:05,88.003,20,Freshwater
6/10/23 7:10,87.954,20,Freshwater
6/10/23 7:15,88.044,20,Freshwater
6/10/23 7:20,87.978,20,Freshwater
6/10/23 7:25,87.973,20,Freshwater
6/10/23 7:30,87.975,20,Freshwater
6/10/23 7:35,87.948,20,Freshwater
6/10/23 7:40,87.956,20,Freshwater
6/10/23 7:45,87.944,20,Freshwater
6/10/23 7:50,87.89,20,Freshwater
6/10/23 7:55,87.874,20,Freshwater
6/10/23 8:00,87.969,20,Freshwater
6/10/23 8:05,87.898,20,Freshwater
6/10/23 8:10,87.912,20,Freshwater
6/10/23 8:15,87.86,20,Freshwater
6/10/23 8:20,87.94,20,Freshwater
6/10/23 8:25,87.902,20,Freshwater
6/10/23 8:30,87.926,20,Freshwater
6/10/23 8:35,87.812,20,Freshwater
6/10/23 8:40,87.829,20,Freshwater
6/10/23 8:45,87.897,20,Freshwater
6/10/23 8:50,87.798,20,Freshwater
6/10/23 8:55,87.819,20,Freshwater
6/10/23 9:00,87.811,20,Freshwater
6/10/23 9:05,87.839,20,Freshwater
6/10/23 9:10,87.833,20,Freshwater
6/10/23 9:15,87.729,20,Freshwater
6/10/23 9:20,87.795,20,Freshwater
6/10/23 9:25,87.761,20,Freshwater
6/10/23 9:30,87.7,20,Freshwater
6/10/23 9:35,87.65,20,Freshwater
6/10/23 9:40,87.622,20,Freshwater
6/10/23 9:45,87.623,20,Freshwater
6/10/23 9:50,87.686,20,Freshwater
6/10/23 9:55,87.664,20,Freshwater
6/10/23 10:00,87.628,20,Freshwater
6/10/23 10:05,87.663,20,Freshwater
6/10/23 10:10,87.543,20,Freshwater
6/10/23 10:15,87.569,20,Freshwater
6/10/23 10:20,87.521,20,Freshwater
6/10/23 10:25,87.48,20,Freshwater
6/10/23 10:30,87.52,20,Freshwater
6/10/23 10:35,87.538,20,Freshwater
6/10/23 10:40,87.467,20,Freshwater
6/10/23 10:45,87.428,20,Freshwater
6/10/23 10:50,87.374,20,Freshwater
6/10/23 10:55,87.392,20,Freshwater
6/10/23 11:00,87.186,20,Freshwater
6/10/23 11:05,87.276,20,Freshwater
6/10/23 11:10,87.241,20,Freshwater
6/10/23 11:15,87.261,20,Freshwater
6/10/23 11:20,87.325,20,Freshwater
6/10/23 11:25,87.344,20,Freshwater
6/10/23 11:30,87.298,20,Freshwater
6/10/23 11:35,87.285,20,Freshwater
6/10/23 11:40,87.276,20,Freshwater
6/10/23 11:45,87.269,20,Freshwater
6/10/23 11:50,87.327,20,Freshwater
6/10/23 11:55,87.358,20,Freshwater
6/10/23 12:00,87.319,20,Freshwater
6/10/23 12:05,87.241,20,Freshwater
6/10/23 12:10,87.36,20,Freshwater
6/10/23 12:15,87.201,20,Freshwater
6/10/23 12:20,87.189,20,Freshwater
6/10/23 12:25,87.205,20,Freshwater
6/10/23 12:30,87.196,20,Freshwater
6/10/23 12:35,87.077,20,Freshwater
6/10/23 12:40,87.139,20,Freshwater
6/10/23 12:45,87.115,20,Freshwater
6/10/23 12:50,87.091,20,Freshwater
6/10/23 12:55,87.167,20,Freshwater
6/10/23 13:00,87.11,20,Freshwater
6/10/23 13:05,87.188,20,Freshwater
6/10/23 13:10,87.072,20,Freshwater
6/10/23 13:15,87.086,20,Freshwater
6/10/23 13:20,87.055,20,Freshwater
6/10/23 13:25,87.05,20,Freshwater
6/10/23 13:30,87.116,20,Freshwater
6/10/23 13:35,87.067,20,Freshwater
6/10/23 13:40,87.058,20,Freshwater
6/10/23 13:45,87.083,20,Freshwater
6/10/23 13:50,86.995,20,Freshwater
6/10/23 13:55,87.093,20,Freshwater
6/10/23 14:00,87.014,20,Freshwater
6/10/23 14:05,87.001,20,Freshwater
6/10/23 14:10,86.943,20,Freshwater
6/10/23 14:15,86.932,20,Freshwater
6/10/23 14:20,86.809,20,Freshwater
6/10/23 14:25,86.924,20,Freshwater
6/10/23 14:30,86.936,20,Freshwater
6/10/23 14:35,86.841,20,Freshwater
6/10/23 14:40,86.866,20,Freshwater
6/10/23 14:45,86.883,20,Freshwater
6/10/23 14:50,86.828,20,Freshwater
6/10/23 14:55,86.836,20,Freshwater
6/10/23 15:00,86.844,20,Freshwater
6/10/23 15:05,86.849,20,Freshwater
6/10/23 15:10,86.811,20,Freshwater
6/10/23 15:15,86.819,20,Freshwater
6/10/23 15:20,86.752,20,Freshwater
6/10/23 15:25,86.814,20,Freshwater
6/10/23 15:30,86.828,20,Freshwater
6/10/23 15:35,86.854,20,Freshwater
6/10/23 15:40,86.831,20,Freshwater
6/10/23 15:45,86.793,20,Freshwater
6/10/23 15:50,86.756,20,Freshwater
6/10/23 15:55,86.789,20,Freshwater
6/10/23 16:00,86.739,20,Freshwater
6/10/23 16:05,86.75,20,Freshwater
6/10/23 16:10,86.735,20,Freshwater
6/10/23 16:15,86.757,20,Freshwater
6/10/23 16:20,86.761,20,Freshwater
6/10/23 16:25,86.806,20,Freshwater
6/10/23 16:30,86.737,20,Freshwater
6/10/23 16:35,86.815,20,Freshwater
6/10/23 16:40,86.78,20,Freshwater
6/10/23 16:45,86.693,20,Freshwater
6/10/23 16:50,86.743,20,Freshwater
6/10/23 16:55,86.733,20,Freshwater
6/10/23 17:00,86.804,20,Freshwater
6/10/23 17:05,86.758,20,Freshwater
6/10/23 17:10,86.77,20,Freshwater
6/10/23 17:15,86.758,20,Freshwater
6/10/23 17:20,86.802,20,Freshwater
6/10/23 17:25,86.712,20,Freshwater
6/10/23 17:30,86.751,20,Freshwater
6/10/23 17:35,86.747,20,Freshwater
6/10/23 17:40,86.795,20,Freshwater
6/10/23 17:45,86.674,20,Freshwater
6/10/23 17:50,86.754,20,Freshwater
6/10/23 17:55,86.698,20,Freshwater
6/10/23 18:00,86.78,20,Freshwater
6/10/23 18:05,86.664,20,Freshwater
6/10/23 18:10,86.779,20,Freshwater
6/10/23 18:15,86.736,20,Freshwater
6/10/23 18:20,86.678,20,Freshwater
6/10/23 18:25,86.691,20,Freshwater
6/10/23 18:30,86.723,20,Freshwater
6/10/23 18:35,86.73,20,Freshwater
6/10/23 18:40,86.708,20,Freshwater
6/10/23 18:45,86.644,20,Freshwater
6/10/23 18:50,86.776,20,Freshwater
6/10/23 18:55,86.7,20,Freshwater
6/10/23 19:00,86.593,20,Freshwater
6/10/23 19:05,86.614,20,Freshwater
6/10/23 19:10,86.624,20,Freshwater
6/10/23 19:15,86.607,20,Freshwater
6/10/23 19:20,86.556,20,Freshwater
6/10/23 19:25,86.606,20,Freshwater
6/10/23 19:30,86.677,20,Freshwater
6/10/23 19:35,86.698,20,Freshwater
6/10/23 19:40,86.639,20,Freshwater
6/10/23 19:45,86.705,20,Freshwater
6/10/23 19:50,86.684,20,Freshwater
6/10/23 19:55,86.658,20,Freshwater
6/10/23 20:00,86.677,20,Freshwater
6/10/23 20:05,86.589,20,Freshwater
6/10/23 20:10,86.697,20,Freshwater
6/10/23 20:15,86.679,20,Freshwater
6/10/23 20:20,86.699,20,Freshwater
6/10/23 20:25,86.688,20,Freshwater
6/10/23 20:30,86.682,20,Freshwater
6/10/23 20:35,86.736,20,Freshwater
6/10/23 20:40,86.675,20,Freshwater
6/10/23 20:45,86.706,20,Freshwater
6/10/23 20:50,86.713,20,Freshwater
6/10/23 20:55,86.704,20,Freshwater
6/10/23 21:00,86.675,20,Freshwater
6/10/23 21:05,86.704,20,Freshwater
6/10/23 21:10,86.803,20,Freshwater
6/10/23 21:15,86.72,20,Freshwater
6/10/23 21:20,86.728,20,Freshwater
6/10/23 21:25,86.759,20,Freshwater
6/10/23 21:30,86.675,20,Freshwater
6/10/23 21:35,86.801,20,Freshwater
6/10/23 21:40,86.74,20,Freshwater
6/10/23 21:45,86.758,20,Freshwater
6/10/23 21:50,86.738,20,Freshwater
6/10/23 21:55,86.783,20,Freshwater
6/10/23 22:00,86.826,20,Freshwater
6/10/23 22:05,86.742,20,Freshwater
6/10/23 22:10,86.842,20,Freshwater
6/10/23 22:15,86.803,20,Freshwater
6/10/23 22:20,86.86,20,Freshwater
6/10/23 22:25,86.793,20,Freshwater
6/10/23 22:30,86.798,20,Freshwater
6/10/23 22:35,86.839,20,Freshwater
6/10/23 22:40,86.884,20,Freshwater
6/10/23 22:45,86.918,20,Freshwater
6/10/23 22:50,86.828,20,Freshwater
6/10/23 22:55,86.907,20,Freshwater
6/10/23 23:00,86.915,20,Freshwater
6/10/23 23:05,86.848,20,Freshwater
6/10/23 23:10,86.862,20,Freshwater
6/10/23 23:15,86.867,20,Freshwater
6/10/23 23:20,86.864,20,Freshwater
6/10/23 23:25,86.868,20,Freshwater
6/10/23 23:30,86.899,20,Freshwater
6/10/23 23:35,86.869,20,Freshwater
6/10/23 23:40,86.935,20,Freshwater
6/10/23 23:45,86.961,20,Freshwater
6/10/23 23:50,86.94,20,Freshwater
6/10/23 23:55,86.905,20,Freshwater
6/11/23,86.902,20,Freshwater
6/11/23 0:05,86.87,20,Freshwater
6/11/23 0:10,86.869,20,Freshwater
6/11/23 0:15,86.885,20,Freshwater
6/11/23 0:20,86.854,20,Freshwater
6/11/23 0:25,87,20,Freshwater
6/11/23 0:30,86.959,20,Freshwater
6/11/23 0:35,86.961,20,Freshwater
6/11/23 0:40,86.925,20,Freshwater
6/11/23 0:45,86.976,20,Freshwater
6/11/23 0:50,86.948,20,Freshwater
6/11/23 0:55,86.954,20,Freshwater
6/11/23 1:00,86.957,20,Freshwater
6/11/23 1:05,86.92,20,Freshwater
6/11/23 1:10,86.919,20,Freshwater
6/11/23 1:15,86.985,20,Freshwater
6/11/23 1:20,86.923,20,Freshwater
6/11/23 1:25,86.97,20,Freshwater
6/11/23 1:30,86.963,20,Freshwater
6/11/23 1:35,86.942,20,Freshwater
6/11/23 1:40,86.961,20,Freshwater
6/11/23 1:45,86.953,20,Freshwater
6/11/23 1:50,87.006,20,Freshwater
6/11/23 1:55,86.969,20,Freshwater
6/11/23 2:00,87.032,20,Freshwater
6/11/23 2:05,87.033,20,Freshwater
6/11/23 2:10,87.039,20,Freshwater
6/11/23 2:15,87.072,20,Freshwater
6/11/23 2:20,87.098,20,Freshwater
6/11/23 2:25,87.026,20,Freshwater
6/11/23 2:30,87.035,20,Freshwater
6/11/23 2:35,87.046,20,Freshwater
6/11/23 2:40,87.021,20,Freshwater
6/11/23 2:45,87.003,20,Freshwater
6/11/23 2:50,87.078,20,Freshwater
6/11/23 2:55,87.052,20,Freshwater
6/11/23 3:00,87.056,20,Freshwater
6/11/23 3:05,87.061,20,Freshwater
6/11/23 3:10,87.078,20,Freshwater
6/11/23 3:15,87.1,20,Freshwater
6/11/23 3:20,87.109,20,Freshwater
6/11/23 3:25,87.041,20,Freshwater
6/11/23 3:30,87.116,20,Freshwater
6/11/23 3:35,87.089,20,Freshwater
6/11/23 3:40,87.098,20,Freshwater
6/11/23 3:45,87.104,20,Freshwater
6/11/23 3:50,87.135,20,Freshwater
6/11/23 3:55,87.165,20,Freshwater
6/11/23 4:00,87.132,20,Freshwater
6/11/23 4:05,87.104,20,Freshwater
6/11/23 4:10,87.141,20,Freshwater
6/11/23 4:15,87.107,20,Freshwater
6/11/23 4:20,87.114,20,Freshwater
6/11/23 4:25,87.203,20,Freshwater
6/11/23 4:30,87.193,20,Freshwater
6/11/23 4:35,87.163,20,Freshwater
6/11/23 4:40,87.144,20,Freshwater
6/11/23 4:45,87.188,20,Freshwater
6/11/23 4:50,87.287,20,Freshwater
6/11/23 4:55,87.22,20,Freshwater
6/11/23 5:00,87.216,20,Freshwater
6/11/23 5:05,87.189,20,Freshwater
6/11/23 5:10,87.217,20,Freshwater
6/11/23 5:15,87.269,20,Freshwater
6/11/23 5:20,87.203,20,Freshwater
6/11/23 5:25,87.246,20,Freshwater
6/11/23 5:30,87.266,20,Freshwater
6/11/23 5:35,87.302,20,Freshwater
6/11/23 5:40,87.301,20,Freshwater
6/11/23 5:45,87.336,20,Freshwater
6/11/23 5:50,87.27,20,Freshwater
6/11/23 5:55,87.308,20,Freshwater
6/11/23 6:00,87.303,20,Freshwater
6/11/23 6:05,87.387,20,Freshwater
6/11/23 6:10,87.387,20,Freshwater
6/11/23 6:15,87.311,20,Freshwater
6/11/23 6:20,87.384,20,Freshwater
6/11/23 6:25,87.35,20,Freshwater
6/11/23 6:30,87.347,20,Freshwater
6/11/23 6:35,87.393,20,Freshwater
6/11/23 6:40,87.367,20,Freshwater
6/11/23 6:45,87.375,20,Freshwater
6/11/23 6:50,87.352,20,Freshwater
6/11/23 6:55,87.363,20,Freshwater
6/11/23 7:00,87.382,20,Freshwater
6/11/23 7:05,87.386,20,Freshwater
6/11/23 7:10,87.377,20,Freshwater
6/11/23 7:15,87.396,20,Freshwater
6/11/23 7:20,87.372,20,Freshwater
6/11/23 7:25,87.439,20,Freshwater
6/11/23 7:30,87.393,20,Freshwater
6/11/23 7:35,87.503,20,Freshwater
6/11/23 7:40,87.544,20,Freshwater
6/11/23 7:45,87.481,20,Freshwater
6/11/23 7:50,87.572,20,Freshwater
6/11/23 7:55,87.623,20,Freshwater
6/11/23 8:00,87.59,20,Freshwater
6/11/23 8:05,87.583,20,Freshwater
6/11/23 8:10,87.64,20,Freshwater
6/11/23 8:15,87.611,20,Freshwater
6/11/23 8:20,87.588,20,Freshwater
6/11/23 8:25,87.678,20,Freshwater
6/11/23 8:30,87.603,20,Freshwater
6/11/23 8:35,87.678,20,Freshwater
6/11/23 8:40,87.657,20,Freshwater
6/11/23 8:45,87.626,20,Freshwater
6/11/23 8:50,87.594,20,Freshwater
6/11/23 8:55,87.67,20,Freshwater
6/11/23 9:00,87.62,20,Freshwater
6/11/23 9:05,87.604,20,Freshwater
6/11/23 9:10,87.696,20,Freshwater
6/11/23 9:15,87.593,20,Freshwater
6/11/23 9:20,87.613,20,Freshwater
6/11/23 9:25,87.564,20,Freshwater
6/11/23 9:30,87.529,20,Freshwater
6/11/23 9:35,87.587,20,Freshwater
6/11/23 9:40,87.625,20,Freshwater
6/11/23 9:45,87.601,20,Freshwater
6/11/23 9:50,87.499,20,Freshwater
6/11/23 9:55,87.557,20,Freshwater
6/11/23 10:00,87.581,20,Freshwater
6/11/23 10:05,87.431,20,Freshwater
6/11/23 10:10,87.451,20,Freshwater
6/11/23 10:15,87.485,20,Freshwater
6/11/23 10:20,87.55,20,Freshwater
6/11/23 10:25,87.457,20,Freshwater
6/11/23 10:30,87.487,20,Freshwater
6/11/23 10:35,87.411,20,Freshwater
6/11/23 10:40,87.399,20,Freshwater
6/11/23 10:45,87.411,20,Freshwater
6/11/23 10:50,87.37,20,Freshwater
6/11/23 10:55,87.426,20,Freshwater
6/11/23 11:00,87.344,20,Freshwater
6/11/23 11:05,87.394,20,Freshwater
6/11/23 11:10,87.298,20,Freshwater
6/11/23 11:15,87.368,20,Freshwater
6/11/23 11:20,87.426,20,Freshwater
6/11/23 11:25,87.365,20,Freshwater
6/11/23 11:30,87.389,20,Freshwater
6/11/23 11:35,87.311,20,Freshwater
6/11/23 11:40,87.303,20,Freshwater
6/11/23 11:45,87.428,20,Freshwater
6/11/23 11:50,87.303,20,Freshwater
6/11/23 11:55,87.321,20,Freshwater
6/11/23 12:00,87.24,20,Freshwater
6/11/23 12:05,87.342,20,Freshwater
6/11/23 12:10,87.229,20,Freshwater
6/11/23 12:15,87.212,20,Freshwater
6/11/23 12:20,87.18,20,Freshwater
6/11/23 12:25,87.262,20,Freshwater
6/11/23 12:30,87.219,20,Freshwater
6/11/23 12:35,87.288,20,Freshwater
6/11/23 12:40,87.252,20,Freshwater
6/11/23 12:45,87.209,20,Freshwater
6/11/23 12:50,87.226,20,Freshwater
6/11/23 12:55,87.235,20,Freshwater
6/11/23 13:00,87.229,20,Freshwater
6/11/23 13:05,87.17,20,Freshwater
6/11/23 13:10,87.196,20,Freshwater
6/11/23 13:15,87.217,20,Freshwater
6/11/23 13:20,87.113,20,Freshwater
6/11/23 13:25,87.207,20,Freshwater
6/11/23 13:30,87.179,20,Freshwater
6/11/23 13:35,87.118,20,Freshwater
6/11/23 13:40,87.164,20,Freshwater
6/11/23 13:45,87.244,20,Freshwater
6/11/23 13:50,87.17,20,Freshwater
6/11/23 13:55,87.154,20,Freshwater
6/11/23 14:00,87.195,20,Freshwater
6/11/23 14:05,87.138,20,Freshwater
6/11/23 14:10,87.135,20,Freshwater
6/11/23 14:15,87.178,20,Freshwater
6/11/23 14:20,87.063,20,Freshwater
6/11/23 14:25,87.095,20,Freshwater
6/11/23 14:30,87.133,20,Freshwater
6/11/23 14:35,87.086,20,Freshwater
6/11/23 14:40,87.073,20,Freshwater
6/11/23 14:45,87.088,20,Freshwater
6/11/23 14:50,87.021,20,Freshwater
6/11/23 14:55,87.141,20,Freshwater
6/11/23 15:00,87.097,20,Freshwater
6/11/23 15:05,87.134,20,Freshwater
6/11/23 15:10,87.099,20,Freshwater
6/11/23 15:15,87.093,20,Freshwater
6/11/23 15:20,87.107,20,Freshwater
6/11/23 15:25,87.123,20,Freshwater
6/11/23 15:30,87.037,20,Freshwater
6/11/23 15:35,87.026,20,Freshwater
6/11/23 15:40,87.075,20,Freshwater
6/11/23 15:45,87.076,20,Freshwater
6/11/23 15:50,87.034,20,Freshwater
6/11/23 15:55,87.109,20,Freshwater
6/11/23 16:00,87.118,20,Freshwater
6/11/23 16:05,87.089,20,Freshwater
6/11/23 16:10,87.102,20,Freshwater
6/11/23 16:15,87.09,20,Freshwater
6/11/23 16:20,87.064,20,Freshwater
6/11/23 16:25,87.1,20,Freshwater
6/11/23 16:30,87.148,20,Freshwater
6/11/23 16:35,87.117,20,Freshwater
6/11/23 16:40,87.149,20,Freshwater
6/11/23 16:45,87.023,20,Freshwater
6/11/23 16:50,87.107,20,Freshwater
6/11/23 16:55,87.075,20,Freshwater
6/11/23 17:00,87.095,20,Freshwater
6/11/23 17:05,87.125,20,Freshwater
6/11/23 17:10,87.122,20,Freshwater
6/11/23 17:15,87.159,20,Freshwater
6/11/23 17:20,87.072,20,Freshwater
6/11/23 17:25,87.112,20,Freshwater
6/11/23 17:30,87.084,20,Freshwater
6/11/23 17:35,87.042,20,Freshwater
6/11/23 17:40,87.184,20,Freshwater
6/11/23 17:45,87.167,20,Freshwater
6/11/23 17:50,87.104,20,Freshwater
6/11/23 17:55,87.196,20,Freshwater
6/11/23 18:00,87.095,20,Freshwater
6/11/23 18:05,87.231,20,Freshwater
6/11/23 18:10,87.157,20,Freshwater
6/11/23 18:15,87.143,20,Freshwater
6/11/23 18:20,87.125,20,Freshwater
6/11/23 18:25,87.187,20,Freshwater
6/11/23 18:30,87.195,20,Freshwater
6/11/23 18:35,87.234,20,Freshwater
6/11/23 18:40,87.245,20,Freshwater
6/11/23 18:45,87.128,20,Freshwater
6/11/23 18:50,87.195,20,Freshwater
6/11/23 18:55,87.232,20,Freshwater
6/11/23 19:00,87.154,20,Freshwater
6/11/23 19:05,87.285,20,Freshwater
6/11/23 19:10,87.25,20,Freshwater
6/11/23 19:15,87.214,20,Freshwater
6/11/23 19:20,87.227,20,Freshwater
6/11/23 19:25,87.191,20,Freshwater
6/11/23 19:30,87.151,20,Freshwater
6/11/23 19:35,87.135,20,Freshwater
6/11/23 19:40,87.143,20,Freshwater
6/11/23 19:45,87.094,20,Freshwater
6/11/23 19:50,87.105,20,Freshwater
6/11/23 19:55,87.195,20,Freshwater
6/11/23 20:00,87.119,20,Freshwater
6/11/23 20:05,87.207,20,Freshwater
6/11/23 20:10,87.15,20,Freshwater
6/11/23 20:15,87.118,20,Freshwater
6/11/23 20:20,87.161,20,Freshwater
6/11/23 20:25,87.154,20,Freshwater
6/11/23 20:30,87.183,20,Freshwater
6/11/23 20:35,87.191,20,Freshwater
6/11/23 20:40,87.146,20,Freshwater
6/11/23 20:45,87.122,20,Freshwater
6/11/23 20:50,87.124,20,Freshwater
6/11/23 20:55,87.164,20,Freshwater
6/11/23 21:00,87.071,20,Freshwater
6/11/23 21:05,87.009,20,Freshwater
6/11/23 21:10,87.071,20,Freshwater
6/11/23 21:15,87.086,20,Freshwater
6/11/23 21:20,87.08,20,Freshwater
6/11/23 21:25,87.039,20,Freshwater
6/11/23 21:30,87.069,20,Freshwater
6/11/23 21:35,87.052,20,Freshwater
6/11/23 21:40,87.095,20,Freshwater
6/11/23 21:45,87.083,20,Freshwater
6/11/23 21:50,87.052,20,Freshwater
6/11/23 21:55,87.072,20,Freshwater
6/11/23 22:00,87.032,20,Freshwater
6/11/23 22:05,87.14,20,Freshwater
6/11/23 22:10,87.111,20,Freshwater
6/11/23 22:15,87.042,20,Freshwater
6/11/23 22:20,87.058,20,Freshwater
6/11/23 22:25,87.059,20,Freshwater
6/11/23 22:30,87.033,20,Freshwater
6/11/23 22:35,87.138,20,Freshwater
6/11/23 22:40,87.133,20,Freshwater
6/11/23 22:45,87.143,20,Freshwater
6/11/23 22:50,87.121,20,Freshwater
6/11/23 22:55,87.075,20,Freshwater
6/11/23 23:00,87.109,20,Freshwater
6/11/23 23:05,87.152,20,Freshwater
6/11/23 23:10,87.134,20,Freshwater
6/11/23 23:15,87.165,20,Freshwater
6/11/23 23:20,87.082,20,Freshwater
6/11/23 23:25,87.085,20,Freshwater
6/11/23 23:30,87.127,20,Freshwater
6/11/23 23:35,87.157,20,Freshwater
6/11/23 23:40,87.128,20,Freshwater
6/11/23 23:45,87.119,20,Freshwater
6/11/23 23:50,87.07,20,Freshwater
6/11/23 23:55,87.085,20,Freshwater
6/12/23,87.053,20,Freshwater
6/9/23 15:35,82.906,30,Freshwater
6/9/23 15:40,83.2,30,Freshwater
6/9/23 15:45,83.33,30,Freshwater
6/9/23 15:50,83.633,30,Freshwater
6/9/23 15:55,83.798,30,Freshwater
6/9/23 16:00,83.875,30,Freshwater
6/9/23 16:05,84.088,30,Freshwater
6/9/23 16:10,84.266,30,Freshwater
6/9/23 16:15,84.412,30,Freshwater
6/9/23 16:20,84.567,30,Freshwater
6/9/23 16:25,84.598,30,Freshwater
6/9/23 16:30,84.688,30,Freshwater
6/9/23 16:35,84.752,30,Freshwater
6/9/23 16:40,84.711,30,Freshwater
6/9/23 16:45,84.808,30,Freshwater
6/9/23 16:50,84.773,30,Freshwater
6/9/23 16:55,84.832,30,Freshwater
6/9/23 17:00,84.853,30,Freshwater
6/9/23 17:05,84.783,30,Freshwater
6/9/23 17:10,84.73,30,Freshwater
6/9/23 17:15,84.775,30,Freshwater
6/9/23 17:20,84.822,30,Freshwater
6/9/23 17:25,84.86,30,Freshwater
6/9/23 17:30,84.81,30,Freshwater
6/9/23 17:35,84.756,30,Freshwater
6/9/23 17:40,84.787,30,Freshwater
6/9/23 17:45,84.756,30,Freshwater
6/9/23 17:50,84.752,30,Freshwater
6/9/23 17:55,84.754,30,Freshwater
6/9/23 18:00,84.739,30,Freshwater
6/9/23 18:05,84.764,30,Freshwater
6/9/23 18:10,84.769,30,Freshwater
6/9/23 18:15,84.753,30,Freshwater
6/9/23 18:20,84.798,30,Freshwater
6/9/23 18:25,84.75,30,Freshwater
6/9/23 18:30,84.783,30,Freshwater
6/9/23 18:35,84.787,30,Freshwater
6/9/23 18:40,84.851,30,Freshwater
6/9/23 18:45,84.802,30,Freshwater
6/9/23 18:50,84.837,30,Freshwater
6/9/23 18:55,84.846,30,Freshwater
6/9/23 19:00,84.943,30,Freshwater
6/9/23 19:05,84.956,30,Freshwater
6/9/23 19:10,84.98,30,Freshwater
6/9/23 19:15,84.954,30,Freshwater
6/9/23 19:20,85.083,30,Freshwater
6/9/23 19:25,84.992,30,Freshwater
6/9/23 19:30,85,30,Freshwater
6/9/23 19:35,85.077,30,Freshwater
6/9/23 19:40,85.102,30,Freshwater
6/9/23 19:45,85.056,30,Freshwater
6/9/23 19:50,85.198,30,Freshwater
6/9/23 19:55,85.132,30,Freshwater
6/9/23 20:00,85.282,30,Freshwater
6/9/23 20:05,85.219,30,Freshwater
6/9/23 20:10,85.341,30,Freshwater
6/9/23 20:15,85.318,30,Freshwater
6/9/23 20:20,85.317,30,Freshwater
6/9/23 20:25,85.305,30,Freshwater
6/9/23 20:30,85.351,30,Freshwater
6/9/23 20:35,85.428,30,Freshwater
6/9/23 20:40,85.382,30,Freshwater
6/9/23 20:45,85.431,30,Freshwater
6/9/23 20:50,85.424,30,Freshwater
6/9/23 20:55,85.417,30,Freshwater
6/9/23 21:00,85.411,30,Freshwater
6/9/23 21:05,85.447,30,Freshwater
6/9/23 21:10,85.435,30,Freshwater
6/9/23 21:15,85.375,30,Freshwater
6/9/23 21:20,85.455,30,Freshwater
6/9/23 21:25,85.448,30,Freshwater
6/9/23 21:30,85.448,30,Freshwater
6/9/23 21:35,85.469,30,Freshwater
6/9/23 21:40,85.541,30,Freshwater
6/9/23 21:45,85.47,30,Freshwater
6/9/23 21:50,85.547,30,Freshwater
6/9/23 21:55,85.603,30,Freshwater
6/9/23 22:00,85.542,30,Freshwater
6/9/23 22:05,85.602,30,Freshwater
6/9/23 22:10,85.578,30,Freshwater
6/9/23 22:15,85.556,30,Freshwater
6/9/23 22:20,85.66,30,Freshwater
6/9/23 22:25,85.64,30,Freshwater
6/9/23 22:30,85.641,30,Freshwater
6/9/23 22:35,85.614,30,Freshwater
6/9/23 22:40,85.55,30,Freshwater
6/9/23 22:45,85.628,30,Freshwater
6/9/23 22:50,85.652,30,Freshwater
6/9/23 22:55,85.742,30,Freshwater
6/9/23 23:00,85.656,30,Freshwater
6/9/23 23:05,85.644,30,Freshwater
6/9/23 23:10,85.614,30,Freshwater
6/9/23 23:15,85.646,30,Freshwater
6/9/23 23:20,85.643,30,Freshwater
6/9/23 23:25,85.658,30,Freshwater
6/9/23 23:30,85.71,30,Freshwater
6/9/23 23:35,85.755,30,Freshwater
6/9/23 23:40,85.737,30,Freshwater
6/9/23 23:45,85.72,30,Freshwater
6/9/23 23:50,85.744,30,Freshwater
6/9/23 23:55,85.751,30,Freshwater
6/10/23,85.752,30,Freshwater
6/10/23 0:05,85.745,30,Freshwater
6/10/23 0:10,85.84,30,Freshwater
6/10/23 0:15,85.724,30,Freshwater
6/10/23 0:20,85.71,30,Freshwater
6/10/23 0:25,85.714,30,Freshwater
6/10/23 0:30,85.747,30,Freshwater
6/10/23 0:35,85.763,30,Freshwater
6/10/23 0:40,85.761,30,Freshwater
6/10/23 0:45,85.766,30,Freshwater
6/10/23 0:50,85.829,30,Freshwater
6/10/23 0:55,85.827,30,Freshwater
6/10/23 1:00,85.828,30,Freshwater
6/10/23 1:05,85.864,30,Freshwater
6/10/23 1:10,85.849,30,Freshwater
6/10/23 1:15,85.889,30,Freshwater
6/10/23 1:20,85.893,30,Freshwater
6/10/23 1:25,85.87,30,Freshwater
6/10/23 1:30,85.908,30,Freshwater
6/10/23 1:35,85.961,30,Freshwater
6/10/23 1:40,85.987,30,Freshwater
6/10/23 1:45,85.916,30,Freshwater
6/10/23 1:50,85.912,30,Freshwater
6/10/23 1:55,85.962,30,Freshwater
6/10/23 2:00,86.024,30,Freshwater
6/10/23 2:05,85.95,30,Freshwater
6/10/23 2:10,86.001,30,Freshwater
6/10/23 2:15,86.03,30,Freshwater
6/10/23 2:20,85.965,30,Freshwater
6/10/23 2:25,86.034,30,Freshwater
6/10/23 2:30,86.039,30,Freshwater
6/10/23 2:35,86.09,30,Freshwater
6/10/23 2:40,86.047,30,Freshwater
6/10/23 2:45,86.04,30,Freshwater
6/10/23 2:50,86.043,30,Freshwater
6/10/23 2:55,86.12,30,Freshwater
6/10/23 3:00,86.068,30,Freshwater
6/10/23 3:05,86.077,30,Freshwater
6/10/23 3:10,86.075,30,Freshwater
6/10/23 3:15,86.053,30,Freshwater
6/10/23 3:20,86.06,30,Freshwater
6/10/23 3:25,86.108,30,Freshwater
6/10/23 3:30,86.129,30,Freshwater
6/10/23 3:35,86.123,30,Freshwater
6/10/23 3:40,86.104,30,Freshwater
6/10/23 3:45,86.161,30,Freshwater
6/10/23 3:50,86.114,30,Freshwater
6/10/23 3:55,86.208,30,Freshwater
6/10/23 4:00,86.202,30,Freshwater
6/10/23 4:05,86.163,30,Freshwater
6/10/23 4:10,86.19,30,Freshwater
6/10/23 4:15,86.284,30,Freshwater
6/10/23 4:20,86.196,30,Freshwater
6/10/23 4:25,86.271,30,Freshwater
6/10/23 4:30,86.241,30,Freshwater
6/10/23 4:35,86.268,30,Freshwater
6/10/23 4:40,86.246,30,Freshwater
6/10/23 4:45,86.328,30,Freshwater
6/10/23 4:50,86.327,30,Freshwater
6/10/23 4:55,86.37,30,Freshwater
6/10/23 5:00,86.331,30,Freshwater
6/10/23 5:05,86.391,30,Freshwater
6/10/23 5:10,86.342,30,Freshwater
6/10/23 5:15,86.362,30,Freshwater
6/10/23 5:20,86.338,30,Freshwater
6/10/23 5:25,86.27,30,Freshwater
6/10/23 5:30,86.326,30,Freshwater
6/10/23 5:35,86.404,30,Freshwater
6/10/23 5:40,86.372,30,Freshwater
6/10/23 5:45,86.393,30,Freshwater
6/10/23 5:50,86.401,30,Freshwater
6/10/23 5:55,86.371,30,Freshwater
6/10/23 6:00,86.335,30,Freshwater
6/10/23 6:05,86.35,30,Freshwater
6/10/23 6:10,86.412,30,Freshwater
6/10/23 6:15,86.408,30,Freshwater
6/10/23 6:20,86.424,30,Freshwater
6/10/23 6:25,86.469,30,Freshwater
6/10/23 6:30,86.431,30,Freshwater
6/10/23 6:35,86.415,30,Freshwater
6/10/23 6:40,86.454,30,Freshwater
6/10/23 6:45,86.461,30,Freshwater
6/10/23 6:50,86.47,30,Freshwater
6/10/23 6:55,86.421,30,Freshwater
6/10/23 7:00,86.442,30,Freshwater
6/10/23 7:05,86.351,30,Freshwater
6/10/23 7:10,86.408,30,Freshwater
6/10/23 7:15,86.449,30,Freshwater
6/10/23 7:20,86.412,30,Freshwater
6/10/23 7:25,86.489,30,Freshwater
6/10/23 7:30,86.362,30,Freshwater
6/10/23 7:35,86.43,30,Freshwater
6/10/23 7:40,86.424,30,Freshwater
6/10/23 7:45,86.436,30,Freshwater
6/10/23 7:50,86.462,30,Freshwater
6/10/23 7:55,86.444,30,Freshwater
6/10/23 8:00,86.41,30,Freshwater
6/10/23 8:05,86.462,30,Freshwater
6/10/23 8:10,86.391,30,Freshwater
6/10/23 8:15,86.411,30,Freshwater
6/10/23 8:20,86.389,30,Freshwater
6/10/23 8:25,86.355,30,Freshwater
6/10/23 8:30,86.455,30,Freshwater
6/10/23 8:35,86.347,30,Freshwater
6/10/23 8:40,86.403,30,Freshwater
6/10/23 8:45,86.35,30,Freshwater
6/10/23 8:50,86.324,30,Freshwater
6/10/23 8:55,86.303,30,Freshwater
6/10/23 9:00,86.383,30,Freshwater
6/10/23 9:05,86.41,30,Freshwater
6/10/23 9:10,86.395,30,Freshwater
6/10/23 9:15,86.37,30,Freshwater
6/10/23 9:20,86.351,30,Freshwater
6/10/23 9:25,86.315,30,Freshwater
6/10/23 9:30,86.293,30,Freshwater
6/10/23 9:35,86.152,30,Freshwater
6/10/23 9:40,86.183,30,Freshwater
6/10/23 9:45,86.266,30,Freshwater
6/10/23 9:50,86.268,30,Freshwater
6/10/23 9:55,86.287,30,Freshwater
6/10/23 10:00,86.251,30,Freshwater
6/10/23 10:05,86.215,30,Freshwater
6/10/23 10:10,86.164,30,Freshwater
6/10/23 10:15,86.101,30,Freshwater
6/10/23 10:20,86.231,30,Freshwater
6/10/23 10:25,86.17,30,Freshwater
6/10/23 10:30,86.086,30,Freshwater
6/10/23 10:35,86.064,30,Freshwater
6/10/23 10:40,86.028,30,Freshwater
6/10/23 10:45,86.032,30,Freshwater
6/10/23 10:50,85.993,30,Freshwater
6/10/23 10:55,85.96,30,Freshwater
6/10/23 11:00,85.829,30,Freshwater
6/10/23 11:05,85.892,30,Freshwater
6/10/23 11:10,85.852,30,Freshwater
6/10/23 11:15,85.892,30,Freshwater
6/10/23 11:20,85.79,30,Freshwater
6/10/23 11:25,85.879,30,Freshwater
6/10/23 11:30,85.8,30,Freshwater
6/10/23 11:35,85.831,30,Freshwater
6/10/23 11:40,85.877,30,Freshwater
6/10/23 11:45,85.876,30,Freshwater
6/10/23 11:50,85.864,30,Freshwater
6/10/23 11:55,85.931,30,Freshwater
6/10/23 12:00,85.917,30,Freshwater
6/10/23 12:05,85.854,30,Freshwater
6/10/23 12:10,85.85,30,Freshwater
6/10/23 12:15,85.744,30,Freshwater
6/10/23 12:20,85.875,30,Freshwater
6/10/23 12:25,85.788,30,Freshwater
6/10/23 12:30,85.693,30,Freshwater
6/10/23 12:35,85.716,30,Freshwater
6/10/23 12:40,85.76,30,Freshwater
6/10/23 12:45,85.686,30,Freshwater
6/10/23 12:50,85.77,30,Freshwater
6/10/23 12:55,85.707,30,Freshwater
6/10/23 13:00,85.687,30,Freshwater
6/10/23 13:05,85.719,30,Freshwater
6/10/23 13:10,85.663,30,Freshwater
6/10/23 13:15,85.652,30,Freshwater
6/10/23 13:20,85.656,30,Freshwater
6/10/23 13:25,85.631,30,Freshwater
6/10/23 13:30,85.648,30,Freshwater
6/10/23 13:35,85.592,30,Freshwater
6/10/23 13:40,85.664,30,Freshwater
6/10/23 13:45,85.612,30,Freshwater
6/10/23 13:50,85.546,30,Freshwater
6/10/23 13:55,85.643,30,Freshwater
6/10/23 14:00,85.625,30,Freshwater
6/10/23 14:05,85.602,30,Freshwater
6/10/23 14:10,85.544,30,Freshwater
6/10/23 14:15,85.609,30,Freshwater
6/10/23 14:20,85.59,30,Freshwater
6/10/23 14:25,85.444,30,Freshwater
6/10/23 14:30,85.481,30,Freshwater
6/10/23 14:35,85.563,30,Freshwater
6/10/23 14:40,85.514,30,Freshwater
6/10/23 14:45,85.485,30,Freshwater
6/10/23 14:50,85.486,30,Freshwater
6/10/23 14:55,85.415,30,Freshwater
6/10/23 15:00,85.485,30,Freshwater
6/10/23 15:05,85.461,30,Freshwater
6/10/23 15:10,85.405,30,Freshwater
6/10/23 15:15,85.376,30,Freshwater
6/10/23 15:20,85.345,30,Freshwater
6/10/23 15:25,85.443,30,Freshwater
6/10/23 15:30,85.45,30,Freshwater
6/10/23 15:35,85.348,30,Freshwater
6/10/23 15:40,85.369,30,Freshwater
6/10/23 15:45,85.265,30,Freshwater
6/10/23 15:50,85.248,30,Freshwater
6/10/23 15:55,85.421,30,Freshwater
6/10/23 16:00,85.341,30,Freshwater
6/10/23 16:05,85.263,30,Freshwater
6/10/23 16:10,85.382,30,Freshwater
6/10/23 16:15,85.346,30,Freshwater
6/10/23 16:20,85.382,30,Freshwater
6/10/23 16:25,85.397,30,Freshwater
6/10/23 16:30,85.354,30,Freshwater
6/10/23 16:35,85.372,30,Freshwater
6/10/23 16:40,85.425,30,Freshwater
6/10/23 16:45,85.329,30,Freshwater
6/10/23 16:50,85.344,30,Freshwater
6/10/23 16:55,85.31,30,Freshwater
6/10/23 17:00,85.352,30,Freshwater
6/10/23 17:05,85.302,30,Freshwater
6/10/23 17:10,85.329,30,Freshwater
6/10/23 17:15,85.326,30,Freshwater
6/10/23 17:20,85.366,30,Freshwater
6/10/23 17:25,85.321,30,Freshwater
6/10/23 17:30,85.38,30,Freshwater
6/10/23 17:35,85.377,30,Freshwater
6/10/23 17:40,85.377,30,Freshwater
6/10/23 17:45,85.311,30,Freshwater
6/10/23 17:50,85.378,30,Freshwater
6/10/23 17:55,85.32,30,Freshwater
6/10/23 18:00,85.351,30,Freshwater
6/10/23 18:05,85.31,30,Freshwater
6/10/23 18:10,85.299,30,Freshwater
6/10/23 18:15,85.27,30,Freshwater
6/10/23 18:20,85.31,30,Freshwater
6/10/23 18:25,85.332,30,Freshwater
6/10/23 18:30,85.252,30,Freshwater
6/10/23 18:35,85.212,30,Freshwater
6/10/23 18:40,85.249,30,Freshwater
6/10/23 18:45,85.179,30,Freshwater
6/10/23 18:50,85.193,30,Freshwater
6/10/23 18:55,85.086,30,Freshwater
6/10/23 19:00,85.16,30,Freshwater
6/10/23 19:05,85.125,30,Freshwater
6/10/23 19:10,85.203,30,Freshwater
6/10/23 19:15,85.195,30,Freshwater
6/10/23 19:20,85.178,30,Freshwater
6/10/23 19:25,85.225,30,Freshwater
6/10/23 19:30,85.211,30,Freshwater
6/10/23 19:35,85.187,30,Freshwater
6/10/23 19:40,85.264,30,Freshwater
6/10/23 19:45,85.2,30,Freshwater
6/10/23 19:50,85.213,30,Freshwater
6/10/23 19:55,85.182,30,Freshwater
6/10/23 20:00,85.172,30,Freshwater
6/10/23 20:05,85.21,30,Freshwater
6/10/23 20:10,85.212,30,Freshwater
6/10/23 20:15,85.156,30,Freshwater
6/10/23 20:20,85.143,30,Freshwater
6/10/23 20:25,85.127,30,Freshwater
6/10/23 20:30,85.165,30,Freshwater
6/10/23 20:35,85.17,30,Freshwater
6/10/23 20:40,85.188,30,Freshwater
6/10/23 20:45,85.245,30,Freshwater
6/10/23 20:50,85.184,30,Freshwater
6/10/23 20:55,85.179,30,Freshwater
6/10/23 21:00,85.213,30,Freshwater
6/10/23 21:05,85.217,30,Freshwater
6/10/23 21:10,85.256,30,Freshwater
6/10/23 21:15,85.262,30,Freshwater
6/10/23 21:20,85.236,30,Freshwater
6/10/23 21:25,85.332,30,Freshwater
6/10/23 21:30,85.234,30,Freshwater
6/10/23 21:35,85.199,30,Freshwater
6/10/23 21:40,85.29,30,Freshwater
6/10/23 21:45,85.279,30,Freshwater
6/10/23 21:50,85.26,30,Freshwater
6/10/23 21:55,85.296,30,Freshwater
6/10/23 22:00,85.357,30,Freshwater
6/10/23 22:05,85.371,30,Freshwater
6/10/23 22:10,85.31,30,Freshwater
6/10/23 22:15,85.267,30,Freshwater
6/10/23 22:20,85.318,30,Freshwater
6/10/23 22:25,85.286,30,Freshwater
6/10/23 22:30,85.319,30,Freshwater
6/10/23 22:35,85.404,30,Freshwater
6/10/23 22:40,85.332,30,Freshwater
6/10/23 22:45,85.329,30,Freshwater
6/10/23 22:50,85.365,30,Freshwater
6/10/23 22:55,85.4,30,Freshwater
6/10/23 23:00,85.496,30,Freshwater
6/10/23 23:05,85.462,30,Freshwater
6/10/23 23:10,85.544,30,Freshwater
6/10/23 23:15,85.525,30,Freshwater
6/10/23 23:20,85.54,30,Freshwater
6/10/23 23:25,85.556,30,Freshwater
6/10/23 23:30,85.581,30,Freshwater
6/10/23 23:35,85.591,30,Freshwater
6/10/23 23:40,85.519,30,Freshwater
6/10/23 23:45,85.593,30,Freshwater
6/10/23 23:50,85.564,30,Freshwater
6/10/23 23:55,85.592,30,Freshwater
6/11/23,85.626,30,Freshwater
6/11/23 0:05,85.615,30,Freshwater
6/11/23 0:10,85.618,30,Freshwater
6/11/23 0:15,85.627,30,Freshwater
6/11/23 0:20,85.616,30,Freshwater
6/11/23 0:25,85.602,30,Freshwater
6/11/23 0:30,85.66,30,Freshwater
6/11/23 0:35,85.702,30,Freshwater
6/11/23 0:40,85.586,30,Freshwater
6/11/23 0:45,85.709,30,Freshwater
6/11/23 0:50,85.672,30,Freshwater
6/11/23 0:55,85.667,30,Freshwater
6/11/23 1:00,85.772,30,Freshwater
6/11/23 1:05,85.747,30,Freshwater
6/11/23 1:10,85.728,30,Freshwater
6/11/23 1:15,85.708,30,Freshwater
6/11/23 1:20,85.684,30,Freshwater
6/11/23 1:25,85.684,30,Freshwater
6/11/23 1:30,85.712,30,Freshwater
6/11/23 1:35,85.732,30,Freshwater
6/11/23 1:40,85.69,30,Freshwater
6/11/23 1:45,85.704,30,Freshwater
6/11/23 1:50,85.665,30,Freshwater
6/11/23 1:55,85.718,30,Freshwater
6/11/23 2:00,85.75,30,Freshwater
6/11/23 2:05,85.804,30,Freshwater
6/11/23 2:10,85.805,30,Freshwater
6/11/23 2:15,85.712,30,Freshwater
6/11/23 2:20,85.77,30,Freshwater
6/11/23 2:25,85.744,30,Freshwater
6/11/23 2:30,85.856,30,Freshwater
6/11/23 2:35,85.765,30,Freshwater
6/11/23 2:40,85.735,30,Freshwater
6/11/23 2:45,85.824,30,Freshwater
6/11/23 2:50,85.788,30,Freshwater
6/11/23 2:55,85.934,30,Freshwater
6/11/23 3:00,85.871,30,Freshwater
6/11/23 3:05,85.985,30,Freshwater
6/11/23 3:10,85.806,30,Freshwater
6/11/23 3:15,85.868,30,Freshwater
6/11/23 3:20,85.927,30,Freshwater
6/11/23 3:25,85.91,30,Freshwater
6/11/23 3:30,85.895,30,Freshwater
6/11/23 3:35,85.995,30,Freshwater
6/11/23 3:40,85.969,30,Freshwater
6/11/23 3:45,85.922,30,Freshwater
6/11/23 3:50,85.971,30,Freshwater
6/11/23 3:55,86.033,30,Freshwater
6/11/23 4:00,85.969,30,Freshwater
6/11/23 4:05,86.078,30,Freshwater
6/11/23 4:10,85.999,30,Freshwater
6/11/23 4:15,85.978,30,Freshwater
6/11/23 4:20,85.993,30,Freshwater
6/11/23 4:25,86.039,30,Freshwater
6/11/23 4:30,86.091,30,Freshwater
6/11/23 4:35,86.061,30,Freshwater
6/11/23 4:40,86.124,30,Freshwater
6/11/23 4:45,86.063,30,Freshwater
6/11/23 4:50,86.074,30,Freshwater
6/11/23 4:55,86.134,30,Freshwater
6/11/23 5:00,86.083,30,Freshwater
6/11/23 5:05,86.147,30,Freshwater
6/11/23 5:10,86.235,30,Freshwater
6/11/23 5:15,86.213,30,Freshwater
6/11/23 5:20,86.133,30,Freshwater
6/11/23 5:25,86.286,30,Freshwater
6/11/23 5:30,86.275,30,Freshwater
6/11/23 5:35,86.256,30,Freshwater
6/11/23 5:40,86.31,30,Freshwater
6/11/23 5:45,86.234,30,Freshwater
6/11/23 5:50,86.289,30,Freshwater
6/11/23 5:55,86.339,30,Freshwater
6/11/23 6:00,86.267,30,Freshwater
6/11/23 6:05,86.322,30,Freshwater
6/11/23 6:10,86.282,30,Freshwater
6/11/23 6:15,86.327,30,Freshwater
6/11/23 6:20,86.274,30,Freshwater
6/11/23 6:25,86.31,30,Freshwater
6/11/23 6:30,86.362,30,Freshwater
6/11/23 6:35,86.357,30,Freshwater
6/11/23 6:40,86.351,30,Freshwater
6/11/23 6:45,86.34,30,Freshwater
6/11/23 6:50,86.33,30,Freshwater
6/11/23 6:55,86.418,30,Freshwater
6/11/23 7:00,86.36,30,Freshwater
6/11/23 7:05,86.38,30,Freshwater
6/11/23 7:10,86.408,30,Freshwater
6/11/23 7:15,86.495,30,Freshwater
6/11/23 7:20,86.45,30,Freshwater
6/11/23 7:25,86.447,30,Freshwater
6/11/23 7:30,86.482,30,Freshwater
6/11/23 7:35,86.427,30,Freshwater
6/11/23 7:40,86.572,30,Freshwater
6/11/23 7:45,86.592,30,Freshwater
6/11/23 7:50,86.581,30,Freshwater
6/11/23 7:55,86.532,30,Freshwater
6/11/23 8:00,86.525,30,Freshwater
6/11/23 8:05,86.571,30,Freshwater
6/11/23 8:10,86.528,30,Freshwater
6/11/23 8:15,86.517,30,Freshwater
6/11/23 8:20,86.608,30,Freshwater
6/11/23 8:25,86.543,30,Freshwater
6/11/23 8:30,86.627,30,Freshwater
6/11/23 8:35,86.585,30,Freshwater
6/11/23 8:40,86.575,30,Freshwater
6/11/23 8:45,86.569,30,Freshwater
6/11/23 8:50,86.716,30,Freshwater
6/11/23 8:55,86.618,30,Freshwater
6/11/23 9:00,86.564,30,Freshwater
6/11/23 9:05,86.643,30,Freshwater
6/11/23 9:10,86.629,30,Freshwater
6/11/23 9:15,86.59,30,Freshwater
6/11/23 9:20,86.543,30,Freshwater
6/11/23 9:25,86.605,30,Freshwater
6/11/23 9:30,86.666,30,Freshwater
6/11/23 9:35,86.591,30,Freshwater
6/11/23 9:40,86.559,30,Freshwater
6/11/23 9:45,86.733,30,Freshwater
6/11/23 9:50,86.673,30,Freshwater
6/11/23 9:55,86.642,30,Freshwater
6/11/23 10:00,86.615,30,Freshwater
6/11/23 10:05,86.644,30,Freshwater
6/11/23 10:10,86.566,30,Freshwater
6/11/23 10:15,86.577,30,Freshwater
6/11/23 10:20,86.548,30,Freshwater
6/11/23 10:25,86.557,30,Freshwater
6/11/23 10:30,86.552,30,Freshwater
6/11/23 10:35,86.478,30,Freshwater
6/11/23 10:40,86.532,30,Freshwater
6/11/23 10:45,86.508,30,Freshwater
6/11/23 10:50,86.491,30,Freshwater
6/11/23 10:55,86.4,30,Freshwater
6/11/23 11:00,86.486,30,Freshwater
6/11/23 11:05,86.464,30,Freshwater
6/11/23 11:10,86.484,30,Freshwater
6/11/23 11:15,86.386,30,Freshwater
6/11/23 11:20,86.459,30,Freshwater
6/11/23 11:25,86.456,30,Freshwater
6/11/23 11:30,86.414,30,Freshwater
6/11/23 11:35,86.455,30,Freshwater
6/11/23 11:40,86.381,30,Freshwater
6/11/23 11:45,86.365,30,Freshwater
6/11/23 11:50,86.337,30,Freshwater
6/11/23 11:55,86.32,30,Freshwater
6/11/23 12:00,86.392,30,Freshwater
6/11/23 12:05,86.279,30,Freshwater
6/11/23 12:10,86.284,30,Freshwater
6/11/23 12:15,86.328,30,Freshwater
6/11/23 12:20,86.302,30,Freshwater
6/11/23 12:25,86.252,30,Freshwater
6/11/23 12:30,86.29,30,Freshwater
6/11/23 12:35,86.226,30,Freshwater
6/11/23 12:40,86.337,30,Freshwater
6/11/23 12:45,86.2,30,Freshwater
6/11/23 12:50,86.258,30,Freshwater
6/11/23 12:55,86.25,30,Freshwater
6/11/23 13:00,86.231,30,Freshwater
6/11/23 13:05,86.247,30,Freshwater
6/11/23 13:10,86.194,30,Freshwater
6/11/23 13:15,86.205,30,Freshwater
6/11/23 13:20,86.233,30,Freshwater
6/11/23 13:25,86.188,30,Freshwater
6/11/23 13:30,86.236,30,Freshwater
6/11/23 13:35,86.157,30,Freshwater
6/11/23 13:40,86.222,30,Freshwater
6/11/23 13:45,86.244,30,Freshwater
6/11/23 13:50,86.139,30,Freshwater
6/11/23 13:55,86.165,30,Freshwater
6/11/23 14:00,86.233,30,Freshwater
6/11/23 14:05,86.082,30,Freshwater
6/11/23 14:10,86.132,30,Freshwater
6/11/23 14:15,86.133,30,Freshwater
6/11/23 14:20,86.062,30,Freshwater
6/11/23 14:25,86.108,30,Freshwater
6/11/23 14:30,86.047,30,Freshwater
6/11/23 14:35,86.001,30,Freshwater
6/11/23 14:40,86.063,30,Freshwater
6/11/23 14:45,86.062,30,Freshwater
6/11/23 14:50,86.12,30,Freshwater
6/11/23 14:55,86.062,30,Freshwater
6/11/23 15:00,86.097,30,Freshwater
6/11/23 15:05,86.033,30,Freshwater
6/11/23 15:10,86.061,30,Freshwater
6/11/23 15:15,86.007,30,Freshwater
6/11/23 15:20,86.038,30,Freshwater
6/11/23 15:25,86.095,30,Freshwater
6/11/23 15:30,86.102,30,Freshwater
6/11/23 15:35,85.986,30,Freshwater
6/11/23 15:40,86.135,30,Freshwater
6/11/23 15:45,86.048,30,Freshwater
6/11/23 15:50,86.018,30,Freshwater
6/11/23 15:55,86.016,30,Freshwater
6/11/23 16:00,86.043,30,Freshwater
6/11/23 16:05,86.085,30,Freshwater
6/11/23 16:10,86.088,30,Freshwater
6/11/23 16:15,86.05,30,Freshwater
6/11/23 16:20,86.081,30,Freshwater
6/11/23 16:25,86.123,30,Freshwater
6/11/23 16:30,86.125,30,Freshwater
6/11/23 16:35,86.013,30,Freshwater
6/11/23 16:40,86.103,30,Freshwater
6/11/23 16:45,85.975,30,Freshwater
6/11/23 16:50,86.039,30,Freshwater
6/11/23 16:55,86.047,30,Freshwater
6/11/23 17:00,86.051,30,Freshwater
6/11/23 17:05,86.032,30,Freshwater
6/11/23 17:10,86.073,30,Freshwater
6/11/23 17:15,85.997,30,Freshwater
6/11/23 17:20,86.047,30,Freshwater
6/11/23 17:25,86.009,30,Freshwater
6/11/23 17:30,86.117,30,Freshwater
6/11/23 17:35,86.117,30,Freshwater
6/11/23 17:40,86.113,30,Freshwater
6/11/23 17:45,86.128,30,Freshwater
6/11/23 17:50,86.089,30,Freshwater
6/11/23 17:55,86.11,30,Freshwater
6/11/23 18:00,86.151,30,Freshwater
6/11/23 18:05,86.109,30,Freshwater
6/11/23 18:10,86.106,30,Freshwater
6/11/23 18:15,86.212,30,Freshwater
6/11/23 18:20,86.073,30,Freshwater
6/11/23 18:25,86.093,30,Freshwater
6/11/23 18:30,86.142,30,Freshwater
6/11/23 18:35,86.151,30,Freshwater
6/11/23 18:40,86.139,30,Freshwater
6/11/23 18:45,86.199,30,Freshwater
6/11/23 18:50,86.21,30,Freshwater
6/11/23 18:55,86.187,30,Freshwater
6/11/23 19:00,86.175,30,Freshwater
6/11/23 19:05,86.223,30,Freshwater
6/11/23 19:10,86.164,30,Freshwater
6/11/23 19:15,86.192,30,Freshwater
6/11/23 19:20,86.22,30,Freshwater
6/11/23 19:25,86.117,30,Freshwater
6/11/23 19:30,86.094,30,Freshwater
6/11/23 19:35,86.07,30,Freshwater
6/11/23 19:40,86.065,30,Freshwater
6/11/23 19:45,86.047,30,Freshwater
6/11/23 19:50,86.149,30,Freshwater
6/11/23 19:55,86.11,30,Freshwater
6/11/23 20:00,86.096,30,Freshwater
6/11/23 20:05,86.139,30,Freshwater
6/11/23 20:10,86.089,30,Freshwater
6/11/23 20:15,86.105,30,Freshwater
6/11/23 20:20,86.012,30,Freshwater
6/11/23 20:25,86.07,30,Freshwater
6/11/23 20:30,86.079,30,Freshwater
6/11/23 20:35,86.022,30,Freshwater
6/11/23 20:40,86.07,30,Freshwater
6/11/23 20:45,86.075,30,Freshwater
6/11/23 20:50,85.983,30,Freshwater
6/11/23 20:55,86.022,30,Freshwater
6/11/23 21:00,86.077,30,Freshwater
6/11/23 21:05,86.013,30,Freshwater
6/11/23 21:10,86.105,30,Freshwater
6/11/23 21:15,86.092,30,Freshwater
6/11/23 21:20,86.109,30,Freshwater
6/11/23 21:25,86.094,30,Freshwater
6/11/23 21:30,86.126,30,Freshwater
6/11/23 21:35,86.08,30,Freshwater
6/11/23 21:40,86.152,30,Freshwater
6/11/23 21:45,86.145,30,Freshwater
6/11/23 21:50,86.115,30,Freshwater
6/11/23 21:55,86.067,30,Freshwater
6/11/23 22:00,86.159,30,Freshwater
6/11/23 22:05,86.139,30,Freshwater
6/11/23 22:10,86.183,30,Freshwater
6/11/23 22:15,86.171,30,Freshwater
6/11/23 22:20,86.171,30,Freshwater
6/11/23 22:25,86.157,30,Freshwater
6/11/23 22:30,86.153,30,Freshwater
6/11/23 22:35,86.08,30,Freshwater
6/11/23 22:40,86.267,30,Freshwater
6/11/23 22:45,86.269,30,Freshwater
6/11/23 22:50,86.216,30,Freshwater
6/11/23 22:55,86.27,30,Freshwater
6/11/23 23:00,86.166,30,Freshwater
6/11/23 23:05,86.202,30,Freshwater
6/11/23 23:10,86.247,30,Freshwater
6/11/23 23:15,86.291,30,Freshwater
6/11/23 23:20,86.211,30,Freshwater
6/11/23 23:25,86.213,30,Freshwater
6/11/23 23:30,86.231,30,Freshwater
6/11/23 23:35,86.186,30,Freshwater
6/11/23 23:40,86.283,30,Freshwater
6/11/23 23:45,86.223,30,Freshwater
6/11/23 23:50,86.221,30,Freshwater
6/11/23 23:55,86.304,30,Freshwater
6/12/23,86.289,30,Freshwater
6/5/23,86.428,5,Estuarine
6/5/23 0:05,86.366,5,Estuarine
6/5/23 0:10,86.364,5,Estuarine
6/5/23 0:15,86.336,5,Estuarine
6/5/23 0:20,86.332,5,Estuarine
6/5/23 0:25,86.362,5,Estuarine
6/5/23 0:30,86.374,5,Estuarine
6/5/23 0:35,86.411,5,Estuarine
6/5/23 0:40,86.373,5,Estuarine
6/5/23 0:45,86.387,5,Estuarine
6/5/23 0:50,86.345,5,Estuarine
6/5/23 0:55,86.378,5,Estuarine
6/5/23 1:00,86.46,5,Estuarine
6/5/23 1:05,86.523,5,Estuarine
6/5/23 1:10,86.454,5,Estuarine
6/5/23 1:15,86.487,5,Estuarine
6/5/23 1:20,86.468,5,Estuarine
6/5/23 1:25,86.37,5,Estuarine
6/5/23 1:30,86.403,5,Estuarine
6/5/23 1:35,86.404,5,Estuarine
6/5/23 1:40,86.33,5,Estuarine
6/5/23 1:45,86.416,5,Estuarine
6/5/23 1:50,86.424,5,Estuarine
6/5/23 1:55,86.425,5,Estuarine
6/5/23 2:00,86.391,5,Estuarine
6/5/23 2:05,86.464,5,Estuarine
6/5/23 2:10,86.394,5,Estuarine
6/5/23 2:15,86.483,5,Estuarine
6/5/23 2:20,86.501,5,Estuarine
6/5/23 2:25,86.508,5,Estuarine
6/5/23 2:30,86.475,5,Estuarine
6/5/23 2:35,86.489,5,Estuarine
6/5/23 2:40,86.495,5,Estuarine
6/5/23 2:45,86.483,5,Estuarine
6/5/23 2:50,86.431,5,Estuarine
6/5/23 2:55,86.488,5,Estuarine
6/5/23 3:00,86.528,5,Estuarine
6/5/23 3:05,86.545,5,Estuarine
6/5/23 3:10,86.617,5,Estuarine
6/5/23 3:15,86.544,5,Estuarine
6/5/23 3:20,86.555,5,Estuarine
6/5/23 3:25,86.505,5,Estuarine
6/5/23 3:30,86.561,5,Estuarine
6/5/23 3:35,86.529,5,Estuarine
6/5/23 3:40,86.537,5,Estuarine
6/5/23 3:45,86.479,5,Estuarine
6/5/23 3:50,86.49,5,Estuarine
6/5/23 3:55,86.537,5,Estuarine
6/5/23 4:00,86.552,5,Estuarine
6/5/23 4:05,86.539,5,Estuarine
6/5/23 4:10,86.419,5,Estuarine
6/5/23 4:15,86.563,5,Estuarine
6/5/23 4:20,86.548,5,Estuarine
6/5/23 4:25,86.6,5,Estuarine
6/5/23 4:30,86.653,5,Estuarine
6/5/23 4:35,86.611,5,Estuarine
6/5/23 4:40,86.592,5,Estuarine
6/5/23 4:45,86.617,5,Estuarine
6/5/23 4:50,86.659,5,Estuarine
6/5/23 4:55,86.571,5,Estuarine
6/5/23 5:00,86.595,5,Estuarine
6/5/23 5:05,86.63,5,Estuarine
6/5/23 5:10,86.602,5,Estuarine
6/5/23 5:15,86.709,5,Estuarine
6/5/23 5:20,86.704,5,Estuarine
6/5/23 5:25,86.644,5,Estuarine
6/5/23 5:30,86.733,5,Estuarine
6/5/23 5:35,86.698,5,Estuarine
6/5/23 5:40,86.712,5,Estuarine
6/5/23 5:45,86.742,5,Estuarine
6/5/23 5:50,86.605,5,Estuarine
6/5/23 5:55,86.631,5,Estuarine
6/5/23 6:00,86.706,5,Estuarine
6/5/23 6:05,86.65,5,Estuarine
6/5/23 6:10,86.655,5,Estuarine
6/5/23 6:15,86.705,5,Estuarine
6/5/23 6:20,86.649,5,Estuarine
6/5/23 6:25,86.609,5,Estuarine
6/5/23 6:30,86.721,5,Estuarine
6/5/23 6:35,86.653,5,Estuarine
6/5/23 6:40,86.603,5,Estuarine
6/5/23 6:45,86.625,5,Estuarine
6/5/23 6:50,86.689,5,Estuarine
6/5/23 6:55,86.751,5,Estuarine
6/5/23 7:00,86.706,5,Estuarine
6/5/23 7:05,86.692,5,Estuarine
6/5/23 7:10,86.727,5,Estuarine
6/5/23 7:15,86.694,5,Estuarine
6/5/23 7:20,86.757,5,Estuarine
6/5/23 7:25,86.64,5,Estuarine
6/5/23 7:30,86.652,5,Estuarine
6/5/23 7:35,86.756,5,Estuarine
6/5/23 7:40,86.777,5,Estuarine
6/5/23 7:45,86.678,5,Estuarine
6/5/23 7:50,86.742,5,Estuarine
6/5/23 7:55,86.722,5,Estuarine
6/5/23 8:00,86.794,5,Estuarine
6/5/23 8:05,86.679,5,Estuarine
6/5/23 8:10,86.732,5,Estuarine
6/5/23 8:15,86.693,5,Estuarine
6/5/23 8:20,86.655,5,Estuarine
6/5/23 8:25,86.863,5,Estuarine
6/5/23 8:30,86.874,5,Estuarine
6/5/23 8:35,86.77,5,Estuarine
6/5/23 8:40,86.83,5,Estuarine
6/5/23 8:45,86.859,5,Estuarine
6/5/23 8:50,86.887,5,Estuarine
6/5/23 8:55,86.846,5,Estuarine
6/5/23 9:00,86.916,5,Estuarine
6/5/23 9:05,86.91,5,Estuarine
6/5/23 9:10,86.931,5,Estuarine
6/5/23 9:15,86.825,5,Estuarine
6/5/23 9:20,86.864,5,Estuarine
6/5/23 9:25,86.908,5,Estuarine
6/5/23 9:30,86.924,5,Estuarine
6/5/23 9:35,86.999,5,Estuarine
6/5/23 9:40,87.015,5,Estuarine
6/5/23 9:45,87.004,5,Estuarine
6/5/23 9:50,87.098,5,Estuarine
6/5/23 9:55,87.101,5,Estuarine
6/5/23 10:00,87.071,5,Estuarine
6/5/23 10:05,87.103,5,Estuarine
6/5/23 10:10,87.191,5,Estuarine
6/5/23 10:15,87.224,5,Estuarine
6/5/23 10:20,87.169,5,Estuarine
6/5/23 10:25,87.282,5,Estuarine
6/5/23 10:30,87.229,5,Estuarine
6/5/23 10:35,87.294,5,Estuarine
6/5/23 10:40,87.22,5,Estuarine
6/5/23 10:45,87.244,5,Estuarine
6/5/23 10:50,87.278,5,Estuarine
6/5/23 10:55,87.427,5,Estuarine
6/5/23 11:00,87.334,5,Estuarine
6/5/23 11:05,87.407,5,Estuarine
6/5/23 11:10,87.453,5,Estuarine
6/5/23 11:15,87.355,5,Estuarine
6/5/23 11:20,87.244,5,Estuarine
6/5/23 11:25,87.318,5,Estuarine
6/5/23 11:30,87.294,5,Estuarine
6/5/23 11:35,87.517,5,Estuarine
6/5/23 11:40,87.382,5,Estuarine
6/5/23 11:45,87.52,5,Estuarine
6/5/23 11:50,87.531,5,Estuarine
6/5/23 11:55,87.472,5,Estuarine
6/5/23 12:00,87.458,5,Estuarine
6/5/23 12:05,87.436,5,Estuarine
6/5/23 12:10,87.637,5,Estuarine
6/5/23 12:15,87.646,5,Estuarine
6/5/23 12:20,87.665,5,Estuarine
6/5/23 12:25,87.576,5,Estuarine
6/5/23 12:30,87.608,5,Estuarine
6/5/23 12:35,87.63,5,Estuarine
6/5/23 12:40,87.617,5,Estuarine
6/5/23 12:45,87.642,5,Estuarine
6/5/23 12:50,87.64,5,Estuarine
6/5/23 12:55,87.584,5,Estuarine
6/5/23 13:00,87.819,5,Estuarine
6/5/23 13:05,87.709,5,Estuarine
6/5/23 13:10,87.635,5,Estuarine
6/5/23 13:15,87.605,5,Estuarine
6/5/23 13:20,87.71,5,Estuarine
6/5/23 13:25,87.752,5,Estuarine
6/5/23 13:30,87.779,5,Estuarine
6/5/23 13:35,87.734,5,Estuarine
6/5/23 13:40,87.708,5,Estuarine
6/5/23 13:45,87.801,5,Estuarine
6/5/23 13:50,87.808,5,Estuarine
6/5/23 13:55,87.749,5,Estuarine
6/5/23 14:00,87.804,5,Estuarine
6/5/23 14:05,87.844,5,Estuarine
6/5/23 14:10,87.782,5,Estuarine
6/5/23 14:15,87.882,5,Estuarine
6/5/23 14:20,87.789,5,Estuarine
6/5/23 14:25,87.837,5,Estuarine
6/5/23 14:30,87.938,5,Estuarine
6/5/23 14:35,87.896,5,Estuarine
6/5/23 14:40,87.934,5,Estuarine
6/5/23 14:45,87.861,5,Estuarine
6/5/23 14:50,87.806,5,Estuarine
6/5/23 14:55,87.756,5,Estuarine
6/5/23 15:00,87.856,5,Estuarine
6/5/23 15:05,87.908,5,Estuarine
6/5/23 15:10,87.743,5,Estuarine
6/5/23 15:15,87.814,5,Estuarine
6/5/23 15:20,87.896,5,Estuarine
6/5/23 15:25,87.904,5,Estuarine
6/5/23 15:30,87.956,5,Estuarine
6/5/23 15:35,87.924,5,Estuarine
6/5/23 15:40,87.898,5,Estuarine
6/5/23 15:45,87.784,5,Estuarine
6/5/23 15:50,87.875,5,Estuarine
6/5/23 15:55,87.941,5,Estuarine
6/5/23 16:00,87.913,5,Estuarine
6/5/23 16:05,87.957,5,Estuarine
6/5/23 16:10,87.869,5,Estuarine
6/5/23 16:15,87.906,5,Estuarine
6/5/23 16:20,87.944,5,Estuarine
6/5/23 16:25,87.845,5,Estuarine
6/5/23 16:30,87.879,5,Estuarine
6/5/23 16:35,87.848,5,Estuarine
6/5/23 16:40,87.932,5,Estuarine
6/5/23 16:45,87.924,5,Estuarine
6/5/23 16:50,87.818,5,Estuarine
6/5/23 16:55,87.865,5,Estuarine
6/5/23 17:00,87.95,5,Estuarine
6/5/23 17:05,87.884,5,Estuarine
6/5/23 17:10,87.903,5,Estuarine
6/5/23 17:15,87.946,5,Estuarine
6/5/23 17:20,87.858,5,Estuarine
6/5/23 17:25,87.993,5,Estuarine
6/5/23 17:30,87.939,5,Estuarine
6/5/23 17:35,87.834,5,Estuarine
6/5/23 17:40,87.899,5,Estuarine
6/5/23 17:45,87.807,5,Estuarine
6/5/23 17:50,87.759,5,Estuarine
6/5/23 17:55,87.86,5,Estuarine
6/5/23 18:00,87.832,5,Estuarine
6/5/23 18:05,87.766,5,Estuarine
6/5/23 18:10,87.794,5,Estuarine
6/5/23 18:15,87.813,5,Estuarine
6/5/23 18:20,87.729,5,Estuarine
6/5/23 18:25,87.718,5,Estuarine
6/5/23 18:30,87.704,5,Estuarine
6/5/23 18:35,87.701,5,Estuarine
6/5/23 18:40,87.748,5,Estuarine
6/5/23 18:45,87.717,5,Estuarine
6/5/23 18:50,87.733,5,Estuarine
6/5/23 18:55,87.685,5,Estuarine
6/5/23 19:00,87.656,5,Estuarine
6/5/23 19:05,87.751,5,Estuarine
6/5/23 19:10,87.704,5,Estuarine
6/5/23 19:15,87.78,5,Estuarine
6/5/23 19:20,87.741,5,Estuarine
6/5/23 19:25,87.656,5,Estuarine
6/5/23 19:30,87.657,5,Estuarine
6/5/23 19:35,87.679,5,Estuarine
6/5/23 19:40,87.64,5,Estuarine
6/5/23 19:45,87.648,5,Estuarine
6/5/23 19:50,87.593,5,Estuarine
6/5/23 19:55,87.613,5,Estuarine
6/5/23 20:00,87.637,5,Estuarine
6/5/23 20:05,87.603,5,Estuarine
6/5/23 20:10,87.624,5,Estuarine
6/5/23 20:15,87.588,5,Estuarine
6/5/23 20:20,87.631,5,Estuarine
6/5/23 20:25,87.617,5,Estuarine
6/5/23 20:30,87.509,5,Estuarine
6/5/23 20:35,87.606,5,Estuarine
6/5/23 20:40,87.578,5,Estuarine
6/5/23 20:45,87.631,5,Estuarine
6/5/23 20:50,87.552,5,Estuarine
6/5/23 20:55,87.58,5,Estuarine
6/5/23 21:00,87.586,5,Estuarine
6/5/23 21:05,87.561,5,Estuarine
6/5/23 21:10,87.549,5,Estuarine
6/5/23 21:15,87.472,5,Estuarine
6/5/23 21:20,87.585,5,Estuarine
6/5/23 21:25,87.518,5,Estuarine
6/5/23 21:30,87.516,5,Estuarine
6/5/23 21:35,87.488,5,Estuarine
6/5/23 21:40,87.56,5,Estuarine
6/5/23 21:45,87.547,5,Estuarine
6/5/23 21:50,87.499,5,Estuarine
6/5/23 21:55,87.547,5,Estuarine
6/5/23 22:00,87.502,5,Estuarine
6/5/23 22:05,87.514,5,Estuarine
6/5/23 22:10,87.44,5,Estuarine
6/5/23 22:15,87.46,5,Estuarine
6/5/23 22:20,87.455,5,Estuarine
6/5/23 22:25,87.451,5,Estuarine
6/5/23 22:30,87.435,5,Estuarine
6/5/23 22:35,87.448,5,Estuarine
6/5/23 22:40,87.465,5,Estuarine
6/5/23 22:45,87.45,5,Estuarine
6/5/23 22:50,87.429,5,Estuarine
6/5/23 22:55,87.395,5,Estuarine
6/5/23 23:00,87.347,5,Estuarine
6/5/23 23:05,87.425,5,Estuarine
6/5/23 23:10,87.345,5,Estuarine
6/5/23 23:15,87.389,5,Estuarine
6/5/23 23:20,87.33,5,Estuarine
6/5/23 23:25,87.388,5,Estuarine
6/5/23 23:30,87.289,5,Estuarine
6/5/23 23:35,87.339,5,Estuarine
6/5/23 23:40,87.283,5,Estuarine
6/5/23 23:45,87.314,5,Estuarine
6/5/23 23:50,87.332,5,Estuarine
6/5/23 23:55,87.292,5,Estuarine
6/6/23,87.333,5,Estuarine
6/6/23 0:05,87.349,5,Estuarine
6/6/23 0:10,87.389,5,Estuarine
6/6/23 0:15,87.311,5,Estuarine
6/6/23 0:20,87.304,5,Estuarine
6/6/23 0:25,87.351,5,Estuarine
6/6/23 0:30,87.304,5,Estuarine
6/6/23 0:35,87.319,5,Estuarine
6/6/23 0:40,87.387,5,Estuarine
6/6/23 0:45,87.292,5,Estuarine
6/6/23 0:50,87.296,5,Estuarine
6/6/23 0:55,87.265,5,Estuarine
6/6/23 1:00,87.284,5,Estuarine
6/6/23 1:05,87.368,5,Estuarine
6/6/23 1:10,87.291,5,Estuarine
6/6/23 1:15,87.274,5,Estuarine
6/6/23 1:20,87.213,5,Estuarine
6/6/23 1:25,87.202,5,Estuarine
6/6/23 1:30,87.26,5,Estuarine
6/6/23 1:35,87.342,5,Estuarine
6/6/23 1:40,87.295,5,Estuarine
6/6/23 1:45,87.303,5,Estuarine
6/6/23 1:50,87.366,5,Estuarine
6/6/23 1:55,87.319,5,Estuarine
6/6/23 2:00,87.271,5,Estuarine
6/6/23 2:05,87.316,5,Estuarine
6/6/23 2:10,87.272,5,Estuarine
6/6/23 2:15,87.301,5,Estuarine
6/6/23 2:20,87.256,5,Estuarine
6/6/23 2:25,87.319,5,Estuarine
6/6/23 2:30,87.302,5,Estuarine
6/6/23 2:35,87.306,5,Estuarine
6/6/23 2:40,87.302,5,Estuarine
6/6/23 2:45,87.275,5,Estuarine
6/6/23 2:50,87.262,5,Estuarine
6/6/23 2:55,87.34,5,Estuarine
6/6/23 3:00,87.337,5,Estuarine
6/6/23 3:05,87.312,5,Estuarine
6/6/23 3:10,87.319,5,Estuarine
6/6/23 3:15,87.373,5,Estuarine
6/6/23 3:20,87.316,5,Estuarine
6/6/23 3:25,87.372,5,Estuarine
6/6/23 3:30,87.325,5,Estuarine
6/6/23 3:35,87.352,5,Estuarine
6/6/23 3:40,87.363,5,Estuarine
6/6/23 3:45,87.366,5,Estuarine
6/6/23 3:50,87.387,5,Estuarine
6/6/23 3:55,87.433,5,Estuarine
6/6/23 4:00,87.357,5,Estuarine
6/6/23 4:05,87.389,5,Estuarine
6/6/23 4:10,87.374,5,Estuarine
6/6/23 4:15,87.382,5,Estuarine
6/6/23 4:20,87.371,5,Estuarine
6/6/23 4:25,87.398,5,Estuarine
6/6/23 4:30,87.326,5,Estuarine
6/6/23 4:35,87.352,5,Estuarine
6/6/23 4:40,87.392,5,Estuarine
6/6/23 4:45,87.326,5,Estuarine
6/6/23 4:50,86.193,5,Estuarine
6/6/23 4:55,85.294,5,Estuarine
6/6/23 5:00,84.655,5,Estuarine
6/6/23 5:05,84.075,5,Estuarine
6/6/23 5:10,83.612,5,Estuarine
6/6/23 5:15,83.049,5,Estuarine
6/6/23 5:20,83.1,5,Estuarine
6/6/23 5:25,82.704,5,Estuarine
6/6/23 5:30,82.407,5,Estuarine
6/6/23 5:35,82.019,5,Estuarine
6/6/23 5:40,81.752,5,Estuarine
6/6/23 5:45,81.294,5,Estuarine
6/6/23 5:50,80.884,5,Estuarine
6/6/23 5:55,80.47,5,Estuarine
6/6/23 6:00,79.974,5,Estuarine
6/6/23 6:05,79.622,5,Estuarine
6/6/23 6:10,79.19,5,Estuarine
6/6/23 6:15,78.769,5,Estuarine
6/6/23 6:20,78.09,5,Estuarine
6/6/23 6:25,77.513,5,Estuarine
6/6/23 6:30,76.759,5,Estuarine
6/6/23 6:35,76.004,5,Estuarine
6/6/23 6:40,75.171,5,Estuarine
6/6/23 6:45,74.457,5,Estuarine
6/6/23 6:50,73.53,5,Estuarine
6/6/23 6:55,72.678,5,Estuarine
6/6/23 7:00,71.88,5,Estuarine
6/6/23 7:05,70.804,5,Estuarine
6/6/23 7:10,69.965,5,Estuarine
6/6/23 7:15,68.994,5,Estuarine
6/6/23 7:20,69.291,5,Estuarine
6/6/23 7:25,69.899,5,Estuarine
6/6/23 7:30,68.93,5,Estuarine
6/6/23 7:35,68.137,5,Estuarine
6/6/23 7:40,68.245,5,Estuarine
6/6/23 7:45,68.82,5,Estuarine
6/6/23 7:50,69.351,5,Estuarine
6/6/23 7:55,69.872,5,Estuarine
6/6/23 8:00,70.337,5,Estuarine
6/6/23 8:05,70.827,5,Estuarine
6/6/23 8:10,70.392,5,Estuarine
6/6/23 8:15,69.748,5,Estuarine
6/6/23 8:20,69.153,5,Estuarine
6/6/23 8:25,69.474,5,Estuarine
6/6/23 8:30,68.521,5,Estuarine
6/6/23 8:35,72.484,5,Estuarine
6/6/23 8:40,76.438,5,Estuarine
6/6/23 8:45,80.098,5,Estuarine
6/6/23 8:50,83.3,5,Estuarine
6/6/23 8:55,86.02,5,Estuarine
6/6/23 9:00,88.078,5,Estuarine
6/6/23 9:05,89.674,5,Estuarine
6/6/23 9:10,80.01,5,Estuarine
6/6/23 9:15,68.511,5,Estuarine
6/6/23 9:20,79.247,5,Estuarine
6/6/23 9:25,93.083,5,Estuarine
6/6/23 9:30,92.987,5,Estuarine
6/6/23 9:35,76.688,5,Estuarine
6/6/23 9:40,71.633,5,Estuarine
6/6/23 9:45,66.453,5,Estuarine
6/6/23 9:50,63.984,5,Estuarine
6/6/23 9:55,63.183,5,Estuarine
6/6/23 10:00,61.298,5,Estuarine
6/6/23 10:05,61.327,5,Estuarine
6/6/23 10:10,65.853,5,Estuarine
6/6/23 10:15,62.536,5,Estuarine
6/6/23 10:20,63.506,5,Estuarine
6/6/23 10:25,59.59,5,Estuarine
6/6/23 10:30,54.002,5,Estuarine
6/6/23 10:35,46.637,5,Estuarine
6/6/23 10:40,47.352,5,Estuarine
6/6/23 10:45,46.694,5,Estuarine
6/6/23 10:50,44.51,5,Estuarine
6/6/23 10:55,43.151,5,Estuarine
6/6/23 11:00,41.99,5,Estuarine
6/6/23 11:05,40.917,5,Estuarine
6/6/23 11:10,43.24,5,Estuarine
6/6/23 11:15,40.547,5,Estuarine
6/6/23 11:20,37.737,5,Estuarine
6/6/23 11:25,36.654,5,Estuarine
6/6/23 11:30,35.531,5,Estuarine
6/6/23 11:35,34.107,5,Estuarine
6/6/23 11:40,33.463,5,Estuarine
6/6/23 11:45,33.598,5,Estuarine
6/6/23 11:50,33.852,5,Estuarine
6/6/23 11:55,34.531,5,Estuarine
6/6/23 12:00,32.596,5,Estuarine
6/6/23 12:05,30.499,5,Estuarine
6/6/23 12:10,29.799,5,Estuarine
6/6/23 12:15,29.636,5,Estuarine
6/6/23 12:20,29.457,5,Estuarine
6/6/23 12:25,29.185,5,Estuarine
6/6/23 12:30,28.889,5,Estuarine
6/6/23 12:35,26.732,5,Estuarine
6/6/23 12:40,25.667,5,Estuarine
6/6/23 12:45,24.941,5,Estuarine
6/6/23 12:50,26.371,5,Estuarine
6/6/23 12:55,22.816,5,Estuarine
6/6/23 13:00,26.311,5,Estuarine
6/6/23 13:05,23.934,5,Estuarine
6/6/23 13:10,22.201,5,Estuarine
6/6/23 13:15,22.343,5,Estuarine
6/6/23 13:20,21.632,5,Estuarine
6/6/23 13:25,21.241,5,Estuarine
6/6/23 13:30,22.482,5,Estuarine
6/6/23 13:35,22.523,5,Estuarine
6/6/23 13:40,22.628,5,Estuarine
6/6/23 13:45,20.267,5,Estuarine
6/6/23 13:50,18.202,5,Estuarine
6/6/23 13:55,17.383,5,Estuarine
6/6/23 14:00,16.822,5,Estuarine
6/6/23 14:05,14.832,5,Estuarine
6/6/23 14:10,13.072,5,Estuarine
6/6/23 14:15,11.061,5,Estuarine
6/6/23 14:20,9.103,5,Estuarine
6/6/23 14:25,7.88,5,Estuarine
6/6/23 14:30,10.678,5,Estuarine
6/6/23 14:35,12.819,5,Estuarine
6/6/23 14:40,11.198,5,Estuarine
6/6/23 14:45,9.586,5,Estuarine
6/6/23 14:50,21.392,5,Estuarine
6/6/23 14:55,19.596,5,Estuarine
6/6/23 15:00,18.081,5,Estuarine
6/6/23 15:05,16.796,5,Estuarine
6/6/23 15:10,15.668,5,Estuarine
6/6/23 15:15,14.556,5,Estuarine
6/6/23 15:20,13.607,5,Estuarine
6/6/23 15:25,12.568,5,Estuarine
6/6/23 15:30,11.691,5,Estuarine
6/6/23 15:35,11.121,5,Estuarine
6/6/23 15:40,10.65,5,Estuarine
6/6/23 15:45,10.043,5,Estuarine
6/6/23 15:50,9.169,5,Estuarine
6/6/23 15:55,8.078,5,Estuarine
6/6/23 16:00,7.011,5,Estuarine
6/6/23 16:05,6.087,5,Estuarine
6/6/23 16:10,5.238,5,Estuarine
6/6/23 16:15,4.528,5,Estuarine
6/6/23 16:20,3.859,5,Estuarine
6/6/23 16:25,3.31,5,Estuarine
6/6/23 16:30,2.77,5,Estuarine
6/6/23 16:35,2.509,5,Estuarine
6/6/23 16:40,2.825,5,Estuarine
6/6/23 16:45,3.484,5,Estuarine
6/6/23 16:50,3.771,5,Estuarine
6/6/23 16:55,4.714,5,Estuarine
6/6/23 17:00,7.111,5,Estuarine
6/6/23 17:05,9.273,5,Estuarine
6/6/23 17:10,11.899,5,Estuarine
6/6/23 17:15,16.075,5,Estuarine
6/6/23 17:20,19.685,5,Estuarine
6/6/23 17:25,93.451,5,Estuarine
6/6/23 17:30,93.323,5,Estuarine
6/6/23 17:35,93.349,5,Estuarine
6/6/23 17:40,93.295,5,Estuarine
6/6/23 17:45,93.212,5,Estuarine
6/6/23 17:50,93.26,5,Estuarine
6/6/23 17:55,93.329,5,Estuarine
6/6/23 18:00,93.229,5,Estuarine
6/6/23 18:05,93.238,5,Estuarine
6/6/23 18:10,93.271,5,Estuarine
6/6/23 18:15,93.146,5,Estuarine
6/6/23 18:20,93.183,5,Estuarine
6/6/23 18:25,93.206,5,Estuarine
6/6/23 18:30,93.14,5,Estuarine
6/6/23 18:35,92.987,5,Estuarine
6/6/23 18:40,92.758,5,Estuarine
6/6/23 18:45,92.621,5,Estuarine
6/6/23 18:50,92.447,5,Estuarine
6/6/23 18:55,92.438,5,Estuarine
6/6/23 19:00,92.283,5,Estuarine
6/6/23 19:05,92.351,5,Estuarine
6/6/23 19:10,92.255,5,Estuarine
6/6/23 19:15,92.225,5,Estuarine
6/6/23 19:20,92.195,5,Estuarine
6/6/23 19:25,92.164,5,Estuarine
6/6/23 19:30,92.136,5,Estuarine
6/6/23 19:35,92.172,5,Estuarine
6/6/23 19:40,92.038,5,Estuarine
6/6/23 19:45,92.031,5,Estuarine
6/6/23 19:50,92,5,Estuarine
6/6/23 19:55,92.055,5,Estuarine
6/6/23 20:00,92.026,5,Estuarine
6/6/23 20:05,92.038,5,Estuarine
6/6/23 20:10,91.951,5,Estuarine
6/6/23 20:15,92.066,5,Estuarine
6/6/23 20:20,91.923,5,Estuarine
6/6/23 20:25,91.929,5,Estuarine
6/6/23 20:30,91.977,5,Estuarine
6/6/23 20:35,91.924,5,Estuarine
6/6/23 20:40,91.922,5,Estuarine
6/6/23 20:45,91.899,5,Estuarine
6/6/23 20:50,91.843,5,Estuarine
6/6/23 20:55,91.903,5,Estuarine
6/6/23 21:00,91.846,5,Estuarine
6/6/23 21:05,91.936,5,Estuarine
6/6/23 21:10,91.857,5,Estuarine
6/6/23 21:15,91.879,5,Estuarine
6/6/23 21:20,91.868,5,Estuarine
6/6/23 21:25,91.954,5,Estuarine
6/6/23 21:30,91.831,5,Estuarine
6/6/23 21:35,91.749,5,Estuarine
6/6/23 21:40,91.758,5,Estuarine
6/6/23 21:45,91.774,5,Estuarine
6/6/23 21:50,91.18,5,Estuarine
6/6/23 21:55,91.1,5,Estuarine
6/6/23 22:00,91.188,5,Estuarine
6/6/23 22:05,91.173,5,Estuarine
6/6/23 22:10,91.111,5,Estuarine
6/6/23 22:15,91.243,5,Estuarine
6/6/23 22:20,91.255,5,Estuarine
6/6/23 22:25,91.186,5,Estuarine
6/6/23 22:30,91.259,5,Estuarine
6/6/23 22:35,91.256,5,Estuarine
6/6/23 22:40,91.099,5,Estuarine
6/6/23 22:45,91.156,5,Estuarine
6/6/23 22:50,91.164,5,Estuarine
6/6/23 22:55,91.077,5,Estuarine
6/6/23 23:00,90.942,5,Estuarine
6/6/23 23:05,90.368,5,Estuarine
6/6/23 23:10,90.011,5,Estuarine
6/6/23 23:15,89.574,5,Estuarine
6/6/23 23:20,89.182,5,Estuarine
6/6/23 23:25,88.831,5,Estuarine
6/6/23 23:30,88.607,5,Estuarine
6/6/23 23:35,88.42,5,Estuarine
6/6/23 23:40,88.22,5,Estuarine
6/6/23 23:45,88.072,5,Estuarine
6/6/23 23:50,87.918,5,Estuarine
6/6/23 23:55,87.769,5,Estuarine
6/7/23,87.785,5,Estuarine
6/7/23 0:05,87.669,5,Estuarine
6/7/23 0:10,87.656,5,Estuarine
6/7/23 0:15,87.622,5,Estuarine
6/7/23 0:20,87.655,5,Estuarine
6/7/23 0:25,87.707,5,Estuarine
6/7/23 0:30,87.694,5,Estuarine
6/7/23 0:35,87.591,5,Estuarine
6/7/23 0:40,87.648,5,Estuarine
6/7/23 0:45,87.714,5,Estuarine
6/7/23 0:50,87.684,5,Estuarine
6/7/23 0:55,87.658,5,Estuarine
6/7/23 1:00,87.76,5,Estuarine
6/7/23 1:05,87.864,5,Estuarine
6/7/23 1:10,87.892,5,Estuarine
6/7/23 1:15,87.926,5,Estuarine
6/7/23 1:20,87.958,5,Estuarine
6/7/23 1:25,88.035,5,Estuarine
6/7/23 1:30,88.016,5,Estuarine
6/7/23 1:35,88.065,5,Estuarine
6/7/23 1:40,88.095,5,Estuarine
6/7/23 1:45,88.104,5,Estuarine
6/7/23 1:50,88.188,5,Estuarine
6/7/23 1:55,88.103,5,Estuarine
6/7/23 2:00,88.114,5,Estuarine
6/7/23 2:05,88.203,5,Estuarine
6/7/23 2:10,88.253,5,Estuarine
6/7/23 2:15,88.308,5,Estuarine
6/7/23 2:20,88.348,5,Estuarine
6/7/23 2:25,88.415,5,Estuarine
6/7/23 2:30,88.471,5,Estuarine
6/7/23 2:35,88.393,5,Estuarine
6/7/23 2:40,88.427,5,Estuarine
6/7/23 2:45,88.348,5,Estuarine
6/7/23 2:50,88.269,5,Estuarine
6/7/23 2:55,88.313,5,Estuarine
6/7/23 3:00,88.216,5,Estuarine
6/7/23 3:05,88.249,5,Estuarine
6/7/23 3:10,88.209,5,Estuarine
6/7/23 3:15,88.244,5,Estuarine
6/7/23 3:20,88.199,5,Estuarine
6/7/23 3:25,88.126,5,Estuarine
6/7/23 3:30,88.099,5,Estuarine
6/7/23 3:35,88.211,5,Estuarine
6/7/23 3:40,88.182,5,Estuarine
6/7/23 3:45,88.101,5,Estuarine
6/7/23 3:50,87.959,5,Estuarine
6/7/23 3:55,87.902,5,Estuarine
6/7/23 4:00,87.852,5,Estuarine
6/7/23 4:05,87.701,5,Estuarine
6/7/23 4:10,87.673,5,Estuarine
6/7/23 4:15,87.574,5,Estuarine
6/7/23 4:20,87.497,5,Estuarine
6/7/23 4:25,87.357,5,Estuarine
6/7/23 4:30,87.3,5,Estuarine
6/7/23 4:35,87.279,5,Estuarine
6/7/23 4:40,87.2,5,Estuarine
6/7/23 4:45,87.14,5,Estuarine
6/7/23 4:50,87.135,5,Estuarine
6/7/23 4:55,87.08,5,Estuarine
6/7/23 5:00,85.904,5,Estuarine
6/7/23 5:05,81.08,5,Estuarine
6/7/23 5:10,71.004,5,Estuarine
6/7/23 5:15,66.74,5,Estuarine
6/7/23 5:20,66.717,5,Estuarine
6/7/23 5:25,49.542,5,Estuarine
6/7/23 5:30,54.761,5,Estuarine
6/7/23 5:35,65.38,5,Estuarine
6/7/23 5:40,54.087,5,Estuarine
6/7/23 5:45,55.205,5,Estuarine
6/7/23 5:50,55.368,5,Estuarine
6/7/23 5:55,53.816,5,Estuarine
6/7/23 6:00,52.62,5,Estuarine
6/7/23 6:05,51.266,5,Estuarine
6/7/23 6:10,50.996,5,Estuarine
6/7/23 6:15,48.651,5,Estuarine
6/7/23 6:20,45.494,5,Estuarine
6/7/23 6:25,43.446,5,Estuarine
6/7/23 6:30,41.378,5,Estuarine
6/7/23 6:35,39.846,5,Estuarine
6/7/23 6:40,39.294,5,Estuarine
6/7/23 6:45,38.406,5,Estuarine
6/7/23 6:50,37.826,5,Estuarine
6/7/23 6:55,36.754,5,Estuarine
6/7/23 7:00,35.463,5,Estuarine
6/7/23 7:05,34.205,5,Estuarine
6/7/23 7:10,33.047,5,Estuarine
6/7/23 7:15,31.592,5,Estuarine
6/7/23 7:20,30.227,5,Estuarine
6/7/23 7:25,29.395,5,Estuarine
6/7/23 7:30,28.779,5,Estuarine
6/7/23 7:35,26.625,5,Estuarine
6/7/23 7:40,23.525,5,Estuarine
6/7/23 7:45,23.103,5,Estuarine
6/7/23 7:50,23.926,5,Estuarine
6/7/23 7:55,23.846,5,Estuarine
6/7/23 8:00,23.118,5,Estuarine
6/7/23 8:05,22.071,5,Estuarine
6/7/23 8:10,20.785,5,Estuarine
6/7/23 8:15,19.853,5,Estuarine
6/7/23 8:20,19.152,5,Estuarine
6/7/23 8:25,16.937,5,Estuarine
6/7/23 8:30,14.573,5,Estuarine
6/7/23 8:35,15.867,5,Estuarine
6/7/23 8:40,15.385,5,Estuarine
6/7/23 8:45,13.917,5,Estuarine
6/7/23 8:50,13.999,5,Estuarine
6/7/23 8:55,14.286,5,Estuarine
6/7/23 9:00,14.009,5,Estuarine
6/7/23 9:05,12.925,5,Estuarine
6/7/23 9:10,11.091,5,Estuarine
6/7/23 9:15,9.606,5,Estuarine
6/7/23 9:20,7.911,5,Estuarine
6/7/23 9:25,6.219,5,Estuarine
6/7/23 9:30,5.566,5,Estuarine
6/7/23 9:35,4.863,5,Estuarine
6/7/23 9:40,4.59,5,Estuarine
6/7/23 9:45,6.124,5,Estuarine
6/7/23 9:50,7.258,5,Estuarine
6/7/23 9:55,6.694,5,Estuarine
6/7/23 10:00,5.491,5,Estuarine
6/7/23 10:05,4.429,5,Estuarine
6/7/23 10:10,4.073,5,Estuarine
6/7/23 10:15,3.884,5,Estuarine
6/7/23 10:20,4.209,5,Estuarine
6/7/23 10:25,4.478,5,Estuarine
6/7/23 10:30,3.956,5,Estuarine
6/7/23 10:35,4.04,5,Estuarine
6/7/23 10:40,4.269,5,Estuarine
6/7/23 10:45,4.007,5,Estuarine
6/7/23 10:50,3.761,5,Estuarine
6/7/23 10:55,3.324,5,Estuarine
6/7/23 11:00,2.934,5,Estuarine
6/7/23 11:05,2.388,5,Estuarine
6/7/23 11:10,1.753,5,Estuarine
6/7/23 11:15,1.367,5,Estuarine
6/7/23 11:20,1.18,5,Estuarine
6/7/23 11:25,0.994,5,Estuarine
6/7/23 11:30,0.885,5,Estuarine
6/7/23 11:35,0.818,5,Estuarine
6/7/23 11:40,0.733,5,Estuarine
6/7/23 11:45,0.634,5,Estuarine
6/7/23 11:50,0.591,5,Estuarine
6/7/23 11:55,0.957,5,Estuarine
6/7/23 12:00,1.04,5,Estuarine
6/7/23 12:05,0.809,5,Estuarine
6/7/23 12:10,1.406,5,Estuarine
6/7/23 12:15,1.435,5,Estuarine
6/7/23 12:20,1.127,5,Estuarine
6/7/23 12:25,1.018,5,Estuarine
6/7/23 12:30,0.992,5,Estuarine
6/7/23 12:35,1.493,5,Estuarine
6/7/23 12:40,2.558,5,Estuarine
6/7/23 12:45,3.048,5,Estuarine
6/7/23 12:50,2.719,5,Estuarine
6/7/23 12:55,3.364,5,Estuarine
6/7/23 13:00,2.785,5,Estuarine
6/7/23 13:05,1.997,5,Estuarine
6/7/23 13:10,2.405,5,Estuarine
6/7/23 13:15,1.839,5,Estuarine
6/7/23 13:20,1.642,5,Estuarine
6/7/23 13:25,1.61,5,Estuarine
6/7/23 13:30,1.344,5,Estuarine
6/7/23 13:35,1.158,5,Estuarine
6/7/23 13:40,1.168,5,Estuarine
6/7/23 13:45,1.134,5,Estuarine
6/7/23 13:50,1.024,5,Estuarine
6/7/23 13:55,1.024,5,Estuarine
6/7/23 14:00,0.941,5,Estuarine
6/7/23 14:05,0.811,5,Estuarine
6/7/23 14:10,0.763,5,Estuarine
6/7/23 14:15,0.74,5,Estuarine
6/7/23 14:20,0.672,5,Estuarine
6/7/23 14:25,0.63,5,Estuarine
6/7/23 14:30,0.626,5,Estuarine
6/7/23 14:35,0.61,5,Estuarine
6/7/23 14:40,0.593,5,Estuarine
6/7/23 14:45,0.595,5,Estuarine
6/7/23 14:50,0.573,5,Estuarine
6/7/23 14:55,0.557,5,Estuarine
6/7/23 15:00,0.587,5,Estuarine
6/7/23 15:05,0.537,5,Estuarine
6/7/23 15:10,0.586,5,Estuarine
6/7/23 15:15,0.577,5,Estuarine
6/7/23 15:20,0.594,5,Estuarine
6/7/23 15:25,0.56,5,Estuarine
6/7/23 15:30,0.548,5,Estuarine
6/7/23 15:35,0.584,5,Estuarine
6/7/23 15:40,0.638,5,Estuarine
6/7/23 15:45,0.579,5,Estuarine
6/7/23 15:50,0.663,5,Estuarine
6/7/23 15:55,0.72,5,Estuarine
6/7/23 16:00,0.866,5,Estuarine
6/7/23 16:05,1.25,5,Estuarine
6/7/23 16:10,1.441,5,Estuarine
6/7/23 16:15,1.688,5,Estuarine
6/7/23 16:20,2.224,5,Estuarine
6/7/23 16:25,2.289,5,Estuarine
6/7/23 16:30,2.07,5,Estuarine
6/7/23 16:35,1.71,5,Estuarine
6/7/23 16:40,1.535,5,Estuarine
6/7/23 16:45,1.553,5,Estuarine
6/7/23 16:50,1.602,5,Estuarine
6/7/23 16:55,1.389,5,Estuarine
6/7/23 17:00,1.181,5,Estuarine
6/7/23 17:05,1.062,5,Estuarine
6/7/23 17:10,1.11,5,Estuarine
6/7/23 17:15,1.091,5,Estuarine
6/7/23 17:20,1.067,5,Estuarine
6/7/23 17:25,1.024,5,Estuarine
6/7/23 17:30,1.047,5,Estuarine
6/7/23 17:35,1.066,5,Estuarine
6/7/23 17:40,0.957,5,Estuarine
6/7/23 17:45,0.93,5,Estuarine
6/7/23 17:50,1.041,5,Estuarine
6/7/23 17:55,0.856,5,Estuarine
6/7/23 18:00,0.775,5,Estuarine
6/7/23 18:05,0.816,5,Estuarine
6/7/23 18:10,0.869,5,Estuarine
6/7/23 18:15,2.173,5,Estuarine
6/7/23 18:20,8.964,5,Estuarine
6/7/23 18:25,7.912,5,Estuarine
6/7/23 18:30,7.616,5,Estuarine
6/7/23 18:35,6.543,5,Estuarine
6/7/23 18:40,7.764,5,Estuarine
6/7/23 18:45,10.253,5,Estuarine
6/7/23 18:50,16.483,5,Estuarine
6/7/23 18:55,13.155,5,Estuarine
6/7/23 19:00,10.455,5,Estuarine
6/7/23 19:05,11.028,5,Estuarine
6/7/23 19:10,9.264,5,Estuarine
6/7/23 19:15,3.376,5,Estuarine
6/7/23 19:20,2.409,5,Estuarine
6/7/23 19:25,7.402,5,Estuarine
6/7/23 19:30,7.497,5,Estuarine
6/7/23 19:35,5.673,5,Estuarine
6/7/23 19:40,6.373,5,Estuarine
6/7/23 19:45,7.735,5,Estuarine
6/7/23 19:50,12.487,5,Estuarine
6/7/23 19:55,12.672,5,Estuarine
6/7/23 20:00,15.419,5,Estuarine
6/7/23 20:05,21.41,5,Estuarine
6/7/23 20:10,12.399,5,Estuarine
6/7/23 20:15,16.139,5,Estuarine
6/7/23 20:20,14.83,5,Estuarine
6/7/23 20:25,8.44,5,Estuarine
6/7/23 20:30,10.741,5,Estuarine
6/7/23 20:35,15.938,5,Estuarine
6/7/23 20:40,8.442,5,Estuarine
6/7/23 20:45,6.804,5,Estuarine
6/7/23 20:50,7.668,5,Estuarine
6/7/23 20:55,10.943,5,Estuarine
6/7/23 21:00,12.501,5,Estuarine
6/7/23 21:05,8.906,5,Estuarine
6/7/23 21:10,8.408,5,Estuarine
6/7/23 21:15,14.857,5,Estuarine
6/7/23 21:20,17.31,5,Estuarine
6/7/23 21:25,20.503,5,Estuarine
6/7/23 21:30,16.955,5,Estuarine
6/7/23 21:35,93.193,5,Estuarine
6/7/23 21:40,93.214,5,Estuarine
6/7/23 21:45,93.226,5,Estuarine
6/7/23 21:50,93.285,5,Estuarine
6/7/23 21:55,93.363,5,Estuarine
6/7/23 22:00,93.293,5,Estuarine
6/7/23 22:05,93.206,5,Estuarine
6/7/23 22:10,93.202,5,Estuarine
6/7/23 22:15,93.162,5,Estuarine
6/7/23 22:20,93.185,5,Estuarine
6/7/23 22:25,93.135,5,Estuarine
6/7/23 22:30,93.006,5,Estuarine
6/7/23 22:35,92.986,5,Estuarine
6/7/23 22:40,92.992,5,Estuarine
6/7/23 22:45,92.886,5,Estuarine
6/7/23 22:50,92.914,5,Estuarine
6/7/23 22:55,92.947,5,Estuarine
6/7/23 23:00,92.965,5,Estuarine
6/7/23 23:05,92.806,5,Estuarine
6/7/23 23:10,92.846,5,Estuarine
6/7/23 23:15,92.938,5,Estuarine
6/7/23 23:20,92.848,5,Estuarine
6/7/23 23:25,82.689,5,Estuarine
6/7/23 23:30,85.253,5,Estuarine
6/7/23 23:35,87.417,5,Estuarine
6/7/23 23:40,88.896,5,Estuarine
6/7/23 23:45,89.982,5,Estuarine
6/7/23 23:50,90.751,5,Estuarine
6/7/23 23:55,91.281,5,Estuarine
6/8/23,91.66,5,Estuarine
6/8/23 0:05,91.974,5,Estuarine
6/8/23 0:10,92.199,5,Estuarine
6/8/23 0:15,92.444,5,Estuarine
6/8/23 0:20,92.465,5,Estuarine
6/8/23 0:25,92.273,5,Estuarine
6/8/23 0:30,92.549,5,Estuarine
6/8/23 0:35,92.623,5,Estuarine
6/8/23 0:40,92.688,5,Estuarine
6/8/23 0:45,88.754,5,Estuarine
6/8/23 0:50,89.871,5,Estuarine
6/8/23 0:55,90.528,5,Estuarine
6/8/23 1:00,89.124,5,Estuarine
6/8/23 1:05,89.568,5,Estuarine
6/8/23 1:10,89.953,5,Estuarine
6/8/23 1:15,90.394,5,Estuarine
6/8/23 1:20,90.693,5,Estuarine
6/8/23 1:25,90.85,5,Estuarine
6/8/23 1:30,91.073,5,Estuarine
6/8/23 1:35,91.073,5,Estuarine
6/8/23 1:40,91.212,5,Estuarine
6/8/23 1:45,91.213,5,Estuarine
6/8/23 1:50,91.243,5,Estuarine
6/8/23 1:55,91.273,5,Estuarine
6/8/23 2:00,90.861,5,Estuarine
6/8/23 2:05,90.746,5,Estuarine
6/8/23 2:10,90.534,5,Estuarine
6/8/23 2:15,90.463,5,Estuarine
6/8/23 2:20,90.376,5,Estuarine
6/8/23 2:25,90.229,5,Estuarine
6/8/23 2:30,90.216,5,Estuarine
6/8/23 2:35,90.205,5,Estuarine
6/8/23 2:40,86.173,5,Estuarine
6/8/23 2:45,86.939,5,Estuarine
6/8/23 2:50,87.602,5,Estuarine
6/8/23 2:55,87.276,5,Estuarine
6/8/23 3:00,87.811,5,Estuarine
6/8/23 3:05,86.984,5,Estuarine
6/8/23 3:10,83.544,5,Estuarine
6/8/23 3:15,83.204,5,Estuarine
6/8/23 3:20,84.498,5,Estuarine
6/8/23 3:25,85.522,5,Estuarine
6/8/23 3:30,86.456,5,Estuarine
6/8/23 3:35,87.081,5,Estuarine
6/8/23 3:40,87.571,5,Estuarine
6/8/23 3:45,88.072,5,Estuarine
6/8/23 3:50,88.437,5,Estuarine
6/8/23 3:55,88.76,5,Estuarine
6/8/23 4:00,89.008,5,Estuarine
6/8/23 4:05,89.164,5,Estuarine
6/8/23 4:10,89.359,5,Estuarine
6/8/23 4:15,89.551,5,Estuarine
6/8/23 4:20,89.746,5,Estuarine
6/8/23 4:25,89.792,5,Estuarine
6/8/23 4:30,89.858,5,Estuarine
6/8/23 4:35,89.966,5,Estuarine
6/8/23 4:40,90.047,5,Estuarine
6/8/23 4:45,90.058,5,Estuarine
6/8/23 4:50,90.059,5,Estuarine
6/8/23 4:55,90.134,5,Estuarine
6/8/23 5:00,90.107,5,Estuarine
6/8/23 5:05,90.161,5,Estuarine
6/8/23 5:10,89.465,5,Estuarine
6/8/23 5:15,89.103,5,Estuarine
6/8/23 5:20,89.195,5,Estuarine
6/8/23 5:25,89.488,5,Estuarine
6/8/23 5:30,89.586,5,Estuarine
6/8/23 5:35,89.73,5,Estuarine
6/8/23 5:40,89.868,5,Estuarine
6/8/23 5:45,89.886,5,Estuarine
6/8/23 5:50,89.935,5,Estuarine
6/8/23 5:55,89.907,5,Estuarine
6/8/23 6:00,90.016,5,Estuarine
6/8/23 6:05,90.191,5,Estuarine
6/8/23 6:10,90.226,5,Estuarine
6/8/23 6:15,90.266,5,Estuarine
6/8/23 6:20,90.263,5,Estuarine
6/8/23 6:25,90.298,5,Estuarine
6/8/23 6:30,90.361,5,Estuarine
6/8/23 6:35,90.283,5,Estuarine
6/8/23 6:40,90.23,5,Estuarine
6/8/23 6:45,90.189,5,Estuarine
6/8/23 6:50,90.182,5,Estuarine
6/8/23 6:55,90.25,5,Estuarine
6/8/23 7:00,90.265,5,Estuarine
6/8/23 7:05,89.995,5,Estuarine
6/8/23 7:10,89.943,5,Estuarine
6/8/23 7:15,89.883,5,Estuarine
6/8/23 7:20,89.912,5,Estuarine
6/8/23 7:25,89.881,5,Estuarine
6/8/23 7:30,89.843,5,Estuarine
6/8/23 7:35,89.808,5,Estuarine
6/8/23 7:40,89.66,5,Estuarine
6/8/23 7:45,89.624,5,Estuarine
6/8/23 7:50,89.599,5,Estuarine
6/8/23 7:55,89.581,5,Estuarine
6/8/23 8:00,89.557,5,Estuarine
6/8/23 8:05,89.434,5,Estuarine
6/8/23 8:10,89.392,5,Estuarine
6/5/23,82.948,10,Estuarine
6/5/23 0:05,82.957,10,Estuarine
6/5/23 0:10,82.903,10,Estuarine
6/5/23 0:15,82.827,10,Estuarine
6/5/23 0:20,82.847,10,Estuarine
6/5/23 0:25,82.865,10,Estuarine
6/5/23 0:30,82.978,10,Estuarine
6/5/23 0:35,82.974,10,Estuarine
6/5/23 0:40,82.881,10,Estuarine
6/5/23 0:45,82.968,10,Estuarine
6/5/23 0:50,82.831,10,Estuarine
6/5/23 0:55,82.887,10,Estuarine
6/5/23 1:00,82.898,10,Estuarine
6/5/23 1:05,82.944,10,Estuarine
6/5/23 1:10,82.962,10,Estuarine
6/5/23 1:15,82.981,10,Estuarine
6/5/23 1:20,82.936,10,Estuarine
6/5/23 1:25,82.926,10,Estuarine
6/5/23 1:30,82.892,10,Estuarine
6/5/23 1:35,82.835,10,Estuarine
6/5/23 1:40,82.869,10,Estuarine
6/5/23 1:45,82.909,10,Estuarine
6/5/23 1:50,82.922,10,Estuarine
6/5/23 1:55,82.923,10,Estuarine
6/5/23 2:00,82.848,10,Estuarine
6/5/23 2:05,82.918,10,Estuarine
6/5/23 2:10,82.818,10,Estuarine
6/5/23 2:15,82.873,10,Estuarine
6/5/23 2:20,82.926,10,Estuarine
6/5/23 2:25,82.945,10,Estuarine
6/5/23 2:30,82.914,10,Estuarine
6/5/23 2:35,82.956,10,Estuarine
6/5/23 2:40,82.963,10,Estuarine
6/5/23 2:45,82.956,10,Estuarine
6/5/23 2:50,82.932,10,Estuarine
6/5/23 2:55,82.871,10,Estuarine
6/5/23 3:00,82.85,10,Estuarine
6/5/23 3:05,82.911,10,Estuarine
6/5/23 3:10,82.94,10,Estuarine
6/5/23 3:15,82.892,10,Estuarine
6/5/23 3:20,82.855,10,Estuarine
6/5/23 3:25,82.889,10,Estuarine
6/5/23 3:30,82.904,10,Estuarine
6/5/23 3:35,82.945,10,Estuarine
6/5/23 3:40,82.934,10,Estuarine
6/5/23 3:45,82.884,10,Estuarine
6/5/23 3:50,82.913,10,Estuarine
6/5/23 3:55,82.921,10,Estuarine
6/5/23 4:00,82.986,10,Estuarine
6/5/23 4:05,82.885,10,Estuarine
6/5/23 4:10,82.919,10,Estuarine
6/5/23 4:15,82.941,10,Estuarine
6/5/23 4:20,82.946,10,Estuarine
6/5/23 4:25,83.026,10,Estuarine
6/5/23 4:30,83.023,10,Estuarine
6/5/23 4:35,83.052,10,Estuarine
6/5/23 4:40,83.048,10,Estuarine
6/5/23 4:45,83.046,10,Estuarine
6/5/23 4:50,83.104,10,Estuarine
6/5/23 4:55,83.034,10,Estuarine
6/5/23 5:00,82.984,10,Estuarine
6/5/23 5:05,83.112,10,Estuarine
6/5/23 5:10,83.141,10,Estuarine
6/5/23 5:15,83.092,10,Estuarine
6/5/23 5:20,83.148,10,Estuarine
6/5/23 5:25,83.101,10,Estuarine
6/5/23 5:30,83.108,10,Estuarine
6/5/23 5:35,83.174,10,Estuarine
6/5/23 5:40,83.091,10,Estuarine
6/5/23 5:45,83.111,10,Estuarine
6/5/23 5:50,83.124,10,Estuarine
6/5/23 5:55,83.089,10,Estuarine
6/5/23 6:00,83.127,10,Estuarine
6/5/23 6:05,83.099,10,Estuarine
6/5/23 6:10,83.08,10,Estuarine
6/5/23 6:15,83.081,10,Estuarine
6/5/23 6:20,83.132,10,Estuarine
6/5/23 6:25,83.17,10,Estuarine
6/5/23 6:30,83.106,10,Estuarine
6/5/23 6:35,83.113,10,Estuarine
6/5/23 6:40,83.116,10,Estuarine
6/5/23 6:45,83.067,10,Estuarine
6/5/23 6:50,83.092,10,Estuarine
6/5/23 6:55,83.146,10,Estuarine
6/5/23 7:00,83.16,10,Estuarine
6/5/23 7:05,83.128,10,Estuarine
6/5/23 7:10,83.057,10,Estuarine
6/5/23 7:15,83.15,10,Estuarine
6/5/23 7:20,83.087,10,Estuarine
6/5/23 7:25,83.168,10,Estuarine
6/5/23 7:30,83.11,10,Estuarine
6/5/23 7:35,83.084,10,Estuarine
6/5/23 7:40,83.187,10,Estuarine
6/5/23 7:45,83.14,10,Estuarine
6/5/23 7:50,83.13,10,Estuarine
6/5/23 7:55,83.15,10,Estuarine
6/5/23 8:00,83.115,10,Estuarine
6/5/23 8:05,83.121,10,Estuarine
6/5/23 8:10,83.203,10,Estuarine
6/5/23 8:15,83.1,10,Estuarine
6/5/23 8:20,83.002,10,Estuarine
6/5/23 8:25,83.116,10,Estuarine
6/5/23 8:30,83.098,10,Estuarine
6/5/23 8:35,83.137,10,Estuarine
6/5/23 8:40,83.07,10,Estuarine
6/5/23 8:45,83.109,10,Estuarine
6/5/23 8:50,83.041,10,Estuarine
6/5/23 8:55,83.085,10,Estuarine
6/5/23 9:00,83.108,10,Estuarine
6/5/23 9:05,83.124,10,Estuarine
6/5/23 9:10,83.124,10,Estuarine
6/5/23 9:15,83.113,10,Estuarine
6/5/23 9:20,83.057,10,Estuarine
6/5/23 9:25,83.164,10,Estuarine
6/5/23 9:30,83.138,10,Estuarine
6/5/23 9:35,83.09,10,Estuarine
6/5/23 9:40,83.176,10,Estuarine
6/5/23 9:45,83.073,10,Estuarine
6/5/23 9:50,83.248,10,Estuarine
6/5/23 9:55,83.175,10,Estuarine
6/5/23 10:00,83.209,10,Estuarine
6/5/23 10:05,83.166,10,Estuarine
6/5/23 10:10,83.212,10,Estuarine
6/5/23 10:15,83.277,10,Estuarine
6/5/23 10:20,83.341,10,Estuarine
6/5/23 10:25,83.317,10,Estuarine
6/5/23 10:30,83.251,10,Estuarine
6/5/23 10:35,83.265,10,Estuarine
6/5/23 10:40,83.218,10,Estuarine
6/5/23 10:45,83.216,10,Estuarine
6/5/23 10:50,83.262,10,Estuarine
6/5/23 10:55,83.282,10,Estuarine
6/5/23 11:00,83.247,10,Estuarine
6/5/23 11:05,83.283,10,Estuarine
6/5/23 11:10,83.322,10,Estuarine
6/5/23 11:15,83.317,10,Estuarine
6/5/23 11:20,83.262,10,Estuarine
6/5/23 11:25,83.185,10,Estuarine
6/5/23 11:30,83.181,10,Estuarine
6/5/23 11:35,83.264,10,Estuarine
6/5/23 11:40,83.24,10,Estuarine
6/5/23 11:45,83.344,10,Estuarine
6/5/23 11:50,83.344,10,Estuarine
6/5/23 11:55,83.399,10,Estuarine
6/5/23 12:00,83.367,10,Estuarine
6/5/23 12:05,83.359,10,Estuarine
6/5/23 12:10,83.344,10,Estuarine
6/5/23 12:15,83.529,10,Estuarine
6/5/23 12:20,83.407,10,Estuarine
6/5/23 12:25,83.457,10,Estuarine
6/5/23 12:30,83.378,10,Estuarine
6/5/23 12:35,83.415,10,Estuarine
6/5/23 12:40,83.51,10,Estuarine
6/5/23 12:45,83.466,10,Estuarine
6/5/23 12:50,83.495,10,Estuarine
6/5/23 12:55,83.537,10,Estuarine
6/5/23 13:00,83.541,10,Estuarine
6/5/23 13:05,83.527,10,Estuarine
6/5/23 13:10,83.591,10,Estuarine
6/5/23 13:15,83.49,10,Estuarine
6/5/23 13:20,83.542,10,Estuarine
6/5/23 13:25,83.556,10,Estuarine
6/5/23 13:30,83.535,10,Estuarine
6/5/23 13:35,83.572,10,Estuarine
6/5/23 13:40,83.514,10,Estuarine
6/5/23 13:45,83.625,10,Estuarine
6/5/23 13:50,83.679,10,Estuarine
6/5/23 13:55,83.633,10,Estuarine
6/5/23 14:00,83.673,10,Estuarine
6/5/23 14:05,83.61,10,Estuarine
6/5/23 14:10,83.682,10,Estuarine
6/5/23 14:15,83.637,10,Estuarine
6/5/23 14:20,83.665,10,Estuarine
6/5/23 14:25,83.691,10,Estuarine
6/5/23 14:30,83.673,10,Estuarine
6/5/23 14:35,83.64,10,Estuarine
6/5/23 14:40,83.641,10,Estuarine
6/5/23 14:45,83.631,10,Estuarine
6/5/23 14:50,83.724,10,Estuarine
6/5/23 14:55,83.641,10,Estuarine
6/5/23 15:00,83.662,10,Estuarine
6/5/23 15:05,83.709,10,Estuarine
6/5/23 15:10,83.597,10,Estuarine
6/5/23 15:15,83.663,10,Estuarine
6/5/23 15:20,83.653,10,Estuarine
6/5/23 15:25,83.718,10,Estuarine
6/5/23 15:30,83.735,10,Estuarine
6/5/23 15:35,83.663,10,Estuarine
6/5/23 15:40,83.668,10,Estuarine
6/5/23 15:45,83.73,10,Estuarine
6/5/23 15:50,83.662,10,Estuarine
6/5/23 15:55,83.711,10,Estuarine
6/5/23 16:00,83.74,10,Estuarine
6/5/23 16:05,83.723,10,Estuarine
6/5/23 16:10,83.778,10,Estuarine
6/5/23 16:15,83.726,10,Estuarine
6/5/23 16:20,83.772,10,Estuarine
6/5/23 16:25,83.774,10,Estuarine
6/5/23 16:30,83.703,10,Estuarine
6/5/23 16:35,83.708,10,Estuarine
6/5/23 16:40,83.735,10,Estuarine
6/5/23 16:45,83.802,10,Estuarine
6/5/23 16:50,83.748,10,Estuarine
6/5/23 16:55,83.699,10,Estuarine
6/5/23 17:00,83.644,10,Estuarine
6/5/23 17:05,83.762,10,Estuarine
6/5/23 17:10,83.795,10,Estuarine
6/5/23 17:15,83.704,10,Estuarine
6/5/23 17:20,83.708,10,Estuarine
6/5/23 17:25,83.706,10,Estuarine
6/5/23 17:30,83.814,10,Estuarine
6/5/23 17:35,83.738,10,Estuarine
6/5/23 17:40,83.743,10,Estuarine
6/5/23 17:45,83.714,10,Estuarine
6/5/23 17:50,83.692,10,Estuarine
6/5/23 17:55,83.618,10,Estuarine
6/5/23 18:00,83.735,10,Estuarine
6/5/23 18:05,83.745,10,Estuarine
6/5/23 18:10,83.661,10,Estuarine
6/5/23 18:15,83.651,10,Estuarine
6/5/23 18:20,83.694,10,Estuarine
6/5/23 18:25,83.671,10,Estuarine
6/5/23 18:30,83.633,10,Estuarine
6/5/23 18:35,83.612,10,Estuarine
6/5/23 18:40,83.662,10,Estuarine
6/5/23 18:45,83.718,10,Estuarine
6/5/23 18:50,83.681,10,Estuarine
6/5/23 18:55,83.625,10,Estuarine
6/5/23 19:00,83.623,10,Estuarine
6/5/23 19:05,83.618,10,Estuarine
6/5/23 19:10,83.619,10,Estuarine
6/5/23 19:15,83.68,10,Estuarine
6/5/23 19:20,83.561,10,Estuarine
6/5/23 19:25,83.674,10,Estuarine
6/5/23 19:30,83.633,10,Estuarine
6/5/23 19:35,83.601,10,Estuarine
6/5/23 19:40,83.607,10,Estuarine
6/5/23 19:45,83.55,10,Estuarine
6/5/23 19:50,83.609,10,Estuarine
6/5/23 19:55,83.593,10,Estuarine
6/5/23 20:00,83.664,10,Estuarine
6/5/23 20:05,83.662,10,Estuarine
6/5/23 20:10,83.651,10,Estuarine
6/5/23 20:15,83.704,10,Estuarine
6/5/23 20:20,83.74,10,Estuarine
6/5/23 20:25,83.648,10,Estuarine
6/5/23 20:30,83.585,10,Estuarine
6/5/23 20:35,83.739,10,Estuarine
6/5/23 20:40,83.73,10,Estuarine
6/5/23 20:45,83.692,10,Estuarine
6/5/23 20:50,83.692,10,Estuarine
6/5/23 20:55,83.67,10,Estuarine
6/5/23 21:00,83.704,10,Estuarine
6/5/23 21:05,83.732,10,Estuarine
6/5/23 21:10,83.665,10,Estuarine
6/5/23 21:15,83.614,10,Estuarine
6/5/23 21:20,83.644,10,Estuarine
6/5/23 21:25,83.694,10,Estuarine
6/5/23 21:30,83.626,10,Estuarine
6/5/23 21:35,83.725,10,Estuarine
6/5/23 21:40,83.739,10,Estuarine
6/5/23 21:45,83.657,10,Estuarine
6/5/23 21:50,83.738,10,Estuarine
6/5/23 21:55,83.731,10,Estuarine
6/5/23 22:00,83.726,10,Estuarine
6/5/23 22:05,83.665,10,Estuarine
6/5/23 22:10,83.629,10,Estuarine
6/5/23 22:15,83.712,10,Estuarine
6/5/23 22:20,83.748,10,Estuarine
6/5/23 22:25,83.75,10,Estuarine
6/5/23 22:30,83.644,10,Estuarine
6/5/23 22:35,83.751,10,Estuarine
6/5/23 22:40,83.67,10,Estuarine
6/5/23 22:45,83.618,10,Estuarine
6/5/23 22:50,83.65,10,Estuarine
6/5/23 22:55,83.68,10,Estuarine
6/5/23 23:00,83.642,10,Estuarine
6/5/23 23:05,83.619,10,Estuarine
6/5/23 23:10,83.651,10,Estuarine
6/5/23 23:15,83.666,10,Estuarine
6/5/23 23:20,83.652,10,Estuarine
6/5/23 23:25,83.657,10,Estuarine
6/5/23 23:30,83.637,10,Estuarine
6/5/23 23:35,83.614,10,Estuarine
6/5/23 23:40,83.613,10,Estuarine
6/5/23 23:45,83.693,10,Estuarine
6/5/23 23:50,83.645,10,Estuarine
6/5/23 23:55,83.733,10,Estuarine
6/6/23,83.706,10,Estuarine
6/6/23 0:05,83.657,10,Estuarine
6/6/23 0:10,83.702,10,Estuarine
6/6/23 0:15,83.712,10,Estuarine
6/6/23 0:20,83.709,10,Estuarine
6/6/23 0:25,83.654,10,Estuarine
6/6/23 0:30,83.734,10,Estuarine
6/6/23 0:35,83.649,10,Estuarine
6/6/23 0:40,83.666,10,Estuarine
6/6/23 0:45,83.699,10,Estuarine
6/6/23 0:50,83.663,10,Estuarine
6/6/23 0:55,83.721,10,Estuarine
6/6/23 1:00,83.634,10,Estuarine
6/6/23 1:05,83.687,10,Estuarine
6/6/23 1:10,83.663,10,Estuarine
6/6/23 1:15,83.657,10,Estuarine
6/6/23 1:20,83.702,10,Estuarine
6/6/23 1:25,83.597,10,Estuarine
6/6/23 1:30,83.639,10,Estuarine
6/6/23 1:35,83.729,10,Estuarine
6/6/23 1:40,83.668,10,Estuarine
6/6/23 1:45,83.694,10,Estuarine
6/6/23 1:50,83.769,10,Estuarine
6/6/23 1:55,83.659,10,Estuarine
6/6/23 2:00,83.623,10,Estuarine
6/6/23 2:05,83.649,10,Estuarine
6/6/23 2:10,83.706,10,Estuarine
6/6/23 2:15,83.7,10,Estuarine
6/6/23 2:20,83.668,10,Estuarine
6/6/23 2:25,83.671,10,Estuarine
6/6/23 2:30,83.695,10,Estuarine
6/6/23 2:35,83.743,10,Estuarine
6/6/23 2:40,83.698,10,Estuarine
6/6/23 2:45,83.764,10,Estuarine
6/6/23 2:50,83.77,10,Estuarine
6/6/23 2:55,83.659,10,Estuarine
6/6/23 3:00,83.741,10,Estuarine
6/6/23 3:05,83.774,10,Estuarine
6/6/23 3:10,83.723,10,Estuarine
6/6/23 3:15,83.738,10,Estuarine
6/6/23 3:20,83.726,10,Estuarine
6/6/23 3:25,83.785,10,Estuarine
6/6/23 3:30,83.733,10,Estuarine
6/6/23 3:35,83.743,10,Estuarine
6/6/23 3:40,83.779,10,Estuarine
6/6/23 3:45,83.78,10,Estuarine
6/6/23 3:50,83.774,10,Estuarine
6/6/23 3:55,83.815,10,Estuarine
6/6/23 4:00,83.764,10,Estuarine
6/6/23 4:05,83.807,10,Estuarine
6/6/23 4:10,83.747,10,Estuarine
6/6/23 4:15,83.79,10,Estuarine
6/6/23 4:20,83.816,10,Estuarine
6/6/23 4:25,83.82,10,Estuarine
6/6/23 4:30,83.802,10,Estuarine
6/6/23 4:35,83.79,10,Estuarine
6/6/23 4:40,83.854,10,Estuarine
6/6/23 4:45,83.897,10,Estuarine
6/6/23 4:50,83.114,10,Estuarine
6/6/23 4:55,82.518,10,Estuarine
6/6/23 5:00,82.031,10,Estuarine
6/6/23 5:05,81.558,10,Estuarine
6/6/23 5:10,81.152,10,Estuarine
6/6/23 5:15,80.757,10,Estuarine
6/6/23 5:20,80.617,10,Estuarine
6/6/23 5:25,80.341,10,Estuarine
6/6/23 5:30,80.023,10,Estuarine
6/6/23 5:35,79.821,10,Estuarine
6/6/23 5:40,79.48,10,Estuarine
6/6/23 5:45,79.183,10,Estuarine
6/6/23 5:50,78.816,10,Estuarine
6/6/23 5:55,78.446,10,Estuarine
6/6/23 6:00,78.035,10,Estuarine
6/6/23 6:05,77.597,10,Estuarine
6/6/23 6:10,77.229,10,Estuarine
6/6/23 6:15,76.85,10,Estuarine
6/6/23 6:20,76.28,10,Estuarine
6/6/23 6:25,75.732,10,Estuarine
6/6/23 6:30,75.069,10,Estuarine
6/6/23 6:35,74.356,10,Estuarine
6/6/23 6:40,73.522,10,Estuarine
6/6/23 6:45,72.769,10,Estuarine
6/6/23 6:50,71.88,10,Estuarine
6/6/23 6:55,71.107,10,Estuarine
6/6/23 7:00,70.308,10,Estuarine
6/6/23 7:05,69.312,10,Estuarine
6/6/23 7:10,68.473,10,Estuarine
6/6/23 7:15,67.525,10,Estuarine
6/6/23 7:20,67.354,10,Estuarine
6/6/23 7:25,67.392,10,Estuarine
6/6/23 7:30,66.856,10,Estuarine
6/6/23 7:35,66.176,10,Estuarine
6/6/23 7:40,66.077,10,Estuarine
6/6/23 7:45,66.458,10,Estuarine
6/6/23 7:50,66.799,10,Estuarine
6/6/23 7:55,67.163,10,Estuarine
6/6/23 8:00,67.514,10,Estuarine
6/6/23 8:05,67.851,10,Estuarine
6/6/23 8:10,67.726,10,Estuarine
6/6/23 8:15,67.411,10,Estuarine
6/6/23 8:20,67.043,10,Estuarine
6/6/23 8:25,67.212,10,Estuarine
6/6/23 8:30,67.038,10,Estuarine
6/6/23 8:35,69.703,10,Estuarine
6/6/23 8:40,74.286,10,Estuarine
6/6/23 8:45,71.919,10,Estuarine
6/6/23 8:50,70.6,10,Estuarine
6/6/23 8:55,69.795,10,Estuarine
6/6/23 9:00,69.187,10,Estuarine
6/6/23 9:05,68.868,10,Estuarine
6/6/23 9:10,68.108,10,Estuarine
6/6/23 9:15,67.725,10,Estuarine
6/6/23 9:20,67.228,10,Estuarine
6/6/23 9:25,66.745,10,Estuarine
6/6/23 9:30,66.321,10,Estuarine
6/6/23 9:35,66.214,10,Estuarine
6/6/23 9:40,65.939,10,Estuarine
6/6/23 9:45,65.499,10,Estuarine
6/6/23 9:50,65.058,10,Estuarine
6/6/23 9:55,64.773,10,Estuarine
6/6/23 10:00,64.29,10,Estuarine
6/6/23 10:05,64.196,10,Estuarine
6/6/23 10:10,64.146,10,Estuarine
6/6/23 10:15,64.27,10,Estuarine
6/6/23 10:20,65.083,10,Estuarine
6/6/23 10:25,65.882,10,Estuarine
6/6/23 10:30,65.673,10,Estuarine
6/6/23 10:35,65.48,10,Estuarine
6/6/23 10:40,65.182,10,Estuarine
6/6/23 10:45,65.167,10,Estuarine
6/6/23 10:50,64.98,10,Estuarine
6/6/23 10:55,64.649,10,Estuarine
6/6/23 11:00,64.073,10,Estuarine
6/6/23 11:05,63.464,10,Estuarine
6/6/23 11:10,62.64,10,Estuarine
6/6/23 11:15,61.58,10,Estuarine
6/6/23 11:20,59.552,10,Estuarine
6/6/23 11:25,57.628,10,Estuarine
6/6/23 11:30,55.49,10,Estuarine
6/6/23 11:35,53.552,10,Estuarine
6/6/23 11:40,52.439,10,Estuarine
6/6/23 11:45,51.78,10,Estuarine
6/6/23 11:50,51.089,10,Estuarine
6/6/23 11:55,50.485,10,Estuarine
6/6/23 12:00,50.023,10,Estuarine
6/6/23 12:05,49.769,10,Estuarine
6/6/23 12:10,49.556,10,Estuarine
6/6/23 12:15,49.18,10,Estuarine
6/6/23 12:20,48.768,10,Estuarine
6/6/23 12:25,48.282,10,Estuarine
6/6/23 12:30,47.704,10,Estuarine
6/6/23 12:35,47.117,10,Estuarine
6/6/23 12:40,46.552,10,Estuarine
6/6/23 12:45,45.973,10,Estuarine
6/6/23 12:50,45.276,10,Estuarine
6/6/23 12:55,44.586,10,Estuarine
6/6/23 13:00,43.707,10,Estuarine
6/6/23 13:05,42.737,10,Estuarine
6/6/23 13:10,41.872,10,Estuarine
6/6/23 13:15,40.977,10,Estuarine
6/6/23 13:20,40.042,10,Estuarine
6/6/23 13:25,39.131,10,Estuarine
6/6/23 13:30,38.193,10,Estuarine
6/6/23 13:35,37.314,10,Estuarine
6/6/23 13:40,36.422,10,Estuarine
6/6/23 13:45,35.432,10,Estuarine
6/6/23 13:50,34.452,10,Estuarine
6/6/23 13:55,33.56,10,Estuarine
6/6/23 14:00,32.691,10,Estuarine
6/6/23 14:05,31.578,10,Estuarine
6/6/23 14:10,29.833,10,Estuarine
6/6/23 14:15,27.979,10,Estuarine
6/6/23 14:20,26.419,10,Estuarine
6/6/23 14:25,25.248,10,Estuarine
6/6/23 14:30,24.323,10,Estuarine
6/6/23 14:35,23.451,10,Estuarine
6/6/23 14:40,22.629,10,Estuarine
6/6/23 14:45,21.77,10,Estuarine
6/6/23 14:50,20.955,10,Estuarine
6/6/23 14:55,20.123,10,Estuarine
6/6/23 15:00,19.279,10,Estuarine
6/6/23 15:05,18.514,10,Estuarine
6/6/23 15:10,17.795,10,Estuarine
6/6/23 15:15,17.03,10,Estuarine
6/6/23 15:20,16.384,10,Estuarine
6/6/23 15:25,15.788,10,Estuarine
6/6/23 15:30,15.17,10,Estuarine
6/6/23 15:35,14.639,10,Estuarine
6/6/23 15:40,14.187,10,Estuarine
6/6/23 15:45,13.819,10,Estuarine
6/6/23 15:50,13.363,10,Estuarine
6/6/23 15:55,13.039,10,Estuarine
6/6/23 16:00,12.722,10,Estuarine
6/6/23 16:05,12.479,10,Estuarine
6/6/23 16:10,12.216,10,Estuarine
6/6/23 16:15,11.966,10,Estuarine
6/6/23 16:20,11.709,10,Estuarine
6/6/23 16:25,11.465,10,Estuarine
6/6/23 16:30,11.095,10,Estuarine
6/6/23 16:35,10.224,10,Estuarine
6/6/23 16:40,9.111,10,Estuarine
6/6/23 16:45,8.33,10,Estuarine
6/6/23 16:50,7.721,10,Estuarine
6/6/23 16:55,7.246,10,Estuarine
6/6/23 17:00,6.747,10,Estuarine
6/6/23 17:05,6.592,10,Estuarine
6/6/23 17:10,6.19,10,Estuarine
6/6/23 17:15,5.659,10,Estuarine
6/6/23 17:20,5.197,10,Estuarine
6/6/23 17:25,4.8,10,Estuarine
6/6/23 17:30,4.385,10,Estuarine
6/6/23 17:35,3.988,10,Estuarine
6/6/23 17:40,3.639,10,Estuarine
6/6/23 17:45,3.32,10,Estuarine
6/6/23 17:50,2.991,10,Estuarine
6/6/23 17:55,2.689,10,Estuarine
6/6/23 18:00,2.347,10,Estuarine
6/6/23 18:05,2.064,10,Estuarine
6/6/23 18:10,1.777,10,Estuarine
6/6/23 18:15,1.501,10,Estuarine
6/6/23 18:20,1.281,10,Estuarine
6/6/23 18:25,1.113,10,Estuarine
6/6/23 18:30,0.986,10,Estuarine
6/6/23 18:35,0.894,10,Estuarine
6/6/23 18:40,0.82,10,Estuarine
6/6/23 18:45,0.798,10,Estuarine
6/6/23 18:50,0.853,10,Estuarine
6/6/23 18:55,1.104,10,Estuarine
6/6/23 19:00,1.646,10,Estuarine
6/6/23 19:05,2.286,10,Estuarine
6/6/23 19:10,3.41,10,Estuarine
6/6/23 19:15,5.119,10,Estuarine
6/6/23 19:20,7.094,10,Estuarine
6/6/23 19:25,9.65,10,Estuarine
6/6/23 19:30,13.207,10,Estuarine
6/6/23 19:35,28.382,10,Estuarine
6/6/23 19:40,80.687,10,Estuarine
6/6/23 19:45,90.219,10,Estuarine
6/6/23 19:50,90.759,10,Estuarine
6/6/23 19:55,90.706,10,Estuarine
6/6/23 20:00,90.746,10,Estuarine
6/6/23 20:05,90.849,10,Estuarine
6/6/23 20:10,90.781,10,Estuarine
6/6/23 20:15,90.781,10,Estuarine
6/6/23 20:20,90.793,10,Estuarine
6/6/23 20:25,90.708,10,Estuarine
6/6/23 20:30,90.733,10,Estuarine
6/6/23 20:35,90.743,10,Estuarine
6/6/23 20:40,90.72,10,Estuarine
6/6/23 20:45,90.722,10,Estuarine
6/6/23 20:50,90.613,10,Estuarine
6/6/23 20:55,90.716,10,Estuarine
6/6/23 21:00,90.682,10,Estuarine
6/6/23 21:05,90.7,10,Estuarine
6/6/23 21:10,90.655,10,Estuarine
6/6/23 21:15,90.668,10,Estuarine
6/6/23 21:20,90.66,10,Estuarine
6/6/23 21:25,90.787,10,Estuarine
6/6/23 21:30,90.691,10,Estuarine
6/6/23 21:35,90.563,10,Estuarine
6/6/23 21:40,90.556,10,Estuarine
6/6/23 21:45,90.472,10,Estuarine
6/6/23 21:50,90.422,10,Estuarine
6/6/23 21:55,90.03,10,Estuarine
6/6/23 22:00,89.996,10,Estuarine
6/6/23 22:05,89.915,10,Estuarine
6/6/23 22:10,89.98,10,Estuarine
6/6/23 22:15,89.871,10,Estuarine
6/6/23 22:20,89.934,10,Estuarine
6/6/23 22:25,90.027,10,Estuarine
6/6/23 22:30,90.054,10,Estuarine
6/6/23 22:35,90.009,10,Estuarine
6/6/23 22:40,89.975,10,Estuarine
6/6/23 22:45,89.972,10,Estuarine
6/6/23 22:50,89.939,10,Estuarine
6/6/23 22:55,89.937,10,Estuarine
6/6/23 23:00,89.49,10,Estuarine
6/6/23 23:05,88.881,10,Estuarine
6/6/23 23:10,88.367,10,Estuarine
6/6/23 23:15,87.925,10,Estuarine
6/6/23 23:20,87.6,10,Estuarine
6/6/23 23:25,87.269,10,Estuarine
6/6/23 23:30,86.948,10,Estuarine
6/6/23 23:35,86.667,10,Estuarine
6/6/23 23:40,86.406,10,Estuarine
6/6/23 23:45,86.334,10,Estuarine
6/6/23 23:50,86.134,10,Estuarine
6/6/23 23:55,86.014,10,Estuarine
6/7/23,85.908,10,Estuarine
6/7/23 0:05,85.874,10,Estuarine
6/7/23 0:10,85.862,10,Estuarine
6/7/23 0:15,85.848,10,Estuarine
6/7/23 0:20,85.797,10,Estuarine
6/7/23 0:25,85.789,10,Estuarine
6/7/23 0:30,85.79,10,Estuarine
6/7/23 0:35,85.779,10,Estuarine
6/7/23 0:40,85.84,10,Estuarine
6/7/23 0:45,85.829,10,Estuarine
6/7/23 0:50,85.894,10,Estuarine
6/7/23 0:55,85.841,10,Estuarine
6/7/23 1:00,85.951,10,Estuarine
6/7/23 1:05,86.038,10,Estuarine
6/7/23 1:10,86.082,10,Estuarine
6/7/23 1:15,86.102,10,Estuarine
6/7/23 1:20,86.172,10,Estuarine
6/7/23 1:25,86.192,10,Estuarine
6/7/23 1:30,86.23,10,Estuarine
6/7/23 1:35,86.26,10,Estuarine
6/7/23 1:40,86.282,10,Estuarine
6/7/23 1:45,86.305,10,Estuarine
6/7/23 1:50,86.405,10,Estuarine
6/7/23 1:55,86.452,10,Estuarine
6/7/23 2:00,86.394,10,Estuarine
6/7/23 2:05,86.452,10,Estuarine
6/7/23 2:10,86.541,10,Estuarine
6/7/23 2:15,86.549,10,Estuarine
6/7/23 2:20,86.578,10,Estuarine
6/7/23 2:25,86.656,10,Estuarine
6/7/23 2:30,86.762,10,Estuarine
6/7/23 2:35,86.747,10,Estuarine
6/7/23 2:40,86.746,10,Estuarine
6/7/23 2:45,86.607,10,Estuarine
6/7/23 2:50,86.663,10,Estuarine
6/7/23 2:55,86.613,10,Estuarine
6/7/23 3:00,86.57,10,Estuarine
6/7/23 3:05,86.61,10,Estuarine
6/7/23 3:10,86.576,10,Estuarine
6/7/23 3:15,86.491,10,Estuarine
6/7/23 3:20,86.558,10,Estuarine
6/7/23 3:25,86.391,10,Estuarine
6/7/23 3:30,86.473,10,Estuarine
6/7/23 3:35,86.47,10,Estuarine
6/7/23 3:40,86.322,10,Estuarine
6/7/23 3:45,86.255,10,Estuarine
6/7/23 3:50,86.221,10,Estuarine
6/7/23 3:55,86.171,10,Estuarine
6/7/23 4:00,86.05,10,Estuarine
6/7/23 4:05,85.878,10,Estuarine
6/7/23 4:10,85.852,10,Estuarine
6/7/23 4:15,85.638,10,Estuarine
6/7/23 4:20,85.585,10,Estuarine
6/7/23 4:25,85.457,10,Estuarine
6/7/23 4:30,85.399,10,Estuarine
6/7/23 4:35,85.32,10,Estuarine
6/7/23 4:40,85.28,10,Estuarine
6/7/23 4:45,85.224,10,Estuarine
6/7/23 4:50,85.167,10,Estuarine
6/7/23 4:55,85.121,10,Estuarine
6/7/23 5:00,83.809,10,Estuarine
6/7/23 5:05,78.746,10,Estuarine
6/7/23 5:10,68.926,10,Estuarine
6/7/23 5:15,66.524,10,Estuarine
6/7/23 5:20,54.003,10,Estuarine
6/7/23 5:25,50.304,10,Estuarine
6/7/23 5:30,50.736,10,Estuarine
6/7/23 5:35,58.16,10,Estuarine
6/7/23 5:40,59.655,10,Estuarine
6/7/23 5:45,57.529,10,Estuarine
6/7/23 5:50,56.106,10,Estuarine
6/7/23 5:55,54.756,10,Estuarine
6/7/23 6:00,53.611,10,Estuarine
6/7/23 6:05,52.352,10,Estuarine
6/7/23 6:10,51.921,10,Estuarine
6/7/23 6:15,49.953,10,Estuarine
6/7/23 6:20,48.719,10,Estuarine
6/7/23 6:25,47.262,10,Estuarine
6/7/23 6:30,45.164,10,Estuarine
6/7/23 6:35,44.162,10,Estuarine
6/7/23 6:40,42.258,10,Estuarine
6/7/23 6:45,42.248,10,Estuarine
6/7/23 6:50,41.162,10,Estuarine
6/7/23 6:55,40.271,10,Estuarine
6/7/23 7:00,38.796,10,Estuarine
6/7/23 7:05,38.133,10,Estuarine
6/7/23 7:10,37.184,10,Estuarine
6/7/23 7:15,36.461,10,Estuarine
6/7/23 7:20,35.171,10,Estuarine
6/7/23 7:25,34.283,10,Estuarine
6/7/23 7:30,33.38,10,Estuarine
6/7/23 7:35,32.119,10,Estuarine
6/7/23 7:40,31.196,10,Estuarine
6/7/23 7:45,29.927,10,Estuarine
6/7/23 7:50,28.625,10,Estuarine
6/7/23 7:55,28.124,10,Estuarine
6/7/23 8:00,26.865,10,Estuarine
6/7/23 8:05,25.918,10,Estuarine
6/7/23 8:10,24.968,10,Estuarine
6/7/23 8:15,25.767,10,Estuarine
6/7/23 8:20,24.277,10,Estuarine
6/7/23 8:25,23.299,10,Estuarine
6/7/23 8:30,22.438,10,Estuarine
6/7/23 8:35,21.846,10,Estuarine
6/7/23 8:40,21.285,10,Estuarine
6/7/23 8:45,20.663,10,Estuarine
6/7/23 8:50,20.437,10,Estuarine
6/7/23 8:55,19.999,10,Estuarine
6/7/23 9:00,19.462,10,Estuarine
6/7/23 9:05,18.934,10,Estuarine
6/7/23 9:10,20.046,10,Estuarine
6/7/23 9:15,19.296,10,Estuarine
6/7/23 9:20,19.059,10,Estuarine
6/7/23 9:25,18.554,10,Estuarine
6/7/23 9:30,17.677,10,Estuarine
6/7/23 9:35,16.693,10,Estuarine
6/7/23 9:40,16.049,10,Estuarine
6/7/23 9:45,15.81,10,Estuarine
6/7/23 9:50,14.376,10,Estuarine
6/7/23 9:55,13.374,10,Estuarine
6/7/23 10:00,12.53,10,Estuarine
6/7/23 10:05,11.785,10,Estuarine
6/7/23 10:10,11.121,10,Estuarine
6/7/23 10:15,11.05,10,Estuarine
6/7/23 10:20,10.705,10,Estuarine
6/7/23 10:25,10.121,10,Estuarine
6/7/23 10:30,9.638,10,Estuarine
6/7/23 10:35,9.377,10,Estuarine
6/7/23 10:40,9.022,10,Estuarine
6/7/23 10:45,8.76,10,Estuarine
6/7/23 10:50,8.867,10,Estuarine
6/7/23 10:55,9.739,10,Estuarine
6/7/23 11:00,10.113,10,Estuarine
6/7/23 11:05,9.976,10,Estuarine
6/7/23 11:10,9.637,10,Estuarine
6/7/23 11:15,9.547,10,Estuarine
6/7/23 11:20,9.758,10,Estuarine
6/7/23 11:25,9.508,10,Estuarine
6/7/23 11:30,9.216,10,Estuarine
6/7/23 11:35,9.02,10,Estuarine
6/7/23 11:40,8.812,10,Estuarine
6/7/23 11:45,8.24,10,Estuarine
6/7/23 11:50,7.978,10,Estuarine
6/7/23 11:55,7.648,10,Estuarine
6/7/23 12:00,6.801,10,Estuarine
6/7/23 12:05,6.165,10,Estuarine
6/7/23 12:10,6.391,10,Estuarine
6/7/23 12:15,6.989,10,Estuarine
6/7/23 12:20,7.786,10,Estuarine
6/7/23 12:25,8.9,10,Estuarine
6/7/23 12:30,9.296,10,Estuarine
6/7/23 12:35,8.288,10,Estuarine
6/7/23 12:40,8.011,10,Estuarine
6/7/23 12:45,7.446,10,Estuarine
6/7/23 12:50,7.394,10,Estuarine
6/7/23 12:55,7.489,10,Estuarine
6/7/23 13:00,7.745,10,Estuarine
6/7/23 13:05,8.266,10,Estuarine
6/7/23 13:10,7.275,10,Estuarine
6/7/23 13:15,7.178,10,Estuarine
6/7/23 13:20,7.523,10,Estuarine
6/7/23 13:25,8.15,10,Estuarine
6/7/23 13:30,8.102,10,Estuarine
6/7/23 13:35,7.836,10,Estuarine
6/7/23 13:40,7.833,10,Estuarine
6/7/23 13:45,7.808,10,Estuarine
6/7/23 13:50,7.639,10,Estuarine
6/7/23 13:55,7.729,10,Estuarine
6/7/23 14:00,8.103,10,Estuarine
6/7/23 14:05,7.805,10,Estuarine
6/7/23 14:10,7.318,10,Estuarine
6/7/23 14:15,7.047,10,Estuarine
6/7/23 14:20,6.944,10,Estuarine
6/7/23 14:25,6.867,10,Estuarine
6/7/23 14:30,6.605,10,Estuarine
6/7/23 14:35,6.539,10,Estuarine
6/7/23 14:40,6.255,10,Estuarine
6/7/23 14:45,5.929,10,Estuarine
6/7/23 14:50,5.696,10,Estuarine
6/7/23 14:55,5.415,10,Estuarine
6/7/23 15:00,5.42,10,Estuarine
6/7/23 15:05,5.314,10,Estuarine
6/7/23 15:10,5.1,10,Estuarine
6/7/23 15:15,5.053,10,Estuarine
6/7/23 15:20,5.189,10,Estuarine
6/7/23 15:25,4.963,10,Estuarine
6/7/23 15:30,5.111,10,Estuarine
6/7/23 15:35,4.841,10,Estuarine
6/7/23 15:40,5.089,10,Estuarine
6/7/23 15:45,5.222,10,Estuarine
6/7/23 15:50,5.496,10,Estuarine
6/7/23 15:55,5.514,10,Estuarine
6/7/23 16:00,5.003,10,Estuarine
6/7/23 16:05,4.744,10,Estuarine
6/7/23 16:10,3.947,10,Estuarine
6/7/23 16:15,3.449,10,Estuarine
6/7/23 16:20,3.306,10,Estuarine
6/7/23 16:25,2.497,10,Estuarine
6/7/23 16:30,2.269,10,Estuarine
6/7/23 16:35,2.142,10,Estuarine
6/7/23 16:40,2.17,10,Estuarine
6/7/23 16:45,1.77,10,Estuarine
6/7/23 16:50,1.555,10,Estuarine
6/7/23 16:55,1.457,10,Estuarine
6/7/23 17:00,1.17,10,Estuarine
6/7/23 17:05,0.997,10,Estuarine
6/7/23 17:10,0.475,10,Estuarine
6/7/23 17:15,0.343,10,Estuarine
6/7/23 17:20,0.297,10,Estuarine
6/7/23 17:25,0.272,10,Estuarine
6/7/23 17:30,0.304,10,Estuarine
6/7/23 17:35,0.267,10,Estuarine
6/7/23 17:40,0.237,10,Estuarine
6/7/23 17:45,0.234,10,Estuarine
6/7/23 17:50,0.302,10,Estuarine
6/7/23 17:55,0.482,10,Estuarine
6/7/23 18:00,0.448,10,Estuarine
6/7/23 18:05,0.345,10,Estuarine
6/7/23 18:10,0.385,10,Estuarine
6/7/23 18:15,0.317,10,Estuarine
6/7/23 18:20,0.291,10,Estuarine
6/7/23 18:25,0.368,10,Estuarine
6/7/23 18:30,0.673,10,Estuarine
6/7/23 18:35,1.022,10,Estuarine
6/7/23 18:40,1.323,10,Estuarine
6/7/23 18:45,1.563,10,Estuarine
6/7/23 18:50,1.587,10,Estuarine
6/7/23 18:55,1.812,10,Estuarine
6/7/23 19:00,2.435,10,Estuarine
6/7/23 19:05,4.859,10,Estuarine
6/7/23 19:10,2.544,10,Estuarine
6/7/23 19:15,2.663,10,Estuarine
6/7/23 19:20,2.152,10,Estuarine
6/7/23 19:25,3.619,10,Estuarine
6/7/23 19:30,2.616,10,Estuarine
6/7/23 19:35,2.326,10,Estuarine
6/7/23 19:40,2.08,10,Estuarine
6/7/23 19:45,2.624,10,Estuarine
6/7/23 19:50,2.112,10,Estuarine
6/7/23 19:55,1.967,10,Estuarine
6/7/23 20:00,1.731,10,Estuarine
6/7/23 20:05,1.286,10,Estuarine
6/7/23 20:10,1.013,10,Estuarine
6/7/23 20:15,0.936,10,Estuarine
6/7/23 20:20,0.99,10,Estuarine
6/7/23 20:25,1.039,10,Estuarine
6/7/23 20:30,1.027,10,Estuarine
6/7/23 20:35,0.964,10,Estuarine
6/7/23 20:40,0.948,10,Estuarine
6/7/23 20:45,1.826,10,Estuarine
6/7/23 20:50,2.237,10,Estuarine
6/7/23 20:55,1.603,10,Estuarine
6/7/23 21:00,1.341,10,Estuarine
6/7/23 21:05,1.09,10,Estuarine
6/7/23 21:10,1,10,Estuarine
6/7/23 21:15,0.764,10,Estuarine
6/7/23 21:20,0.96,10,Estuarine
6/7/23 21:25,0.896,10,Estuarine
6/7/23 21:30,0.868,10,Estuarine
6/7/23 21:35,0.542,10,Estuarine
6/7/23 21:40,1.143,10,Estuarine
6/7/23 21:45,1.066,10,Estuarine
6/7/23 21:50,0.972,10,Estuarine
6/7/23 21:55,0.914,10,Estuarine
6/7/23 22:00,0.825,10,Estuarine
6/7/23 22:05,0.773,10,Estuarine
6/7/23 22:10,0.842,10,Estuarine
6/7/23 22:15,0.739,10,Estuarine
6/7/23 22:20,0.6,10,Estuarine
6/7/23 22:25,0.645,10,Estuarine
6/7/23 22:30,0.887,10,Estuarine
6/7/23 22:35,0.811,10,Estuarine
6/7/23 22:40,0.804,10,Estuarine
6/7/23 22:45,0.819,10,Estuarine
6/7/23 22:50,0.83,10,Estuarine
6/7/23 22:55,0.882,10,Estuarine
6/7/23 23:00,0.953,10,Estuarine
6/7/23 23:05,0.96,10,Estuarine
6/7/23 23:10,0.906,10,Estuarine
6/7/23 23:15,0.887,10,Estuarine
6/7/23 23:20,1.44,10,Estuarine
6/7/23 23:25,3.061,10,Estuarine
6/7/23 23:30,2.192,10,Estuarine
6/7/23 23:35,4.143,10,Estuarine
6/7/23 23:40,4.01,10,Estuarine
6/7/23 23:45,3.376,10,Estuarine
6/7/23 23:50,2.475,10,Estuarine
6/7/23 23:55,1.7,10,Estuarine
6/8/23,1.252,10,Estuarine
6/8/23 0:05,1.134,10,Estuarine
6/8/23 0:10,1.12,10,Estuarine
6/8/23 0:15,1.116,10,Estuarine
6/8/23 0:20,1.169,10,Estuarine
6/8/23 0:25,1.297,10,Estuarine
6/8/23 0:30,1.478,10,Estuarine
6/8/23 0:35,1.635,10,Estuarine
6/8/23 0:40,1.825,10,Estuarine
6/8/23 0:45,2.046,10,Estuarine
6/8/23 0:50,2.261,10,Estuarine
6/8/23 0:55,2.674,10,Estuarine
6/8/23 1:00,3.481,10,Estuarine
6/8/23 1:05,4.391,10,Estuarine
6/8/23 1:10,5.994,10,Estuarine
6/8/23 1:15,6.49,10,Estuarine
6/8/23 1:20,7.074,10,Estuarine
6/8/23 1:25,7.321,10,Estuarine
6/8/23 1:30,7.682,10,Estuarine
6/8/23 1:35,9.372,10,Estuarine
6/8/23 1:40,15.828,10,Estuarine
6/8/23 1:45,31.994,10,Estuarine
6/8/23 1:50,49.511,10,Estuarine
6/8/23 1:55,62.472,10,Estuarine
6/8/23 2:00,89.786,10,Estuarine
6/8/23 2:05,89.609,10,Estuarine
6/8/23 2:10,89.404,10,Estuarine
6/8/23 2:15,89.251,10,Estuarine
6/8/23 2:20,89.231,10,Estuarine
6/8/23 2:25,89.062,10,Estuarine
6/8/23 2:30,89.131,10,Estuarine
6/8/23 2:35,89.078,10,Estuarine
6/8/23 2:40,84.575,10,Estuarine
6/8/23 2:45,85.465,10,Estuarine
6/8/23 2:50,86.287,10,Estuarine
6/8/23 2:55,85.812,10,Estuarine
6/8/23 3:00,86.455,10,Estuarine
6/8/23 3:05,85.48,10,Estuarine
6/8/23 3:10,81.823,10,Estuarine
6/8/23 3:15,81.559,10,Estuarine
6/8/23 3:20,82.743,10,Estuarine
6/8/23 3:25,83.849,10,Estuarine
6/8/23 3:30,84.795,10,Estuarine
6/8/23 3:35,85.521,10,Estuarine
6/8/23 3:40,86.225,10,Estuarine
6/8/23 3:45,86.734,10,Estuarine
6/8/23 3:50,87.111,10,Estuarine
6/8/23 3:55,87.429,10,Estuarine
6/8/23 4:00,87.761,10,Estuarine
6/8/23 4:05,88.032,10,Estuarine
6/8/23 4:10,88.193,10,Estuarine
6/8/23 4:15,88.434,10,Estuarine
6/8/23 4:20,88.526,10,Estuarine
6/8/23 4:25,88.728,10,Estuarine
6/8/23 4:30,88.673,10,Estuarine
6/8/23 4:35,88.814,10,Estuarine
6/8/23 4:40,88.876,10,Estuarine
6/8/23 4:45,88.916,10,Estuarine
6/8/23 4:50,89.108,10,Estuarine
6/8/23 4:55,88.963,10,Estuarine
6/8/23 5:00,89.072,10,Estuarine
6/8/23 5:05,89.069,10,Estuarine
6/8/23 5:10,88.357,10,Estuarine
6/8/23 5:15,88.097,10,Estuarine
6/8/23 5:20,88.212,10,Estuarine
6/8/23 5:25,88.419,10,Estuarine
6/8/23 5:30,88.54,10,Estuarine
6/8/23 5:35,88.612,10,Estuarine
6/8/23 5:40,88.799,10,Estuarine
6/8/23 5:45,88.813,10,Estuarine
6/8/23 5:50,88.84,10,Estuarine
6/8/23 5:55,88.92,10,Estuarine
6/8/23 6:00,88.939,10,Estuarine
6/8/23 6:05,89.041,10,Estuarine
6/8/23 6:10,88.997,10,Estuarine
6/8/23 6:15,89.154,10,Estuarine
6/8/23 6:20,89.263,10,Estuarine
6/8/23 6:25,89.254,10,Estuarine
6/8/23 6:30,89.261,10,Estuarine
6/8/23 6:35,89.169,10,Estuarine
6/8/23 6:40,89.15,10,Estuarine
6/8/23 6:45,89.151,10,Estuarine
6/8/23 6:50,89.197,10,Estuarine
6/8/23 6:55,89.085,10,Estuarine
6/8/23 7:00,89.084,10,Estuarine
6/8/23 7:05,88.849,10,Estuarine
6/8/23 7:10,88.706,10,Estuarine
6/8/23 7:15,88.609,10,Estuarine
6/8/23 7:20,88.636,10,Estuarine
6/8/23 7:25,88.565,10,Estuarine
6/8/23 7:30,88.464,10,Estuarine
6/8/23 7:35,88.321,10,Estuarine
6/8/23 7:40,88.291,10,Estuarine
6/8/23 7:45,88.126,10,Estuarine
6/8/23 7:50,88.111,10,Estuarine
6/8/23 7:55,88.018,10,Estuarine
6/8/23 8:00,87.836,10,Estuarine
6/8/23 8:05,87.752,10,Estuarine
6/8/23 8:10,87.636,10,Estuarine
6/5/23,76.778,20,Estuarine
6/5/23 0:05,76.796,20,Estuarine
6/5/23 0:10,76.813,20,Estuarine
6/5/23 0:15,76.79,20,Estuarine
6/5/23 0:20,76.815,20,Estuarine
6/5/23 0:25,76.818,20,Estuarine
6/5/23 0:30,76.797,20,Estuarine
6/5/23 0:35,76.815,20,Estuarine
6/5/23 0:40,76.779,20,Estuarine
6/5/23 0:45,76.84,20,Estuarine
6/5/23 0:50,76.853,20,Estuarine
6/5/23 0:55,76.857,20,Estuarine
6/5/23 1:00,76.896,20,Estuarine
6/5/23 1:05,76.879,20,Estuarine
6/5/23 1:10,76.86,20,Estuarine
6/5/23 1:15,76.883,20,Estuarine
6/5/23 1:20,76.909,20,Estuarine
6/5/23 1:25,76.903,20,Estuarine
6/5/23 1:30,76.957,20,Estuarine
6/5/23 1:35,76.898,20,Estuarine
6/5/23 1:40,76.899,20,Estuarine
6/5/23 1:45,76.942,20,Estuarine
6/5/23 1:50,76.856,20,Estuarine
6/5/23 1:55,76.906,20,Estuarine
6/5/23 2:00,76.937,20,Estuarine
6/5/23 2:05,76.962,20,Estuarine
6/5/23 2:10,76.967,20,Estuarine
6/5/23 2:15,76.959,20,Estuarine
6/5/23 2:20,76.952,20,Estuarine
6/5/23 2:25,76.966,20,Estuarine
6/5/23 2:30,76.961,20,Estuarine
6/5/23 2:35,76.98,20,Estuarine
6/5/23 2:40,76.99,20,Estuarine
6/5/23 2:45,76.984,20,Estuarine
6/5/23 2:50,76.995,20,Estuarine
6/5/23 2:55,77.017,20,Estuarine
6/5/23 3:00,76.998,20,Estuarine
6/5/23 3:05,76.99,20,Estuarine
6/5/23 3:10,77.067,20,Estuarine
6/5/23 3:15,77.004,20,Estuarine
6/5/23 3:20,77.029,20,Estuarine
6/5/23 3:25,77.021,20,Estuarine
6/5/23 3:30,77.057,20,Estuarine
6/5/23 3:35,77.094,20,Estuarine
6/5/23 3:40,77.09,20,Estuarine
6/5/23 3:45,77.02,20,Estuarine
6/5/23 3:50,77.099,20,Estuarine
6/5/23 3:55,77.062,20,Estuarine
6/5/23 4:00,77.144,20,Estuarine
6/5/23 4:05,77.114,20,Estuarine
6/5/23 4:10,77.119,20,Estuarine
6/5/23 4:15,77.104,20,Estuarine
6/5/23 4:20,77.16,20,Estuarine
6/5/23 4:25,77.189,20,Estuarine
6/5/23 4:30,77.234,20,Estuarine
6/5/23 4:35,77.255,20,Estuarine
6/5/23 4:40,77.252,20,Estuarine
6/5/23 4:45,77.195,20,Estuarine
6/5/23 4:50,77.232,20,Estuarine
6/5/23 4:55,77.25,20,Estuarine
6/5/23 5:00,77.292,20,Estuarine
6/5/23 5:05,77.329,20,Estuarine
6/5/23 5:10,77.388,20,Estuarine
6/5/23 5:15,77.343,20,Estuarine
6/5/23 5:20,77.371,20,Estuarine
6/5/23 5:25,77.372,20,Estuarine
6/5/23 5:30,77.391,20,Estuarine
6/5/23 5:35,77.37,20,Estuarine
6/5/23 5:40,77.405,20,Estuarine
6/5/23 5:45,77.413,20,Estuarine
6/5/23 5:50,77.479,20,Estuarine
6/5/23 5:55,77.455,20,Estuarine
6/5/23 6:00,77.432,20,Estuarine
6/5/23 6:05,77.455,20,Estuarine
6/5/23 6:10,77.471,20,Estuarine
6/5/23 6:15,77.5,20,Estuarine
6/5/23 6:20,77.49,20,Estuarine
6/5/23 6:25,77.499,20,Estuarine
6/5/23 6:30,77.493,20,Estuarine
6/5/23 6:35,77.505,20,Estuarine
6/5/23 6:40,77.55,20,Estuarine
6/5/23 6:45,77.493,20,Estuarine
6/5/23 6:50,77.508,20,Estuarine
6/5/23 6:55,77.479,20,Estuarine
6/5/23 7:00,77.509,20,Estuarine
6/5/23 7:05,77.566,20,Estuarine
6/5/23 7:10,77.513,20,Estuarine
6/5/23 7:15,77.563,20,Estuarine
6/5/23 7:20,77.539,20,Estuarine
6/5/23 7:25,77.588,20,Estuarine
6/5/23 7:30,77.672,20,Estuarine
6/5/23 7:35,77.607,20,Estuarine
6/5/23 7:40,77.608,20,Estuarine
6/5/23 7:45,77.596,20,Estuarine
6/5/23 7:50,77.613,20,Estuarine
6/5/23 7:55,77.618,20,Estuarine
6/5/23 8:00,77.615,20,Estuarine
6/5/23 8:05,77.645,20,Estuarine
6/5/23 8:10,77.613,20,Estuarine
6/5/23 8:15,77.654,20,Estuarine
6/5/23 8:20,77.578,20,Estuarine
6/5/23 8:25,77.632,20,Estuarine
6/5/23 8:30,77.672,20,Estuarine
6/5/23 8:35,77.644,20,Estuarine
6/5/23 8:40,77.671,20,Estuarine
6/5/23 8:45,77.589,20,Estuarine
6/5/23 8:50,77.627,20,Estuarine
6/5/23 8:55,77.646,20,Estuarine
6/5/23 9:00,77.681,20,Estuarine
6/5/23 9:05,77.668,20,Estuarine
6/5/23 9:10,77.638,20,Estuarine
6/5/23 9:15,77.687,20,Estuarine
6/5/23 9:20,77.575,20,Estuarine
6/5/23 9:25,77.623,20,Estuarine
6/5/23 9:30,77.648,20,Estuarine
6/5/23 9:35,77.57,20,Estuarine
6/5/23 9:40,77.692,20,Estuarine
6/5/23 9:45,77.725,20,Estuarine
6/5/23 9:50,77.717,20,Estuarine
6/5/23 9:55,77.706,20,Estuarine
6/5/23 10:00,77.681,20,Estuarine
6/5/23 10:05,77.701,20,Estuarine
6/5/23 10:10,77.686,20,Estuarine
6/5/23 10:15,77.731,20,Estuarine
6/5/23 10:20,77.729,20,Estuarine
6/5/23 10:25,77.776,20,Estuarine
6/5/23 10:30,77.747,20,Estuarine
6/5/23 10:35,77.777,20,Estuarine
6/5/23 10:40,77.794,20,Estuarine
6/5/23 10:45,77.752,20,Estuarine
6/5/23 10:50,77.766,20,Estuarine
6/5/23 10:55,77.762,20,Estuarine
6/5/23 11:00,77.785,20,Estuarine
6/5/23 11:05,77.756,20,Estuarine
6/5/23 11:10,77.786,20,Estuarine
6/5/23 11:15,77.832,20,Estuarine
6/5/23 11:20,77.726,20,Estuarine
6/5/23 11:25,77.776,20,Estuarine
6/5/23 11:30,77.741,20,Estuarine
6/5/23 11:35,77.826,20,Estuarine
6/5/23 11:40,77.787,20,Estuarine
6/5/23 11:45,77.816,20,Estuarine
6/5/23 11:50,77.756,20,Estuarine
6/5/23 11:55,77.817,20,Estuarine
6/5/23 12:00,77.795,20,Estuarine
6/5/23 12:05,77.838,20,Estuarine
6/5/23 12:10,77.772,20,Estuarine
6/5/23 12:15,77.805,20,Estuarine
6/5/23 12:20,77.813,20,Estuarine
6/5/23 12:25,77.771,20,Estuarine
6/5/23 12:30,77.82,20,Estuarine
6/5/23 12:35,77.809,20,Estuarine
6/5/23 12:40,77.821,20,Estuarine
6/5/23 12:45,77.833,20,Estuarine
6/5/23 12:50,77.865,20,Estuarine
6/5/23 12:55,77.847,20,Estuarine
6/5/23 13:00,77.903,20,Estuarine
6/5/23 13:05,77.913,20,Estuarine
6/5/23 13:10,77.845,20,Estuarine
6/5/23 13:15,77.923,20,Estuarine
6/5/23 13:20,77.863,20,Estuarine
6/5/23 13:25,77.926,20,Estuarine
6/5/23 13:30,77.918,20,Estuarine
6/5/23 13:35,77.872,20,Estuarine
6/5/23 13:40,77.908,20,Estuarine
6/5/23 13:45,77.949,20,Estuarine
6/5/23 13:50,77.94,20,Estuarine
6/5/23 13:55,77.95,20,Estuarine
6/5/23 14:00,77.889,20,Estuarine
6/5/23 14:05,77.95,20,Estuarine
6/5/23 14:10,77.949,20,Estuarine
6/5/23 14:15,77.955,20,Estuarine
6/5/23 14:20,77.947,20,Estuarine
6/5/23 14:25,77.976,20,Estuarine
6/5/23 14:30,77.99,20,Estuarine
6/5/23 14:35,77.983,20,Estuarine
6/5/23 14:40,77.973,20,Estuarine
6/5/23 14:45,78.022,20,Estuarine
6/5/23 14:50,78.052,20,Estuarine
6/5/23 14:55,78.027,20,Estuarine
6/5/23 15:00,78.048,20,Estuarine
6/5/23 15:05,78.071,20,Estuarine
6/5/23 15:10,78.072,20,Estuarine
6/5/23 15:15,77.991,20,Estuarine
6/5/23 15:20,78.065,20,Estuarine
6/5/23 15:25,78.111,20,Estuarine
6/5/23 15:30,78.1,20,Estuarine
6/5/23 15:35,78.133,20,Estuarine
6/5/23 15:40,78.046,20,Estuarine
6/5/23 15:45,78.033,20,Estuarine
6/5/23 15:50,78.112,20,Estuarine
6/5/23 15:55,78.079,20,Estuarine
6/5/23 16:00,78.114,20,Estuarine
6/5/23 16:05,78.193,20,Estuarine
6/5/23 16:10,78.151,20,Estuarine
6/5/23 16:15,78.149,20,Estuarine
6/5/23 16:20,78.181,20,Estuarine
6/5/23 16:25,78.212,20,Estuarine
6/5/23 16:30,78.209,20,Estuarine
6/5/23 16:35,78.161,20,Estuarine
6/5/23 16:40,78.226,20,Estuarine
6/5/23 16:45,78.206,20,Estuarine
6/5/23 16:50,78.204,20,Estuarine
6/5/23 16:55,78.221,20,Estuarine
6/5/23 17:00,78.283,20,Estuarine
6/5/23 17:05,78.28,20,Estuarine
6/5/23 17:10,78.249,20,Estuarine
6/5/23 17:15,78.261,20,Estuarine
6/5/23 17:20,78.311,20,Estuarine
6/5/23 17:25,78.279,20,Estuarine
6/5/23 17:30,78.358,20,Estuarine
6/5/23 17:35,78.355,20,Estuarine
6/5/23 17:40,78.364,20,Estuarine
6/5/23 17:45,78.31,20,Estuarine
6/5/23 17:50,78.313,20,Estuarine
6/5/23 17:55,78.363,20,Estuarine
6/5/23 18:00,78.321,20,Estuarine
6/5/23 18:05,78.385,20,Estuarine
6/5/23 18:10,78.335,20,Estuarine
6/5/23 18:15,78.277,20,Estuarine
6/5/23 18:20,78.291,20,Estuarine
6/5/23 18:25,78.352,20,Estuarine
6/5/23 18:30,78.317,20,Estuarine
6/5/23 18:35,78.289,20,Estuarine
6/5/23 18:40,78.361,20,Estuarine
6/5/23 18:45,78.309,20,Estuarine
6/5/23 18:50,78.306,20,Estuarine
6/5/23 18:55,78.34,20,Estuarine
6/5/23 19:00,78.346,20,Estuarine
6/5/23 19:05,78.414,20,Estuarine
6/5/23 19:10,78.382,20,Estuarine
6/5/23 19:15,78.422,20,Estuarine
6/5/23 19:20,78.402,20,Estuarine
6/5/23 19:25,78.459,20,Estuarine
6/5/23 19:30,78.373,20,Estuarine
6/5/23 19:35,78.412,20,Estuarine
6/5/23 19:40,78.511,20,Estuarine
6/5/23 19:45,78.467,20,Estuarine
6/5/23 19:50,78.507,20,Estuarine
6/5/23 19:55,78.443,20,Estuarine
6/5/23 20:00,78.488,20,Estuarine
6/5/23 20:05,78.48,20,Estuarine
6/5/23 20:10,78.445,20,Estuarine
6/5/23 20:15,78.537,20,Estuarine
6/5/23 20:20,78.577,20,Estuarine
6/5/23 20:25,78.581,20,Estuarine
6/5/23 20:30,78.544,20,Estuarine
6/5/23 20:35,78.571,20,Estuarine
6/5/23 20:40,78.582,20,Estuarine
6/5/23 20:45,78.672,20,Estuarine
6/5/23 20:50,78.606,20,Estuarine
6/5/23 20:55,78.576,20,Estuarine
6/5/23 21:00,78.581,20,Estuarine
6/5/23 21:05,78.634,20,Estuarine
6/5/23 21:10,78.664,20,Estuarine
6/5/23 21:15,78.763,20,Estuarine
6/5/23 21:20,78.747,20,Estuarine
6/5/23 21:25,78.75,20,Estuarine
6/5/23 21:30,78.744,20,Estuarine
6/5/23 21:35,78.813,20,Estuarine
6/5/23 21:40,78.763,20,Estuarine
6/5/23 21:45,78.811,20,Estuarine
6/5/23 21:50,78.792,20,Estuarine
6/5/23 21:55,78.819,20,Estuarine
6/5/23 22:00,78.81,20,Estuarine
6/5/23 22:05,78.795,20,Estuarine
6/5/23 22:10,78.842,20,Estuarine
6/5/23 22:15,78.918,20,Estuarine
6/5/23 22:20,78.893,20,Estuarine
6/5/23 22:25,78.953,20,Estuarine
6/5/23 22:30,78.907,20,Estuarine
6/5/23 22:35,78.972,20,Estuarine
6/5/23 22:40,78.946,20,Estuarine
6/5/23 22:45,79.012,20,Estuarine
6/5/23 22:50,79.034,20,Estuarine
6/5/23 22:55,78.967,20,Estuarine
6/5/23 23:00,79.028,20,Estuarine
6/5/23 23:05,78.987,20,Estuarine
6/5/23 23:10,78.992,20,Estuarine
6/5/23 23:15,79.019,20,Estuarine
6/5/23 23:20,79.05,20,Estuarine
6/5/23 23:25,79.049,20,Estuarine
6/5/23 23:30,79.067,20,Estuarine
6/5/23 23:35,79.049,20,Estuarine
6/5/23 23:40,79.031,20,Estuarine
6/5/23 23:45,78.994,20,Estuarine
6/5/23 23:50,79.078,20,Estuarine
6/5/23 23:55,79.058,20,Estuarine
6/6/23,79.061,20,Estuarine
6/6/23 0:05,79.073,20,Estuarine
6/6/23 0:10,79.05,20,Estuarine
6/6/23 0:15,79.135,20,Estuarine
6/6/23 0:20,79.095,20,Estuarine
6/6/23 0:25,79.127,20,Estuarine
6/6/23 0:30,79.141,20,Estuarine
6/6/23 0:35,79.16,20,Estuarine
6/6/23 0:40,79.128,20,Estuarine
6/6/23 0:45,79.135,20,Estuarine
6/6/23 0:50,79.215,20,Estuarine
6/6/23 0:55,79.182,20,Estuarine
6/6/23 1:00,79.229,20,Estuarine
6/6/23 1:05,79.206,20,Estuarine
6/6/23 1:10,79.265,20,Estuarine
6/6/23 1:15,79.284,20,Estuarine
6/6/23 1:20,79.247,20,Estuarine
6/6/23 1:25,79.295,20,Estuarine
6/6/23 1:30,79.273,20,Estuarine
6/6/23 1:35,79.279,20,Estuarine
6/6/23 1:40,79.33,20,Estuarine
6/6/23 1:45,79.357,20,Estuarine
6/6/23 1:50,79.307,20,Estuarine
6/6/23 1:55,79.317,20,Estuarine
6/6/23 2:00,79.315,20,Estuarine
6/6/23 2:05,79.35,20,Estuarine
6/6/23 2:10,79.347,20,Estuarine
6/6/23 2:15,79.387,20,Estuarine
6/6/23 2:20,79.386,20,Estuarine
6/6/23 2:25,79.479,20,Estuarine
6/6/23 2:30,79.396,20,Estuarine
6/6/23 2:35,79.462,20,Estuarine
6/6/23 2:40,79.379,20,Estuarine
6/6/23 2:45,79.492,20,Estuarine
6/6/23 2:50,79.521,20,Estuarine
6/6/23 2:55,79.529,20,Estuarine
6/6/23 3:00,79.503,20,Estuarine
6/6/23 3:05,79.549,20,Estuarine
6/6/23 3:10,79.519,20,Estuarine
6/6/23 3:15,79.591,20,Estuarine
6/6/23 3:20,79.555,20,Estuarine
6/6/23 3:25,79.61,20,Estuarine
6/6/23 3:30,79.544,20,Estuarine
6/6/23 3:35,79.635,20,Estuarine
6/6/23 3:40,79.611,20,Estuarine
6/6/23 3:45,79.653,20,Estuarine
6/6/23 3:50,79.649,20,Estuarine
6/6/23 3:55,79.587,20,Estuarine
6/6/23 4:00,79.644,20,Estuarine
6/6/23 4:05,79.696,20,Estuarine
6/6/23 4:10,79.769,20,Estuarine
6/6/23 4:15,79.74,20,Estuarine
6/6/23 4:20,79.707,20,Estuarine
6/6/23 4:25,79.708,20,Estuarine
6/6/23 4:30,79.773,20,Estuarine
6/6/23 4:35,79.716,20,Estuarine
6/6/23 4:40,79.769,20,Estuarine
6/6/23 4:45,79.737,20,Estuarine
6/6/23 4:50,79.561,20,Estuarine
6/6/23 4:55,79.44,20,Estuarine
6/6/23 5:00,79.288,20,Estuarine
6/6/23 5:05,79.098,20,Estuarine
6/6/23 5:10,78.891,20,Estuarine
6/6/23 5:15,78.726,20,Estuarine
6/6/23 5:20,78.544,20,Estuarine
6/6/23 5:25,78.464,20,Estuarine
6/6/23 5:30,78.248,20,Estuarine
6/6/23 5:35,78.112,20,Estuarine
6/6/23 5:40,77.893,20,Estuarine
6/6/23 5:45,77.723,20,Estuarine
6/6/23 5:50,77.546,20,Estuarine
6/6/23 5:55,77.298,20,Estuarine
6/6/23 6:00,77.076,20,Estuarine
6/6/23 6:05,76.827,20,Estuarine
6/6/23 6:10,76.477,20,Estuarine
6/6/23 6:15,76.285,20,Estuarine
6/6/23 6:20,75.956,20,Estuarine
6/6/23 6:25,75.548,20,Estuarine
6/6/23 6:30,75.108,20,Estuarine
6/6/23 6:35,74.63,20,Estuarine
6/6/23 6:40,74.099,20,Estuarine
6/6/23 6:45,73.509,20,Estuarine
6/6/23 6:50,72.956,20,Estuarine
6/6/23 6:55,72.283,20,Estuarine
6/6/23 7:00,71.622,20,Estuarine
6/6/23 7:05,70.918,20,Estuarine
6/6/23 7:10,70.15,20,Estuarine
6/6/23 7:15,69.277,20,Estuarine
6/6/23 7:20,68.664,20,Estuarine
6/6/23 7:25,68.21,20,Estuarine
6/6/23 7:30,67.618,20,Estuarine
6/6/23 7:35,67.119,20,Estuarine
6/6/23 7:40,66.819,20,Estuarine
6/6/23 7:45,66.664,20,Estuarine
6/6/23 7:50,66.645,20,Estuarine
6/6/23 7:55,66.723,20,Estuarine
6/6/23 8:00,66.844,20,Estuarine
6/6/23 8:05,66.849,20,Estuarine
6/6/23 8:10,66.937,20,Estuarine
6/6/23 8:15,66.763,20,Estuarine
6/6/23 8:20,66.614,20,Estuarine
6/6/23 8:25,66.74,20,Estuarine
6/6/23 8:30,66.928,20,Estuarine
6/6/23 8:35,67.28,20,Estuarine
6/6/23 8:40,67.228,20,Estuarine
6/6/23 8:45,67.051,20,Estuarine
6/6/23 8:50,66.905,20,Estuarine
6/6/23 8:55,66.722,20,Estuarine
6/6/23 9:00,66.566,20,Estuarine
6/6/23 9:05,66.426,20,Estuarine
6/6/23 9:10,66.331,20,Estuarine
6/6/23 9:15,66.31,20,Estuarine
6/6/23 9:20,66.261,20,Estuarine
6/6/23 9:25,66.124,20,Estuarine
6/6/23 9:30,66.159,20,Estuarine
6/6/23 9:35,66.107,20,Estuarine
6/6/23 9:40,65.924,20,Estuarine
6/6/23 9:45,65.818,20,Estuarine
6/6/23 9:50,65.828,20,Estuarine
6/6/23 9:55,65.757,20,Estuarine
6/6/23 10:00,65.534,20,Estuarine
6/6/23 10:05,65.264,20,Estuarine
6/6/23 10:10,64.969,20,Estuarine
6/6/23 10:15,64.637,20,Estuarine
6/6/23 10:20,64.332,20,Estuarine
6/6/23 10:25,64.045,20,Estuarine
6/6/23 10:30,63.847,20,Estuarine
6/6/23 10:35,63.904,20,Estuarine
6/6/23 10:40,63.815,20,Estuarine
6/6/23 10:45,63.914,20,Estuarine
6/6/23 10:50,63.906,20,Estuarine
6/6/23 10:55,64.115,20,Estuarine
6/6/23 11:00,64.323,20,Estuarine
6/6/23 11:05,64.636,20,Estuarine
6/6/23 11:10,64.732,20,Estuarine
6/6/23 11:15,64.827,20,Estuarine
6/6/23 11:20,64.904,20,Estuarine
6/6/23 11:25,64.846,20,Estuarine
6/6/23 11:30,64.74,20,Estuarine
6/6/23 11:35,64.535,20,Estuarine
6/6/23 11:40,64.277,20,Estuarine
6/6/23 11:45,63.802,20,Estuarine
6/6/23 11:50,63.196,20,Estuarine
6/6/23 11:55,62.521,20,Estuarine
6/6/23 12:00,61.76,20,Estuarine
6/6/23 12:05,61.095,20,Estuarine
6/6/23 12:10,60.579,20,Estuarine
6/6/23 12:15,60.322,20,Estuarine
6/6/23 12:20,60.066,20,Estuarine
6/6/23 12:25,59.739,20,Estuarine
6/6/23 12:30,59.453,20,Estuarine
6/6/23 12:35,59.029,20,Estuarine
6/6/23 12:40,58.51,20,Estuarine
6/6/23 12:45,57.857,20,Estuarine
6/6/23 12:50,57.108,20,Estuarine
6/6/23 12:55,56.289,20,Estuarine
6/6/23 13:00,55.557,20,Estuarine
6/6/23 13:05,54.939,20,Estuarine
6/6/23 13:10,54.299,20,Estuarine
6/6/23 13:15,53.541,20,Estuarine
6/6/23 13:20,52.736,20,Estuarine
6/6/23 13:25,51.925,20,Estuarine
6/6/23 13:30,51.156,20,Estuarine
6/6/23 13:35,50.39,20,Estuarine
6/6/23 13:40,49.719,20,Estuarine
6/6/23 13:45,49.13,20,Estuarine
6/6/23 13:50,48.516,20,Estuarine
6/6/23 13:55,47.953,20,Estuarine
6/6/23 14:00,47.4,20,Estuarine
6/6/23 14:05,46.785,20,Estuarine
6/6/23 14:10,46.249,20,Estuarine
6/6/23 14:15,45.687,20,Estuarine
6/6/23 14:20,45.078,20,Estuarine
6/6/23 14:25,44.553,20,Estuarine
6/6/23 14:30,43.999,20,Estuarine
6/6/23 14:35,43.425,20,Estuarine
6/6/23 14:40,42.822,20,Estuarine
6/6/23 14:45,42.253,20,Estuarine
6/6/23 14:50,41.672,20,Estuarine
6/6/23 14:55,41.116,20,Estuarine
6/6/23 15:00,40.54,20,Estuarine
6/6/23 15:05,40.03,20,Estuarine
6/6/23 15:10,39.456,20,Estuarine
6/6/23 15:15,38.899,20,Estuarine
6/6/23 15:20,38.391,20,Estuarine
6/6/23 15:25,37.905,20,Estuarine
6/6/23 15:30,37.419,20,Estuarine
6/6/23 15:35,36.937,20,Estuarine
6/6/23 15:40,36.448,20,Estuarine
6/6/23 15:45,36.017,20,Estuarine
6/6/23 15:50,35.557,20,Estuarine
6/6/23 15:55,35.094,20,Estuarine
6/6/23 16:00,34.654,20,Estuarine
6/6/23 16:05,34.238,20,Estuarine
6/6/23 16:10,33.805,20,Estuarine
6/6/23 16:15,33.405,20,Estuarine
6/6/23 16:20,32.957,20,Estuarine
6/6/23 16:25,32.574,20,Estuarine
6/6/23 16:30,32.134,20,Estuarine
6/6/23 16:35,31.624,20,Estuarine
6/6/23 16:40,31.192,20,Estuarine
6/6/23 16:45,30.737,20,Estuarine
6/6/23 16:50,30.098,20,Estuarine
6/6/23 16:55,29.264,20,Estuarine
6/6/23 17:00,28.509,20,Estuarine
6/6/23 17:05,27.829,20,Estuarine
6/6/23 17:10,27.197,20,Estuarine
6/6/23 17:15,26.676,20,Estuarine
6/6/23 17:20,26.078,20,Estuarine
6/6/23 17:25,25.572,20,Estuarine
6/6/23 17:30,25.067,20,Estuarine
6/6/23 17:35,24.59,20,Estuarine
6/6/23 17:40,24.111,20,Estuarine
6/6/23 17:45,23.704,20,Estuarine
6/6/23 17:50,23.323,20,Estuarine
6/6/23 17:55,22.917,20,Estuarine
6/6/23 18:00,22.57,20,Estuarine
6/6/23 18:05,22.248,20,Estuarine
6/6/23 18:10,21.891,20,Estuarine
6/6/23 18:15,21.537,20,Estuarine
6/6/23 18:20,21.206,20,Estuarine
6/6/23 18:25,20.88,20,Estuarine
6/6/23 18:30,20.53,20,Estuarine
6/6/23 18:35,20.185,20,Estuarine
6/6/23 18:40,19.859,20,Estuarine
6/6/23 18:45,19.514,20,Estuarine
6/6/23 18:50,19.163,20,Estuarine
6/6/23 18:55,18.844,20,Estuarine
6/6/23 19:00,18.553,20,Estuarine
6/6/23 19:05,18.264,20,Estuarine
6/6/23 19:10,17.943,20,Estuarine
6/6/23 19:15,17.65,20,Estuarine
6/6/23 19:20,17.338,20,Estuarine
6/6/23 19:25,17.041,20,Estuarine
6/6/23 19:30,16.729,20,Estuarine
6/6/23 19:35,16.443,20,Estuarine
6/6/23 19:40,16.119,20,Estuarine
6/6/23 19:45,15.769,20,Estuarine
6/6/23 19:50,15.416,20,Estuarine
6/6/23 19:55,15.052,20,Estuarine
6/6/23 20:00,14.722,20,Estuarine
6/6/23 20:05,14.421,20,Estuarine
6/6/23 20:10,14.15,20,Estuarine
6/6/23 20:15,13.845,20,Estuarine
6/6/23 20:20,13.548,20,Estuarine
6/6/23 20:25,13.238,20,Estuarine
6/6/23 20:30,12.936,20,Estuarine
6/6/23 20:35,12.581,20,Estuarine
6/6/23 20:40,12.231,20,Estuarine
6/6/23 20:45,11.911,20,Estuarine
6/6/23 20:50,11.621,20,Estuarine
6/6/23 20:55,11.335,20,Estuarine
6/6/23 21:00,11.032,20,Estuarine
6/6/23 21:05,10.741,20,Estuarine
6/6/23 21:10,10.479,20,Estuarine
6/6/23 21:15,10.241,20,Estuarine
6/6/23 21:20,10.015,20,Estuarine
6/6/23 21:25,9.803,20,Estuarine
6/6/23 21:30,9.585,20,Estuarine
6/6/23 21:35,9.392,20,Estuarine
6/6/23 21:40,9.213,20,Estuarine
6/6/23 21:45,9.058,20,Estuarine
6/6/23 21:50,8.887,20,Estuarine
6/6/23 21:55,8.707,20,Estuarine
6/6/23 22:00,8.549,20,Estuarine
6/6/23 22:05,8.391,20,Estuarine
6/6/23 22:10,8.204,20,Estuarine
6/6/23 22:15,8.029,20,Estuarine
6/6/23 22:20,7.836,20,Estuarine
6/6/23 22:25,7.634,20,Estuarine
6/6/23 22:30,7.481,20,Estuarine
6/6/23 22:35,7.358,20,Estuarine
6/6/23 22:40,7.309,20,Estuarine
6/6/23 22:45,7.637,20,Estuarine
6/6/23 22:50,7.784,20,Estuarine
6/6/23 22:55,7.766,20,Estuarine
6/6/23 23:00,7.673,20,Estuarine
6/6/23 23:05,7.64,20,Estuarine
6/6/23 23:10,7.635,20,Estuarine
6/6/23 23:15,7.65,20,Estuarine
6/6/23 23:20,7.64,20,Estuarine
6/6/23 23:25,7.538,20,Estuarine
6/6/23 23:30,7.393,20,Estuarine
6/6/23 23:35,7.253,20,Estuarine
6/6/23 23:40,7.051,20,Estuarine
6/6/23 23:45,6.814,20,Estuarine
6/6/23 23:50,6.599,20,Estuarine
6/6/23 23:55,6.408,20,Estuarine
6/7/23,6.276,20,Estuarine
6/7/23 0:05,6.218,20,Estuarine
6/7/23 0:10,6.238,20,Estuarine
6/7/23 0:15,6.343,20,Estuarine
6/7/23 0:20,6.514,20,Estuarine
6/7/23 0:25,6.703,20,Estuarine
6/7/23 0:30,6.909,20,Estuarine
6/7/23 0:35,7.198,20,Estuarine
6/7/23 0:40,7.573,20,Estuarine
6/7/23 0:45,7.933,20,Estuarine
6/7/23 0:50,8.324,20,Estuarine
6/7/23 0:55,8.898,20,Estuarine
6/7/23 1:00,8.728,20,Estuarine
6/7/23 1:05,8.583,20,Estuarine
6/7/23 1:10,8.774,20,Estuarine
6/7/23 1:15,9.115,20,Estuarine
6/7/23 1:20,9.389,20,Estuarine
6/7/23 1:25,9.712,20,Estuarine
6/7/23 1:30,10.253,20,Estuarine
6/7/23 1:35,11.157,20,Estuarine
6/7/23 1:40,12.62,20,Estuarine
6/7/23 1:45,14.581,20,Estuarine
6/7/23 1:50,17.198,20,Estuarine
6/7/23 1:55,20.843,20,Estuarine
6/7/23 2:00,25.32,20,Estuarine
6/7/23 2:05,32.256,20,Estuarine
6/7/23 2:10,67.81,20,Estuarine
6/7/23 2:15,81.354,20,Estuarine
6/7/23 2:20,84.077,20,Estuarine
6/7/23 2:25,84.955,20,Estuarine
6/7/23 2:30,85.234,20,Estuarine
6/7/23 2:35,85.339,20,Estuarine
6/7/23 2:40,85.395,20,Estuarine
6/7/23 2:45,85.448,20,Estuarine
6/7/23 2:50,85.375,20,Estuarine
6/7/23 2:55,85.317,20,Estuarine
6/7/23 3:00,85.424,20,Estuarine
6/7/23 3:05,85.373,20,Estuarine
6/7/23 3:10,85.391,20,Estuarine
6/7/23 3:15,85.412,20,Estuarine
6/7/23 3:20,85.38,20,Estuarine
6/7/23 3:25,85.349,20,Estuarine
6/7/23 3:30,85.399,20,Estuarine
6/7/23 3:35,85.427,20,Estuarine
6/7/23 3:40,85.227,20,Estuarine
6/7/23 3:45,84.945,20,Estuarine
6/7/23 3:50,84.842,20,Estuarine
6/7/23 3:55,84.814,20,Estuarine
6/7/23 4:00,84.808,20,Estuarine
6/7/23 4:05,84.603,20,Estuarine
6/7/23 4:10,84.587,20,Estuarine
6/7/23 4:15,84.454,20,Estuarine
6/7/23 4:20,84.394,20,Estuarine
6/7/23 4:25,84.267,20,Estuarine
6/7/23 4:30,84.208,20,Estuarine
6/7/23 4:35,84.052,20,Estuarine
6/7/23 4:40,84.06,20,Estuarine
6/7/23 4:45,84.009,20,Estuarine
6/7/23 4:50,83.937,20,Estuarine
6/7/23 4:55,83.916,20,Estuarine
6/7/23 5:00,83.09,20,Estuarine
6/7/23 5:05,79.01,20,Estuarine
6/7/23 5:10,70.333,20,Estuarine
6/7/23 5:15,64.808,20,Estuarine
6/7/23 5:20,62.209,20,Estuarine
6/7/23 5:25,59.669,20,Estuarine
6/7/23 5:30,56.755,20,Estuarine
6/7/23 5:35,52.132,20,Estuarine
6/7/23 5:40,48.978,20,Estuarine
6/7/23 5:45,49.753,20,Estuarine
6/7/23 5:50,51.155,20,Estuarine
6/7/23 5:55,52.263,20,Estuarine
6/7/23 6:00,52.945,20,Estuarine
6/7/23 6:05,53.328,20,Estuarine
6/7/23 6:10,53.434,20,Estuarine
6/7/23 6:15,53.368,20,Estuarine
6/7/23 6:20,53.185,20,Estuarine
6/7/23 6:25,52.912,20,Estuarine
6/7/23 6:30,52.59,20,Estuarine
6/7/23 6:35,51.923,20,Estuarine
6/7/23 6:40,51.273,20,Estuarine
6/7/23 6:45,50.64,20,Estuarine
6/7/23 6:50,49.863,20,Estuarine
6/7/23 6:55,49.034,20,Estuarine
6/7/23 7:00,48.078,20,Estuarine
6/7/23 7:05,47.078,20,Estuarine
6/7/23 7:10,46.134,20,Estuarine
6/7/23 7:15,45.194,20,Estuarine
6/7/23 7:20,44.32,20,Estuarine
6/7/23 7:25,43.38,20,Estuarine
6/7/23 7:30,42.538,20,Estuarine
6/7/23 7:35,41.623,20,Estuarine
6/7/23 7:40,40.782,20,Estuarine
6/7/23 7:45,39.951,20,Estuarine
6/7/23 7:50,39.139,20,Estuarine
6/7/23 7:55,38.346,20,Estuarine
6/7/23 8:00,37.683,20,Estuarine
6/7/23 8:05,37.062,20,Estuarine
6/7/23 8:10,36.445,20,Estuarine
6/7/23 8:15,35.81,20,Estuarine
6/7/23 8:20,35.12,20,Estuarine
6/7/23 8:25,34.454,20,Estuarine
6/7/23 8:30,33.89,20,Estuarine
6/7/23 8:35,33.369,20,Estuarine
6/7/23 8:40,32.897,20,Estuarine
6/7/23 8:45,32.506,20,Estuarine
6/7/23 8:50,32.048,20,Estuarine
6/7/23 8:55,31.64,20,Estuarine
6/7/23 9:00,31.092,20,Estuarine
6/7/23 9:05,30.41,20,Estuarine
6/7/23 9:10,29.954,20,Estuarine
6/7/23 9:15,29.487,20,Estuarine
6/7/23 9:20,28.82,20,Estuarine
6/7/23 9:25,27.972,20,Estuarine
6/7/23 9:30,27.224,20,Estuarine
6/7/23 9:35,26.638,20,Estuarine
6/7/23 9:40,26.171,20,Estuarine
6/7/23 9:45,25.598,20,Estuarine
6/7/23 9:50,24.969,20,Estuarine
6/7/23 9:55,24.312,20,Estuarine
6/7/23 10:00,23.798,20,Estuarine
6/7/23 10:05,23.275,20,Estuarine
6/7/23 10:10,22.721,20,Estuarine
6/7/23 10:15,22.167,20,Estuarine
6/7/23 10:20,21.605,20,Estuarine
6/7/23 10:25,21.075,20,Estuarine
6/7/23 10:30,20.543,20,Estuarine
6/7/23 10:35,20.018,20,Estuarine
6/7/23 10:40,19.661,20,Estuarine
6/7/23 10:45,19.182,20,Estuarine
6/7/23 10:50,18.734,20,Estuarine
6/7/23 10:55,18.247,20,Estuarine
6/7/23 11:00,17.78,20,Estuarine
6/7/23 11:05,17.32,20,Estuarine
6/7/23 11:10,16.951,20,Estuarine
6/7/23 11:15,16.652,20,Estuarine
6/7/23 11:20,16.348,20,Estuarine
6/7/23 11:25,15.996,20,Estuarine
6/7/23 11:30,15.636,20,Estuarine
6/7/23 11:35,15.223,20,Estuarine
6/7/23 11:40,14.853,20,Estuarine
6/7/23 11:45,14.53,20,Estuarine
6/7/23 11:50,14.287,20,Estuarine
6/7/23 11:55,14.001,20,Estuarine
6/7/23 12:00,13.888,20,Estuarine
6/7/23 12:05,14.093,20,Estuarine
6/7/23 12:10,14.125,20,Estuarine
6/7/23 12:15,14.031,20,Estuarine
6/7/23 12:20,13.667,20,Estuarine
6/7/23 12:25,13.218,20,Estuarine
6/7/23 12:30,12.8,20,Estuarine
6/7/23 12:35,12.29,20,Estuarine
6/7/23 12:40,11.786,20,Estuarine
6/7/23 12:45,11.403,20,Estuarine
6/7/23 12:50,11.096,20,Estuarine
6/7/23 12:55,10.881,20,Estuarine
6/7/23 13:00,10.671,20,Estuarine
6/7/23 13:05,10.543,20,Estuarine
6/7/23 13:10,10.505,20,Estuarine
6/7/23 13:15,10.562,20,Estuarine
6/7/23 13:20,10.682,20,Estuarine
6/7/23 13:25,10.691,20,Estuarine
6/7/23 13:30,10.473,20,Estuarine
6/7/23 13:35,10.195,20,Estuarine
6/7/23 13:40,9.948,20,Estuarine
6/7/23 13:45,9.75,20,Estuarine
6/7/23 13:50,9.511,20,Estuarine
6/7/23 13:55,9.238,20,Estuarine
6/7/23 14:00,9.021,20,Estuarine
6/7/23 14:05,8.834,20,Estuarine
6/7/23 14:10,8.712,20,Estuarine
6/7/23 14:15,8.594,20,Estuarine
6/7/23 14:20,8.492,20,Estuarine
6/7/23 14:25,8.397,20,Estuarine
6/7/23 14:30,8.318,20,Estuarine
6/7/23 14:35,8.216,20,Estuarine
6/7/23 14:40,8.107,20,Estuarine
6/7/23 14:45,7.976,20,Estuarine
6/7/23 14:50,7.83,20,Estuarine
6/7/23 14:55,7.676,20,Estuarine
6/7/23 15:00,7.524,20,Estuarine
6/7/23 15:05,7.351,20,Estuarine
6/7/23 15:10,7.072,20,Estuarine
6/7/23 15:15,6.78,20,Estuarine
6/7/23 15:20,6.563,20,Estuarine
6/7/23 15:25,6.477,20,Estuarine
6/7/23 15:30,6.455,20,Estuarine
6/7/23 15:35,6.417,20,Estuarine
6/7/23 15:40,6.386,20,Estuarine
6/7/23 15:45,6.342,20,Estuarine
6/7/23 15:50,6.289,20,Estuarine
6/7/23 15:55,6.205,20,Estuarine
6/7/23 16:00,6.184,20,Estuarine
6/7/23 16:05,6.111,20,Estuarine
6/7/23 16:10,6.064,20,Estuarine
6/7/23 16:15,6.001,20,Estuarine
6/7/23 16:20,5.982,20,Estuarine
6/7/23 16:25,6.001,20,Estuarine
6/7/23 16:30,5.921,20,Estuarine
6/7/23 16:35,5.729,20,Estuarine
6/7/23 16:40,5.383,20,Estuarine
6/7/23 16:45,4.995,20,Estuarine
6/7/23 16:50,4.641,20,Estuarine
6/7/23 16:55,4.309,20,Estuarine
6/7/23 17:00,4.073,20,Estuarine
6/7/23 17:05,3.849,20,Estuarine
6/7/23 17:10,3.603,20,Estuarine
6/7/23 17:15,3.316,20,Estuarine
6/7/23 17:20,3.032,20,Estuarine
6/7/23 17:25,2.733,20,Estuarine
6/7/23 17:30,2.491,20,Estuarine
6/7/23 17:35,2.275,20,Estuarine
6/7/23 17:40,2.106,20,Estuarine
6/7/23 17:45,1.939,20,Estuarine
6/7/23 17:50,1.738,20,Estuarine
6/7/23 17:55,1.529,20,Estuarine
6/7/23 18:00,1.334,20,Estuarine
6/7/23 18:05,1.187,20,Estuarine
6/7/23 18:10,1.043,20,Estuarine
6/7/23 18:15,0.953,20,Estuarine
6/7/23 18:20,0.876,20,Estuarine
6/7/23 18:25,0.832,20,Estuarine
6/7/23 18:30,0.782,20,Estuarine
6/7/23 18:35,0.74,20,Estuarine
6/7/23 18:40,0.698,20,Estuarine
6/7/23 18:45,0.712,20,Estuarine
6/7/23 18:50,0.699,20,Estuarine
6/7/23 18:55,0.714,20,Estuarine
6/7/23 19:00,0.623,20,Estuarine
6/7/23 19:05,0.569,20,Estuarine
6/7/23 19:10,0.743,20,Estuarine
6/7/23 19:15,0.756,20,Estuarine
6/7/23 19:20,0.647,20,Estuarine
6/7/23 19:25,0.611,20,Estuarine
6/7/23 19:30,0.579,20,Estuarine
6/7/23 19:35,0.561,20,Estuarine
6/7/23 19:40,0.557,20,Estuarine
6/7/23 19:45,0.599,20,Estuarine
6/7/23 19:50,0.592,20,Estuarine
6/7/23 19:55,0.603,20,Estuarine
6/7/23 20:00,0.614,20,Estuarine
6/7/23 20:05,0.587,20,Estuarine
6/7/23 20:10,0.553,20,Estuarine
6/7/23 20:15,0.514,20,Estuarine
6/7/23 20:20,0.476,20,Estuarine
6/7/23 20:25,0.441,20,Estuarine
6/7/23 20:30,0.397,20,Estuarine
6/7/23 20:35,0.37,20,Estuarine
6/7/23 20:40,0.357,20,Estuarine
6/7/23 20:45,0.366,20,Estuarine
6/7/23 20:50,0.417,20,Estuarine
6/7/23 20:55,0.406,20,Estuarine
6/7/23 21:00,0.371,20,Estuarine
6/7/23 21:05,0.35,20,Estuarine
6/7/23 21:10,0.318,20,Estuarine
6/7/23 21:15,0.314,20,Estuarine
6/7/23 21:20,0.308,20,Estuarine
6/7/23 21:25,0.301,20,Estuarine
6/7/23 21:30,0.291,20,Estuarine
6/7/23 21:35,0.287,20,Estuarine
6/7/23 21:40,0.277,20,Estuarine
6/7/23 21:45,0.275,20,Estuarine
6/7/23 21:50,0.281,20,Estuarine
6/7/23 21:55,0.265,20,Estuarine
6/7/23 22:00,0.268,20,Estuarine
6/7/23 22:05,0.275,20,Estuarine
6/7/23 22:10,0.261,20,Estuarine
6/7/23 22:15,0.269,20,Estuarine
6/7/23 22:20,0.272,20,Estuarine
6/7/23 22:25,0.27,20,Estuarine
6/7/23 22:30,0.275,20,Estuarine
6/7/23 22:35,0.265,20,Estuarine
6/7/23 22:40,0.276,20,Estuarine
6/7/23 22:45,0.253,20,Estuarine
6/7/23 22:50,0.274,20,Estuarine
6/7/23 22:55,0.268,20,Estuarine
6/7/23 23:00,0.26,20,Estuarine
6/7/23 23:05,0.259,20,Estuarine
6/7/23 23:10,0.266,20,Estuarine
6/7/23 23:15,0.261,20,Estuarine
6/7/23 23:20,0.268,20,Estuarine
6/7/23 23:25,0.264,20,Estuarine
6/7/23 23:30,0.272,20,Estuarine
6/7/23 23:35,0.273,20,Estuarine
6/7/23 23:40,0.277,20,Estuarine
6/7/23 23:45,0.274,20,Estuarine
6/7/23 23:50,0.265,20,Estuarine
6/7/23 23:55,0.271,20,Estuarine
6/8/23,0.273,20,Estuarine
6/8/23 0:05,0.262,20,Estuarine
6/8/23 0:10,0.263,20,Estuarine
6/8/23 0:15,0.261,20,Estuarine
6/8/23 0:20,0.258,20,Estuarine
6/8/23 0:25,0.269,20,Estuarine
6/8/23 0:30,0.265,20,Estuarine
6/8/23 0:35,0.271,20,Estuarine
6/8/23 0:40,0.273,20,Estuarine
6/8/23 0:45,0.261,20,Estuarine
6/8/23 0:50,0.261,20,Estuarine
6/8/23 0:55,0.263,20,Estuarine
6/8/23 1:00,0.271,20,Estuarine
6/8/23 1:05,0.261,20,Estuarine
6/8/23 1:10,0.268,20,Estuarine
6/8/23 1:15,0.255,20,Estuarine
6/8/23 1:20,0.262,20,Estuarine
6/8/23 1:25,0.266,20,Estuarine
6/8/23 1:30,0.265,20,Estuarine
6/8/23 1:35,0.248,20,Estuarine
6/8/23 1:40,0.269,20,Estuarine
6/8/23 1:45,0.259,20,Estuarine
6/8/23 1:50,0.255,20,Estuarine
6/8/23 1:55,0.263,20,Estuarine
6/8/23 2:00,0.258,20,Estuarine
6/8/23 2:05,0.257,20,Estuarine
6/8/23 2:10,0.261,20,Estuarine
6/8/23 2:15,0.26,20,Estuarine
6/8/23 2:20,0.268,20,Estuarine
6/8/23 2:25,0.248,20,Estuarine
6/8/23 2:30,0.253,20,Estuarine
6/8/23 2:35,0.246,20,Estuarine
6/8/23 2:40,0.246,20,Estuarine
6/8/23 2:45,0.249,20,Estuarine
6/8/23 2:50,0.249,20,Estuarine
6/8/23 2:55,0.241,20,Estuarine
6/8/23 3:00,0.261,20,Estuarine
6/8/23 3:05,0.262,20,Estuarine
6/8/23 3:10,0.258,20,Estuarine
6/8/23 3:15,0.253,20,Estuarine
6/8/23 3:20,0.248,20,Estuarine
6/8/23 3:25,0.257,20,Estuarine
6/8/23 3:30,0.26,20,Estuarine
6/8/23 3:35,0.244,20,Estuarine
6/8/23 3:40,0.251,20,Estuarine
6/8/23 3:45,0.25,20,Estuarine
6/8/23 3:50,0.249,20,Estuarine
6/8/23 3:55,0.26,20,Estuarine
6/8/23 4:00,0.247,20,Estuarine
6/8/23 4:05,0.247,20,Estuarine
6/8/23 4:10,0.255,20,Estuarine
6/8/23 4:15,0.245,20,Estuarine
6/8/23 4:20,0.244,20,Estuarine
6/8/23 4:25,0.248,20,Estuarine
6/8/23 4:30,0.242,20,Estuarine
6/8/23 4:35,0.248,20,Estuarine
6/8/23 4:40,0.238,20,Estuarine
6/8/23 4:45,0.247,20,Estuarine
6/8/23 4:50,0.258,20,Estuarine
6/8/23 4:55,0.247,20,Estuarine
6/8/23 5:00,0.245,20,Estuarine
6/8/23 5:05,0.253,20,Estuarine
6/8/23 5:10,0.244,20,Estuarine
6/8/23 5:15,0.246,20,Estuarine
6/8/23 5:20,0.25,20,Estuarine
6/8/23 5:25,0.258,20,Estuarine
6/8/23 5:30,0.248,20,Estuarine
6/8/23 5:35,0.255,20,Estuarine
6/8/23 5:40,0.257,20,Estuarine
6/8/23 5:45,0.255,20,Estuarine
6/8/23 5:50,0.25,20,Estuarine
6/8/23 5:55,0.256,20,Estuarine
6/8/23 6:00,0.239,20,Estuarine
6/8/23 6:05,0.257,20,Estuarine
6/8/23 6:10,0.259,20,Estuarine
6/8/23 6:15,0.25,20,Estuarine
6/8/23 6:20,0.246,20,Estuarine
6/8/23 6:25,0.245,20,Estuarine
6/8/23 6:30,0.322,20,Estuarine
6/8/23 6:35,0.274,20,Estuarine
6/8/23 6:40,0.264,20,Estuarine
6/8/23 6:45,0.258,20,Estuarine
6/8/23 6:50,0.269,20,Estuarine
6/8/23 6:55,0.364,20,Estuarine
6/8/23 7:00,0.497,20,Estuarine
6/8/23 7:05,0.436,20,Estuarine
6/8/23 7:10,0.455,20,Estuarine
6/8/23 7:15,0.475,20,Estuarine
6/8/23 7:20,0.445,20,Estuarine
6/8/23 7:25,0.397,20,Estuarine
6/8/23 7:30,0.312,20,Estuarine
6/8/23 7:35,0.268,20,Estuarine
6/8/23 7:40,0.272,20,Estuarine
6/8/23 7:45,0.249,20,Estuarine
6/8/23 7:50,0.273,20,Estuarine
6/8/23 7:55,0.277,20,Estuarine
6/8/23 8:00,1.097,20,Estuarine
6/8/23 8:05,4.139,20,Estuarine
6/8/23 8:10,5.16,20,Estuarine
6/5/23,73.504,30,Estuarine
6/5/23 0:05,73.586,30,Estuarine
6/5/23 0:10,73.587,30,Estuarine
6/5/23 0:15,73.539,30,Estuarine
6/5/23 0:20,73.629,30,Estuarine
6/5/23 0:25,73.617,30,Estuarine
6/5/23 0:30,73.571,30,Estuarine
6/5/23 0:35,73.573,30,Estuarine
6/5/23 0:40,73.731,30,Estuarine
6/5/23 0:45,73.644,30,Estuarine
6/5/23 0:50,73.642,30,Estuarine
6/5/23 0:55,73.687,30,Estuarine
6/5/23 1:00,73.64,30,Estuarine
6/5/23 1:05,73.694,30,Estuarine
6/5/23 1:10,73.659,30,Estuarine
6/5/23 1:15,73.745,30,Estuarine
6/5/23 1:20,73.646,30,Estuarine
6/5/23 1:25,73.762,30,Estuarine
6/5/23 1:30,73.8,30,Estuarine
6/5/23 1:35,73.768,30,Estuarine
6/5/23 1:40,73.807,30,Estuarine
6/5/23 1:45,73.79,30,Estuarine
6/5/23 1:50,73.777,30,Estuarine
6/5/23 1:55,73.805,30,Estuarine
6/5/23 2:00,73.844,30,Estuarine
6/5/23 2:05,73.79,30,Estuarine
6/5/23 2:10,73.805,30,Estuarine
6/5/23 2:15,73.788,30,Estuarine
6/5/23 2:20,73.817,30,Estuarine
6/5/23 2:25,73.813,30,Estuarine
6/5/23 2:30,73.816,30,Estuarine
6/5/23 2:35,73.839,30,Estuarine
6/5/23 2:40,73.866,30,Estuarine
6/5/23 2:45,73.823,30,Estuarine
6/5/23 2:50,73.934,30,Estuarine
6/5/23 2:55,73.892,30,Estuarine
6/5/23 3:00,73.896,30,Estuarine
6/5/23 3:05,73.892,30,Estuarine
6/5/23 3:10,73.86,30,Estuarine
6/5/23 3:15,73.934,30,Estuarine
6/5/23 3:20,73.91,30,Estuarine
6/5/23 3:25,73.945,30,Estuarine
6/5/23 3:30,73.932,30,Estuarine
6/5/23 3:35,73.985,30,Estuarine
6/5/23 3:40,73.914,30,Estuarine
6/5/23 3:45,73.943,30,Estuarine
6/5/23 3:50,74.003,30,Estuarine
6/5/23 3:55,74.05,30,Estuarine
6/5/23 4:00,73.971,30,Estuarine
6/5/23 4:05,74.014,30,Estuarine
6/5/23 4:10,73.995,30,Estuarine
6/5/23 4:15,74.01,30,Estuarine
6/5/23 4:20,73.999,30,Estuarine
6/5/23 4:25,74.089,30,Estuarine
6/5/23 4:30,74.082,30,Estuarine
6/5/23 4:35,74.028,30,Estuarine
6/5/23 4:40,74.126,30,Estuarine
6/5/23 4:45,74.058,30,Estuarine
6/5/23 4:50,74.09,30,Estuarine
6/5/23 4:55,74.091,30,Estuarine
6/5/23 5:00,74.139,30,Estuarine
6/5/23 5:05,74.253,30,Estuarine
6/5/23 5:10,74.242,30,Estuarine
6/5/23 5:15,74.17,30,Estuarine
6/5/23 5:20,74.186,30,Estuarine
6/5/23 5:25,74.174,30,Estuarine
6/5/23 5:30,74.224,30,Estuarine
6/5/23 5:35,74.202,30,Estuarine
6/5/23 5:40,74.28,30,Estuarine
6/5/23 5:45,74.3,30,Estuarine
6/5/23 5:50,74.275,30,Estuarine
6/5/23 5:55,74.338,30,Estuarine
6/5/23 6:00,74.343,30,Estuarine
6/5/23 6:05,74.319,30,Estuarine
6/5/23 6:10,74.337,30,Estuarine
6/5/23 6:15,74.357,30,Estuarine
6/5/23 6:20,74.357,30,Estuarine
6/5/23 6:25,74.43,30,Estuarine
6/5/23 6:30,74.39,30,Estuarine
6/5/23 6:35,74.476,30,Estuarine
6/5/23 6:40,74.449,30,Estuarine
6/5/23 6:45,74.404,30,Estuarine
6/5/23 6:50,74.458,30,Estuarine
6/5/23 6:55,74.416,30,Estuarine
6/5/23 7:00,74.418,30,Estuarine
6/5/23 7:05,74.498,30,Estuarine
6/5/23 7:10,74.42,30,Estuarine
6/5/23 7:15,74.557,30,Estuarine
6/5/23 7:20,74.476,30,Estuarine
6/5/23 7:25,74.505,30,Estuarine
6/5/23 7:30,74.567,30,Estuarine
6/5/23 7:35,74.511,30,Estuarine
6/5/23 7:40,74.509,30,Estuarine
6/5/23 7:45,74.513,30,Estuarine
6/5/23 7:50,74.515,30,Estuarine
6/5/23 7:55,74.499,30,Estuarine
6/5/23 8:00,74.511,30,Estuarine
6/5/23 8:05,74.599,30,Estuarine
6/5/23 8:10,74.546,30,Estuarine
6/5/23 8:15,74.477,30,Estuarine
6/5/23 8:20,74.59,30,Estuarine
6/5/23 8:25,74.543,30,Estuarine
6/5/23 8:30,74.524,30,Estuarine
6/5/23 8:35,74.554,30,Estuarine
6/5/23 8:40,74.555,30,Estuarine
6/5/23 8:45,74.597,30,Estuarine
6/5/23 8:50,74.613,30,Estuarine
6/5/23 8:55,74.592,30,Estuarine
6/5/23 9:00,74.595,30,Estuarine
6/5/23 9:05,74.578,30,Estuarine
6/5/23 9:10,74.588,30,Estuarine
6/5/23 9:15,74.53,30,Estuarine
6/5/23 9:20,74.558,30,Estuarine
6/5/23 9:25,74.574,30,Estuarine
6/5/23 9:30,74.555,30,Estuarine
6/5/23 9:35,74.568,30,Estuarine
6/5/23 9:40,74.652,30,Estuarine
6/5/23 9:45,74.601,30,Estuarine
6/5/23 9:50,74.658,30,Estuarine
6/5/23 9:55,74.63,30,Estuarine
6/5/23 10:00,74.677,30,Estuarine
6/5/23 10:05,74.704,30,Estuarine
6/5/23 10:10,74.677,30,Estuarine
6/5/23 10:15,74.67,30,Estuarine
6/5/23 10:20,74.652,30,Estuarine
6/5/23 10:25,74.661,30,Estuarine
6/5/23 10:30,74.674,30,Estuarine
6/5/23 10:35,74.685,30,Estuarine
6/5/23 10:40,74.702,30,Estuarine
6/5/23 10:45,74.697,30,Estuarine
6/5/23 10:50,74.679,30,Estuarine
6/5/23 10:55,74.677,30,Estuarine
6/5/23 11:00,74.64,30,Estuarine
6/5/23 11:05,74.644,30,Estuarine
6/5/23 11:10,74.66,30,Estuarine
6/5/23 11:15,74.697,30,Estuarine
6/5/23 11:20,74.674,30,Estuarine
6/5/23 11:25,74.703,30,Estuarine
6/5/23 11:30,74.653,30,Estuarine
6/5/23 11:35,74.637,30,Estuarine
6/5/23 11:40,74.694,30,Estuarine
6/5/23 11:45,74.667,30,Estuarine
6/5/23 11:50,74.699,30,Estuarine
6/5/23 11:55,74.708,30,Estuarine
6/5/23 12:00,74.73,30,Estuarine
6/5/23 12:05,74.685,30,Estuarine
6/5/23 12:10,74.673,30,Estuarine
6/5/23 12:15,74.767,30,Estuarine
6/5/23 12:20,74.695,30,Estuarine
6/5/23 12:25,74.719,30,Estuarine
6/5/23 12:30,74.774,30,Estuarine
6/5/23 12:35,74.724,30,Estuarine
6/5/23 12:40,74.735,30,Estuarine
6/5/23 12:45,74.736,30,Estuarine
6/5/23 12:50,74.692,30,Estuarine
6/5/23 12:55,74.776,30,Estuarine
6/5/23 13:00,74.75,30,Estuarine
6/5/23 13:05,74.747,30,Estuarine
6/5/23 13:10,74.796,30,Estuarine
6/5/23 13:15,74.822,30,Estuarine
6/5/23 13:20,74.711,30,Estuarine
6/5/23 13:25,74.82,30,Estuarine
6/5/23 13:30,74.817,30,Estuarine
6/5/23 13:35,74.833,30,Estuarine
6/5/23 13:40,74.782,30,Estuarine
6/5/23 13:45,74.791,30,Estuarine
6/5/23 13:50,74.794,30,Estuarine
6/5/23 13:55,74.806,30,Estuarine
6/5/23 14:00,74.799,30,Estuarine
6/5/23 14:05,74.805,30,Estuarine
6/5/23 14:10,74.861,30,Estuarine
6/5/23 14:15,74.829,30,Estuarine
6/5/23 14:20,74.878,30,Estuarine
6/5/23 14:25,74.871,30,Estuarine
6/5/23 14:30,74.893,30,Estuarine
6/5/23 14:35,74.881,30,Estuarine
6/5/23 14:40,74.87,30,Estuarine
6/5/23 14:45,74.899,30,Estuarine
6/5/23 14:50,74.915,30,Estuarine
6/5/23 14:55,74.933,30,Estuarine
6/5/23 15:00,74.919,30,Estuarine
6/5/23 15:05,74.93,30,Estuarine
6/5/23 15:10,74.963,30,Estuarine
6/5/23 15:15,74.949,30,Estuarine
6/5/23 15:20,74.934,30,Estuarine
6/5/23 15:25,74.977,30,Estuarine
6/5/23 15:30,74.951,30,Estuarine
6/5/23 15:35,74.963,30,Estuarine
6/5/23 15:40,74.911,30,Estuarine
6/5/23 15:45,74.984,30,Estuarine
6/5/23 15:50,74.961,30,Estuarine
6/5/23 15:55,74.939,30,Estuarine
6/5/23 16:00,75.013,30,Estuarine
6/5/23 16:05,75.016,30,Estuarine
6/5/23 16:10,75.056,30,Estuarine
6/5/23 16:15,75.076,30,Estuarine
6/5/23 16:20,75.081,30,Estuarine
6/5/23 16:25,75.082,30,Estuarine
6/5/23 16:30,75.034,30,Estuarine
6/5/23 16:35,75.143,30,Estuarine
6/5/23 16:40,75.058,30,Estuarine
6/5/23 16:45,75.08,30,Estuarine
6/5/23 16:50,75.115,30,Estuarine
6/5/23 16:55,75.149,30,Estuarine
6/5/23 17:00,75.2,30,Estuarine
6/5/23 17:05,75.2,30,Estuarine
6/5/23 17:10,75.174,30,Estuarine
6/5/23 17:15,75.2,30,Estuarine
6/5/23 17:20,75.216,30,Estuarine
6/5/23 17:25,75.155,30,Estuarine
6/5/23 17:30,75.238,30,Estuarine
6/5/23 17:35,75.261,30,Estuarine
6/5/23 17:40,75.316,30,Estuarine
6/5/23 17:45,75.199,30,Estuarine
6/5/23 17:50,75.231,30,Estuarine
6/5/23 17:55,75.193,30,Estuarine
6/5/23 18:00,75.286,30,Estuarine
6/5/23 18:05,75.24,30,Estuarine
6/5/23 18:10,75.303,30,Estuarine
6/5/23 18:15,75.235,30,Estuarine
6/5/23 18:20,75.231,30,Estuarine
6/5/23 18:25,75.251,30,Estuarine
6/5/23 18:30,75.21,30,Estuarine
6/5/23 18:35,75.248,30,Estuarine
6/5/23 18:40,75.299,30,Estuarine
6/5/23 18:45,75.297,30,Estuarine
6/5/23 18:50,75.285,30,Estuarine
6/5/23 18:55,75.343,30,Estuarine
6/5/23 19:00,75.282,30,Estuarine
6/5/23 19:05,75.412,30,Estuarine
6/5/23 19:10,75.358,30,Estuarine
6/5/23 19:15,75.327,30,Estuarine
6/5/23 19:20,75.392,30,Estuarine
6/5/23 19:25,75.31,30,Estuarine
6/5/23 19:30,75.404,30,Estuarine
6/5/23 19:35,75.439,30,Estuarine
6/5/23 19:40,75.361,30,Estuarine
6/5/23 19:45,75.409,30,Estuarine
6/5/23 19:50,75.408,30,Estuarine
6/5/23 19:55,75.421,30,Estuarine
6/5/23 20:00,75.529,30,Estuarine
6/5/23 20:05,75.48,30,Estuarine
6/5/23 20:10,75.526,30,Estuarine
6/5/23 20:15,75.523,30,Estuarine
6/5/23 20:20,75.5,30,Estuarine
6/5/23 20:25,75.549,30,Estuarine
6/5/23 20:30,75.513,30,Estuarine
6/5/23 20:35,75.526,30,Estuarine
6/5/23 20:40,75.558,30,Estuarine
6/5/23 20:45,75.557,30,Estuarine
6/5/23 20:50,75.609,30,Estuarine
6/5/23 20:55,75.692,30,Estuarine
6/5/23 21:00,75.683,30,Estuarine
6/5/23 21:05,75.631,30,Estuarine
6/5/23 21:10,75.704,30,Estuarine
6/5/23 21:15,75.713,30,Estuarine
6/5/23 21:20,75.767,30,Estuarine
6/5/23 21:25,75.697,30,Estuarine
6/5/23 21:30,75.699,30,Estuarine
6/5/23 21:35,75.77,30,Estuarine
6/5/23 21:40,75.827,30,Estuarine
6/5/23 21:45,75.761,30,Estuarine
6/5/23 21:50,75.813,30,Estuarine
6/5/23 21:55,75.861,30,Estuarine
6/5/23 22:00,75.87,30,Estuarine
6/5/23 22:05,75.857,30,Estuarine
6/5/23 22:10,75.931,30,Estuarine
6/5/23 22:15,75.94,30,Estuarine
6/5/23 22:20,75.963,30,Estuarine
6/5/23 22:25,75.885,30,Estuarine
6/5/23 22:30,76.057,30,Estuarine
6/5/23 22:35,75.995,30,Estuarine
6/5/23 22:40,75.93,30,Estuarine
6/5/23 22:45,75.983,30,Estuarine
6/5/23 22:50,76,30,Estuarine
6/5/23 22:55,76.059,30,Estuarine
6/5/23 23:00,76.028,30,Estuarine
6/5/23 23:05,76.032,30,Estuarine
6/5/23 23:10,76.03,30,Estuarine
6/5/23 23:15,76.017,30,Estuarine
6/5/23 23:20,76.099,30,Estuarine
6/5/23 23:25,76.081,30,Estuarine
6/5/23 23:30,76.162,30,Estuarine
6/5/23 23:35,76.126,30,Estuarine
6/5/23 23:40,76.133,30,Estuarine
6/5/23 23:45,76.119,30,Estuarine
6/5/23 23:50,76.152,30,Estuarine
6/5/23 23:55,76.191,30,Estuarine
6/6/23,76.178,30,Estuarine
6/6/23 0:05,76.211,30,Estuarine
6/6/23 0:10,76.177,30,Estuarine
6/6/23 0:15,76.221,30,Estuarine
6/6/23 0:20,76.244,30,Estuarine
6/6/23 0:25,76.288,30,Estuarine
6/6/23 0:30,76.27,30,Estuarine
6/6/23 0:35,76.258,30,Estuarine
6/6/23 0:40,76.313,30,Estuarine
6/6/23 0:45,76.297,30,Estuarine
6/6/23 0:50,76.317,30,Estuarine
6/6/23 0:55,76.312,30,Estuarine
6/6/23 1:00,76.355,30,Estuarine
6/6/23 1:05,76.356,30,Estuarine
6/6/23 1:10,76.36,30,Estuarine
6/6/23 1:15,76.292,30,Estuarine
6/6/23 1:20,76.436,30,Estuarine
6/6/23 1:25,76.366,30,Estuarine
6/6/23 1:30,76.413,30,Estuarine
6/6/23 1:35,76.409,30,Estuarine
6/6/23 1:40,76.429,30,Estuarine
6/6/23 1:45,76.432,30,Estuarine
6/6/23 1:50,76.51,30,Estuarine
6/6/23 1:55,76.476,30,Estuarine
6/6/23 2:00,76.441,30,Estuarine
6/6/23 2:05,76.502,30,Estuarine
6/6/23 2:10,76.536,30,Estuarine
6/6/23 2:15,76.488,30,Estuarine
6/6/23 2:20,76.577,30,Estuarine
6/6/23 2:25,76.548,30,Estuarine
6/6/23 2:30,76.558,30,Estuarine
6/6/23 2:35,76.549,30,Estuarine
6/6/23 2:40,76.609,30,Estuarine
6/6/23 2:45,76.576,30,Estuarine
6/6/23 2:50,76.602,30,Estuarine
6/6/23 2:55,76.603,30,Estuarine
6/6/23 3:00,76.68,30,Estuarine
6/6/23 3:05,76.627,30,Estuarine
6/6/23 3:10,76.734,30,Estuarine
6/6/23 3:15,76.763,30,Estuarine
6/6/23 3:20,76.756,30,Estuarine
6/6/23 3:25,76.748,30,Estuarine
6/6/23 3:30,76.769,30,Estuarine
6/6/23 3:35,76.744,30,Estuarine
6/6/23 3:40,76.835,30,Estuarine
6/6/23 3:45,76.809,30,Estuarine
6/6/23 3:50,76.857,30,Estuarine
6/6/23 3:55,76.861,30,Estuarine
6/6/23 4:00,76.874,30,Estuarine
6/6/23 4:05,76.903,30,Estuarine
6/6/23 4:10,76.885,30,Estuarine
6/6/23 4:15,76.835,30,Estuarine
6/6/23 4:20,76.912,30,Estuarine
6/6/23 4:25,76.884,30,Estuarine
6/6/23 4:30,76.945,30,Estuarine
6/6/23 4:35,76.97,30,Estuarine
6/6/23 4:40,76.941,30,Estuarine
6/6/23 4:45,76.947,30,Estuarine
6/6/23 4:50,76.977,30,Estuarine
6/6/23 4:55,76.941,30,Estuarine
6/6/23 5:00,76.756,30,Estuarine
6/6/23 5:05,76.783,30,Estuarine
6/6/23 5:10,76.706,30,Estuarine
6/6/23 5:15,76.607,30,Estuarine
6/6/23 5:20,76.455,30,Estuarine
6/6/23 5:25,76.432,30,Estuarine
6/6/23 5:30,76.35,30,Estuarine
6/6/23 5:35,76.231,30,Estuarine
6/6/23 5:40,76.148,30,Estuarine
6/6/23 5:45,76.006,30,Estuarine
6/6/23 5:50,75.896,30,Estuarine
6/6/23 5:55,75.777,30,Estuarine
6/6/23 6:00,75.616,30,Estuarine
6/6/23 6:05,75.529,30,Estuarine
6/6/23 6:10,75.29,30,Estuarine
6/6/23 6:15,75.138,30,Estuarine
6/6/23 6:20,74.857,30,Estuarine
6/6/23 6:25,74.701,30,Estuarine
6/6/23 6:30,74.443,30,Estuarine
6/6/23 6:35,74.104,30,Estuarine
6/6/23 6:40,73.801,30,Estuarine
6/6/23 6:45,73.408,30,Estuarine
6/6/23 6:50,72.978,30,Estuarine
6/6/23 6:55,72.495,30,Estuarine
6/6/23 7:00,71.949,30,Estuarine
6/6/23 7:05,71.462,30,Estuarine
6/6/23 7:10,70.794,30,Estuarine
6/6/23 7:15,70.102,30,Estuarine
6/6/23 7:20,69.371,30,Estuarine
6/6/23 7:25,68.679,30,Estuarine
6/6/23 7:30,68.141,30,Estuarine
6/6/23 7:35,67.552,30,Estuarine
6/6/23 7:40,67.061,30,Estuarine
6/6/23 7:45,66.78,30,Estuarine
6/6/23 7:50,66.577,30,Estuarine
6/6/23 7:55,66.571,30,Estuarine
6/6/23 8:00,66.52,30,Estuarine
6/6/23 8:05,66.408,30,Estuarine
6/6/23 8:10,64.8,30,Estuarine
6/6/23 8:15,57.45,30,Estuarine
6/6/23 8:20,51.133,30,Estuarine
6/6/23 8:25,65.36,30,Estuarine
6/6/23 8:30,67.869,30,Estuarine
6/6/23 8:35,67.242,30,Estuarine
6/6/23 8:40,66.72,30,Estuarine
6/6/23 8:45,66.016,30,Estuarine
6/6/23 8:50,65.946,30,Estuarine
6/6/23 8:55,66.047,30,Estuarine
6/6/23 9:00,66.947,30,Estuarine
6/6/23 9:05,68.071,30,Estuarine
6/6/23 9:10,68.63,30,Estuarine
6/6/23 9:15,68.118,30,Estuarine
6/6/23 9:20,67.56,30,Estuarine
6/6/23 9:25,66.946,30,Estuarine
6/6/23 9:30,66.498,30,Estuarine
6/6/23 9:35,66.173,30,Estuarine
6/6/23 9:40,65.552,30,Estuarine
6/6/23 9:45,64.856,30,Estuarine
6/6/23 9:50,64.322,30,Estuarine
6/6/23 9:55,63.6,30,Estuarine
6/6/23 10:00,63.112,30,Estuarine
6/6/23 10:05,63.291,30,Estuarine
6/6/23 10:10,62.829,30,Estuarine
6/6/23 10:15,62.207,30,Estuarine
6/6/23 10:20,61.801,30,Estuarine
6/6/23 10:25,61.466,30,Estuarine
6/6/23 10:30,60.942,30,Estuarine
6/6/23 10:35,60.571,30,Estuarine
6/6/23 10:40,60.048,30,Estuarine
6/6/23 10:45,59.732,30,Estuarine
6/6/23 10:50,59.654,30,Estuarine
6/6/23 10:55,59.636,30,Estuarine
6/6/23 11:00,59.578,30,Estuarine
6/6/23 11:05,59.496,30,Estuarine
6/6/23 11:10,59.512,30,Estuarine
6/6/23 11:15,59.378,30,Estuarine
6/6/23 11:20,59.192,30,Estuarine
6/6/23 11:25,58.998,30,Estuarine
6/6/23 11:30,58.714,30,Estuarine
6/6/23 11:35,58.44,30,Estuarine
6/6/23 11:40,58.043,30,Estuarine
6/6/23 11:45,57.591,30,Estuarine
6/6/23 11:50,57.13,30,Estuarine
6/6/23 11:55,56.704,30,Estuarine
6/6/23 12:00,56.163,30,Estuarine
6/6/23 12:05,55.55,30,Estuarine
6/6/23 12:10,55.061,30,Estuarine
6/6/23 12:15,54.554,30,Estuarine
6/6/23 12:20,54.135,30,Estuarine
6/6/23 12:25,53.775,30,Estuarine
6/6/23 12:30,53.352,30,Estuarine
6/6/23 12:35,52.937,30,Estuarine
6/6/23 12:40,52.475,30,Estuarine
6/6/23 12:45,51.994,30,Estuarine
6/6/23 12:50,51.665,30,Estuarine
6/6/23 12:55,51.17,30,Estuarine
6/6/23 13:00,50.73,30,Estuarine
6/6/23 13:05,50.327,30,Estuarine
6/6/23 13:10,49.898,30,Estuarine
6/6/23 13:15,49.482,30,Estuarine
6/6/23 13:20,48.996,30,Estuarine
6/6/23 13:25,48.514,30,Estuarine
6/6/23 13:30,48.094,30,Estuarine
6/6/23 13:35,47.614,30,Estuarine
6/6/23 13:40,47.183,30,Estuarine
6/6/23 13:45,46.719,30,Estuarine
6/6/23 13:50,46.267,30,Estuarine
6/6/23 13:55,45.868,30,Estuarine
6/6/23 14:00,45.438,30,Estuarine
6/6/23 14:05,45.046,30,Estuarine
6/6/23 14:10,44.637,30,Estuarine
6/6/23 14:15,44.228,30,Estuarine
6/6/23 14:20,43.791,30,Estuarine
6/6/23 14:25,43.306,30,Estuarine
6/6/23 14:30,42.782,30,Estuarine
6/6/23 14:35,42.391,30,Estuarine
6/6/23 14:40,41.992,30,Estuarine
6/6/23 14:45,41.458,30,Estuarine
6/6/23 14:50,41.056,30,Estuarine
6/6/23 14:55,40.624,30,Estuarine
6/6/23 15:00,40.216,30,Estuarine
6/6/23 15:05,39.749,30,Estuarine
6/6/23 15:10,39.335,30,Estuarine
6/6/23 15:15,38.956,30,Estuarine
6/6/23 15:20,38.551,30,Estuarine
6/6/23 15:25,38.122,30,Estuarine
6/6/23 15:30,37.671,30,Estuarine
6/6/23 15:35,37.285,30,Estuarine
6/6/23 15:40,36.784,30,Estuarine
6/6/23 15:45,36.359,30,Estuarine
6/6/23 15:50,35.942,30,Estuarine
6/6/23 15:55,35.517,30,Estuarine
6/6/23 16:00,35.072,30,Estuarine
6/6/23 16:05,34.669,30,Estuarine
6/6/23 16:10,34.203,30,Estuarine
6/6/23 16:15,33.798,30,Estuarine
6/6/23 16:20,33.346,30,Estuarine
6/6/23 16:25,32.917,30,Estuarine
6/6/23 16:30,32.471,30,Estuarine
6/6/23 16:35,32.151,30,Estuarine
6/6/23 16:40,31.723,30,Estuarine
6/6/23 16:45,31.297,30,Estuarine
6/6/23 16:50,30.945,30,Estuarine
6/6/23 16:55,30.595,30,Estuarine
6/6/23 17:00,30.17,30,Estuarine
6/6/23 17:05,29.747,30,Estuarine
6/6/23 17:10,29.299,30,Estuarine
6/6/23 17:15,28.894,30,Estuarine
6/6/23 17:20,28.489,30,Estuarine
6/6/23 17:25,28.089,30,Estuarine
6/6/23 17:30,27.665,30,Estuarine
6/6/23 17:35,27.3,30,Estuarine
6/6/23 17:40,26.873,30,Estuarine
6/6/23 17:45,26.454,30,Estuarine
6/6/23 17:50,26.075,30,Estuarine
6/6/23 17:55,25.665,30,Estuarine
6/6/23 18:00,25.3,30,Estuarine
6/6/23 18:05,24.898,30,Estuarine
6/6/23 18:10,24.473,30,Estuarine
6/6/23 18:15,24.106,30,Estuarine
6/6/23 18:20,23.706,30,Estuarine
6/6/23 18:25,23.344,30,Estuarine
6/6/23 18:30,22.979,30,Estuarine
6/6/23 18:35,22.534,30,Estuarine
6/6/23 18:40,22.195,30,Estuarine
6/6/23 18:45,21.802,30,Estuarine
6/6/23 18:50,21.447,30,Estuarine
6/6/23 18:55,21.058,30,Estuarine
6/6/23 19:00,20.703,30,Estuarine
6/6/23 19:05,20.329,30,Estuarine
6/6/23 19:10,19.933,30,Estuarine
6/6/23 19:15,19.58,30,Estuarine
6/6/23 19:20,19.215,30,Estuarine
6/6/23 19:25,18.831,30,Estuarine
6/6/23 19:30,18.472,30,Estuarine
6/6/23 19:35,18.153,30,Estuarine
6/6/23 19:40,17.805,30,Estuarine
6/6/23 19:45,17.398,30,Estuarine
6/6/23 19:50,17.064,30,Estuarine
6/6/23 19:55,16.717,30,Estuarine
6/6/23 20:00,16.385,30,Estuarine
6/6/23 20:05,16.045,30,Estuarine
6/6/23 20:10,15.708,30,Estuarine
6/6/23 20:15,15.371,30,Estuarine
6/6/23 20:20,15.014,30,Estuarine
6/6/23 20:25,14.703,30,Estuarine
6/6/23 20:30,14.352,30,Estuarine
6/6/23 20:35,14.017,30,Estuarine
6/6/23 20:40,13.713,30,Estuarine
6/6/23 20:45,13.396,30,Estuarine
6/6/23 20:50,13.038,30,Estuarine
6/6/23 20:55,12.702,30,Estuarine
6/6/23 21:00,12.384,30,Estuarine
6/6/23 21:05,12.02,30,Estuarine
6/6/23 21:10,11.692,30,Estuarine
6/6/23 21:15,11.396,30,Estuarine
6/6/23 21:20,11.095,30,Estuarine
6/6/23 21:25,10.726,30,Estuarine
6/6/23 21:30,10.442,30,Estuarine
6/6/23 21:35,10.1,30,Estuarine
6/6/23 21:40,9.836,30,Estuarine
6/6/23 21:45,9.496,30,Estuarine
6/6/23 21:50,9.153,30,Estuarine
6/6/23 21:55,8.802,30,Estuarine
6/6/23 22:00,8.557,30,Estuarine
6/6/23 22:05,8.295,30,Estuarine
6/6/23 22:10,8.043,30,Estuarine
6/6/23 22:15,7.717,30,Estuarine
6/6/23 22:20,7.495,30,Estuarine
6/6/23 22:25,7.232,30,Estuarine
6/6/23 22:30,6.919,30,Estuarine
6/6/23 22:35,6.679,30,Estuarine
6/6/23 22:40,6.367,30,Estuarine
6/6/23 22:45,6.148,30,Estuarine
6/6/23 22:50,5.908,30,Estuarine
6/6/23 22:55,5.654,30,Estuarine
6/6/23 23:00,5.395,30,Estuarine
6/6/23 23:05,5.234,30,Estuarine
6/6/23 23:10,5.049,30,Estuarine
6/6/23 23:15,4.877,30,Estuarine
6/6/23 23:20,4.68,30,Estuarine
6/6/23 23:25,4.481,30,Estuarine
6/6/23 23:30,4.301,30,Estuarine
6/6/23 23:35,4.123,30,Estuarine
6/6/23 23:40,3.939,30,Estuarine
6/6/23 23:45,3.756,30,Estuarine
6/6/23 23:50,3.633,30,Estuarine
6/6/23 23:55,3.478,30,Estuarine
6/7/23,3.31,30,Estuarine
6/7/23 0:05,3.291,30,Estuarine
6/7/23 0:10,3.263,30,Estuarine
6/7/23 0:15,3.241,30,Estuarine
6/7/23 0:20,3.044,30,Estuarine
6/7/23 0:25,2.937,30,Estuarine
6/7/23 0:30,2.838,30,Estuarine
6/7/23 0:35,2.738,30,Estuarine
6/7/23 0:40,2.665,30,Estuarine
6/7/23 0:45,2.584,30,Estuarine
6/7/23 0:50,2.459,30,Estuarine
6/7/23 0:55,2.325,30,Estuarine
6/7/23 1:00,2.273,30,Estuarine
6/7/23 1:05,2.196,30,Estuarine
6/7/23 1:10,2.244,30,Estuarine
6/7/23 1:15,2.266,30,Estuarine
6/7/23 1:20,2.211,30,Estuarine
6/7/23 1:25,2.148,30,Estuarine
6/7/23 1:30,2.065,30,Estuarine
6/7/23 1:35,2.002,30,Estuarine
6/7/23 1:40,1.948,30,Estuarine
6/7/23 1:45,1.879,30,Estuarine
6/7/23 1:50,1.84,30,Estuarine
6/7/23 1:55,1.814,30,Estuarine
6/7/23 2:00,1.756,30,Estuarine
6/7/23 2:05,1.692,30,Estuarine
6/7/23 2:10,1.678,30,Estuarine
6/7/23 2:15,1.679,30,Estuarine
6/7/23 2:20,1.698,30,Estuarine
6/7/23 2:25,1.639,30,Estuarine
6/7/23 2:30,1.583,30,Estuarine
6/7/23 2:35,1.615,30,Estuarine
6/7/23 2:40,1.652,30,Estuarine
6/7/23 2:45,1.563,30,Estuarine
6/7/23 2:50,1.523,30,Estuarine
6/7/23 2:55,1.506,30,Estuarine
6/7/23 3:00,1.48,30,Estuarine
6/7/23 3:05,1.454,30,Estuarine
6/7/23 3:10,1.424,30,Estuarine
6/7/23 3:15,1.373,30,Estuarine
6/7/23 3:20,1.325,30,Estuarine
6/7/23 3:25,1.271,30,Estuarine
6/7/23 3:30,1.239,30,Estuarine
6/7/23 3:35,1.275,30,Estuarine
6/7/23 3:40,1.328,30,Estuarine
6/7/23 3:45,1.314,30,Estuarine
6/7/23 3:50,1.343,30,Estuarine
6/7/23 3:55,1.325,30,Estuarine
6/7/23 4:00,1.301,30,Estuarine
6/7/23 4:05,1.289,30,Estuarine
6/7/23 4:10,1.283,30,Estuarine
6/7/23 4:15,1.282,30,Estuarine
6/7/23 4:20,1.258,30,Estuarine
6/7/23 4:25,1.228,30,Estuarine
6/7/23 4:30,1.173,30,Estuarine
6/7/23 4:35,1.178,30,Estuarine
6/7/23 4:40,1.146,30,Estuarine
6/7/23 4:45,1.115,30,Estuarine
6/7/23 4:50,1.087,30,Estuarine
6/7/23 4:55,1.089,30,Estuarine
6/7/23 5:00,1.067,30,Estuarine
6/7/23 5:05,0.775,30,Estuarine
6/7/23 5:10,2.724,30,Estuarine
6/7/23 5:15,4.802,30,Estuarine
6/7/23 5:20,3.052,30,Estuarine
6/7/23 5:25,1.721,30,Estuarine
6/7/23 5:30,0.885,30,Estuarine
6/7/23 5:35,0.821,30,Estuarine
6/7/23 5:40,0.865,30,Estuarine
6/7/23 5:45,0.848,30,Estuarine
6/7/23 5:50,0.815,30,Estuarine
6/7/23 5:55,0.785,30,Estuarine
6/7/23 6:00,0.742,30,Estuarine
6/7/23 6:05,0.731,30,Estuarine
6/7/23 6:10,0.697,30,Estuarine
6/7/23 6:15,0.681,30,Estuarine
6/7/23 6:20,0.685,30,Estuarine
6/7/23 6:25,0.65,30,Estuarine
6/7/23 6:30,0.635,30,Estuarine
6/7/23 6:35,0.624,30,Estuarine
6/7/23 6:40,0.614,30,Estuarine
6/7/23 6:45,0.594,30,Estuarine
6/7/23 6:50,0.599,30,Estuarine
6/7/23 6:55,0.598,30,Estuarine
6/7/23 7:00,0.583,30,Estuarine
6/7/23 7:05,0.586,30,Estuarine
6/7/23 7:10,0.573,30,Estuarine
6/7/23 7:15,0.575,30,Estuarine
6/7/23 7:20,0.56,30,Estuarine
6/7/23 7:25,0.55,30,Estuarine
6/7/23 7:30,0.57,30,Estuarine
6/7/23 7:35,0.57,30,Estuarine
6/7/23 7:40,0.563,30,Estuarine
6/7/23 7:45,0.55,30,Estuarine
6/7/23 7:50,0.546,30,Estuarine
6/7/23 7:55,0.558,30,Estuarine
6/7/23 8:00,0.535,30,Estuarine
6/7/23 8:05,0.542,30,Estuarine
6/7/23 8:10,0.531,30,Estuarine
6/7/23 8:15,0.522,30,Estuarine
6/7/23 8:20,0.506,30,Estuarine
6/7/23 8:25,0.527,30,Estuarine
6/7/23 8:30,0.525,30,Estuarine
6/7/23 8:35,0.514,30,Estuarine
6/7/23 8:40,0.511,30,Estuarine
6/7/23 8:45,0.524,30,Estuarine
6/7/23 8:50,0.506,30,Estuarine
6/7/23 8:55,0.507,30,Estuarine
6/7/23 9:00,0.495,30,Estuarine
6/7/23 9:05,0.495,30,Estuarine
6/7/23 9:10,0.496,30,Estuarine
6/7/23 9:15,0.486,30,Estuarine
6/7/23 9:20,0.496,30,Estuarine
6/7/23 9:25,0.486,30,Estuarine
6/7/23 9:30,0.48,30,Estuarine
6/7/23 9:35,0.496,30,Estuarine
6/7/23 9:40,0.489,30,Estuarine
6/7/23 9:45,0.493,30,Estuarine
6/7/23 9:50,0.498,30,Estuarine
6/7/23 9:55,0.498,30,Estuarine
6/7/23 10:00,0.492,30,Estuarine
6/7/23 10:05,0.488,30,Estuarine
6/7/23 10:10,0.497,30,Estuarine
6/7/23 10:15,0.489,30,Estuarine
6/7/23 10:20,0.493,30,Estuarine
6/7/23 10:25,0.505,30,Estuarine
6/7/23 10:30,0.502,30,Estuarine
6/7/23 10:35,0.488,30,Estuarine
6/7/23 10:40,0.49,30,Estuarine
6/7/23 10:45,0.48,30,Estuarine
6/7/23 10:50,0.492,30,Estuarine
6/7/23 10:55,0.48,30,Estuarine
6/7/23 11:00,0.475,30,Estuarine
6/7/23 11:05,0.483,30,Estuarine
6/7/23 11:10,0.481,30,Estuarine
6/7/23 11:15,0.477,30,Estuarine
6/7/23 11:20,0.475,30,Estuarine
6/7/23 11:25,0.476,30,Estuarine
6/7/23 11:30,0.46,30,Estuarine
6/7/23 11:35,0.475,30,Estuarine
6/7/23 11:40,0.476,30,Estuarine
6/7/23 11:45,0.471,30,Estuarine
6/7/23 11:50,0.469,30,Estuarine
6/7/23 11:55,0.472,30,Estuarine
6/7/23 12:00,0.462,30,Estuarine
6/7/23 12:05,0.471,30,Estuarine
6/7/23 12:10,0.47,30,Estuarine
6/7/23 12:15,0.463,30,Estuarine
6/7/23 12:20,0.468,30,Estuarine
6/7/23 12:25,0.475,30,Estuarine
6/7/23 12:30,0.479,30,Estuarine
6/7/23 12:35,0.454,30,Estuarine
6/7/23 12:40,0.455,30,Estuarine
6/7/23 12:45,0.466,30,Estuarine
6/7/23 12:50,0.46,30,Estuarine
6/7/23 12:55,0.471,30,Estuarine
6/7/23 13:00,0.468,30,Estuarine
6/7/23 13:05,0.458,30,Estuarine
6/7/23 13:10,0.469,30,Estuarine
6/7/23 13:15,0.463,30,Estuarine
6/7/23 13:20,0.46,30,Estuarine
6/7/23 13:25,0.46,30,Estuarine
6/7/23 13:30,0.453,30,Estuarine
6/7/23 13:35,0.458,30,Estuarine
6/7/23 13:40,0.454,30,Estuarine
6/7/23 13:45,0.453,30,Estuarine
6/7/23 13:50,0.458,30,Estuarine
6/7/23 13:55,0.454,30,Estuarine
6/7/23 14:00,0.459,30,Estuarine
6/7/23 14:05,0.444,30,Estuarine
6/7/23 14:10,0.452,30,Estuarine
6/7/23 14:15,0.453,30,Estuarine
6/7/23 14:20,0.464,30,Estuarine
6/7/23 14:25,0.456,30,Estuarine
6/7/23 14:30,0.455,30,Estuarine
6/7/23 14:35,0.451,30,Estuarine
6/7/23 14:40,0.45,30,Estuarine
6/7/23 14:45,0.445,30,Estuarine
6/7/23 14:50,0.446,30,Estuarine
6/7/23 14:55,0.462,30,Estuarine
6/7/23 15:00,0.456,30,Estuarine
6/7/23 15:05,0.45,30,Estuarine
6/7/23 15:10,0.45,30,Estuarine
6/7/23 15:15,0.458,30,Estuarine
6/7/23 15:20,0.46,30,Estuarine
6/7/23 15:25,0.457,30,Estuarine
6/7/23 15:30,0.451,30,Estuarine
6/7/23 15:35,0.469,30,Estuarine
6/7/23 15:40,0.449,30,Estuarine
6/7/23 15:45,0.454,30,Estuarine
6/7/23 15:50,0.468,30,Estuarine
6/7/23 15:55,0.469,30,Estuarine
6/7/23 16:00,0.467,30,Estuarine
6/7/23 16:05,0.465,30,Estuarine
6/7/23 16:10,0.464,30,Estuarine
6/7/23 16:15,0.466,30,Estuarine
6/7/23 16:20,0.47,30,Estuarine
6/7/23 16:25,0.47,30,Estuarine
6/7/23 16:30,0.469,30,Estuarine
6/7/23 16:35,0.467,30,Estuarine
6/7/23 16:40,0.456,30,Estuarine
6/7/23 16:45,0.461,30,Estuarine
6/7/23 16:50,0.454,30,Estuarine
6/7/23 16:55,0.46,30,Estuarine
6/7/23 17:00,0.463,30,Estuarine
6/7/23 17:05,0.465,30,Estuarine
6/7/23 17:10,0.468,30,Estuarine
6/7/23 17:15,0.466,30,Estuarine
6/7/23 17:20,0.474,30,Estuarine
6/7/23 17:25,0.472,30,Estuarine
6/7/23 17:30,0.466,30,Estuarine
6/7/23 17:35,0.462,30,Estuarine
6/7/23 17:40,0.459,30,Estuarine
6/7/23 17:45,0.469,30,Estuarine
6/7/23 17:50,0.472,30,Estuarine
6/7/23 17:55,0.467,30,Estuarine
6/7/23 18:00,0.471,30,Estuarine
6/7/23 18:05,0.471,30,Estuarine
6/7/23 18:10,0.469,30,Estuarine
6/7/23 18:15,0.472,30,Estuarine
6/7/23 18:20,0.457,30,Estuarine
6/7/23 18:25,0.456,30,Estuarine
6/7/23 18:30,0.472,30,Estuarine
6/7/23 18:35,0.478,30,Estuarine
6/7/23 18:40,0.464,30,Estuarine
6/7/23 18:45,0.482,30,Estuarine
6/7/23 18:50,0.464,30,Estuarine
6/7/23 18:55,0.472,30,Estuarine
6/7/23 19:00,0.478,30,Estuarine
6/7/23 19:05,0.479,30,Estuarine
6/7/23 19:10,0.482,30,Estuarine
6/7/23 19:15,0.465,30,Estuarine
6/7/23 19:20,0.473,30,Estuarine
6/7/23 19:25,0.478,30,Estuarine
6/7/23 19:30,0.474,30,Estuarine
6/7/23 19:35,0.485,30,Estuarine
6/7/23 19:40,0.483,30,Estuarine
6/7/23 19:45,0.476,30,Estuarine
6/7/23 19:50,0.473,30,Estuarine
6/7/23 19:55,0.483,30,Estuarine
6/7/23 20:00,0.482,30,Estuarine
6/7/23 20:05,0.48,30,Estuarine
6/7/23 20:10,0.479,30,Estuarine
6/7/23 20:15,0.472,30,Estuarine
6/7/23 20:20,0.481,30,Estuarine
6/7/23 20:25,0.471,30,Estuarine
6/7/23 20:30,0.473,30,Estuarine
6/7/23 20:35,0.492,30,Estuarine
6/7/23 20:40,0.485,30,Estuarine
6/7/23 20:45,0.505,30,Estuarine
6/7/23 20:50,0.5,30,Estuarine
6/7/23 20:55,0.481,30,Estuarine
6/7/23 21:00,0.495,30,Estuarine
6/7/23 21:05,0.474,30,Estuarine
6/7/23 21:10,0.477,30,Estuarine
6/7/23 21:15,0.489,30,Estuarine
6/7/23 21:20,0.495,30,Estuarine
6/7/23 21:25,0.489,30,Estuarine
6/7/23 21:30,0.498,30,Estuarine
6/7/23 21:35,0.49,30,Estuarine
6/7/23 21:40,0.495,30,Estuarine
6/7/23 21:45,0.489,30,Estuarine
6/7/23 21:50,0.481,30,Estuarine
6/7/23 21:55,0.502,30,Estuarine
6/7/23 22:00,0.487,30,Estuarine
6/7/23 22:05,0.479,30,Estuarine
6/7/23 22:10,0.485,30,Estuarine
6/7/23 22:15,0.496,30,Estuarine
6/7/23 22:20,0.49,30,Estuarine
6/7/23 22:25,0.483,30,Estuarine
6/7/23 22:30,0.491,30,Estuarine
6/7/23 22:35,0.489,30,Estuarine
6/7/23 22:40,0.501,30,Estuarine
6/7/23 22:45,0.487,30,Estuarine
6/7/23 22:50,0.51,30,Estuarine
6/7/23 22:55,0.496,30,Estuarine
6/7/23 23:00,0.515,30,Estuarine
6/7/23 23:05,0.481,30,Estuarine
6/7/23 23:10,0.497,30,Estuarine
6/7/23 23:15,0.508,30,Estuarine
6/7/23 23:20,0.505,30,Estuarine
6/7/23 23:25,0.513,30,Estuarine
6/7/23 23:30,0.503,30,Estuarine
6/7/23 23:35,0.504,30,Estuarine
6/7/23 23:40,0.51,30,Estuarine
6/7/23 23:45,0.511,30,Estuarine
6/7/23 23:50,0.511,30,Estuarine
6/7/23 23:55,0.512,30,Estuarine
6/8/23,0.508,30,Estuarine
6/8/23 0:05,0.515,30,Estuarine
6/8/23 0:10,0.5,30,Estuarine
6/8/23 0:15,0.508,30,Estuarine
6/8/23 0:20,0.51,30,Estuarine
6/8/23 0:25,0.516,30,Estuarine
6/8/23 0:30,0.508,30,Estuarine
6/8/23 0:35,0.518,30,Estuarine
6/8/23 0:40,0.497,30,Estuarine
6/8/23 0:45,0.516,30,Estuarine
6/8/23 0:50,0.515,30,Estuarine
6/8/23 0:55,0.513,30,Estuarine
6/8/23 1:00,0.51,30,Estuarine
6/8/23 1:05,0.513,30,Estuarine
6/8/23 1:10,0.514,30,Estuarine
6/8/23 1:15,0.515,30,Estuarine
6/8/23 1:20,0.514,30,Estuarine
6/8/23 1:25,0.505,30,Estuarine
6/8/23 1:30,0.522,30,Estuarine
6/8/23 1:35,0.519,30,Estuarine
6/8/23 1:40,0.506,30,Estuarine
6/8/23 1:45,0.513,30,Estuarine
6/8/23 1:50,0.523,30,Estuarine
6/8/23 1:55,0.523,30,Estuarine
6/8/23 2:00,0.501,30,Estuarine
6/8/23 2:05,0.528,30,Estuarine
6/8/23 2:10,0.518,30,Estuarine
6/8/23 2:15,0.511,30,Estuarine
6/8/23 2:20,0.523,30,Estuarine
6/8/23 2:25,0.474,30,Estuarine
6/8/23 2:30,0.485,30,Estuarine
6/8/23 2:35,0.487,30,Estuarine
6/8/23 2:40,0.494,30,Estuarine
6/8/23 2:45,0.497,30,Estuarine
6/8/23 2:50,0.484,30,Estuarine
6/8/23 2:55,0.49,30,Estuarine
6/8/23 3:00,0.499,30,Estuarine
6/8/23 3:05,0.481,30,Estuarine
6/8/23 3:10,0.489,30,Estuarine
6/8/23 3:15,0.492,30,Estuarine
6/8/23 3:20,0.486,30,Estuarine
6/8/23 3:25,0.493,30,Estuarine
6/8/23 3:30,0.488,30,Estuarine
6/8/23 3:35,0.489,30,Estuarine
6/8/23 3:40,0.494,30,Estuarine
6/8/23 3:45,0.488,30,Estuarine
6/8/23 3:50,0.483,30,Estuarine
6/8/23 3:55,0.494,30,Estuarine
6/8/23 4:00,0.485,30,Estuarine
6/8/23 4:05,0.477,30,Estuarine
6/8/23 4:10,0.477,30,Estuarine
6/8/23 4:15,0.488,30,Estuarine
6/8/23 4:20,0.471,30,Estuarine
6/8/23 4:25,0.491,30,Estuarine
6/8/23 4:30,0.476,30,Estuarine
6/8/23 4:35,0.485,30,Estuarine
6/8/23 4:40,0.483,30,Estuarine
6/8/23 4:45,0.482,30,Estuarine
6/8/23 4:50,0.474,30,Estuarine
6/8/23 4:55,0.501,30,Estuarine
6/8/23 5:00,0.493,30,Estuarine
6/8/23 5:05,0.484,30,Estuarine
6/8/23 5:10,0.483,30,Estuarine
6/8/23 5:15,0.485,30,Estuarine
6/8/23 5:20,0.489,30,Estuarine
6/8/23 5:25,0.487,30,Estuarine
6/8/23 5:30,0.479,30,Estuarine
6/8/23 5:35,0.489,30,Estuarine
6/8/23 5:40,0.482,30,Estuarine
6/8/23 5:45,0.497,30,Estuarine
6/8/23 5:50,0.492,30,Estuarine
6/8/23 5:55,0.48,30,Estuarine
6/8/23 6:00,0.499,30,Estuarine
6/8/23 6:05,0.49,30,Estuarine
6/8/23 6:10,0.49,30,Estuarine
6/8/23 6:15,0.494,30,Estuarine
6/8/23 6:20,0.481,30,Estuarine
6/8/23 6:25,0.491,30,Estuarine
6/8/23 6:30,0.489,30,Estuarine
6/8/23 6:35,0.486,30,Estuarine
6/8/23 6:40,0.478,30,Estuarine
6/8/23 6:45,0.475,30,Estuarine
6/8/23 6:50,0.495,30,Estuarine
6/8/23 6:55,0.492,30,Estuarine
6/8/23 7:00,0.49,30,Estuarine
6/8/23 7:05,0.49,30,Estuarine
6/8/23 7:10,0.482,30,Estuarine
6/8/23 7:15,0.486,30,Estuarine
6/8/23 7:20,0.478,30,Estuarine
6/8/23 7:25,0.497,30,Estuarine
6/8/23 7:30,0.5,30,Estuarine
6/8/23 7:35,0.494,30,Estuarine
6/8/23 7:40,0.479,30,Estuarine
6/8/23 7:45,0.49,30,Estuarine
6/8/23 7:50,0.491,30,Estuarine
6/8/23 7:55,0.488,30,Estuarine
6/8/23 8:00,0.49,30,Estuarine
6/8/23 8:05,0.482,30,Estuarine
6/8/23 8:10,0.495,30,Estuarine
6/8/23 8:15,89.23,5,Estuarine
6/8/23 8:20,89.179,5,Estuarine
6/8/23 8:25,89.086,5,Estuarine
6/8/23 8:30,89.039,5,Estuarine
6/8/23 8:35,88.732,5,Estuarine
6/8/23 8:40,88.647,5,Estuarine
6/8/23 8:45,88.43,5,Estuarine
6/8/23 8:50,88.396,5,Estuarine
6/8/23 8:55,88.248,5,Estuarine
6/8/23 9:00,88.178,5,Estuarine
6/8/23 9:05,88.185,5,Estuarine
6/8/23 9:10,88.07,5,Estuarine
6/8/23 9:15,88.227,5,Estuarine
6/8/23 9:20,88.153,5,Estuarine
6/8/23 9:25,88.248,5,Estuarine
6/8/23 9:30,88.141,5,Estuarine
6/8/23 9:35,87.965,5,Estuarine
6/8/23 9:40,87.935,5,Estuarine
6/8/23 9:45,87.756,5,Estuarine
6/8/23 9:50,87.762,5,Estuarine
6/8/23 9:55,87.654,5,Estuarine
6/8/23 10:00,87.636,5,Estuarine
6/8/23 10:05,87.603,5,Estuarine
6/8/23 10:10,87.216,5,Estuarine
6/8/23 10:15,86.976,5,Estuarine
6/8/23 10:20,86.839,5,Estuarine
6/8/23 10:25,86.391,5,Estuarine
6/8/23 10:30,85.972,5,Estuarine
6/8/23 10:35,85.65,5,Estuarine
6/8/23 10:40,85.318,5,Estuarine
6/8/23 10:45,85.174,5,Estuarine
6/8/23 10:50,85.109,5,Estuarine
6/8/23 10:55,84.999,5,Estuarine
6/8/23 11:00,84.952,5,Estuarine
6/8/23 11:05,84.745,5,Estuarine
6/8/23 11:10,84.653,5,Estuarine
6/8/23 11:15,84.658,5,Estuarine
6/8/23 11:20,84.658,5,Estuarine
6/8/23 11:25,84.658,5,Estuarine
6/8/23 11:30,84.668,5,Estuarine
6/8/23 11:35,84.488,5,Estuarine
6/8/23 11:40,84.399,5,Estuarine
6/8/23 11:45,84.261,5,Estuarine
6/8/23 11:50,84.199,5,Estuarine
6/8/23 11:55,83.988,5,Estuarine
6/8/23 12:00,83.969,5,Estuarine
6/8/23 12:05,84.006,5,Estuarine
6/8/23 12:10,83.823,5,Estuarine
6/8/23 12:15,83.698,5,Estuarine
6/8/23 12:20,83.775,5,Estuarine
6/8/23 12:25,83.765,5,Estuarine
6/8/23 12:30,83.741,5,Estuarine
6/8/23 12:35,83.777,5,Estuarine
6/8/23 12:40,83.712,5,Estuarine
6/8/23 12:45,83.787,5,Estuarine
6/8/23 12:50,83.71,5,Estuarine
6/8/23 12:55,83.776,5,Estuarine
6/8/23 13:00,83.743,5,Estuarine
6/8/23 13:05,83.705,5,Estuarine
6/8/23 13:10,83.779,5,Estuarine
6/8/23 13:15,83.698,5,Estuarine
6/8/23 13:20,83.723,5,Estuarine
6/8/23 13:25,83.629,5,Estuarine
6/8/23 13:30,83.597,5,Estuarine
6/8/23 13:35,83.384,5,Estuarine
6/8/23 13:40,83.281,5,Estuarine
6/8/23 13:45,83.351,5,Estuarine
6/8/23 13:50,83.362,5,Estuarine
6/8/23 13:55,83.339,5,Estuarine
6/8/23 14:00,83.352,5,Estuarine
6/8/23 14:05,83.605,5,Estuarine
6/8/23 14:10,83.67,5,Estuarine
6/8/23 14:15,83.633,5,Estuarine
6/8/23 14:20,83.504,5,Estuarine
6/8/23 14:25,83.462,5,Estuarine
6/8/23 14:30,83.521,5,Estuarine
6/8/23 14:35,83.639,5,Estuarine
6/8/23 14:40,83.539,5,Estuarine
6/8/23 14:45,83.478,5,Estuarine
6/8/23 14:50,83.617,5,Estuarine
6/8/23 14:55,83.612,5,Estuarine
6/8/23 15:00,83.809,5,Estuarine
6/8/23 15:05,83.641,5,Estuarine
6/8/23 15:10,83.424,5,Estuarine
6/8/23 15:15,83.272,5,Estuarine
6/8/23 15:20,83.226,5,Estuarine
6/8/23 15:25,83.156,5,Estuarine
6/8/23 15:30,83.125,5,Estuarine
6/8/23 15:35,83.08,5,Estuarine
6/8/23 15:40,83.108,5,Estuarine
6/8/23 15:45,83.122,5,Estuarine
6/8/23 15:50,83.277,5,Estuarine
6/8/23 15:55,83.098,5,Estuarine
6/8/23 16:00,83.008,5,Estuarine
6/8/23 16:05,83.005,5,Estuarine
6/8/23 16:10,82.899,5,Estuarine
6/8/23 16:15,82.881,5,Estuarine
6/8/23 16:20,82.889,5,Estuarine
6/8/23 16:25,82.953,5,Estuarine
6/8/23 16:30,82.897,5,Estuarine
6/8/23 16:35,82.794,5,Estuarine
6/8/23 16:40,82.794,5,Estuarine
6/8/23 16:45,82.703,5,Estuarine
6/8/23 16:50,82.69,5,Estuarine
6/8/23 16:55,82.598,5,Estuarine
6/8/23 17:00,82.662,5,Estuarine
6/8/23 17:05,82.573,5,Estuarine
6/8/23 17:10,82.553,5,Estuarine
6/8/23 17:15,82.567,5,Estuarine
6/8/23 17:20,82.714,5,Estuarine
6/8/23 17:25,82.72,5,Estuarine
6/8/23 17:30,82.7,5,Estuarine
6/8/23 17:35,82.748,5,Estuarine
6/8/23 17:40,82.686,5,Estuarine
6/8/23 17:45,82.656,5,Estuarine
6/8/23 17:50,82.451,5,Estuarine
6/8/23 17:55,82.528,5,Estuarine
6/8/23 18:00,82.64,5,Estuarine
6/8/23 18:05,82.749,5,Estuarine
6/8/23 18:10,82.665,5,Estuarine
6/8/23 18:15,82.697,5,Estuarine
6/8/23 18:20,82.602,5,Estuarine
6/8/23 18:25,82.511,5,Estuarine
6/8/23 18:30,82.485,5,Estuarine
6/8/23 18:35,82.527,5,Estuarine
6/8/23 18:40,82.483,5,Estuarine
6/8/23 18:45,82.488,5,Estuarine
6/8/23 18:50,82.57,5,Estuarine
6/8/23 18:55,82.558,5,Estuarine
6/8/23 19:00,82.474,5,Estuarine
6/8/23 19:05,82.527,5,Estuarine
6/8/23 19:10,82.543,5,Estuarine
6/8/23 19:15,82.512,5,Estuarine
6/8/23 19:20,82.516,5,Estuarine
6/8/23 19:25,82.521,5,Estuarine
6/8/23 19:30,82.584,5,Estuarine
6/8/23 19:35,82.635,5,Estuarine
6/8/23 19:40,82.645,5,Estuarine
6/8/23 19:45,82.533,5,Estuarine
6/8/23 19:50,82.502,5,Estuarine
6/8/23 19:55,82.57,5,Estuarine
6/8/23 20:00,82.596,5,Estuarine
6/8/23 20:05,82.625,5,Estuarine
6/8/23 20:10,82.628,5,Estuarine
6/8/23 20:15,82.653,5,Estuarine
6/8/23 20:20,82.56,5,Estuarine
6/8/23 20:25,82.585,5,Estuarine
6/8/23 20:30,82.696,5,Estuarine
6/8/23 20:35,82.693,5,Estuarine
6/8/23 20:40,82.751,5,Estuarine
6/8/23 20:45,82.705,5,Estuarine
6/8/23 20:50,82.729,5,Estuarine
6/8/23 20:55,82.842,5,Estuarine
6/8/23 21:00,82.793,5,Estuarine
6/8/23 21:05,82.84,5,Estuarine
6/8/23 21:10,82.797,5,Estuarine
6/8/23 21:15,82.851,5,Estuarine
6/8/23 21:20,82.899,5,Estuarine
6/8/23 21:25,82.805,5,Estuarine
6/8/23 21:30,82.878,5,Estuarine
6/8/23 21:35,82.847,5,Estuarine
6/8/23 21:40,82.867,5,Estuarine
6/8/23 21:45,82.849,5,Estuarine
6/8/23 21:50,82.917,5,Estuarine
6/8/23 21:55,82.882,5,Estuarine
6/8/23 22:00,82.898,5,Estuarine
6/8/23 22:05,82.87,5,Estuarine
6/8/23 22:10,82.882,5,Estuarine
6/8/23 22:15,82.982,5,Estuarine
6/8/23 22:20,82.94,5,Estuarine
6/8/23 22:25,82.869,5,Estuarine
6/8/23 22:30,82.966,5,Estuarine
6/8/23 22:35,82.907,5,Estuarine
6/8/23 22:40,82.924,5,Estuarine
6/8/23 22:45,82.972,5,Estuarine
6/8/23 22:50,82.954,5,Estuarine
6/8/23 22:55,82.957,5,Estuarine
6/8/23 23:00,82.864,5,Estuarine
6/8/23 23:05,82.892,5,Estuarine
6/8/23 23:10,82.944,5,Estuarine
6/8/23 23:15,82.993,5,Estuarine
6/8/23 23:20,83.048,5,Estuarine
6/8/23 23:25,83.09,5,Estuarine
6/8/23 23:30,83.072,5,Estuarine
6/8/23 23:35,83.13,5,Estuarine
6/8/23 23:40,83.134,5,Estuarine
6/8/23 23:45,83.177,5,Estuarine
6/8/23 23:50,83.174,5,Estuarine
6/8/23 23:55,83.163,5,Estuarine
6/9/23,83.208,5,Estuarine
6/9/23 0:05,83.209,5,Estuarine
6/9/23 0:10,83.205,5,Estuarine
6/9/23 0:15,83.201,5,Estuarine
6/9/23 0:20,83.213,5,Estuarine
6/9/23 0:25,83.203,5,Estuarine
6/9/23 0:30,83.26,5,Estuarine
6/9/23 0:35,83.202,5,Estuarine
6/9/23 0:40,83.134,5,Estuarine
6/9/23 0:45,83.06,5,Estuarine
6/9/23 0:50,83.179,5,Estuarine
6/9/23 0:55,83.214,5,Estuarine
6/9/23 1:00,83.184,5,Estuarine
6/9/23 1:05,83.265,5,Estuarine
6/9/23 1:10,83.276,5,Estuarine
6/9/23 1:15,83.354,5,Estuarine
6/9/23 1:20,83.331,5,Estuarine
6/9/23 1:25,83.29,5,Estuarine
6/9/23 1:30,83.378,5,Estuarine
6/9/23 1:35,83.408,5,Estuarine
6/9/23 1:40,83.368,5,Estuarine
6/9/23 1:45,83.323,5,Estuarine
6/9/23 1:50,83.426,5,Estuarine
6/9/23 1:55,83.368,5,Estuarine
6/9/23 2:00,83.397,5,Estuarine
6/9/23 2:05,83.557,5,Estuarine
6/9/23 2:10,83.504,5,Estuarine
6/9/23 2:15,83.379,5,Estuarine
6/9/23 2:20,83.478,5,Estuarine
6/9/23 2:25,83.42,5,Estuarine
6/9/23 2:30,83.494,5,Estuarine
6/9/23 2:35,83.531,5,Estuarine
6/9/23 2:40,83.491,5,Estuarine
6/9/23 2:45,83.566,5,Estuarine
6/9/23 2:50,83.59,5,Estuarine
6/9/23 2:55,83.635,5,Estuarine
6/9/23 3:00,83.573,5,Estuarine
6/9/23 3:05,83.575,5,Estuarine
6/9/23 3:10,83.69,5,Estuarine
6/9/23 3:15,83.691,5,Estuarine
6/9/23 3:20,83.526,5,Estuarine
6/9/23 3:25,83.722,5,Estuarine
6/9/23 3:30,83.723,5,Estuarine
6/9/23 3:35,83.747,5,Estuarine
6/9/23 3:40,83.742,5,Estuarine
6/9/23 3:45,83.871,5,Estuarine
6/9/23 3:50,83.833,5,Estuarine
6/9/23 3:55,83.888,5,Estuarine
6/9/23 4:00,84.002,5,Estuarine
6/9/23 4:05,83.977,5,Estuarine
6/9/23 4:10,84.014,5,Estuarine
6/9/23 4:15,83.978,5,Estuarine
6/9/23 4:20,83.954,5,Estuarine
6/9/23 4:25,83.991,5,Estuarine
6/9/23 4:30,83.964,5,Estuarine
6/9/23 4:35,84.118,5,Estuarine
6/9/23 4:40,84.044,5,Estuarine
6/9/23 4:45,84.127,5,Estuarine
6/9/23 4:50,84.118,5,Estuarine
6/9/23 4:55,84.112,5,Estuarine
6/9/23 5:00,84.184,5,Estuarine
6/9/23 5:05,84.215,5,Estuarine
6/9/23 5:10,84.263,5,Estuarine
6/9/23 5:15,84.212,5,Estuarine
6/9/23 5:20,84.213,5,Estuarine
6/9/23 5:25,84.188,5,Estuarine
6/9/23 5:30,84.232,5,Estuarine
6/9/23 5:35,84.178,5,Estuarine
6/9/23 5:40,84.19,5,Estuarine
6/9/23 5:45,84.302,5,Estuarine
6/9/23 5:50,84.31,5,Estuarine
6/9/23 5:55,84.323,5,Estuarine
6/9/23 6:00,84.375,5,Estuarine
6/9/23 6:05,84.396,5,Estuarine
6/9/23 6:10,84.384,5,Estuarine
6/9/23 6:15,84.397,5,Estuarine
6/9/23 6:20,84.441,5,Estuarine
6/9/23 6:25,84.396,5,Estuarine
6/9/23 6:30,84.428,5,Estuarine
6/9/23 6:35,84.412,5,Estuarine
6/9/23 6:40,84.478,5,Estuarine
6/9/23 6:45,84.521,5,Estuarine
6/9/23 6:50,84.618,5,Estuarine
6/9/23 6:55,84.55,5,Estuarine
6/9/23 7:00,84.703,5,Estuarine
6/9/23 7:05,84.621,5,Estuarine
6/9/23 7:10,84.663,5,Estuarine
6/9/23 7:15,84.718,5,Estuarine
6/9/23 7:20,84.782,5,Estuarine
6/9/23 7:25,84.804,5,Estuarine
6/9/23 7:30,84.826,5,Estuarine
6/9/23 7:35,84.913,5,Estuarine
6/9/23 7:40,84.96,5,Estuarine
6/9/23 7:45,84.893,5,Estuarine
6/9/23 7:50,85.06,5,Estuarine
6/9/23 7:55,84.99,5,Estuarine
6/9/23 8:00,85.074,5,Estuarine
6/9/23 8:05,85.061,5,Estuarine
6/9/23 8:10,85.067,5,Estuarine
6/9/23 8:15,85.015,5,Estuarine
6/9/23 8:20,85.083,5,Estuarine
6/9/23 8:25,85.091,5,Estuarine
6/9/23 8:30,85.154,5,Estuarine
6/9/23 8:35,85.214,5,Estuarine
6/9/23 8:40,85.261,5,Estuarine
6/9/23 8:45,85.237,5,Estuarine
6/9/23 8:50,85.287,5,Estuarine
6/9/23 8:55,85.341,5,Estuarine
6/9/23 9:00,85.42,5,Estuarine
6/9/23 9:05,85.303,5,Estuarine
6/9/23 9:10,85.364,5,Estuarine
6/9/23 9:15,85.375,5,Estuarine
6/9/23 9:20,85.436,5,Estuarine
6/9/23 9:25,85.532,5,Estuarine
6/9/23 9:30,85.519,5,Estuarine
6/9/23 9:35,85.523,5,Estuarine
6/9/23 9:40,85.526,5,Estuarine
6/9/23 9:45,85.603,5,Estuarine
6/9/23 9:50,85.651,5,Estuarine
6/9/23 9:55,85.612,5,Estuarine
6/9/23 10:00,85.655,5,Estuarine
6/9/23 10:05,85.707,5,Estuarine
6/9/23 10:10,85.746,5,Estuarine
6/9/23 10:15,85.79,5,Estuarine
6/9/23 10:20,85.887,5,Estuarine
6/9/23 10:25,85.872,5,Estuarine
6/9/23 10:30,85.836,5,Estuarine
6/9/23 10:35,85.826,5,Estuarine
6/9/23 10:40,85.835,5,Estuarine
6/9/23 10:45,85.906,5,Estuarine
6/9/23 10:50,85.923,5,Estuarine
6/9/23 10:55,85.974,5,Estuarine
6/9/23 11:00,85.996,5,Estuarine
6/9/23 11:05,86.142,5,Estuarine
6/9/23 11:10,86.085,5,Estuarine
6/9/23 11:15,86.13,5,Estuarine
6/9/23 11:20,86.227,5,Estuarine
6/9/23 11:25,86.189,5,Estuarine
6/9/23 11:30,86.245,5,Estuarine
6/9/23 11:35,86.276,5,Estuarine
6/9/23 11:40,86.387,5,Estuarine
6/9/23 11:45,86.345,5,Estuarine
6/9/23 11:50,86.315,5,Estuarine
6/9/23 11:55,86.429,5,Estuarine
6/9/23 12:00,86.45,5,Estuarine
6/9/23 12:05,86.57,5,Estuarine
6/9/23 12:10,86.59,5,Estuarine
6/9/23 12:15,86.538,5,Estuarine
6/9/23 12:20,86.471,5,Estuarine
6/9/23 12:25,86.5,5,Estuarine
6/9/23 12:30,86.619,5,Estuarine
6/9/23 12:35,86.58,5,Estuarine
6/9/23 12:40,86.56,5,Estuarine
6/9/23 12:45,86.569,5,Estuarine
6/9/23 12:50,86.576,5,Estuarine
6/9/23 12:55,86.517,5,Estuarine
6/9/23 13:00,86.584,5,Estuarine
6/9/23 13:05,86.568,5,Estuarine
6/9/23 13:10,86.659,5,Estuarine
6/9/23 13:15,86.587,5,Estuarine
6/9/23 13:20,86.61,5,Estuarine
6/9/23 13:25,86.625,5,Estuarine
6/9/23 13:30,86.703,5,Estuarine
6/9/23 13:35,86.633,5,Estuarine
6/9/23 13:40,86.707,5,Estuarine
6/9/23 13:45,86.76,5,Estuarine
6/9/23 13:50,86.705,5,Estuarine
6/9/23 13:55,86.797,5,Estuarine
6/9/23 14:00,86.786,5,Estuarine
6/9/23 14:05,86.798,5,Estuarine
6/9/23 14:10,86.843,5,Estuarine
6/9/23 14:15,86.93,5,Estuarine
6/9/23 14:20,86.903,5,Estuarine
6/9/23 14:25,86.937,5,Estuarine
6/9/23 14:30,86.936,5,Estuarine
6/9/23 14:35,86.844,5,Estuarine
6/9/23 14:40,86.931,5,Estuarine
6/9/23 14:45,86.966,5,Estuarine
6/9/23 14:50,86.991,5,Estuarine
6/9/23 14:55,87.006,5,Estuarine
6/9/23 15:00,87.088,5,Estuarine
6/9/23 15:05,87.065,5,Estuarine
6/9/23 15:10,87.125,5,Estuarine
6/9/23 15:15,87.087,5,Estuarine
6/9/23 15:20,87.137,5,Estuarine
6/8/23 8:15,87.53,10,Estuarine
6/8/23 8:20,87.528,10,Estuarine
6/8/23 8:25,87.358,10,Estuarine
6/8/23 8:30,87.219,10,Estuarine
6/8/23 8:35,86.961,10,Estuarine
6/8/23 8:40,86.727,10,Estuarine
6/8/23 8:45,86.517,10,Estuarine
6/8/23 8:50,86.413,10,Estuarine
6/8/23 8:55,86.363,10,Estuarine
6/8/23 9:00,86.218,10,Estuarine
6/8/23 9:05,86.244,10,Estuarine
6/8/23 9:10,86.143,10,Estuarine
6/8/23 9:15,86.129,10,Estuarine
6/8/23 9:20,86.064,10,Estuarine
6/8/23 9:25,86.06,10,Estuarine
6/8/23 9:30,85.967,10,Estuarine
6/8/23 9:35,85.946,10,Estuarine
6/8/23 9:40,85.722,10,Estuarine
6/8/23 9:45,85.632,10,Estuarine
6/8/23 9:50,85.518,10,Estuarine
6/8/23 9:55,85.393,10,Estuarine
6/8/23 10:00,85.406,10,Estuarine
6/8/23 10:05,85.301,10,Estuarine
6/8/23 10:10,84.867,10,Estuarine
6/8/23 10:15,84.374,10,Estuarine
6/8/23 10:20,83.968,10,Estuarine
6/8/23 10:25,83.468,10,Estuarine
6/8/23 10:30,82.931,10,Estuarine
6/8/23 10:35,82.546,10,Estuarine
6/8/23 10:40,82.26,10,Estuarine
6/8/23 10:45,82.028,10,Estuarine
6/8/23 10:50,81.893,10,Estuarine
6/8/23 10:55,81.702,10,Estuarine
6/8/23 11:00,81.615,10,Estuarine
6/8/23 11:05,81.472,10,Estuarine
6/8/23 11:10,81.422,10,Estuarine
6/8/23 11:15,81.374,10,Estuarine
6/8/23 11:20,81.273,10,Estuarine
6/8/23 11:25,81.2,10,Estuarine
6/8/23 11:30,81.12,10,Estuarine
6/8/23 11:35,81.073,10,Estuarine
6/8/23 11:40,81.028,10,Estuarine
6/8/23 11:45,80.725,10,Estuarine
6/8/23 11:50,80.654,10,Estuarine
6/8/23 11:55,80.359,10,Estuarine
6/8/23 12:00,80.328,10,Estuarine
6/8/23 12:05,80.211,10,Estuarine
6/8/23 12:10,80.105,10,Estuarine
6/8/23 12:15,79.902,10,Estuarine
6/8/23 12:20,79.94,10,Estuarine
6/8/23 12:25,79.938,10,Estuarine
6/8/23 12:30,79.938,10,Estuarine
6/8/23 12:35,79.86,10,Estuarine
6/8/23 12:40,79.902,10,Estuarine
6/8/23 12:45,79.935,10,Estuarine
6/8/23 12:50,79.933,10,Estuarine
6/8/23 12:55,79.981,10,Estuarine
6/8/23 13:00,79.904,10,Estuarine
6/8/23 13:05,79.851,10,Estuarine
6/8/23 13:10,79.877,10,Estuarine
6/8/23 13:15,79.821,10,Estuarine
6/8/23 13:20,79.725,10,Estuarine
6/8/23 13:25,79.675,10,Estuarine
6/8/23 13:30,79.633,10,Estuarine
6/8/23 13:35,79.209,10,Estuarine
6/8/23 13:40,79.24,10,Estuarine
6/8/23 13:45,79.319,10,Estuarine
6/8/23 13:50,79.3,10,Estuarine
6/8/23 13:55,79.231,10,Estuarine
6/8/23 14:00,79.357,10,Estuarine
6/8/23 14:05,79.425,10,Estuarine
6/8/23 14:10,79.554,10,Estuarine
6/8/23 14:15,79.557,10,Estuarine
6/8/23 14:20,79.388,10,Estuarine
6/8/23 14:25,79.348,10,Estuarine
6/8/23 14:30,79.372,10,Estuarine
6/8/23 14:35,79.231,10,Estuarine
6/8/23 14:40,79.319,10,Estuarine
6/8/23 14:45,79.069,10,Estuarine
6/8/23 14:50,79.219,10,Estuarine
6/8/23 14:55,79.125,10,Estuarine
6/8/23 15:00,79.375,10,Estuarine
6/8/23 15:05,79.244,10,Estuarine
6/8/23 15:10,79.15,10,Estuarine
6/8/23 15:15,78.942,10,Estuarine
6/8/23 15:20,78.996,10,Estuarine
6/8/23 15:25,78.863,10,Estuarine
6/8/23 15:30,78.817,10,Estuarine
6/8/23 15:35,78.816,10,Estuarine
6/8/23 15:40,78.745,10,Estuarine
6/8/23 15:45,78.662,10,Estuarine
6/8/23 15:50,78.741,10,Estuarine
6/8/23 15:55,78.665,10,Estuarine
6/8/23 16:00,78.64,10,Estuarine
6/8/23 16:05,78.571,10,Estuarine
6/8/23 16:10,78.589,10,Estuarine
6/8/23 16:15,78.473,10,Estuarine
6/8/23 16:20,78.442,10,Estuarine
6/8/23 16:25,78.423,10,Estuarine
6/8/23 16:30,78.415,10,Estuarine
6/8/23 16:35,78.389,10,Estuarine
6/8/23 16:40,78.367,10,Estuarine
6/8/23 16:45,78.334,10,Estuarine
6/8/23 16:50,78.255,10,Estuarine
6/8/23 16:55,78.121,10,Estuarine
6/8/23 17:00,78.175,10,Estuarine
6/8/23 17:05,78.2,10,Estuarine
6/8/23 17:10,78.108,10,Estuarine
6/8/23 17:15,78.027,10,Estuarine
6/8/23 17:20,78.138,10,Estuarine
6/8/23 17:25,78.135,10,Estuarine
6/8/23 17:30,78.229,10,Estuarine
6/8/23 17:35,78.243,10,Estuarine
6/8/23 17:40,78.225,10,Estuarine
6/8/23 17:45,78.054,10,Estuarine
6/8/23 17:50,77.969,10,Estuarine
6/8/23 17:55,78.026,10,Estuarine
6/8/23 18:00,78.073,10,Estuarine
6/8/23 18:05,78.15,10,Estuarine
6/8/23 18:10,78.165,10,Estuarine
6/8/23 18:15,78.175,10,Estuarine
6/8/23 18:20,77.988,10,Estuarine
6/8/23 18:25,78,10,Estuarine
6/8/23 18:30,77.942,10,Estuarine
6/8/23 18:35,77.979,10,Estuarine
6/8/23 18:40,77.924,10,Estuarine
6/8/23 18:45,78.004,10,Estuarine
6/8/23 18:50,77.961,10,Estuarine
6/8/23 18:55,77.975,10,Estuarine
6/8/23 19:00,78.039,10,Estuarine
6/8/23 19:05,78.014,10,Estuarine
6/8/23 19:10,78.099,10,Estuarine
6/8/23 19:15,78.037,10,Estuarine
6/8/23 19:20,78.056,10,Estuarine
6/8/23 19:25,78.131,10,Estuarine
6/8/23 19:30,78.066,10,Estuarine
6/8/23 19:35,78.17,10,Estuarine
6/8/23 19:40,78.168,10,Estuarine
6/8/23 19:45,78.104,10,Estuarine
6/8/23 19:50,78.08,10,Estuarine
6/8/23 19:55,78.058,10,Estuarine
6/8/23 20:00,78.129,10,Estuarine
6/8/23 20:05,78.154,10,Estuarine
6/8/23 20:10,78.199,10,Estuarine
6/8/23 20:15,78.229,10,Estuarine
6/8/23 20:20,78.176,10,Estuarine
6/8/23 20:25,78.12,10,Estuarine
6/8/23 20:30,78.265,10,Estuarine
6/8/23 20:35,78.272,10,Estuarine
6/8/23 20:40,78.397,10,Estuarine
6/8/23 20:45,78.42,10,Estuarine
6/8/23 20:50,78.404,10,Estuarine
6/8/23 20:55,78.445,10,Estuarine
6/8/23 21:00,78.469,10,Estuarine
6/8/23 21:05,78.463,10,Estuarine
6/8/23 21:10,78.549,10,Estuarine
6/8/23 21:15,78.448,10,Estuarine
6/8/23 21:20,78.536,10,Estuarine
6/8/23 21:25,78.571,10,Estuarine
6/8/23 21:30,78.497,10,Estuarine
6/8/23 21:35,78.403,10,Estuarine
6/8/23 21:40,78.469,10,Estuarine
6/8/23 21:45,78.47,10,Estuarine
6/8/23 21:50,78.475,10,Estuarine
6/8/23 21:55,78.556,10,Estuarine
6/8/23 22:00,78.581,10,Estuarine
6/8/23 22:05,78.474,10,Estuarine
6/8/23 22:10,78.51,10,Estuarine
6/8/23 22:15,78.547,10,Estuarine
6/8/23 22:20,78.559,10,Estuarine
6/8/23 22:25,78.555,10,Estuarine
6/8/23 22:30,78.566,10,Estuarine
6/8/23 22:35,78.568,10,Estuarine
6/8/23 22:40,78.566,10,Estuarine
6/8/23 22:45,78.587,10,Estuarine
6/8/23 22:50,78.58,10,Estuarine
6/8/23 22:55,78.595,10,Estuarine
6/8/23 23:00,78.464,10,Estuarine
6/8/23 23:05,78.481,10,Estuarine
6/8/23 23:10,78.529,10,Estuarine
6/8/23 23:15,78.633,10,Estuarine
6/8/23 23:20,78.693,10,Estuarine
6/8/23 23:25,78.687,10,Estuarine
6/8/23 23:30,78.745,10,Estuarine
6/8/23 23:35,78.831,10,Estuarine
6/8/23 23:40,78.788,10,Estuarine
6/8/23 23:45,78.805,10,Estuarine
6/8/23 23:50,78.794,10,Estuarine
6/8/23 23:55,78.82,10,Estuarine
6/9/23,78.894,10,Estuarine
6/9/23 0:05,78.842,10,Estuarine
6/9/23 0:10,78.96,10,Estuarine
6/9/23 0:15,78.891,10,Estuarine
6/9/23 0:20,78.903,10,Estuarine
6/9/23 0:25,78.974,10,Estuarine
6/9/23 0:30,79.015,10,Estuarine
6/9/23 0:35,78.988,10,Estuarine
6/9/23 0:40,78.975,10,Estuarine
6/9/23 0:45,78.884,10,Estuarine
6/9/23 0:50,78.917,10,Estuarine
6/9/23 0:55,78.981,10,Estuarine
6/9/23 1:00,78.985,10,Estuarine
6/9/23 1:05,79.032,10,Estuarine
6/9/23 1:10,79.078,10,Estuarine
6/9/23 1:15,79.067,10,Estuarine
6/9/23 1:20,79.189,10,Estuarine
6/9/23 1:25,79.096,10,Estuarine
6/9/23 1:30,79.197,10,Estuarine
6/9/23 1:35,79.196,10,Estuarine
6/9/23 1:40,79.207,10,Estuarine
6/9/23 1:45,79.192,10,Estuarine
6/9/23 1:50,79.236,10,Estuarine
6/9/23 1:55,79.316,10,Estuarine
6/9/23 2:00,79.374,10,Estuarine
6/9/23 2:05,79.368,10,Estuarine
6/9/23 2:10,79.401,10,Estuarine
6/9/23 2:15,79.357,10,Estuarine
6/9/23 2:20,79.293,10,Estuarine
6/9/23 2:25,79.308,10,Estuarine
6/9/23 2:30,79.39,10,Estuarine
6/9/23 2:35,79.365,10,Estuarine
6/9/23 2:40,79.451,10,Estuarine
6/9/23 2:45,79.41,10,Estuarine
6/9/23 2:50,79.565,10,Estuarine
6/9/23 2:55,79.61,10,Estuarine
6/9/23 3:00,79.585,10,Estuarine
6/9/23 3:05,79.619,10,Estuarine
6/9/23 3:10,79.62,10,Estuarine
6/9/23 3:15,79.77,10,Estuarine
6/9/23 3:20,79.583,10,Estuarine
6/9/23 3:25,79.755,10,Estuarine
6/9/23 3:30,79.772,10,Estuarine
6/9/23 3:35,79.888,10,Estuarine
6/9/23 3:40,79.842,10,Estuarine
6/9/23 3:45,79.852,10,Estuarine
6/9/23 3:50,79.902,10,Estuarine
6/9/23 3:55,79.88,10,Estuarine
6/9/23 4:00,80.006,10,Estuarine
6/9/23 4:05,80.067,10,Estuarine
6/9/23 4:10,80.06,10,Estuarine
6/9/23 4:15,80.017,10,Estuarine
6/9/23 4:20,80.058,10,Estuarine
6/9/23 4:25,80.132,10,Estuarine
6/9/23 4:30,80.101,10,Estuarine
6/9/23 4:35,80.172,10,Estuarine
6/9/23 4:40,80.206,10,Estuarine
6/9/23 4:45,80.222,10,Estuarine
6/9/23 4:50,80.176,10,Estuarine
6/9/23 4:55,80.244,10,Estuarine
6/9/23 5:00,80.337,10,Estuarine
6/9/23 5:05,80.348,10,Estuarine
6/9/23 5:10,80.288,10,Estuarine
6/9/23 5:15,80.252,10,Estuarine
6/9/23 5:20,80.388,10,Estuarine
6/9/23 5:25,80.434,10,Estuarine
6/9/23 5:30,80.438,10,Estuarine
6/9/23 5:35,80.408,10,Estuarine
6/9/23 5:40,80.462,10,Estuarine
6/9/23 5:45,80.505,10,Estuarine
6/9/23 5:50,80.546,10,Estuarine
6/9/23 5:55,80.62,10,Estuarine
6/9/23 6:00,80.625,10,Estuarine
6/9/23 6:05,80.625,10,Estuarine
6/9/23 6:10,80.589,10,Estuarine
6/9/23 6:15,80.658,10,Estuarine
6/9/23 6:20,80.762,10,Estuarine
6/9/23 6:25,80.668,10,Estuarine
6/9/23 6:30,80.672,10,Estuarine
6/9/23 6:35,80.726,10,Estuarine
6/9/23 6:40,80.676,10,Estuarine
6/9/23 6:45,80.757,10,Estuarine
6/9/23 6:50,80.694,10,Estuarine
6/9/23 6:55,80.811,10,Estuarine
6/9/23 7:00,80.81,10,Estuarine
6/9/23 7:05,80.862,10,Estuarine
6/9/23 7:10,80.91,10,Estuarine
6/9/23 7:15,80.84,10,Estuarine
6/9/23 7:20,80.889,10,Estuarine
6/9/23 7:25,80.965,10,Estuarine
6/9/23 7:30,81.036,10,Estuarine
6/9/23 7:35,81.038,10,Estuarine
6/9/23 7:40,81.068,10,Estuarine
6/9/23 7:45,81.081,10,Estuarine
6/9/23 7:50,81.204,10,Estuarine
6/9/23 7:55,81.143,10,Estuarine
6/9/23 8:00,81.104,10,Estuarine
6/9/23 8:05,81.176,10,Estuarine
6/9/23 8:10,81.198,10,Estuarine
6/9/23 8:15,81.182,10,Estuarine
6/9/23 8:20,81.189,10,Estuarine
6/9/23 8:25,81.224,10,Estuarine
6/9/23 8:30,81.192,10,Estuarine
6/9/23 8:35,81.3,10,Estuarine
6/9/23 8:40,81.229,10,Estuarine
6/9/23 8:45,81.299,10,Estuarine
6/9/23 8:50,81.305,10,Estuarine
6/9/23 8:55,81.288,10,Estuarine
6/9/23 9:00,81.291,10,Estuarine
6/9/23 9:05,81.262,10,Estuarine
6/9/23 9:10,81.342,10,Estuarine
6/9/23 9:15,81.406,10,Estuarine
6/9/23 9:20,81.432,10,Estuarine
6/9/23 9:25,81.425,10,Estuarine
6/9/23 9:30,81.493,10,Estuarine
6/9/23 9:35,81.425,10,Estuarine
6/9/23 9:40,81.521,10,Estuarine
6/9/23 9:45,81.469,10,Estuarine
6/9/23 9:50,81.499,10,Estuarine
6/9/23 9:55,81.499,10,Estuarine
6/9/23 10:00,81.51,10,Estuarine
6/9/23 10:05,81.541,10,Estuarine
6/9/23 10:10,81.561,10,Estuarine
6/9/23 10:15,81.627,10,Estuarine
6/9/23 10:20,81.749,10,Estuarine
6/9/23 10:25,81.733,10,Estuarine
6/9/23 10:30,81.761,10,Estuarine
6/9/23 10:35,81.598,10,Estuarine
6/9/23 10:40,81.688,10,Estuarine
6/9/23 10:45,81.666,10,Estuarine
6/9/23 10:50,81.644,10,Estuarine
6/9/23 10:55,81.753,10,Estuarine
6/9/23 11:00,81.763,10,Estuarine
6/9/23 11:05,81.86,10,Estuarine
6/9/23 11:10,81.825,10,Estuarine
6/9/23 11:15,81.84,10,Estuarine
6/9/23 11:20,81.914,10,Estuarine
6/9/23 11:25,81.938,10,Estuarine
6/9/23 11:30,81.999,10,Estuarine
6/9/23 11:35,81.979,10,Estuarine
6/9/23 11:40,82.01,10,Estuarine
6/9/23 11:45,82.065,10,Estuarine
6/9/23 11:50,82.136,10,Estuarine
6/9/23 11:55,82.224,10,Estuarine
6/9/23 12:00,82.226,10,Estuarine
6/9/23 12:05,82.239,10,Estuarine
6/9/23 12:10,82.351,10,Estuarine
6/9/23 12:15,82.288,10,Estuarine
6/9/23 12:20,82.223,10,Estuarine
6/9/23 12:25,82.224,10,Estuarine
6/9/23 12:30,82.267,10,Estuarine
6/9/23 12:35,82.387,10,Estuarine
6/9/23 12:40,82.345,10,Estuarine
6/9/23 12:45,82.315,10,Estuarine
6/9/23 12:50,82.404,10,Estuarine
6/9/23 12:55,82.263,10,Estuarine
6/9/23 13:00,82.271,10,Estuarine
6/9/23 13:05,82.244,10,Estuarine
6/9/23 13:10,82.25,10,Estuarine
6/9/23 13:15,82.307,10,Estuarine
6/9/23 13:20,82.307,10,Estuarine
6/9/23 13:25,82.314,10,Estuarine
6/9/23 13:30,82.45,10,Estuarine
6/9/23 13:35,82.36,10,Estuarine
6/9/23 13:40,82.371,10,Estuarine
6/9/23 13:45,82.463,10,Estuarine
6/9/23 13:50,82.455,10,Estuarine
6/9/23 13:55,82.39,10,Estuarine
6/9/23 14:00,82.483,10,Estuarine
6/9/23 14:05,82.57,10,Estuarine
6/9/23 14:10,82.573,10,Estuarine
6/9/23 14:15,82.619,10,Estuarine
6/9/23 14:20,82.674,10,Estuarine
6/9/23 14:25,82.695,10,Estuarine
6/9/23 14:30,82.639,10,Estuarine
6/9/23 14:35,82.634,10,Estuarine
6/9/23 14:40,82.744,10,Estuarine
6/9/23 14:45,82.68,10,Estuarine
6/9/23 14:50,82.659,10,Estuarine
6/9/23 14:55,82.67,10,Estuarine
6/9/23 15:00,82.749,10,Estuarine
6/9/23 15:05,82.759,10,Estuarine
6/9/23 15:10,82.826,10,Estuarine
6/9/23 15:15,82.95,10,Estuarine
6/9/23 15:20,82.923,10,Estuarine
6/8/23 8:15,4.631,20,Estuarine
6/8/23 8:20,4.558,20,Estuarine
6/8/23 8:25,4.852,20,Estuarine
6/8/23 8:30,5.008,20,Estuarine
6/8/23 8:35,5.648,20,Estuarine
6/8/23 8:40,6.829,20,Estuarine
6/8/23 8:45,8.707,20,Estuarine
6/8/23 8:50,12.494,20,Estuarine
6/8/23 8:55,19.981,20,Estuarine
6/8/23 9:00,34.408,20,Estuarine
6/8/23 9:05,75.001,20,Estuarine
6/8/23 9:10,85.032,20,Estuarine
6/8/23 9:15,85.19,20,Estuarine
6/8/23 9:20,85.332,20,Estuarine
6/8/23 9:25,85.068,20,Estuarine
6/8/23 9:30,84.96,20,Estuarine
6/8/23 9:35,84.945,20,Estuarine
6/8/23 9:40,84.736,20,Estuarine
6/8/23 9:45,84.604,20,Estuarine
6/8/23 9:50,84.26,20,Estuarine
6/8/23 9:55,84.235,20,Estuarine
6/8/23 10:00,84.311,20,Estuarine
6/8/23 10:05,84.219,20,Estuarine
6/8/23 10:10,83.598,20,Estuarine
6/8/23 10:15,83.015,20,Estuarine
6/8/23 10:20,82.556,20,Estuarine
6/8/23 10:25,81.944,20,Estuarine
6/8/23 10:30,81.361,20,Estuarine
6/8/23 10:35,80.882,20,Estuarine
6/8/23 10:40,80.606,20,Estuarine
6/8/23 10:45,80.272,20,Estuarine
6/8/23 10:50,80.118,20,Estuarine
6/8/23 10:55,79.923,20,Estuarine
6/8/23 11:00,79.743,20,Estuarine
6/8/23 11:05,79.629,20,Estuarine
6/8/23 11:10,79.33,20,Estuarine
6/8/23 11:15,79.368,20,Estuarine
6/8/23 11:20,79.202,20,Estuarine
6/8/23 11:25,79.136,20,Estuarine
6/8/23 11:30,79.085,20,Estuarine
6/8/23 11:35,78.963,20,Estuarine
6/8/23 11:40,78.963,20,Estuarine
6/8/23 11:45,78.737,20,Estuarine
6/8/23 11:50,78.576,20,Estuarine
6/8/23 11:55,78.416,20,Estuarine
6/8/23 12:00,78.207,20,Estuarine
6/8/23 12:05,78.019,20,Estuarine
6/8/23 12:10,77.902,20,Estuarine
6/8/23 12:15,77.78,20,Estuarine
6/8/23 12:20,77.725,20,Estuarine
6/8/23 12:25,77.623,20,Estuarine
6/8/23 12:30,77.709,20,Estuarine
6/8/23 12:35,77.603,20,Estuarine
6/8/23 12:40,77.613,20,Estuarine
6/8/23 12:45,77.618,20,Estuarine
6/8/23 12:50,77.667,20,Estuarine
6/8/23 12:55,77.649,20,Estuarine
6/8/23 13:00,77.602,20,Estuarine
6/8/23 13:05,77.533,20,Estuarine
6/8/23 13:10,77.595,20,Estuarine
6/8/23 13:15,77.471,20,Estuarine
6/8/23 13:20,77.345,20,Estuarine
6/8/23 13:25,77.339,20,Estuarine
6/8/23 13:30,77.181,20,Estuarine
6/8/23 13:35,76.828,20,Estuarine
6/8/23 13:40,76.724,20,Estuarine
6/8/23 13:45,76.726,20,Estuarine
6/8/23 13:50,76.71,20,Estuarine
6/8/23 13:55,76.724,20,Estuarine
6/8/23 14:00,76.682,20,Estuarine
6/8/23 14:05,76.703,20,Estuarine
6/8/23 14:10,76.811,20,Estuarine
6/8/23 14:15,76.812,20,Estuarine
6/8/23 14:20,76.861,20,Estuarine
6/8/23 14:25,76.796,20,Estuarine
6/8/23 14:30,76.795,20,Estuarine
6/8/23 14:35,76.65,20,Estuarine
6/8/23 14:40,76.539,20,Estuarine
6/8/23 14:45,76.507,20,Estuarine
6/8/23 14:50,76.422,20,Estuarine
6/8/23 14:55,76.445,20,Estuarine
6/8/23 15:00,76.458,20,Estuarine
6/8/23 15:05,76.374,20,Estuarine
6/8/23 15:10,76.338,20,Estuarine
6/8/23 15:15,76.286,20,Estuarine
6/8/23 15:20,76.237,20,Estuarine
6/8/23 15:25,76.135,20,Estuarine
6/8/23 15:30,76.091,20,Estuarine
6/8/23 15:35,76.012,20,Estuarine
6/8/23 15:40,75.886,20,Estuarine
6/8/23 15:45,75.881,20,Estuarine
6/8/23 15:50,75.862,20,Estuarine
6/8/23 15:55,75.796,20,Estuarine
6/8/23 16:00,75.774,20,Estuarine
6/8/23 16:05,75.753,20,Estuarine
6/8/23 16:10,75.758,20,Estuarine
6/8/23 16:15,75.698,20,Estuarine
6/8/23 16:20,75.684,20,Estuarine
6/8/23 16:25,75.628,20,Estuarine
6/8/23 16:30,75.598,20,Estuarine
6/8/23 16:35,75.512,20,Estuarine
6/8/23 16:40,75.489,20,Estuarine
6/8/23 16:45,75.458,20,Estuarine
6/8/23 16:50,75.402,20,Estuarine
6/8/23 16:55,75.305,20,Estuarine
6/8/23 17:00,75.258,20,Estuarine
6/8/23 17:05,75.263,20,Estuarine
6/8/23 17:10,75.24,20,Estuarine
6/8/23 17:15,75.149,20,Estuarine
6/8/23 17:20,75.206,20,Estuarine
6/8/23 17:25,75.157,20,Estuarine
6/8/23 17:30,75.23,20,Estuarine
6/8/23 17:35,75.314,20,Estuarine
6/8/23 17:40,75.252,20,Estuarine
6/8/23 17:45,75.269,20,Estuarine
6/8/23 17:50,75.109,20,Estuarine
6/8/23 17:55,75.115,20,Estuarine
6/8/23 18:00,75.126,20,Estuarine
6/8/23 18:05,75.187,20,Estuarine
6/8/23 18:10,75.218,20,Estuarine
6/8/23 18:15,75.119,20,Estuarine
6/8/23 18:20,75.015,20,Estuarine
6/8/23 18:25,74.985,20,Estuarine
6/8/23 18:30,74.905,20,Estuarine
6/8/23 18:35,75.005,20,Estuarine
6/8/23 18:40,74.999,20,Estuarine
6/8/23 18:45,74.941,20,Estuarine
6/8/23 18:50,75.007,20,Estuarine
6/8/23 18:55,74.983,20,Estuarine
6/8/23 19:00,74.937,20,Estuarine
6/8/23 19:05,75.005,20,Estuarine
6/8/23 19:10,74.99,20,Estuarine
6/8/23 19:15,75.081,20,Estuarine
6/8/23 19:20,75.023,20,Estuarine
6/8/23 19:25,75.04,20,Estuarine
6/8/23 19:30,75.122,20,Estuarine
6/8/23 19:35,75.083,20,Estuarine
6/8/23 19:40,75.156,20,Estuarine
6/8/23 19:45,75.173,20,Estuarine
6/8/23 19:50,75.123,20,Estuarine
6/8/23 19:55,75.123,20,Estuarine
6/8/23 20:00,75.13,20,Estuarine
6/8/23 20:05,75.188,20,Estuarine
6/8/23 20:10,75.139,20,Estuarine
6/8/23 20:15,75.2,20,Estuarine
6/8/23 20:20,75.188,20,Estuarine
6/8/23 20:25,75.153,20,Estuarine
6/8/23 20:30,75.253,20,Estuarine
6/8/23 20:35,75.271,20,Estuarine
6/8/23 20:40,75.372,20,Estuarine
6/8/23 20:45,75.375,20,Estuarine
6/8/23 20:50,75.493,20,Estuarine
6/8/23 20:55,75.528,20,Estuarine
6/8/23 21:00,75.465,20,Estuarine
6/8/23 21:05,75.558,20,Estuarine
6/8/23 21:10,75.584,20,Estuarine
6/8/23 21:15,75.614,20,Estuarine
6/8/23 21:20,75.596,20,Estuarine
6/8/23 21:25,75.595,20,Estuarine
6/8/23 21:30,75.621,20,Estuarine
6/8/23 21:35,75.621,20,Estuarine
6/8/23 21:40,75.642,20,Estuarine
6/8/23 21:45,75.623,20,Estuarine
6/8/23 21:50,75.609,20,Estuarine
6/8/23 21:55,75.624,20,Estuarine
6/8/23 22:00,75.673,20,Estuarine
6/8/23 22:05,75.669,20,Estuarine
6/8/23 22:10,75.762,20,Estuarine
6/8/23 22:15,75.697,20,Estuarine
6/8/23 22:20,75.761,20,Estuarine
6/8/23 22:25,75.691,20,Estuarine
6/8/23 22:30,75.715,20,Estuarine
6/8/23 22:35,75.767,20,Estuarine
6/8/23 22:40,75.802,20,Estuarine
6/8/23 22:45,75.834,20,Estuarine
6/8/23 22:50,75.808,20,Estuarine
6/8/23 22:55,75.826,20,Estuarine
6/8/23 23:00,75.802,20,Estuarine
6/8/23 23:05,75.764,20,Estuarine
6/8/23 23:10,75.781,20,Estuarine
6/8/23 23:15,75.814,20,Estuarine
6/8/23 23:20,75.948,20,Estuarine
6/8/23 23:25,75.957,20,Estuarine
6/8/23 23:30,76.008,20,Estuarine
6/8/23 23:35,76.08,20,Estuarine
6/8/23 23:40,76.105,20,Estuarine
6/8/23 23:45,76.114,20,Estuarine
6/8/23 23:50,76.156,20,Estuarine
6/8/23 23:55,76.142,20,Estuarine
6/9/23,76.226,20,Estuarine
6/9/23 0:05,76.242,20,Estuarine
6/9/23 0:10,76.254,20,Estuarine
6/9/23 0:15,76.326,20,Estuarine
6/9/23 0:20,76.304,20,Estuarine
6/9/23 0:25,76.342,20,Estuarine
6/9/23 0:30,76.357,20,Estuarine
6/9/23 0:35,76.437,20,Estuarine
6/9/23 0:40,76.369,20,Estuarine
6/9/23 0:45,76.304,20,Estuarine
6/9/23 0:50,76.326,20,Estuarine
6/9/23 0:55,76.414,20,Estuarine
6/9/23 1:00,76.418,20,Estuarine
6/9/23 1:05,76.444,20,Estuarine
6/9/23 1:10,76.538,20,Estuarine
6/9/23 1:15,76.551,20,Estuarine
6/9/23 1:20,76.689,20,Estuarine
6/9/23 1:25,76.645,20,Estuarine
6/9/23 1:30,76.628,20,Estuarine
6/9/23 1:35,76.713,20,Estuarine
6/9/23 1:40,76.703,20,Estuarine
6/9/23 1:45,76.761,20,Estuarine
6/9/23 1:50,76.784,20,Estuarine
6/9/23 1:55,76.755,20,Estuarine
6/9/23 2:00,76.847,20,Estuarine
6/9/23 2:05,76.889,20,Estuarine
6/9/23 2:10,76.866,20,Estuarine
6/9/23 2:15,76.877,20,Estuarine
6/9/23 2:20,76.893,20,Estuarine
6/9/23 2:25,76.912,20,Estuarine
6/9/23 2:30,76.978,20,Estuarine
6/9/23 2:35,76.97,20,Estuarine
6/9/23 2:40,77.086,20,Estuarine
6/9/23 2:45,77.125,20,Estuarine
6/9/23 2:50,77.179,20,Estuarine
6/9/23 2:55,77.19,20,Estuarine
6/9/23 3:00,77.219,20,Estuarine
6/9/23 3:05,77.27,20,Estuarine
6/9/23 3:10,77.351,20,Estuarine
6/9/23 3:15,77.393,20,Estuarine
6/9/23 3:20,77.325,20,Estuarine
6/9/23 3:25,77.371,20,Estuarine
6/9/23 3:30,77.449,20,Estuarine
6/9/23 3:35,77.535,20,Estuarine
6/9/23 3:40,77.515,20,Estuarine
6/9/23 3:45,77.571,20,Estuarine
6/9/23 3:50,77.638,20,Estuarine
6/9/23 3:55,77.775,20,Estuarine
6/9/23 4:00,77.838,20,Estuarine
6/9/23 4:05,77.929,20,Estuarine
6/9/23 4:10,77.943,20,Estuarine
6/9/23 4:15,77.967,20,Estuarine
6/9/23 4:20,77.965,20,Estuarine
6/9/23 4:25,78.017,20,Estuarine
6/9/23 4:30,78.03,20,Estuarine
6/9/23 4:35,78.075,20,Estuarine
6/9/23 4:40,78.114,20,Estuarine
6/9/23 4:45,78.193,20,Estuarine
6/9/23 4:50,78.176,20,Estuarine
6/9/23 4:55,78.213,20,Estuarine
6/9/23 5:00,78.316,20,Estuarine
6/9/23 5:05,78.366,20,Estuarine
6/9/23 5:10,78.343,20,Estuarine
6/9/23 5:15,78.419,20,Estuarine
6/9/23 5:20,78.444,20,Estuarine
6/9/23 5:25,78.419,20,Estuarine
6/9/23 5:30,78.477,20,Estuarine
6/9/23 5:35,78.432,20,Estuarine
6/9/23 5:40,78.444,20,Estuarine
6/9/23 5:45,78.539,20,Estuarine
6/9/23 5:50,78.548,20,Estuarine
6/9/23 5:55,78.604,20,Estuarine
6/9/23 6:00,78.664,20,Estuarine
6/9/23 6:05,78.693,20,Estuarine
6/9/23 6:10,78.697,20,Estuarine
6/9/23 6:15,78.726,20,Estuarine
6/9/23 6:20,78.761,20,Estuarine
6/9/23 6:25,78.827,20,Estuarine
6/9/23 6:30,78.879,20,Estuarine
6/9/23 6:35,78.816,20,Estuarine
6/9/23 6:40,78.887,20,Estuarine
6/9/23 6:45,78.927,20,Estuarine
6/9/23 6:50,78.954,20,Estuarine
6/9/23 6:55,78.996,20,Estuarine
6/9/23 7:00,79.056,20,Estuarine
6/9/23 7:05,79.077,20,Estuarine
6/9/23 7:10,79.09,20,Estuarine
6/9/23 7:15,79.152,20,Estuarine
6/9/23 7:20,79.127,20,Estuarine
6/9/23 7:25,79.219,20,Estuarine
6/9/23 7:30,79.211,20,Estuarine
6/9/23 7:35,79.234,20,Estuarine
6/9/23 7:40,79.224,20,Estuarine
6/9/23 7:45,79.263,20,Estuarine
6/9/23 7:50,79.387,20,Estuarine
6/9/23 7:55,79.359,20,Estuarine
6/9/23 8:00,79.317,20,Estuarine
6/9/23 8:05,79.325,20,Estuarine
6/9/23 8:10,79.296,20,Estuarine
6/9/23 8:15,79.32,20,Estuarine
6/9/23 8:20,79.363,20,Estuarine
6/9/23 8:25,79.346,20,Estuarine
6/9/23 8:30,79.346,20,Estuarine
6/9/23 8:35,79.298,20,Estuarine
6/9/23 8:40,79.409,20,Estuarine
6/9/23 8:45,79.414,20,Estuarine
6/9/23 8:50,79.481,20,Estuarine
6/9/23 8:55,79.447,20,Estuarine
6/9/23 9:00,79.509,20,Estuarine
6/9/23 9:05,79.484,20,Estuarine
6/9/23 9:10,79.42,20,Estuarine
6/9/23 9:15,79.495,20,Estuarine
6/9/23 9:20,79.498,20,Estuarine
6/9/23 9:25,79.623,20,Estuarine
6/9/23 9:30,79.527,20,Estuarine
6/9/23 9:35,79.584,20,Estuarine
6/9/23 9:40,79.615,20,Estuarine
6/9/23 9:45,79.538,20,Estuarine
6/9/23 9:50,79.582,20,Estuarine
6/9/23 9:55,79.618,20,Estuarine
6/9/23 10:00,79.627,20,Estuarine
6/9/23 10:05,79.575,20,Estuarine
6/9/23 10:10,79.583,20,Estuarine
6/9/23 10:15,79.642,20,Estuarine
6/9/23 10:20,79.725,20,Estuarine
6/9/23 10:25,79.691,20,Estuarine
6/9/23 10:30,79.673,20,Estuarine
6/9/23 10:35,79.642,20,Estuarine
6/9/23 10:40,79.716,20,Estuarine
6/9/23 10:45,79.725,20,Estuarine
6/9/23 10:50,79.684,20,Estuarine
6/9/23 10:55,79.746,20,Estuarine
6/9/23 11:00,79.781,20,Estuarine
6/9/23 11:05,79.753,20,Estuarine
6/9/23 11:10,79.771,20,Estuarine
6/9/23 11:15,79.831,20,Estuarine
6/9/23 11:20,79.829,20,Estuarine
6/9/23 11:25,79.868,20,Estuarine
6/9/23 11:30,79.887,20,Estuarine
6/9/23 11:35,79.964,20,Estuarine
6/9/23 11:40,79.978,20,Estuarine
6/9/23 11:45,79.993,20,Estuarine
6/9/23 11:50,80.019,20,Estuarine
6/9/23 11:55,80.069,20,Estuarine
6/9/23 12:00,80.167,20,Estuarine
6/9/23 12:05,80.164,20,Estuarine
6/9/23 12:10,80.183,20,Estuarine
6/9/23 12:15,80.278,20,Estuarine
6/9/23 12:20,80.22,20,Estuarine
6/9/23 12:25,80.188,20,Estuarine
6/9/23 12:30,80.217,20,Estuarine
6/9/23 12:35,80.285,20,Estuarine
6/9/23 12:40,80.261,20,Estuarine
6/9/23 12:45,80.251,20,Estuarine
6/9/23 12:50,80.276,20,Estuarine
6/9/23 12:55,80.248,20,Estuarine
6/9/23 13:00,80.256,20,Estuarine
6/9/23 13:05,80.223,20,Estuarine
6/9/23 13:10,80.124,20,Estuarine
6/9/23 13:15,80.141,20,Estuarine
6/9/23 13:20,80.194,20,Estuarine
6/9/23 13:25,80.282,20,Estuarine
6/9/23 13:30,80.215,20,Estuarine
6/9/23 13:35,80.214,20,Estuarine
6/9/23 13:40,80.262,20,Estuarine
6/9/23 13:45,80.267,20,Estuarine
6/9/23 13:50,80.327,20,Estuarine
6/9/23 13:55,80.324,20,Estuarine
6/9/23 14:00,80.383,20,Estuarine
6/9/23 14:05,80.435,20,Estuarine
6/9/23 14:10,80.463,20,Estuarine
6/9/23 14:15,80.491,20,Estuarine
6/9/23 14:20,80.522,20,Estuarine
6/9/23 14:25,80.519,20,Estuarine
6/9/23 14:30,80.544,20,Estuarine
6/9/23 14:35,80.519,20,Estuarine
6/9/23 14:40,80.567,20,Estuarine
6/9/23 14:45,80.581,20,Estuarine
6/9/23 14:50,80.598,20,Estuarine
6/9/23 14:55,80.528,20,Estuarine
6/9/23 15:00,80.531,20,Estuarine
6/9/23 15:05,80.589,20,Estuarine
6/9/23 15:10,80.621,20,Estuarine
6/9/23 15:15,80.65,20,Estuarine
6/9/23 15:20,80.643,20,Estuarine
6/8/23 8:15,0.491,30,Estuarine
6/8/23 8:20,0.492,30,Estuarine
6/8/23 8:25,0.485,30,Estuarine
6/8/23 8:30,0.495,30,Estuarine
6/8/23 8:35,0.485,30,Estuarine
6/8/23 8:40,0.493,30,Estuarine
6/8/23 8:45,0.48,30,Estuarine
6/8/23 8:50,0.493,30,Estuarine
6/8/23 8:55,0.488,30,Estuarine
6/8/23 9:00,0.489,30,Estuarine
6/8/23 9:05,0.481,30,Estuarine
6/8/23 9:10,0.493,30,Estuarine
6/8/23 9:15,0.49,30,Estuarine
6/8/23 9:20,0.498,30,Estuarine
6/8/23 9:25,0.497,30,Estuarine
6/8/23 9:30,0.494,30,Estuarine
6/8/23 9:35,0.494,30,Estuarine
6/8/23 9:40,0.498,30,Estuarine
6/8/23 9:45,0.495,30,Estuarine
6/8/23 9:50,0.483,30,Estuarine
6/8/23 9:55,0.474,30,Estuarine
6/8/23 10:00,0.486,30,Estuarine
6/8/23 10:05,0.495,30,Estuarine
6/8/23 10:10,0.491,30,Estuarine
6/8/23 10:15,0.474,30,Estuarine
6/8/23 10:20,0.478,30,Estuarine
6/8/23 10:25,0.498,30,Estuarine
6/8/23 10:30,0.484,30,Estuarine
6/8/23 10:35,0.49,30,Estuarine
6/8/23 10:40,0.486,30,Estuarine
6/8/23 10:45,0.483,30,Estuarine
6/8/23 10:50,0.485,30,Estuarine
6/8/23 10:55,0.493,30,Estuarine
6/8/23 11:00,0.496,30,Estuarine
6/8/23 11:05,0.489,30,Estuarine
6/8/23 11:10,0.477,30,Estuarine
6/8/23 11:15,0.481,30,Estuarine
6/8/23 11:20,0.489,30,Estuarine
6/8/23 11:25,0.478,30,Estuarine
6/8/23 11:30,0.462,30,Estuarine
6/8/23 11:35,0.485,30,Estuarine
6/8/23 11:40,0.485,30,Estuarine
6/8/23 11:45,0.477,30,Estuarine
6/8/23 11:50,0.484,30,Estuarine
6/8/23 11:55,0.474,30,Estuarine
6/8/23 12:00,0.474,30,Estuarine
6/8/23 12:05,0.478,30,Estuarine
6/8/23 12:10,0.488,30,Estuarine
6/8/23 12:15,0.464,30,Estuarine
6/8/23 12:20,0.484,30,Estuarine
6/8/23 12:25,0.479,30,Estuarine
6/8/23 12:30,0.477,30,Estuarine
6/8/23 12:35,0.473,30,Estuarine
6/8/23 12:40,0.489,30,Estuarine
6/8/23 12:45,0.47,30,Estuarine
6/8/23 12:50,0.496,30,Estuarine
6/8/23 12:55,0.485,30,Estuarine
6/8/23 13:00,0.481,30,Estuarine
6/8/23 13:05,0.483,30,Estuarine
6/8/23 13:10,0.484,30,Estuarine
6/8/23 13:15,0.468,30,Estuarine
6/8/23 13:20,0.468,30,Estuarine
6/8/23 13:25,0.478,30,Estuarine
6/8/23 13:30,0.476,30,Estuarine
6/8/23 13:35,0.481,30,Estuarine
6/8/23 13:40,0.474,30,Estuarine
6/8/23 13:45,0.486,30,Estuarine
6/8/23 13:50,0.484,30,Estuarine
6/8/23 13:55,0.481,30,Estuarine
6/8/23 14:00,0.481,30,Estuarine
6/8/23 14:05,0.483,30,Estuarine
6/8/23 14:10,0.493,30,Estuarine
6/8/23 14:15,0.482,30,Estuarine
6/8/23 14:20,0.486,30,Estuarine
6/8/23 14:25,0.468,30,Estuarine
6/8/23 14:30,0.486,30,Estuarine
6/8/23 14:35,0.477,30,Estuarine
6/8/23 14:40,0.483,30,Estuarine
6/8/23 14:45,0.487,30,Estuarine
6/8/23 14:50,0.48,30,Estuarine
6/8/23 14:55,0.477,30,Estuarine
6/8/23 15:00,0.476,30,Estuarine
6/8/23 15:05,0.48,30,Estuarine
6/8/23 15:10,0.472,30,Estuarine
6/8/23 15:15,0.489,30,Estuarine
6/8/23 15:20,0.479,30,Estuarine
6/8/23 15:25,0.48,30,Estuarine
6/8/23 15:30,0.473,30,Estuarine
6/8/23 15:35,0.481,30,Estuarine
6/8/23 15:40,0.473,30,Estuarine
6/8/23 15:45,0.475,30,Estuarine
6/8/23 15:50,0.462,30,Estuarine
6/8/23 15:55,0.473,30,Estuarine
6/8/23 16:00,0.478,30,Estuarine
6/8/23 16:05,0.474,30,Estuarine
6/8/23 16:10,0.479,30,Estuarine
6/8/23 16:15,0.475,30,Estuarine
6/8/23 16:20,0.468,30,Estuarine
6/8/23 16:25,0.474,30,Estuarine
6/8/23 16:30,0.492,30,Estuarine
6/8/23 16:35,0.475,30,Estuarine
6/8/23 16:40,0.481,30,Estuarine
6/8/23 16:45,0.468,30,Estuarine
6/8/23 16:50,0.467,30,Estuarine
6/8/23 16:55,0.473,30,Estuarine
6/8/23 17:00,0.48,30,Estuarine
6/8/23 17:05,0.476,30,Estuarine
6/8/23 17:10,0.463,30,Estuarine
6/8/23 17:15,0.481,30,Estuarine
6/8/23 17:20,69.722,30,Estuarine
6/8/23 17:25,72.278,30,Estuarine
6/8/23 17:30,72.531,30,Estuarine
6/8/23 17:35,72.817,30,Estuarine
6/8/23 17:40,72.922,30,Estuarine
6/8/23 17:45,72.97,30,Estuarine
6/8/23 17:50,73,30,Estuarine
6/8/23 17:55,73.017,30,Estuarine
6/8/23 18:00,72.954,30,Estuarine
6/8/23 18:05,72.943,30,Estuarine
6/8/23 18:10,72.987,30,Estuarine
6/8/23 18:15,73.067,30,Estuarine
6/8/23 18:20,73.021,30,Estuarine
6/8/23 18:25,73.044,30,Estuarine
6/8/23 18:30,72.974,30,Estuarine
6/8/23 18:35,73.016,30,Estuarine
6/8/23 18:40,72.9,30,Estuarine
6/8/23 18:45,72.916,30,Estuarine
6/8/23 18:50,72.986,30,Estuarine
6/8/23 18:55,72.884,30,Estuarine
6/8/23 19:00,72.635,30,Estuarine
6/8/23 19:05,72.682,30,Estuarine
6/8/23 19:10,72.778,30,Estuarine
6/8/23 19:15,72.82,30,Estuarine
6/8/23 19:20,72.857,30,Estuarine
6/8/23 19:25,72.9,30,Estuarine
6/8/23 19:30,72.93,30,Estuarine
6/8/23 19:35,72.985,30,Estuarine
6/8/23 19:40,73.035,30,Estuarine
6/8/23 19:45,73.046,30,Estuarine
6/8/23 19:50,72.992,30,Estuarine
6/8/23 19:55,73.079,30,Estuarine
6/8/23 20:00,73.082,30,Estuarine
6/8/23 20:05,73.128,30,Estuarine
6/8/23 20:10,73.076,30,Estuarine
6/8/23 20:15,73.155,30,Estuarine
6/8/23 20:20,73.146,30,Estuarine
6/8/23 20:25,73.163,30,Estuarine
6/8/23 20:30,73.203,30,Estuarine
6/8/23 20:35,73.219,30,Estuarine
6/8/23 20:40,73.298,30,Estuarine
6/8/23 20:45,73.352,30,Estuarine
6/8/23 20:50,73.348,30,Estuarine
6/8/23 20:55,73.454,30,Estuarine
6/8/23 21:00,73.454,30,Estuarine
6/8/23 21:05,73.477,30,Estuarine
6/8/23 21:10,73.542,30,Estuarine
6/8/23 21:15,73.566,30,Estuarine
6/8/23 21:20,73.56,30,Estuarine
6/8/23 21:25,73.674,30,Estuarine
6/8/23 21:30,73.608,30,Estuarine
6/8/23 21:35,73.634,30,Estuarine
6/8/23 21:40,73.678,30,Estuarine
6/8/23 21:45,73.722,30,Estuarine
6/8/23 21:50,73.709,30,Estuarine
6/8/23 21:55,73.781,30,Estuarine
6/8/23 22:00,73.714,30,Estuarine
6/8/23 22:05,73.761,30,Estuarine
6/8/23 22:10,73.793,30,Estuarine
6/8/23 22:15,73.762,30,Estuarine
6/8/23 22:20,73.77,30,Estuarine
6/8/23 22:25,73.786,30,Estuarine
6/8/23 22:30,73.864,30,Estuarine
6/8/23 22:35,73.845,30,Estuarine
6/8/23 22:40,73.807,30,Estuarine
6/8/23 22:45,73.908,30,Estuarine
6/8/23 22:50,73.899,30,Estuarine
6/8/23 22:55,73.94,30,Estuarine
6/8/23 23:00,73.923,30,Estuarine
6/8/23 23:05,73.95,30,Estuarine
6/8/23 23:10,73.942,30,Estuarine
6/8/23 23:15,73.981,30,Estuarine
6/8/23 23:20,74.003,30,Estuarine
6/8/23 23:25,74.024,30,Estuarine
6/8/23 23:30,74.146,30,Estuarine
6/8/23 23:35,74.134,30,Estuarine
6/8/23 23:40,74.149,30,Estuarine
6/8/23 23:45,74.223,30,Estuarine
6/8/23 23:50,74.243,30,Estuarine
6/8/23 23:55,74.294,30,Estuarine
6/9/23,74.335,30,Estuarine
6/9/23 0:05,74.382,30,Estuarine
6/9/23 0:10,74.384,30,Estuarine
6/9/23 0:15,74.403,30,Estuarine
6/9/23 0:20,74.485,30,Estuarine
6/9/23 0:25,74.515,30,Estuarine
6/9/23 0:30,74.547,30,Estuarine
6/9/23 0:35,74.531,30,Estuarine
6/9/23 0:40,74.574,30,Estuarine
6/9/23 0:45,74.635,30,Estuarine
6/9/23 0:50,74.591,30,Estuarine
6/9/23 0:55,74.643,30,Estuarine
6/9/23 1:00,74.693,30,Estuarine
6/9/23 1:05,74.649,30,Estuarine
6/9/23 1:10,74.744,30,Estuarine
6/9/23 1:15,74.772,30,Estuarine
6/9/23 1:20,74.816,30,Estuarine
6/9/23 1:25,74.838,30,Estuarine
6/9/23 1:30,74.851,30,Estuarine
6/9/23 1:35,74.84,30,Estuarine
6/9/23 1:40,74.89,30,Estuarine
6/9/23 1:45,74.912,30,Estuarine
6/9/23 1:50,74.97,30,Estuarine
6/9/23 1:55,74.848,30,Estuarine
6/9/23 2:00,74.778,30,Estuarine
6/9/23 2:05,74.34,30,Estuarine
6/9/23 2:10,74.618,30,Estuarine
6/9/23 2:15,74.772,30,Estuarine
6/9/23 2:20,74.919,30,Estuarine
6/9/23 2:25,74.921,30,Estuarine
6/9/23 2:30,74.991,30,Estuarine
6/9/23 2:35,75.072,30,Estuarine
6/9/23 2:40,75.137,30,Estuarine
6/9/23 2:45,75.146,30,Estuarine
6/9/23 2:50,75.195,30,Estuarine
6/9/23 2:55,75.097,30,Estuarine
6/9/23 3:00,75.124,30,Estuarine
6/9/23 3:05,75.237,30,Estuarine
6/9/23 3:10,75.425,30,Estuarine
6/9/23 3:15,75.432,30,Estuarine
6/9/23 3:20,75.53,30,Estuarine
6/9/23 3:25,75.57,30,Estuarine
6/9/23 3:30,75.515,30,Estuarine
6/9/23 3:35,75.539,30,Estuarine
6/9/23 3:40,75.59,30,Estuarine
6/9/23 3:45,75.664,30,Estuarine
6/9/23 3:50,75.803,30,Estuarine
6/9/23 3:55,75.839,30,Estuarine
6/9/23 4:00,75.825,30,Estuarine
6/9/23 4:05,75.904,30,Estuarine
6/9/23 4:10,75.953,30,Estuarine
6/9/23 4:15,76.016,30,Estuarine
6/9/23 4:20,76.045,30,Estuarine
6/9/23 4:25,76.168,30,Estuarine
6/9/23 4:30,76.098,30,Estuarine
6/9/23 4:35,76.203,30,Estuarine
6/9/23 4:40,76.248,30,Estuarine
6/9/23 4:45,76.259,30,Estuarine
6/9/23 4:50,76.262,30,Estuarine
6/9/23 4:55,76.405,30,Estuarine
6/9/23 5:00,76.474,30,Estuarine
6/9/23 5:05,76.497,30,Estuarine
6/9/23 5:10,76.526,30,Estuarine
6/9/23 5:15,76.573,30,Estuarine
6/9/23 5:20,76.638,30,Estuarine
6/9/23 5:25,76.617,30,Estuarine
6/9/23 5:30,76.727,30,Estuarine
6/9/23 5:35,76.716,30,Estuarine
6/9/23 5:40,76.748,30,Estuarine
6/9/23 5:45,76.782,30,Estuarine
6/9/23 5:50,76.824,30,Estuarine
6/9/23 5:55,76.865,30,Estuarine
6/9/23 6:00,76.878,30,Estuarine
6/9/23 6:05,76.947,30,Estuarine
6/9/23 6:10,76.98,30,Estuarine
6/9/23 6:15,77.016,30,Estuarine
6/9/23 6:20,77.05,30,Estuarine
6/9/23 6:25,77.093,30,Estuarine
6/9/23 6:30,77.044,30,Estuarine
6/9/23 6:35,77.039,30,Estuarine
6/9/23 6:40,77.154,30,Estuarine
6/9/23 6:45,77.175,30,Estuarine
6/9/23 6:50,77.227,30,Estuarine
6/9/23 6:55,77.201,30,Estuarine
6/9/23 7:00,77.237,30,Estuarine
6/9/23 7:05,77.276,30,Estuarine
6/9/23 7:10,77.302,30,Estuarine
6/9/23 7:15,77.356,30,Estuarine
6/9/23 7:20,77.385,30,Estuarine
6/9/23 7:25,77.404,30,Estuarine
6/9/23 7:30,77.484,30,Estuarine
6/9/23 7:35,77.518,30,Estuarine
6/9/23 7:40,77.538,30,Estuarine
6/9/23 7:45,77.556,30,Estuarine
6/9/23 7:50,77.558,30,Estuarine
6/9/23 7:55,77.641,30,Estuarine
6/9/23 8:00,77.574,30,Estuarine
6/9/23 8:05,77.612,30,Estuarine
6/9/23 8:10,77.665,30,Estuarine
6/9/23 8:15,77.67,30,Estuarine
6/9/23 8:20,77.708,30,Estuarine
6/9/23 8:25,77.641,30,Estuarine
6/9/23 8:30,77.664,30,Estuarine
6/9/23 8:35,77.641,30,Estuarine
6/9/23 8:40,77.65,30,Estuarine
6/9/23 8:45,77.676,30,Estuarine
6/9/23 8:50,77.785,30,Estuarine
6/9/23 8:55,77.773,30,Estuarine
6/9/23 9:00,77.734,30,Estuarine
6/9/23 9:05,77.762,30,Estuarine
6/9/23 9:10,77.818,30,Estuarine
6/9/23 9:15,77.831,30,Estuarine
6/9/23 9:20,77.765,30,Estuarine
6/9/23 9:25,77.807,30,Estuarine
6/9/23 9:30,77.85,30,Estuarine
6/9/23 9:35,77.867,30,Estuarine
6/9/23 9:40,77.869,30,Estuarine
6/9/23 9:45,77.872,30,Estuarine
6/9/23 9:50,77.922,30,Estuarine
6/9/23 9:55,77.915,30,Estuarine
6/9/23 10:00,77.658,30,Estuarine
6/9/23 10:05,77.808,30,Estuarine
6/9/23 10:10,77.841,30,Estuarine
6/9/23 10:15,77.813,30,Estuarine
6/9/23 10:20,77.837,30,Estuarine
6/9/23 10:25,77.912,30,Estuarine
6/9/23 10:30,77.909,30,Estuarine
6/9/23 10:35,77.992,30,Estuarine
6/9/23 10:40,77.959,30,Estuarine
6/9/23 10:45,77.942,30,Estuarine
6/9/23 10:50,78.009,30,Estuarine
6/9/23 10:55,77.947,30,Estuarine
6/9/23 11:00,77.931,30,Estuarine
6/9/23 11:05,77.959,30,Estuarine
6/9/23 11:10,77.974,30,Estuarine
6/9/23 11:15,78.003,30,Estuarine
6/9/23 11:20,78.07,30,Estuarine
6/9/23 11:25,78.062,30,Estuarine
6/9/23 11:30,78.151,30,Estuarine
6/9/23 11:35,78.139,30,Estuarine
6/9/23 11:40,78.21,30,Estuarine
6/9/23 11:45,78.215,30,Estuarine
6/9/23 11:50,78.221,30,Estuarine
6/9/23 11:55,78.298,30,Estuarine
6/9/23 12:00,78.315,30,Estuarine
6/9/23 12:05,78.354,30,Estuarine
6/9/23 12:10,78.393,30,Estuarine
6/9/23 12:15,78.432,30,Estuarine
6/9/23 12:20,78.445,30,Estuarine
6/9/23 12:25,78.438,30,Estuarine
6/9/23 12:30,78.342,30,Estuarine
6/9/23 12:35,78.41,30,Estuarine
6/9/23 12:40,78.495,30,Estuarine
6/9/23 12:45,78.408,30,Estuarine
6/9/23 12:50,78.496,30,Estuarine
6/9/23 12:55,78.494,30,Estuarine
6/9/23 13:00,78.481,30,Estuarine
6/9/23 13:05,78.44,30,Estuarine
6/9/23 13:10,78.421,30,Estuarine
6/9/23 13:15,78.445,30,Estuarine
6/9/23 13:20,78.426,30,Estuarine
6/9/23 13:25,78.364,30,Estuarine
6/9/23 13:30,78.427,30,Estuarine
6/9/23 13:35,78.394,30,Estuarine
6/9/23 13:40,78.349,30,Estuarine
6/9/23 13:45,78.45,30,Estuarine
6/9/23 13:50,78.431,30,Estuarine
6/9/23 13:55,78.516,30,Estuarine
6/9/23 14:00,78.53,30,Estuarine
6/9/23 14:05,78.496,30,Estuarine
6/9/23 14:10,78.563,30,Estuarine
6/9/23 14:15,78.631,30,Estuarine
6/9/23 14:20,78.57,30,Estuarine
6/9/23 14:25,78.676,30,Estuarine
6/9/23 14:30,78.634,30,Estuarine
6/9/23 14:35,78.697,30,Estuarine
6/9/23 14:40,78.708,30,Estuarine
6/9/23 14:45,78.762,30,Estuarine
6/9/23 14:50,78.763,30,Estuarine
6/9/23 14:55,78.694,30,Estuarine
6/9/23 15:00,78.708,30,Estuarine
6/9/23 15:05,78.666,30,Estuarine
6/9/23 15:10,78.714,30,Estuarine
6/9/23 15:15,78.706,30,Estuarine
6/9/23 15:20,78.713,30,Estuarine
6/9/23 15:25,87.073,5,Estuarine
6/9/23 15:30,87.323,5,Estuarine
6/9/23 15:35,87.223,5,Estuarine
6/9/23 15:40,87.154,5,Estuarine
6/9/23 15:45,87.23,5,Estuarine
6/9/23 15:50,87.161,5,Estuarine
6/9/23 15:55,87.236,5,Estuarine
6/9/23 16:00,87.241,5,Estuarine
6/9/23 16:05,87.214,5,Estuarine
6/9/23 16:10,87.314,5,Estuarine
6/9/23 16:15,87.183,5,Estuarine
6/9/23 16:20,87.16,5,Estuarine
6/9/23 16:25,87.18,5,Estuarine
6/9/23 16:30,87.203,5,Estuarine
6/9/23 16:35,87.212,5,Estuarine
6/9/23 16:40,87.21,5,Estuarine
6/9/23 16:45,87.112,5,Estuarine
6/9/23 16:50,87.187,5,Estuarine
6/9/23 16:55,87.217,5,Estuarine
6/9/23 17:00,87.167,5,Estuarine
6/9/23 17:05,87.25,5,Estuarine
6/9/23 17:10,87.253,5,Estuarine
6/9/23 17:15,87.299,5,Estuarine
6/9/23 17:20,87.316,5,Estuarine
6/9/23 17:25,87.247,5,Estuarine
6/9/23 17:30,87.223,5,Estuarine
6/9/23 17:35,87.299,5,Estuarine
6/9/23 17:40,87.359,5,Estuarine
6/9/23 17:45,87.363,5,Estuarine
6/9/23 17:50,87.33,5,Estuarine
6/9/23 17:55,87.365,5,Estuarine
6/9/23 18:00,87.334,5,Estuarine
6/9/23 18:05,87.301,5,Estuarine
6/9/23 18:10,87.223,5,Estuarine
6/9/23 18:15,87.263,5,Estuarine
6/9/23 18:20,87.232,5,Estuarine
6/9/23 18:25,87.243,5,Estuarine
6/9/23 18:30,87.277,5,Estuarine
6/9/23 18:35,87.228,5,Estuarine
6/9/23 18:40,87.21,5,Estuarine
6/9/23 18:45,87.183,5,Estuarine
6/9/23 18:50,87.189,5,Estuarine
6/9/23 18:55,87.158,5,Estuarine
6/9/23 19:00,87.181,5,Estuarine
6/9/23 19:05,87.145,5,Estuarine
6/9/23 19:10,87.103,5,Estuarine
6/9/23 19:15,87.15,5,Estuarine
6/9/23 19:20,87.036,5,Estuarine
6/9/23 19:25,87.099,5,Estuarine
6/9/23 19:30,87.094,5,Estuarine
6/9/23 19:35,87.012,5,Estuarine
6/9/23 19:40,87.081,5,Estuarine
6/9/23 19:45,87.151,5,Estuarine
6/9/23 19:50,87.198,5,Estuarine
6/9/23 19:55,87.26,5,Estuarine
6/9/23 20:00,87.189,5,Estuarine
6/9/23 20:05,87.058,5,Estuarine
6/9/23 20:10,87.079,5,Estuarine
6/9/23 20:15,87.059,5,Estuarine
6/9/23 20:20,86.996,5,Estuarine
6/9/23 20:25,87.003,5,Estuarine
6/9/23 20:30,87.062,5,Estuarine
6/9/23 20:35,87.155,5,Estuarine
6/9/23 20:40,87.118,5,Estuarine
6/9/23 20:45,87.05,5,Estuarine
6/9/23 20:50,87.088,5,Estuarine
6/9/23 20:55,87.135,5,Estuarine
6/9/23 21:00,87.185,5,Estuarine
6/9/23 21:05,87.122,5,Estuarine
6/9/23 21:10,87.115,5,Estuarine
6/9/23 21:15,87.057,5,Estuarine
6/9/23 21:20,87.133,5,Estuarine
6/9/23 21:25,87.16,5,Estuarine
6/9/23 21:30,87.058,5,Estuarine
6/9/23 21:35,86.983,5,Estuarine
6/9/23 21:40,86.991,5,Estuarine
6/9/23 21:45,86.928,5,Estuarine
6/9/23 21:50,86.864,5,Estuarine
6/9/23 21:55,86.951,5,Estuarine
6/9/23 22:00,86.843,5,Estuarine
6/9/23 22:05,86.829,5,Estuarine
6/9/23 22:10,86.828,5,Estuarine
6/9/23 22:15,86.793,5,Estuarine
6/9/23 22:20,86.749,5,Estuarine
6/9/23 22:25,86.664,5,Estuarine
6/9/23 22:30,86.631,5,Estuarine
6/9/23 22:35,86.638,5,Estuarine
6/9/23 22:40,86.758,5,Estuarine
6/9/23 22:45,86.655,5,Estuarine
6/9/23 22:50,86.652,5,Estuarine
6/9/23 22:55,86.625,5,Estuarine
6/9/23 23:00,86.636,5,Estuarine
6/9/23 23:05,86.612,5,Estuarine
6/9/23 23:10,86.703,5,Estuarine
6/9/23 23:15,86.586,5,Estuarine
6/9/23 23:20,86.675,5,Estuarine
6/9/23 23:25,86.659,5,Estuarine
6/9/23 23:30,86.628,5,Estuarine
6/9/23 23:35,86.671,5,Estuarine
6/9/23 23:40,86.691,5,Estuarine
6/9/23 23:45,86.743,5,Estuarine
6/9/23 23:50,86.662,5,Estuarine
6/9/23 23:55,86.653,5,Estuarine
6/10/23,86.601,5,Estuarine
6/10/23 0:05,86.501,5,Estuarine
6/10/23 0:10,86.467,5,Estuarine
6/10/23 0:15,86.399,5,Estuarine
6/10/23 0:20,86.41,5,Estuarine
6/10/23 0:25,86.361,5,Estuarine
6/10/23 0:30,86.365,5,Estuarine
6/10/23 0:35,86.322,5,Estuarine
6/10/23 0:40,86.305,5,Estuarine
6/10/23 0:45,86.346,5,Estuarine
6/10/23 0:50,86.235,5,Estuarine
6/10/23 0:55,86.268,5,Estuarine
6/10/23 1:00,86.247,5,Estuarine
6/10/23 1:05,86.28,5,Estuarine
6/10/23 1:10,86.301,5,Estuarine
6/10/23 1:15,86.266,5,Estuarine
6/10/23 1:20,86.326,5,Estuarine
6/10/23 1:25,86.319,5,Estuarine
6/10/23 1:30,86.295,5,Estuarine
6/10/23 1:35,86.241,5,Estuarine
6/10/23 1:40,86.271,5,Estuarine
6/10/23 1:45,86.247,5,Estuarine
6/10/23 1:50,86.284,5,Estuarine
6/10/23 1:55,86.286,5,Estuarine
6/10/23 2:00,86.261,5,Estuarine
6/10/23 2:05,86.275,5,Estuarine
6/10/23 2:10,86.255,5,Estuarine
6/10/23 2:15,86.249,5,Estuarine
6/10/23 2:20,86.249,5,Estuarine
6/10/23 2:25,86.335,5,Estuarine
6/10/23 2:30,86.28,5,Estuarine
6/10/23 2:35,86.274,5,Estuarine
6/10/23 2:40,86.307,5,Estuarine
6/10/23 2:45,86.272,5,Estuarine
6/10/23 2:50,86.278,5,Estuarine
6/10/23 2:55,86.304,5,Estuarine
6/10/23 3:00,86.252,5,Estuarine
6/10/23 3:05,86.292,5,Estuarine
6/10/23 3:10,86.23,5,Estuarine
6/10/23 3:15,86.221,5,Estuarine
6/10/23 3:20,86.222,5,Estuarine
6/10/23 3:25,86.14,5,Estuarine
6/10/23 3:30,86.236,5,Estuarine
6/10/23 3:35,86.23,5,Estuarine
6/10/23 3:40,86.239,5,Estuarine
6/10/23 3:45,86.26,5,Estuarine
6/10/23 3:50,86.246,5,Estuarine
6/10/23 3:55,86.302,5,Estuarine
6/10/23 4:00,86.26,5,Estuarine
6/10/23 4:05,86.325,5,Estuarine
6/10/23 4:10,86.372,5,Estuarine
6/10/23 4:15,86.34,5,Estuarine
6/10/23 4:20,86.322,5,Estuarine
6/10/23 4:25,86.381,5,Estuarine
6/10/23 4:30,86.415,5,Estuarine
6/10/23 4:35,86.425,5,Estuarine
6/10/23 4:40,86.381,5,Estuarine
6/10/23 4:45,86.392,5,Estuarine
6/10/23 4:50,86.435,5,Estuarine
6/10/23 4:55,86.413,5,Estuarine
6/10/23 5:00,86.371,5,Estuarine
6/10/23 5:05,86.372,5,Estuarine
6/10/23 5:10,86.407,5,Estuarine
6/10/23 5:15,86.405,5,Estuarine
6/10/23 5:20,86.372,5,Estuarine
6/10/23 5:25,86.508,5,Estuarine
6/10/23 5:30,86.476,5,Estuarine
6/10/23 5:35,86.467,5,Estuarine
6/10/23 5:40,86.464,5,Estuarine
6/10/23 5:45,86.491,5,Estuarine
6/10/23 5:50,86.507,5,Estuarine
6/10/23 5:55,86.533,5,Estuarine
6/10/23 6:00,86.545,5,Estuarine
6/10/23 6:05,86.534,5,Estuarine
6/10/23 6:10,86.573,5,Estuarine
6/10/23 6:15,86.61,5,Estuarine
6/10/23 6:20,86.532,5,Estuarine
6/10/23 6:25,86.542,5,Estuarine
6/10/23 6:30,86.572,5,Estuarine
6/10/23 6:35,86.696,5,Estuarine
6/10/23 6:40,86.658,5,Estuarine
6/10/23 6:45,86.696,5,Estuarine
6/10/23 6:50,86.796,5,Estuarine
6/10/23 6:55,86.879,5,Estuarine
6/10/23 7:00,86.894,5,Estuarine
6/10/23 7:05,86.884,5,Estuarine
6/10/23 7:10,86.941,5,Estuarine
6/10/23 7:15,86.957,5,Estuarine
6/10/23 7:20,86.958,5,Estuarine
6/10/23 7:25,87.05,5,Estuarine
6/10/23 7:30,87.177,5,Estuarine
6/10/23 7:35,87.129,5,Estuarine
6/10/23 7:40,87.205,5,Estuarine
6/10/23 7:45,87.255,5,Estuarine
6/10/23 7:50,87.212,5,Estuarine
6/10/23 7:55,87.355,5,Estuarine
6/10/23 8:00,87.388,5,Estuarine
6/10/23 8:05,87.41,5,Estuarine
6/10/23 8:10,87.389,5,Estuarine
6/10/23 8:15,87.425,5,Estuarine
6/10/23 8:20,87.41,5,Estuarine
6/10/23 8:25,87.426,5,Estuarine
6/10/23 8:30,87.48,5,Estuarine
6/10/23 8:35,87.576,5,Estuarine
6/10/23 8:40,87.528,5,Estuarine
6/10/23 8:45,87.668,5,Estuarine
6/10/23 8:50,87.578,5,Estuarine
6/10/23 8:55,87.689,5,Estuarine
6/10/23 9:00,87.696,5,Estuarine
6/10/23 9:05,87.656,5,Estuarine
6/10/23 9:10,87.788,5,Estuarine
6/10/23 9:15,87.754,5,Estuarine
6/10/23 9:20,87.837,5,Estuarine
6/10/23 9:25,87.906,5,Estuarine
6/10/23 9:30,88.027,5,Estuarine
6/10/23 9:35,88.033,5,Estuarine
6/10/23 9:40,88.089,5,Estuarine
6/10/23 9:45,87.977,5,Estuarine
6/10/23 9:50,87.959,5,Estuarine
6/10/23 9:55,88.076,5,Estuarine
6/10/23 10:00,88.174,5,Estuarine
6/10/23 10:05,88.201,5,Estuarine
6/10/23 10:10,88.309,5,Estuarine
6/10/23 10:15,88.425,5,Estuarine
6/10/23 10:20,88.299,5,Estuarine
6/10/23 10:25,88.275,5,Estuarine
6/10/23 10:30,88.2,5,Estuarine
6/10/23 10:35,88.399,5,Estuarine
6/10/23 10:40,88.453,5,Estuarine
6/10/23 10:45,88.356,5,Estuarine
6/10/23 10:50,88.457,5,Estuarine
6/10/23 10:55,88.544,5,Estuarine
6/10/23 11:00,88.501,5,Estuarine
6/10/23 11:05,88.417,5,Estuarine
6/10/23 11:10,88.491,5,Estuarine
6/10/23 11:15,88.579,5,Estuarine
6/10/23 11:20,88.622,5,Estuarine
6/10/23 11:25,88.644,5,Estuarine
6/10/23 11:30,88.7,5,Estuarine
6/10/23 11:35,88.712,5,Estuarine
6/10/23 11:40,88.777,5,Estuarine
6/10/23 11:45,88.765,5,Estuarine
6/10/23 11:50,88.824,5,Estuarine
6/10/23 11:55,88.774,5,Estuarine
6/10/23 12:00,88.722,5,Estuarine
6/10/23 12:05,88.756,5,Estuarine
6/10/23 12:10,88.869,5,Estuarine
6/10/23 12:15,88.802,5,Estuarine
6/10/23 12:20,88.822,5,Estuarine
6/10/23 12:25,88.776,5,Estuarine
6/10/23 12:30,88.929,5,Estuarine
6/10/23 12:35,88.886,5,Estuarine
6/10/23 12:40,88.859,5,Estuarine
6/10/23 12:45,88.93,5,Estuarine
6/10/23 12:50,88.932,5,Estuarine
6/10/23 12:55,88.924,5,Estuarine
6/10/23 13:00,88.952,5,Estuarine
6/10/23 13:05,89.01,5,Estuarine
6/10/23 13:10,89.092,5,Estuarine
6/10/23 13:15,89.076,5,Estuarine
6/10/23 13:20,89.091,5,Estuarine
6/10/23 13:25,89.09,5,Estuarine
6/10/23 13:30,89.027,5,Estuarine
6/10/23 13:35,89.204,5,Estuarine
6/10/23 13:40,89.072,5,Estuarine
6/10/23 13:45,89.19,5,Estuarine
6/10/23 13:50,89.213,5,Estuarine
6/10/23 13:55,89.09,5,Estuarine
6/10/23 14:00,89.128,5,Estuarine
6/10/23 14:05,89.112,5,Estuarine
6/10/23 14:10,89.124,5,Estuarine
6/10/23 14:15,89.198,5,Estuarine
6/10/23 14:20,89.293,5,Estuarine
6/10/23 14:25,89.166,5,Estuarine
6/10/23 14:30,89.191,5,Estuarine
6/10/23 14:35,89.27,5,Estuarine
6/10/23 14:40,89.327,5,Estuarine
6/10/23 14:45,89.342,5,Estuarine
6/10/23 14:50,89.349,5,Estuarine
6/10/23 14:55,89.408,5,Estuarine
6/10/23 15:00,89.383,5,Estuarine
6/10/23 15:05,89.383,5,Estuarine
6/10/23 15:10,89.403,5,Estuarine
6/10/23 15:15,89.341,5,Estuarine
6/10/23 15:20,89.327,5,Estuarine
6/10/23 15:25,89.284,5,Estuarine
6/10/23 15:30,89.314,5,Estuarine
6/10/23 15:35,89.384,5,Estuarine
6/10/23 15:40,89.36,5,Estuarine
6/10/23 15:45,89.452,5,Estuarine
6/10/23 15:50,89.462,5,Estuarine
6/10/23 15:55,89.512,5,Estuarine
6/10/23 16:00,89.448,5,Estuarine
6/10/23 16:05,89.506,5,Estuarine
6/10/23 16:10,89.436,5,Estuarine
6/10/23 16:15,89.588,5,Estuarine
6/10/23 16:20,89.496,5,Estuarine
6/10/23 16:25,89.503,5,Estuarine
6/10/23 16:30,89.476,5,Estuarine
6/10/23 16:35,89.448,5,Estuarine
6/10/23 16:40,89.576,5,Estuarine
6/10/23 16:45,89.524,5,Estuarine
6/10/23 16:50,89.569,5,Estuarine
6/10/23 16:55,89.562,5,Estuarine
6/10/23 17:00,89.448,5,Estuarine
6/10/23 17:05,89.405,5,Estuarine
6/10/23 17:10,89.478,5,Estuarine
6/10/23 17:15,89.352,5,Estuarine
6/10/23 17:20,89.397,5,Estuarine
6/10/23 17:25,89.42,5,Estuarine
6/10/23 17:30,89.347,5,Estuarine
6/10/23 17:35,89.317,5,Estuarine
6/10/23 17:40,89.344,5,Estuarine
6/10/23 17:45,89.27,5,Estuarine
6/10/23 17:50,89.377,5,Estuarine
6/10/23 17:55,89.303,5,Estuarine
6/10/23 18:00,89.355,5,Estuarine
6/10/23 18:05,89.366,5,Estuarine
6/10/23 18:10,89.478,5,Estuarine
6/10/23 18:15,89.35,5,Estuarine
6/10/23 18:20,89.301,5,Estuarine
6/10/23 18:25,89.322,5,Estuarine
6/10/23 18:30,89.282,5,Estuarine
6/10/23 18:35,89.209,5,Estuarine
6/10/23 18:40,89.237,5,Estuarine
6/10/23 18:45,89.117,5,Estuarine
6/10/23 18:50,89.115,5,Estuarine
6/10/23 18:55,89.193,5,Estuarine
6/10/23 19:00,89.074,5,Estuarine
6/10/23 19:05,89.051,5,Estuarine
6/10/23 19:10,89.031,5,Estuarine
6/10/23 19:15,88.965,5,Estuarine
6/10/23 19:20,88.955,5,Estuarine
6/10/23 19:25,88.916,5,Estuarine
6/10/23 19:30,88.956,5,Estuarine
6/10/23 19:35,88.895,5,Estuarine
6/10/23 19:40,88.917,5,Estuarine
6/10/23 19:45,88.884,5,Estuarine
6/10/23 19:50,88.846,5,Estuarine
6/10/23 19:55,88.884,5,Estuarine
6/10/23 20:00,88.883,5,Estuarine
6/10/23 20:05,88.877,5,Estuarine
6/10/23 20:10,88.833,5,Estuarine
6/10/23 20:15,88.754,5,Estuarine
6/10/23 20:20,88.759,5,Estuarine
6/10/23 20:25,88.806,5,Estuarine
6/10/23 20:30,88.755,5,Estuarine
6/10/23 20:35,88.742,5,Estuarine
6/10/23 20:40,88.728,5,Estuarine
6/10/23 20:45,88.758,5,Estuarine
6/10/23 20:50,88.807,5,Estuarine
6/10/23 20:55,88.816,5,Estuarine
6/10/23 21:00,88.786,5,Estuarine
6/10/23 21:05,88.769,5,Estuarine
6/10/23 21:10,88.733,5,Estuarine
6/10/23 21:15,88.791,5,Estuarine
6/10/23 21:20,88.676,5,Estuarine
6/10/23 21:25,88.741,5,Estuarine
6/10/23 21:30,88.632,5,Estuarine
6/10/23 21:35,88.7,5,Estuarine
6/10/23 21:40,88.692,5,Estuarine
6/10/23 21:45,88.589,5,Estuarine
6/10/23 21:50,88.624,5,Estuarine
6/10/23 21:55,88.565,5,Estuarine
6/10/23 22:00,88.615,5,Estuarine
6/10/23 22:05,88.555,5,Estuarine
6/10/23 22:10,88.488,5,Estuarine
6/10/23 22:15,88.471,5,Estuarine
6/10/23 22:20,88.452,5,Estuarine
6/10/23 22:25,88.427,5,Estuarine
6/10/23 22:30,88.473,5,Estuarine
6/10/23 22:35,88.409,5,Estuarine
6/10/23 22:40,88.521,5,Estuarine
6/10/23 22:45,88.418,5,Estuarine
6/10/23 22:50,88.418,5,Estuarine
6/10/23 22:55,88.451,5,Estuarine
6/10/23 23:00,88.462,5,Estuarine
6/10/23 23:05,88.415,5,Estuarine
6/10/23 23:10,88.44,5,Estuarine
6/10/23 23:15,88.38,5,Estuarine
6/10/23 23:20,88.327,5,Estuarine
6/10/23 23:25,88.3,5,Estuarine
6/10/23 23:30,88.32,5,Estuarine
6/10/23 23:35,88.223,5,Estuarine
6/10/23 23:40,88.278,5,Estuarine
6/10/23 23:45,88.27,5,Estuarine
6/10/23 23:50,88.248,5,Estuarine
6/10/23 23:55,88.303,5,Estuarine
6/11/23,88.276,5,Estuarine
6/11/23 0:05,88.284,5,Estuarine
6/11/23 0:10,88.28,5,Estuarine
6/11/23 0:15,88.36,5,Estuarine
6/11/23 0:20,88.253,5,Estuarine
6/11/23 0:25,88.279,5,Estuarine
6/11/23 0:30,88.243,5,Estuarine
6/11/23 0:35,88.274,5,Estuarine
6/11/23 0:40,88.276,5,Estuarine
6/11/23 0:45,88.207,5,Estuarine
6/11/23 0:50,88.212,5,Estuarine
6/11/23 0:55,88.248,5,Estuarine
6/11/23 1:00,88.25,5,Estuarine
6/11/23 1:05,88.222,5,Estuarine
6/11/23 1:10,88.315,5,Estuarine
6/11/23 1:15,88.238,5,Estuarine
6/11/23 1:20,88.227,5,Estuarine
6/11/23 1:25,88.231,5,Estuarine
6/11/23 1:30,88.206,5,Estuarine
6/11/23 1:35,88.144,5,Estuarine
6/11/23 1:40,88.205,5,Estuarine
6/11/23 1:45,88.143,5,Estuarine
6/11/23 1:50,88.248,5,Estuarine
6/11/23 1:55,88.118,5,Estuarine
6/11/23 2:00,88.164,5,Estuarine
6/11/23 2:05,88.096,5,Estuarine
6/11/23 2:10,88.113,5,Estuarine
6/11/23 2:15,88.137,5,Estuarine
6/11/23 2:20,88.06,5,Estuarine
6/11/23 2:25,88.111,5,Estuarine
6/11/23 2:30,88.105,5,Estuarine
6/11/23 2:35,88.229,5,Estuarine
6/11/23 2:40,88.208,5,Estuarine
6/11/23 2:45,88.195,5,Estuarine
6/11/23 2:50,88.173,5,Estuarine
6/11/23 2:55,88.145,5,Estuarine
6/11/23 3:00,88.08,5,Estuarine
6/11/23 3:05,88.103,5,Estuarine
6/11/23 3:10,88.081,5,Estuarine
6/11/23 3:15,88.122,5,Estuarine
6/11/23 3:20,88.099,5,Estuarine
6/11/23 3:25,88.015,5,Estuarine
6/11/23 3:30,88.159,5,Estuarine
6/11/23 3:35,88.15,5,Estuarine
6/11/23 3:40,88.188,5,Estuarine
6/11/23 3:45,88.12,5,Estuarine
6/11/23 3:50,88.211,5,Estuarine
6/11/23 3:55,88.169,5,Estuarine
6/11/23 4:00,88.113,5,Estuarine
6/11/23 4:05,88.059,5,Estuarine
6/11/23 4:10,88.09,5,Estuarine
6/11/23 4:15,87.998,5,Estuarine
6/11/23 4:20,87.984,5,Estuarine
6/11/23 4:25,88.044,5,Estuarine
6/11/23 4:30,88.087,5,Estuarine
6/11/23 4:35,88.147,5,Estuarine
6/11/23 4:40,88.186,5,Estuarine
6/11/23 4:45,88.108,5,Estuarine
6/11/23 4:50,88.137,5,Estuarine
6/11/23 4:55,88.173,5,Estuarine
6/11/23 5:00,88.099,5,Estuarine
6/11/23 5:05,88.087,5,Estuarine
6/11/23 5:10,88.138,5,Estuarine
6/11/23 5:15,88.065,5,Estuarine
6/11/23 5:20,88.004,5,Estuarine
6/11/23 5:25,88.048,5,Estuarine
6/11/23 5:30,88.096,5,Estuarine
6/11/23 5:35,88.208,5,Estuarine
6/11/23 5:40,88.27,5,Estuarine
6/11/23 5:45,88.25,5,Estuarine
6/11/23 5:50,88.207,5,Estuarine
6/11/23 5:55,88.221,5,Estuarine
6/11/23 6:00,88.166,5,Estuarine
6/11/23 6:05,88.295,5,Estuarine
6/11/23 6:10,88.335,5,Estuarine
6/11/23 6:15,88.311,5,Estuarine
6/11/23 6:20,88.304,5,Estuarine
6/11/23 6:25,88.446,5,Estuarine
6/11/23 6:30,88.346,5,Estuarine
6/11/23 6:35,88.326,5,Estuarine
6/11/23 6:40,88.402,5,Estuarine
6/11/23 6:45,88.364,5,Estuarine
6/11/23 6:50,88.329,5,Estuarine
6/11/23 6:55,88.388,5,Estuarine
6/11/23 7:00,88.428,5,Estuarine
6/11/23 7:05,88.504,5,Estuarine
6/11/23 7:10,88.4,5,Estuarine
6/11/23 7:15,88.422,5,Estuarine
6/11/23 7:20,88.527,5,Estuarine
6/11/23 7:25,88.617,5,Estuarine
6/11/23 7:30,88.604,5,Estuarine
6/11/23 7:35,88.603,5,Estuarine
6/11/23 7:40,88.716,5,Estuarine
6/11/23 7:45,88.695,5,Estuarine
6/11/23 7:50,88.69,5,Estuarine
6/11/23 7:55,88.852,5,Estuarine
6/11/23 8:00,88.794,5,Estuarine
6/11/23 8:05,88.86,5,Estuarine
6/11/23 8:10,88.976,5,Estuarine
6/11/23 8:15,88.896,5,Estuarine
6/11/23 8:20,89.018,5,Estuarine
6/11/23 8:25,89.083,5,Estuarine
6/11/23 8:30,89.067,5,Estuarine
6/11/23 8:35,89.102,5,Estuarine
6/11/23 8:40,89.15,5,Estuarine
6/11/23 8:45,89.156,5,Estuarine
6/11/23 8:50,89.063,5,Estuarine
6/11/23 8:55,89.119,5,Estuarine
6/11/23 9:00,89.232,5,Estuarine
6/11/23 9:05,89.153,5,Estuarine
6/11/23 9:10,89.205,5,Estuarine
6/11/23 9:15,89.18,5,Estuarine
6/11/23 9:20,89.243,5,Estuarine
6/11/23 9:25,89.373,5,Estuarine
6/11/23 9:30,89.42,5,Estuarine
6/11/23 9:35,89.391,5,Estuarine
6/11/23 9:40,89.313,5,Estuarine
6/11/23 9:45,89.451,5,Estuarine
6/11/23 9:50,89.471,5,Estuarine
6/11/23 9:55,89.456,5,Estuarine
6/11/23 10:00,89.575,5,Estuarine
6/11/23 10:05,89.688,5,Estuarine
6/11/23 10:10,89.677,5,Estuarine
6/11/23 10:15,89.737,5,Estuarine
6/11/23 10:20,89.703,5,Estuarine
6/11/23 10:25,89.724,5,Estuarine
6/11/23 10:30,89.834,5,Estuarine
6/11/23 10:35,89.829,5,Estuarine
6/11/23 10:40,89.763,5,Estuarine
6/11/23 10:45,89.836,5,Estuarine
6/11/23 10:50,89.803,5,Estuarine
6/11/23 10:55,89.905,5,Estuarine
6/11/23 11:00,89.83,5,Estuarine
6/11/23 11:05,89.858,5,Estuarine
6/11/23 11:10,89.93,5,Estuarine
6/11/23 11:15,89.911,5,Estuarine
6/11/23 11:20,89.893,5,Estuarine
6/11/23 11:25,90.043,5,Estuarine
6/11/23 11:30,90.008,5,Estuarine
6/11/23 11:35,90.031,5,Estuarine
6/11/23 11:40,89.965,5,Estuarine
6/11/23 11:45,89.994,5,Estuarine
6/11/23 11:50,89.971,5,Estuarine
6/11/23 11:55,90.015,5,Estuarine
6/11/23 12:00,89.997,5,Estuarine
6/11/23 12:05,90.047,5,Estuarine
6/11/23 12:10,90.123,5,Estuarine
6/11/23 12:15,90.071,5,Estuarine
6/11/23 12:20,90.118,5,Estuarine
6/11/23 12:25,90.165,5,Estuarine
6/11/23 12:30,90.195,5,Estuarine
6/11/23 12:35,90.204,5,Estuarine
6/11/23 12:40,90.173,5,Estuarine
6/11/23 12:45,90.207,5,Estuarine
6/11/23 12:50,90.232,5,Estuarine
6/11/23 12:55,90.221,5,Estuarine
6/11/23 13:00,90.231,5,Estuarine
6/11/23 13:05,90.272,5,Estuarine
6/11/23 13:10,90.295,5,Estuarine
6/11/23 13:15,90.177,5,Estuarine
6/11/23 13:20,90.302,5,Estuarine
6/11/23 13:25,90.22,5,Estuarine
6/11/23 13:30,90.258,5,Estuarine
6/11/23 13:35,90.277,5,Estuarine
6/11/23 13:40,90.311,5,Estuarine
6/11/23 13:45,90.319,5,Estuarine
6/11/23 13:50,90.292,5,Estuarine
6/11/23 13:55,90.305,5,Estuarine
6/11/23 14:00,90.252,5,Estuarine
6/11/23 14:05,90.251,5,Estuarine
6/11/23 14:10,90.298,5,Estuarine
6/11/23 14:15,90.301,5,Estuarine
6/11/23 14:20,90.196,5,Estuarine
6/11/23 14:25,90.157,5,Estuarine
6/11/23 14:30,90.267,5,Estuarine
6/11/23 14:35,90.309,5,Estuarine
6/11/23 14:40,90.322,5,Estuarine
6/11/23 14:45,90.34,5,Estuarine
6/11/23 14:50,90.323,5,Estuarine
6/11/23 14:55,90.344,5,Estuarine
6/11/23 15:00,90.326,5,Estuarine
6/11/23 15:05,90.297,5,Estuarine
6/11/23 15:10,90.329,5,Estuarine
6/11/23 15:15,90.33,5,Estuarine
6/11/23 15:20,90.404,5,Estuarine
6/11/23 15:25,90.422,5,Estuarine
6/11/23 15:30,90.311,5,Estuarine
6/11/23 15:35,90.366,5,Estuarine
6/11/23 15:40,90.356,5,Estuarine
6/11/23 15:45,90.365,5,Estuarine
6/11/23 15:50,90.433,5,Estuarine
6/11/23 15:55,90.39,5,Estuarine
6/11/23 16:00,90.361,5,Estuarine
6/11/23 16:05,90.412,5,Estuarine
6/11/23 16:10,90.363,5,Estuarine
6/11/23 16:15,90.419,5,Estuarine
6/11/23 16:20,90.252,5,Estuarine
6/11/23 16:25,90.297,5,Estuarine
6/11/23 16:30,90.287,5,Estuarine
6/11/23 16:35,90.308,5,Estuarine
6/11/23 16:40,90.323,5,Estuarine
6/11/23 16:45,90.191,5,Estuarine
6/11/23 16:50,90.19,5,Estuarine
6/11/23 16:55,90.107,5,Estuarine
6/11/23 17:00,90.104,5,Estuarine
6/11/23 17:05,90.242,5,Estuarine
6/11/23 17:10,90.113,5,Estuarine
6/11/23 17:15,90.174,5,Estuarine
6/11/23 17:20,90.223,5,Estuarine
6/11/23 17:25,90.172,5,Estuarine
6/11/23 17:30,90.19,5,Estuarine
6/11/23 17:35,90.117,5,Estuarine
6/11/23 17:40,90.246,5,Estuarine
6/11/23 17:45,90.167,5,Estuarine
6/11/23 17:50,90.081,5,Estuarine
6/11/23 17:55,90.151,5,Estuarine
6/11/23 18:00,90.117,5,Estuarine
6/11/23 18:05,90.082,5,Estuarine
6/11/23 18:10,90.064,5,Estuarine
6/11/23 18:15,89.997,5,Estuarine
6/11/23 18:20,89.999,5,Estuarine
6/11/23 18:25,90.035,5,Estuarine
6/11/23 18:30,90.029,5,Estuarine
6/11/23 18:35,89.974,5,Estuarine
6/11/23 18:40,89.914,5,Estuarine
6/11/23 18:45,89.879,5,Estuarine
6/11/23 18:50,89.854,5,Estuarine
6/11/23 18:55,89.89,5,Estuarine
6/11/23 19:00,89.837,5,Estuarine
6/11/23 19:05,89.736,5,Estuarine
6/11/23 19:10,89.71,5,Estuarine
6/11/23 19:15,89.698,5,Estuarine
6/11/23 19:20,89.659,5,Estuarine
6/11/23 19:25,89.643,5,Estuarine
6/11/23 19:30,89.714,5,Estuarine
6/11/23 19:35,89.65,5,Estuarine
6/11/23 19:40,89.657,5,Estuarine
6/11/23 19:45,89.609,5,Estuarine
6/11/23 19:50,89.582,5,Estuarine
6/11/23 19:55,89.672,5,Estuarine
6/11/23 20:00,89.548,5,Estuarine
6/11/23 20:05,89.625,5,Estuarine
6/11/23 20:10,89.473,5,Estuarine
6/11/23 20:15,89.569,5,Estuarine
6/11/23 20:20,89.532,5,Estuarine
6/11/23 20:25,89.536,5,Estuarine
6/11/23 20:30,89.445,5,Estuarine
6/11/23 20:35,89.467,5,Estuarine
6/11/23 20:40,89.463,5,Estuarine
6/11/23 20:45,89.433,5,Estuarine
6/11/23 20:50,89.471,5,Estuarine
6/11/23 20:55,89.473,5,Estuarine
6/11/23 21:00,89.503,5,Estuarine
6/11/23 21:05,89.47,5,Estuarine
6/11/23 21:10,89.394,5,Estuarine
6/11/23 21:15,89.401,5,Estuarine
6/11/23 21:20,89.381,5,Estuarine
6/11/23 21:25,89.406,5,Estuarine
6/11/23 21:30,89.296,5,Estuarine
6/11/23 21:35,89.335,5,Estuarine
6/11/23 21:40,89.254,5,Estuarine
6/11/23 21:45,89.281,5,Estuarine
6/11/23 21:50,89.266,5,Estuarine
6/11/23 21:55,89.298,5,Estuarine
6/11/23 22:00,89.268,5,Estuarine
6/11/23 22:05,89.218,5,Estuarine
6/11/23 22:10,89.177,5,Estuarine
6/11/23 22:15,89.153,5,Estuarine
6/11/23 22:20,89.233,5,Estuarine
6/11/23 22:25,89.287,5,Estuarine
6/11/23 22:30,89.295,5,Estuarine
6/11/23 22:35,89.335,5,Estuarine
6/11/23 22:40,89.252,5,Estuarine
6/11/23 22:45,89.334,5,Estuarine
6/11/23 22:50,89.277,5,Estuarine
6/11/23 22:55,89.174,5,Estuarine
6/11/23 23:00,89.195,5,Estuarine
6/11/23 23:05,89.298,5,Estuarine
6/11/23 23:10,89.101,5,Estuarine
6/11/23 23:15,89.137,5,Estuarine
6/11/23 23:20,89.158,5,Estuarine
6/11/23 23:25,89.097,5,Estuarine
6/11/23 23:30,89.09,5,Estuarine
6/11/23 23:35,89.04,5,Estuarine
6/11/23 23:40,89.054,5,Estuarine
6/11/23 23:45,89.07,5,Estuarine
6/11/23 23:50,89.013,5,Estuarine
6/11/23 23:55,89.074,5,Estuarine
6/12/23,89.067,5,Estuarine
6/9/23 15:25,82.976,10,Estuarine
6/9/23 15:30,82.995,10,Estuarine
6/9/23 15:35,83.039,10,Estuarine
6/9/23 15:40,83.026,10,Estuarine
6/9/23 15:45,82.996,10,Estuarine
6/9/23 15:50,83.009,10,Estuarine
6/9/23 15:55,82.994,10,Estuarine
6/9/23 16:00,82.986,10,Estuarine
6/9/23 16:05,83.028,10,Estuarine
6/9/23 16:10,83.055,10,Estuarine
6/9/23 16:15,83.049,10,Estuarine
6/9/23 16:20,82.986,10,Estuarine
6/9/23 16:25,82.998,10,Estuarine
6/9/23 16:30,83.012,10,Estuarine
6/9/23 16:35,83.106,10,Estuarine
6/9/23 16:40,83.091,10,Estuarine
6/9/23 16:45,83.092,10,Estuarine
6/9/23 16:50,83.084,10,Estuarine
6/9/23 16:55,83.177,10,Estuarine
6/9/23 17:00,83.07,10,Estuarine
6/9/23 17:05,83.091,10,Estuarine
6/9/23 17:10,83.089,10,Estuarine
6/9/23 17:15,83.084,10,Estuarine
6/9/23 17:20,83.15,10,Estuarine
6/9/23 17:25,83.13,10,Estuarine
6/9/23 17:30,83.194,10,Estuarine
6/9/23 17:35,83.141,10,Estuarine
6/9/23 17:40,83.261,10,Estuarine
6/9/23 17:45,83.238,10,Estuarine
6/9/23 17:50,83.287,10,Estuarine
6/9/23 17:55,83.16,10,Estuarine
6/9/23 18:00,83.19,10,Estuarine
6/9/23 18:05,83.157,10,Estuarine
6/9/23 18:10,83.202,10,Estuarine
6/9/23 18:15,83.195,10,Estuarine
6/9/23 18:20,83.153,10,Estuarine
6/9/23 18:25,83.114,10,Estuarine
6/9/23 18:30,83.09,10,Estuarine
6/9/23 18:35,83.131,10,Estuarine
6/9/23 18:40,83.102,10,Estuarine
6/9/23 18:45,83.017,10,Estuarine
6/9/23 18:50,82.992,10,Estuarine
6/9/23 18:55,82.979,10,Estuarine
6/9/23 19:00,83.045,10,Estuarine
6/9/23 19:05,82.997,10,Estuarine
6/9/23 19:10,82.98,10,Estuarine
6/9/23 19:15,82.916,10,Estuarine
6/9/23 19:20,82.924,10,Estuarine
6/9/23 19:25,82.935,10,Estuarine
6/9/23 19:30,83.07,10,Estuarine
6/9/23 19:35,82.931,10,Estuarine
6/9/23 19:40,82.987,10,Estuarine
6/9/23 19:45,82.999,10,Estuarine
6/9/23 19:50,82.955,10,Estuarine
6/9/23 19:55,83.089,10,Estuarine
6/9/23 20:00,83.045,10,Estuarine
6/9/23 20:05,82.897,10,Estuarine
6/9/23 20:10,82.981,10,Estuarine
6/9/23 20:15,83.026,10,Estuarine
6/9/23 20:20,82.979,10,Estuarine
6/9/23 20:25,82.941,10,Estuarine
6/9/23 20:30,82.974,10,Estuarine
6/9/23 20:35,83.048,10,Estuarine
6/9/23 20:40,83.033,10,Estuarine
6/9/23 20:45,83.119,10,Estuarine
6/9/23 20:50,83.071,10,Estuarine
6/9/23 20:55,83.099,10,Estuarine
6/9/23 21:00,83.073,10,Estuarine
6/9/23 21:05,83.049,10,Estuarine
6/9/23 21:10,83.158,10,Estuarine
6/9/23 21:15,83.121,10,Estuarine
6/9/23 21:20,83.156,10,Estuarine
6/9/23 21:25,83.166,10,Estuarine
6/9/23 21:30,83.033,10,Estuarine
6/9/23 21:35,82.996,10,Estuarine
6/9/23 21:40,83.02,10,Estuarine
6/9/23 21:45,82.968,10,Estuarine
6/9/23 21:50,82.968,10,Estuarine
6/9/23 21:55,82.88,10,Estuarine
6/9/23 22:00,82.837,10,Estuarine
6/9/23 22:05,82.874,10,Estuarine
6/9/23 22:10,82.836,10,Estuarine
6/9/23 22:15,82.779,10,Estuarine
6/9/23 22:20,82.657,10,Estuarine
6/9/23 22:25,82.653,10,Estuarine
6/9/23 22:30,82.677,10,Estuarine
6/9/23 22:35,82.631,10,Estuarine
6/9/23 22:40,82.694,10,Estuarine
6/9/23 22:45,82.607,10,Estuarine
6/9/23 22:50,82.6,10,Estuarine
6/9/23 22:55,82.645,10,Estuarine
6/9/23 23:00,82.633,10,Estuarine
6/9/23 23:05,82.674,10,Estuarine
6/9/23 23:10,82.641,10,Estuarine
6/9/23 23:15,82.657,10,Estuarine
6/9/23 23:20,82.655,10,Estuarine
6/9/23 23:25,82.706,10,Estuarine
6/9/23 23:30,82.731,10,Estuarine
6/9/23 23:35,82.737,10,Estuarine
6/9/23 23:40,82.731,10,Estuarine
6/9/23 23:45,82.777,10,Estuarine
6/9/23 23:50,82.766,10,Estuarine
6/9/23 23:55,82.657,10,Estuarine
6/10/23,82.645,10,Estuarine
6/10/23 0:05,82.584,10,Estuarine
6/10/23 0:10,82.49,10,Estuarine
6/10/23 0:15,82.463,10,Estuarine
6/10/23 0:20,82.429,10,Estuarine
6/10/23 0:25,82.486,10,Estuarine
6/10/23 0:30,82.445,10,Estuarine
6/10/23 0:35,82.426,10,Estuarine
6/10/23 0:40,82.428,10,Estuarine
6/10/23 0:45,82.347,10,Estuarine
6/10/23 0:50,82.366,10,Estuarine
6/10/23 0:55,82.366,10,Estuarine
6/10/23 1:00,82.37,10,Estuarine
6/10/23 1:05,82.398,10,Estuarine
6/10/23 1:10,82.358,10,Estuarine
6/10/23 1:15,82.418,10,Estuarine
6/10/23 1:20,82.43,10,Estuarine
6/10/23 1:25,82.476,10,Estuarine
6/10/23 1:30,82.427,10,Estuarine
6/10/23 1:35,82.444,10,Estuarine
6/10/23 1:40,82.424,10,Estuarine
6/10/23 1:45,82.404,10,Estuarine
6/10/23 1:50,82.336,10,Estuarine
6/10/23 1:55,82.398,10,Estuarine
6/10/23 2:00,82.347,10,Estuarine
6/10/23 2:05,82.358,10,Estuarine
6/10/23 2:10,82.369,10,Estuarine
6/10/23 2:15,82.461,10,Estuarine
6/10/23 2:20,82.464,10,Estuarine
6/10/23 2:25,82.403,10,Estuarine
6/10/23 2:30,82.484,10,Estuarine
6/10/23 2:35,82.411,10,Estuarine
6/10/23 2:40,82.431,10,Estuarine
6/10/23 2:45,82.474,10,Estuarine
6/10/23 2:50,82.446,10,Estuarine
6/10/23 2:55,82.506,10,Estuarine
6/10/23 3:00,82.463,10,Estuarine
6/10/23 3:05,82.388,10,Estuarine
6/10/23 3:10,82.399,10,Estuarine
6/10/23 3:15,82.408,10,Estuarine
6/10/23 3:20,82.291,10,Estuarine
6/10/23 3:25,82.321,10,Estuarine
6/10/23 3:30,82.348,10,Estuarine
6/10/23 3:35,82.292,10,Estuarine
6/10/23 3:40,82.392,10,Estuarine
6/10/23 3:45,82.455,10,Estuarine
6/10/23 3:50,82.407,10,Estuarine
6/10/23 3:55,82.357,10,Estuarine
6/10/23 4:00,82.444,10,Estuarine
6/10/23 4:05,82.548,10,Estuarine
6/10/23 4:10,82.485,10,Estuarine
6/10/23 4:15,82.527,10,Estuarine
6/10/23 4:20,82.516,10,Estuarine
6/10/23 4:25,82.505,10,Estuarine
6/10/23 4:30,82.622,10,Estuarine
6/10/23 4:35,82.55,10,Estuarine
6/10/23 4:40,82.563,10,Estuarine
6/10/23 4:45,82.617,10,Estuarine
6/10/23 4:50,82.603,10,Estuarine
6/10/23 4:55,82.602,10,Estuarine
6/10/23 5:00,82.614,10,Estuarine
6/10/23 5:05,82.645,10,Estuarine
6/10/23 5:10,82.659,10,Estuarine
6/10/23 5:15,82.606,10,Estuarine
6/10/23 5:20,82.624,10,Estuarine
6/10/23 5:25,82.708,10,Estuarine
6/10/23 5:30,82.715,10,Estuarine
6/10/23 5:35,82.686,10,Estuarine
6/10/23 5:40,82.753,10,Estuarine
6/10/23 5:45,82.744,10,Estuarine
6/10/23 5:50,82.727,10,Estuarine
6/10/23 5:55,82.734,10,Estuarine
6/10/23 6:00,82.773,10,Estuarine
6/10/23 6:05,82.751,10,Estuarine
6/10/23 6:10,82.806,10,Estuarine
6/10/23 6:15,82.81,10,Estuarine
6/10/23 6:20,82.743,10,Estuarine
6/10/23 6:25,82.797,10,Estuarine
6/10/23 6:30,82.776,10,Estuarine
6/10/23 6:35,82.889,10,Estuarine
6/10/23 6:40,82.859,10,Estuarine
6/10/23 6:45,82.937,10,Estuarine
6/10/23 6:50,83.011,10,Estuarine
6/10/23 6:55,83.054,10,Estuarine
6/10/23 7:00,83.04,10,Estuarine
6/10/23 7:05,83.069,10,Estuarine
6/10/23 7:10,83.102,10,Estuarine
6/10/23 7:15,83.122,10,Estuarine
6/10/23 7:20,83.123,10,Estuarine
6/10/23 7:25,83.172,10,Estuarine
6/10/23 7:30,83.173,10,Estuarine
6/10/23 7:35,83.267,10,Estuarine
6/10/23 7:40,83.322,10,Estuarine
6/10/23 7:45,83.391,10,Estuarine
6/10/23 7:50,83.425,10,Estuarine
6/10/23 7:55,83.473,10,Estuarine
6/10/23 8:00,83.57,10,Estuarine
6/10/23 8:05,83.531,10,Estuarine
6/10/23 8:10,83.498,10,Estuarine
6/10/23 8:15,83.555,10,Estuarine
6/10/23 8:20,83.597,10,Estuarine
6/10/23 8:25,83.617,10,Estuarine
6/10/23 8:30,83.512,10,Estuarine
6/10/23 8:35,83.568,10,Estuarine
6/10/23 8:40,83.601,10,Estuarine
6/10/23 8:45,83.639,10,Estuarine
6/10/23 8:50,83.692,10,Estuarine
6/10/23 8:55,83.721,10,Estuarine
6/10/23 9:00,83.693,10,Estuarine
6/10/23 9:05,83.616,10,Estuarine
6/10/23 9:10,83.691,10,Estuarine
6/10/23 9:15,83.757,10,Estuarine
6/10/23 9:20,83.787,10,Estuarine
6/10/23 9:25,83.878,10,Estuarine
6/10/23 9:30,83.942,10,Estuarine
6/10/23 9:35,84.007,10,Estuarine
6/10/23 9:40,84.031,10,Estuarine
6/10/23 9:45,83.869,10,Estuarine
6/10/23 9:50,83.873,10,Estuarine
6/10/23 9:55,83.931,10,Estuarine
6/10/23 10:00,84.103,10,Estuarine
6/10/23 10:05,84.093,10,Estuarine
6/10/23 10:10,84.123,10,Estuarine
6/10/23 10:15,84.163,10,Estuarine
6/10/23 10:20,83.998,10,Estuarine
6/10/23 10:25,84.059,10,Estuarine
6/10/23 10:30,84.018,10,Estuarine
6/10/23 10:35,84.12,10,Estuarine
6/10/23 10:40,84.2,10,Estuarine
6/10/23 10:45,84.168,10,Estuarine
6/10/23 10:50,84.226,10,Estuarine
6/10/23 10:55,84.15,10,Estuarine
6/10/23 11:00,84.134,10,Estuarine
6/10/23 11:05,84.068,10,Estuarine
6/10/23 11:10,84.191,10,Estuarine
6/10/23 11:15,84.215,10,Estuarine
6/10/23 11:20,84.336,10,Estuarine
6/10/23 11:25,84.257,10,Estuarine
6/10/23 11:30,84.35,10,Estuarine
6/10/23 11:35,84.369,10,Estuarine
6/10/23 11:40,84.363,10,Estuarine
6/10/23 11:45,84.421,10,Estuarine
6/10/23 11:50,84.384,10,Estuarine
6/10/23 11:55,84.355,10,Estuarine
6/10/23 12:00,84.401,10,Estuarine
6/10/23 12:05,84.331,10,Estuarine
6/10/23 12:10,84.504,10,Estuarine
6/10/23 12:15,84.383,10,Estuarine
6/10/23 12:20,84.453,10,Estuarine
6/10/23 12:25,84.369,10,Estuarine
6/10/23 12:30,84.437,10,Estuarine
6/10/23 12:35,84.498,10,Estuarine
6/10/23 12:40,84.351,10,Estuarine
6/10/23 12:45,84.463,10,Estuarine
6/10/23 12:50,84.476,10,Estuarine
6/10/23 12:55,84.504,10,Estuarine
6/10/23 13:00,84.514,10,Estuarine
6/10/23 13:05,84.594,10,Estuarine
6/10/23 13:10,84.595,10,Estuarine
6/10/23 13:15,84.613,10,Estuarine
6/10/23 13:20,84.639,10,Estuarine
6/10/23 13:25,84.63,10,Estuarine
6/10/23 13:30,84.563,10,Estuarine
6/10/23 13:35,84.638,10,Estuarine
6/10/23 13:40,84.596,10,Estuarine
6/10/23 13:45,84.696,10,Estuarine
6/10/23 13:50,84.661,10,Estuarine
6/10/23 13:55,84.52,10,Estuarine
6/10/23 14:00,84.59,10,Estuarine
6/10/23 14:05,84.538,10,Estuarine
6/10/23 14:10,84.609,10,Estuarine
6/10/23 14:15,84.705,10,Estuarine
6/10/23 14:20,84.83,10,Estuarine
6/10/23 14:25,84.709,10,Estuarine
6/10/23 14:30,84.704,10,Estuarine
6/10/23 14:35,84.848,10,Estuarine
6/10/23 14:40,84.879,10,Estuarine
6/10/23 14:45,84.901,10,Estuarine
6/10/23 14:50,84.832,10,Estuarine
6/10/23 14:55,84.871,10,Estuarine
6/10/23 15:00,84.897,10,Estuarine
6/10/23 15:05,84.987,10,Estuarine
6/10/23 15:10,84.943,10,Estuarine
6/10/23 15:15,84.908,10,Estuarine
6/10/23 15:20,84.864,10,Estuarine
6/10/23 15:25,84.846,10,Estuarine
6/10/23 15:30,84.851,10,Estuarine
6/10/23 15:35,84.848,10,Estuarine
6/10/23 15:40,84.906,10,Estuarine
6/10/23 15:45,84.929,10,Estuarine
6/10/23 15:50,84.967,10,Estuarine
6/10/23 15:55,84.955,10,Estuarine
6/10/23 16:00,84.927,10,Estuarine
6/10/23 16:05,84.991,10,Estuarine
6/10/23 16:10,84.976,10,Estuarine
6/10/23 16:15,85.026,10,Estuarine
6/10/23 16:20,85.07,10,Estuarine
6/10/23 16:25,84.979,10,Estuarine
6/10/23 16:30,85.004,10,Estuarine
6/10/23 16:35,84.948,10,Estuarine
6/10/23 16:40,85.094,10,Estuarine
6/10/23 16:45,85.049,10,Estuarine
6/10/23 16:50,85.026,10,Estuarine
6/10/23 16:55,85.05,10,Estuarine
6/10/23 17:00,84.941,10,Estuarine
6/10/23 17:05,84.92,10,Estuarine
6/10/23 17:10,84.964,10,Estuarine
6/10/23 17:15,84.928,10,Estuarine
6/10/23 17:20,84.96,10,Estuarine
6/10/23 17:25,84.871,10,Estuarine
6/10/23 17:30,84.852,10,Estuarine
6/10/23 17:35,84.84,10,Estuarine
6/10/23 17:40,84.903,10,Estuarine
6/10/23 17:45,84.837,10,Estuarine
6/10/23 17:50,84.781,10,Estuarine
6/10/23 17:55,84.775,10,Estuarine
6/10/23 18:00,84.758,10,Estuarine
6/10/23 18:05,84.837,10,Estuarine
6/10/23 18:10,84.886,10,Estuarine
6/10/23 18:15,84.878,10,Estuarine
6/10/23 18:20,84.861,10,Estuarine
6/10/23 18:25,84.901,10,Estuarine
6/10/23 18:30,84.879,10,Estuarine
6/10/23 18:35,84.831,10,Estuarine
6/10/23 18:40,84.735,10,Estuarine
6/10/23 18:45,84.699,10,Estuarine
6/10/23 18:50,84.71,10,Estuarine
6/10/23 18:55,84.678,10,Estuarine
6/10/23 19:00,84.687,10,Estuarine
6/10/23 19:05,84.66,10,Estuarine
6/10/23 19:10,84.59,10,Estuarine
6/10/23 19:15,84.593,10,Estuarine
6/10/23 19:20,84.577,10,Estuarine
6/10/23 19:25,84.497,10,Estuarine
6/10/23 19:30,84.543,10,Estuarine
6/10/23 19:35,84.529,10,Estuarine
6/10/23 19:40,84.441,10,Estuarine
6/10/23 19:45,84.51,10,Estuarine
6/10/23 19:50,84.54,10,Estuarine
6/10/23 19:55,84.45,10,Estuarine
6/10/23 20:00,84.417,10,Estuarine
6/10/23 20:05,84.478,10,Estuarine
6/10/23 20:10,84.417,10,Estuarine
6/10/23 20:15,84.362,10,Estuarine
6/10/23 20:20,84.369,10,Estuarine
6/10/23 20:25,84.486,10,Estuarine
6/10/23 20:30,84.388,10,Estuarine
6/10/23 20:35,84.419,10,Estuarine
6/10/23 20:40,84.44,10,Estuarine
6/10/23 20:45,84.421,10,Estuarine
6/10/23 20:50,84.466,10,Estuarine
6/10/23 20:55,84.413,10,Estuarine
6/10/23 21:00,84.418,10,Estuarine
6/10/23 21:05,84.432,10,Estuarine
6/10/23 21:10,84.437,10,Estuarine
6/10/23 21:15,84.389,10,Estuarine
6/10/23 21:20,84.428,10,Estuarine
6/10/23 21:25,84.389,10,Estuarine
6/10/23 21:30,84.339,10,Estuarine
6/10/23 21:35,84.301,10,Estuarine
6/10/23 21:40,84.284,10,Estuarine
6/10/23 21:45,84.253,10,Estuarine
6/10/23 21:50,84.237,10,Estuarine
6/10/23 21:55,84.244,10,Estuarine
6/10/23 22:00,84.215,10,Estuarine
6/10/23 22:05,84.249,10,Estuarine
6/10/23 22:10,84.131,10,Estuarine
6/10/23 22:15,84.15,10,Estuarine
6/10/23 22:20,84.148,10,Estuarine
6/10/23 22:25,84.129,10,Estuarine
6/10/23 22:30,84.109,10,Estuarine
6/10/23 22:35,84.095,10,Estuarine
6/10/23 22:40,84.143,10,Estuarine
6/10/23 22:45,84.135,10,Estuarine
6/10/23 22:50,84.081,10,Estuarine
6/10/23 22:55,84.09,10,Estuarine
6/10/23 23:00,84.116,10,Estuarine
6/10/23 23:05,84.154,10,Estuarine
6/10/23 23:10,84.104,10,Estuarine
6/10/23 23:15,84.095,10,Estuarine
6/10/23 23:20,84.067,10,Estuarine
6/10/23 23:25,84.071,10,Estuarine
6/10/23 23:30,84.09,10,Estuarine
6/10/23 23:35,84.037,10,Estuarine
6/10/23 23:40,84.041,10,Estuarine
6/10/23 23:45,83.971,10,Estuarine
6/10/23 23:50,84.034,10,Estuarine
6/10/23 23:55,84.02,10,Estuarine
6/11/23,84.067,10,Estuarine
6/11/23 0:05,84.051,10,Estuarine
6/11/23 0:10,84.079,10,Estuarine
6/11/23 0:15,84.062,10,Estuarine
6/11/23 0:20,84.003,10,Estuarine
6/11/23 0:25,84.091,10,Estuarine
6/11/23 0:30,84.061,10,Estuarine
6/11/23 0:35,84.001,10,Estuarine
6/11/23 0:40,83.994,10,Estuarine
6/11/23 0:45,84.057,10,Estuarine
6/11/23 0:50,83.987,10,Estuarine
6/11/23 0:55,84.026,10,Estuarine
6/11/23 1:00,83.972,10,Estuarine
6/11/23 1:05,83.977,10,Estuarine
6/11/23 1:10,83.984,10,Estuarine
6/11/23 1:15,83.986,10,Estuarine
6/11/23 1:20,83.926,10,Estuarine
6/11/23 1:25,84.045,10,Estuarine
6/11/23 1:30,83.923,10,Estuarine
6/11/23 1:35,83.907,10,Estuarine
6/11/23 1:40,83.956,10,Estuarine
6/11/23 1:45,83.905,10,Estuarine
6/11/23 1:50,83.944,10,Estuarine
6/11/23 1:55,83.909,10,Estuarine
6/11/23 2:00,83.905,10,Estuarine
6/11/23 2:05,83.867,10,Estuarine
6/11/23 2:10,83.94,10,Estuarine
6/11/23 2:15,83.959,10,Estuarine
6/11/23 2:20,83.9,10,Estuarine
6/11/23 2:25,83.846,10,Estuarine
6/11/23 2:30,83.875,10,Estuarine
6/11/23 2:35,83.977,10,Estuarine
6/11/23 2:40,83.82,10,Estuarine
6/11/23 2:45,83.878,10,Estuarine
6/11/23 2:50,83.859,10,Estuarine
6/11/23 2:55,83.756,10,Estuarine
6/11/23 3:00,83.823,10,Estuarine
6/11/23 3:05,83.829,10,Estuarine
6/11/23 3:10,83.914,10,Estuarine
6/11/23 3:15,83.882,10,Estuarine
6/11/23 3:20,83.844,10,Estuarine
6/11/23 3:25,83.882,10,Estuarine
6/11/23 3:30,83.908,10,Estuarine
6/11/23 3:35,83.929,10,Estuarine
6/11/23 3:40,83.99,10,Estuarine
6/11/23 3:45,83.962,10,Estuarine
6/11/23 3:50,83.941,10,Estuarine
6/11/23 3:55,83.888,10,Estuarine
6/11/23 4:00,83.917,10,Estuarine
6/11/23 4:05,83.838,10,Estuarine
6/11/23 4:10,83.934,10,Estuarine
6/11/23 4:15,83.869,10,Estuarine
6/11/23 4:20,83.807,10,Estuarine
6/11/23 4:25,83.842,10,Estuarine
6/11/23 4:30,83.872,10,Estuarine
6/11/23 4:35,83.926,10,Estuarine
6/11/23 4:40,84.004,10,Estuarine
6/11/23 4:45,83.973,10,Estuarine
6/11/23 4:50,83.993,10,Estuarine
6/11/23 4:55,83.907,10,Estuarine
6/11/23 5:00,83.917,10,Estuarine
6/11/23 5:05,83.944,10,Estuarine
6/11/23 5:10,83.94,10,Estuarine
6/11/23 5:15,83.956,10,Estuarine
6/11/23 5:20,83.833,10,Estuarine
6/11/23 5:25,83.864,10,Estuarine
6/11/23 5:30,83.812,10,Estuarine
6/11/23 5:35,83.988,10,Estuarine
6/11/23 5:40,84.068,10,Estuarine
6/11/23 5:45,84.066,10,Estuarine
6/11/23 5:50,84.048,10,Estuarine
6/11/23 5:55,84.02,10,Estuarine
6/11/23 6:00,84.056,10,Estuarine
6/11/23 6:05,84.145,10,Estuarine
6/11/23 6:10,84.133,10,Estuarine
6/11/23 6:15,84.075,10,Estuarine
6/11/23 6:20,84.154,10,Estuarine
6/11/23 6:25,84.244,10,Estuarine
6/11/23 6:30,84.215,10,Estuarine
6/11/23 6:35,84.276,10,Estuarine
6/11/23 6:40,84.144,10,Estuarine
6/11/23 6:45,84.151,10,Estuarine
6/11/23 6:50,84.251,10,Estuarine
6/11/23 6:55,84.216,10,Estuarine
6/11/23 7:00,84.31,10,Estuarine
6/11/23 7:05,84.224,10,Estuarine
6/11/23 7:10,84.334,10,Estuarine
6/11/23 7:15,84.274,10,Estuarine
6/11/23 7:20,84.319,10,Estuarine
6/11/23 7:25,84.437,10,Estuarine
6/11/23 7:30,84.373,10,Estuarine
6/11/23 7:35,84.411,10,Estuarine
6/11/23 7:40,84.5,10,Estuarine
6/11/23 7:45,84.511,10,Estuarine
6/11/23 7:50,84.524,10,Estuarine
6/11/23 7:55,84.539,10,Estuarine
6/11/23 8:00,84.561,10,Estuarine
6/11/23 8:05,84.681,10,Estuarine
6/11/23 8:10,84.805,10,Estuarine
6/11/23 8:15,84.746,10,Estuarine
6/11/23 8:20,84.712,10,Estuarine
6/11/23 8:25,84.839,10,Estuarine
6/11/23 8:30,84.822,10,Estuarine
6/11/23 8:35,84.884,10,Estuarine
6/11/23 8:40,84.902,10,Estuarine
6/11/23 8:45,84.903,10,Estuarine
6/11/23 8:50,84.81,10,Estuarine
6/11/23 8:55,84.934,10,Estuarine
6/11/23 9:00,84.844,10,Estuarine
6/11/23 9:05,84.929,10,Estuarine
6/11/23 9:10,84.868,10,Estuarine
6/11/23 9:15,84.841,10,Estuarine
6/11/23 9:20,84.906,10,Estuarine
6/11/23 9:25,84.975,10,Estuarine
6/11/23 9:30,85.092,10,Estuarine
6/11/23 9:35,85.056,10,Estuarine
6/11/23 9:40,84.968,10,Estuarine
6/11/23 9:45,85.002,10,Estuarine
6/11/23 9:50,84.975,10,Estuarine
6/11/23 9:55,85.085,10,Estuarine
6/11/23 10:00,85.089,10,Estuarine
6/11/23 10:05,85.117,10,Estuarine
6/11/23 10:10,85.196,10,Estuarine
6/11/23 10:15,85.238,10,Estuarine
6/11/23 10:20,85.181,10,Estuarine
6/11/23 10:25,85.265,10,Estuarine
6/11/23 10:30,85.313,10,Estuarine
6/11/23 10:35,85.277,10,Estuarine
6/11/23 10:40,85.222,10,Estuarine
6/11/23 10:45,85.183,10,Estuarine
6/11/23 10:50,85.106,10,Estuarine
6/11/23 10:55,85.271,10,Estuarine
6/11/23 11:00,85.299,10,Estuarine
6/11/23 11:05,85.253,10,Estuarine
6/11/23 11:10,85.313,10,Estuarine
6/11/23 11:15,85.287,10,Estuarine
6/11/23 11:20,85.338,10,Estuarine
6/11/23 11:25,85.374,10,Estuarine
6/11/23 11:30,85.309,10,Estuarine
6/11/23 11:35,85.297,10,Estuarine
6/11/23 11:40,85.328,10,Estuarine
6/11/23 11:45,85.318,10,Estuarine
6/11/23 11:50,85.311,10,Estuarine
6/11/23 11:55,85.304,10,Estuarine
6/11/23 12:00,85.309,10,Estuarine
6/11/23 12:05,85.366,10,Estuarine
6/11/23 12:10,85.391,10,Estuarine
6/11/23 12:15,85.338,10,Estuarine
6/11/23 12:20,85.317,10,Estuarine
6/11/23 12:25,85.371,10,Estuarine
6/11/23 12:30,85.408,10,Estuarine
6/11/23 12:35,85.404,10,Estuarine
6/11/23 12:40,85.448,10,Estuarine
6/11/23 12:45,85.462,10,Estuarine
6/11/23 12:50,85.426,10,Estuarine
6/11/23 12:55,85.492,10,Estuarine
6/11/23 13:00,85.47,10,Estuarine
6/11/23 13:05,85.481,10,Estuarine
6/11/23 13:10,85.547,10,Estuarine
6/11/23 13:15,85.5,10,Estuarine
6/11/23 13:20,85.52,10,Estuarine
6/11/23 13:25,85.473,10,Estuarine
6/11/23 13:30,85.523,10,Estuarine
6/11/23 13:35,85.623,10,Estuarine
6/11/23 13:40,85.535,10,Estuarine
6/11/23 13:45,85.573,10,Estuarine
6/11/23 13:50,85.53,10,Estuarine
6/11/23 13:55,85.489,10,Estuarine
6/11/23 14:00,85.455,10,Estuarine
6/11/23 14:05,85.482,10,Estuarine
6/11/23 14:10,85.542,10,Estuarine
6/11/23 14:15,85.546,10,Estuarine
6/11/23 14:20,85.507,10,Estuarine
6/11/23 14:25,85.44,10,Estuarine
6/11/23 14:30,85.523,10,Estuarine
6/11/23 14:35,85.482,10,Estuarine
6/11/23 14:40,85.589,10,Estuarine
6/11/23 14:45,85.525,10,Estuarine
6/11/23 14:50,85.465,10,Estuarine
6/11/23 14:55,85.485,10,Estuarine
6/11/23 15:00,85.561,10,Estuarine
6/11/23 15:05,85.524,10,Estuarine
6/11/23 15:10,85.574,10,Estuarine
6/11/23 15:15,85.608,10,Estuarine
6/11/23 15:20,85.624,10,Estuarine
6/11/23 15:25,85.613,10,Estuarine
6/11/23 15:30,85.639,10,Estuarine
6/11/23 15:35,85.591,10,Estuarine
6/11/23 15:40,85.612,10,Estuarine
6/11/23 15:45,85.639,10,Estuarine
6/11/23 15:50,85.641,10,Estuarine
6/11/23 15:55,85.652,10,Estuarine
6/11/23 16:00,85.629,10,Estuarine
6/11/23 16:05,85.701,10,Estuarine
6/11/23 16:10,85.708,10,Estuarine
6/11/23 16:15,85.676,10,Estuarine
6/11/23 16:20,85.586,10,Estuarine
6/11/23 16:25,85.501,10,Estuarine
6/11/23 16:30,85.558,10,Estuarine
6/11/23 16:35,85.494,10,Estuarine
6/11/23 16:40,85.532,10,Estuarine
6/11/23 16:45,85.493,10,Estuarine
6/11/23 16:50,85.427,10,Estuarine
6/11/23 16:55,85.451,10,Estuarine
6/11/23 17:00,85.378,10,Estuarine
6/11/23 17:05,85.475,10,Estuarine
6/11/23 17:10,85.382,10,Estuarine
6/11/23 17:15,85.451,10,Estuarine
6/11/23 17:20,85.447,10,Estuarine
6/11/23 17:25,85.535,10,Estuarine
6/11/23 17:30,85.446,10,Estuarine
6/11/23 17:35,85.453,10,Estuarine
6/11/23 17:40,85.491,10,Estuarine
6/11/23 17:45,85.418,10,Estuarine
6/11/23 17:50,85.357,10,Estuarine
6/11/23 17:55,85.419,10,Estuarine
6/11/23 18:00,85.394,10,Estuarine
6/11/23 18:05,85.458,10,Estuarine
6/11/23 18:10,85.406,10,Estuarine
6/11/23 18:15,85.461,10,Estuarine
6/11/23 18:20,85.243,10,Estuarine
6/11/23 18:25,85.326,10,Estuarine
6/11/23 18:30,85.291,10,Estuarine
6/11/23 18:35,85.278,10,Estuarine
6/11/23 18:40,85.293,10,Estuarine
6/11/23 18:45,85.2,10,Estuarine
6/11/23 18:50,85.194,10,Estuarine
6/11/23 18:55,85.112,10,Estuarine
6/11/23 19:00,85.065,10,Estuarine
6/11/23 19:05,85.049,10,Estuarine
6/11/23 19:10,85.051,10,Estuarine
6/11/23 19:15,85.117,10,Estuarine
6/11/23 19:20,85.112,10,Estuarine
6/11/23 19:25,85.072,10,Estuarine
6/11/23 19:30,85.018,10,Estuarine
6/11/23 19:35,85.061,10,Estuarine
6/11/23 19:40,84.903,10,Estuarine
6/11/23 19:45,84.934,10,Estuarine
6/11/23 19:50,84.957,10,Estuarine
6/11/23 19:55,84.961,10,Estuarine
6/11/23 20:00,84.931,10,Estuarine
6/11/23 20:05,84.935,10,Estuarine
6/11/23 20:10,84.881,10,Estuarine
6/11/23 20:15,84.886,10,Estuarine
6/11/23 20:20,84.992,10,Estuarine
6/11/23 20:25,85.014,10,Estuarine
6/11/23 20:30,84.886,10,Estuarine
6/11/23 20:35,84.871,10,Estuarine
6/11/23 20:40,84.906,10,Estuarine
6/11/23 20:45,84.956,10,Estuarine
6/11/23 20:50,84.909,10,Estuarine
6/11/23 20:55,84.887,10,Estuarine
6/11/23 21:00,84.887,10,Estuarine
6/11/23 21:05,84.855,10,Estuarine
6/11/23 21:10,84.824,10,Estuarine
6/11/23 21:15,84.866,10,Estuarine
6/11/23 21:20,84.764,10,Estuarine
6/11/23 21:25,84.832,10,Estuarine
6/11/23 21:30,84.783,10,Estuarine
6/11/23 21:35,84.837,10,Estuarine
6/11/23 21:40,84.668,10,Estuarine
6/11/23 21:45,84.693,10,Estuarine
6/11/23 21:50,84.63,10,Estuarine
6/11/23 21:55,84.572,10,Estuarine
6/11/23 22:00,84.657,10,Estuarine
6/11/23 22:05,84.704,10,Estuarine
6/11/23 22:10,84.651,10,Estuarine
6/11/23 22:15,84.639,10,Estuarine
6/11/23 22:20,84.658,10,Estuarine
6/11/23 22:25,84.699,10,Estuarine
6/11/23 22:30,84.742,10,Estuarine
6/11/23 22:35,84.711,10,Estuarine
6/11/23 22:40,84.625,10,Estuarine
6/11/23 22:45,84.679,10,Estuarine
6/11/23 22:50,84.677,10,Estuarine
6/11/23 22:55,84.583,10,Estuarine
6/11/23 23:00,84.634,10,Estuarine
6/11/23 23:05,84.666,10,Estuarine
6/11/23 23:10,84.635,10,Estuarine
6/11/23 23:15,84.546,10,Estuarine
6/11/23 23:20,84.579,10,Estuarine
6/11/23 23:25,84.559,10,Estuarine
6/11/23 23:30,84.538,10,Estuarine
6/11/23 23:35,84.529,10,Estuarine
6/11/23 23:40,84.517,10,Estuarine
6/11/23 23:45,84.403,10,Estuarine
6/11/23 23:50,84.46,10,Estuarine
6/11/23 23:55,84.492,10,Estuarine
6/12/23,84.474,10,Estuarine
6/9/23 15:25,80.787,20,Estuarine
6/9/23 15:30,80.757,20,Estuarine
6/9/23 15:35,80.774,20,Estuarine
6/9/23 15:40,80.807,20,Estuarine
6/9/23 15:45,80.861,20,Estuarine
6/9/23 15:50,80.815,20,Estuarine
6/9/23 15:55,80.776,20,Estuarine
6/9/23 16:00,80.87,20,Estuarine
6/9/23 16:05,80.783,20,Estuarine
6/9/23 16:10,80.865,20,Estuarine
6/9/23 16:15,80.901,20,Estuarine
6/9/23 16:20,80.801,20,Estuarine
6/9/23 16:25,80.836,20,Estuarine
6/9/23 16:30,80.891,20,Estuarine
6/9/23 16:35,80.947,20,Estuarine
6/9/23 16:40,80.91,20,Estuarine
6/9/23 16:45,80.865,20,Estuarine
6/9/23 16:50,80.898,20,Estuarine
6/9/23 16:55,80.937,20,Estuarine
6/9/23 17:00,81.008,20,Estuarine
6/9/23 17:05,80.972,20,Estuarine
6/9/23 17:10,81.031,20,Estuarine
6/9/23 17:15,81.063,20,Estuarine
6/9/23 17:20,81.107,20,Estuarine
6/9/23 17:25,81.067,20,Estuarine
6/9/23 17:30,81.001,20,Estuarine
6/9/23 17:35,81.068,20,Estuarine
6/9/23 17:40,81.141,20,Estuarine
6/9/23 17:45,81.117,20,Estuarine
6/9/23 17:50,81.172,20,Estuarine
6/9/23 17:55,81.051,20,Estuarine
6/9/23 18:00,81.068,20,Estuarine
6/9/23 18:05,81.124,20,Estuarine
6/9/23 18:10,81.08,20,Estuarine
6/9/23 18:15,81.117,20,Estuarine
6/9/23 18:20,81.066,20,Estuarine
6/9/23 18:25,81.038,20,Estuarine
6/9/23 18:30,81.033,20,Estuarine
6/9/23 18:35,81.061,20,Estuarine
6/9/23 18:40,81.033,20,Estuarine
6/9/23 18:45,81.061,20,Estuarine
6/9/23 18:50,80.991,20,Estuarine
6/9/23 18:55,80.995,20,Estuarine
6/9/23 19:00,80.925,20,Estuarine
6/9/23 19:05,80.945,20,Estuarine
6/9/23 19:10,80.939,20,Estuarine
6/9/23 19:15,80.915,20,Estuarine
6/9/23 19:20,80.864,20,Estuarine
6/9/23 19:25,80.826,20,Estuarine
6/9/23 19:30,80.877,20,Estuarine
6/9/23 19:35,80.943,20,Estuarine
6/9/23 19:40,80.873,20,Estuarine
6/9/23 19:45,80.819,20,Estuarine
6/9/23 19:50,80.87,20,Estuarine
6/9/23 19:55,80.872,20,Estuarine
6/9/23 20:00,80.887,20,Estuarine
6/9/23 20:05,80.813,20,Estuarine
6/9/23 20:10,80.865,20,Estuarine
6/9/23 20:15,80.884,20,Estuarine
6/9/23 20:20,80.827,20,Estuarine
6/9/23 20:25,80.842,20,Estuarine
6/9/23 20:30,80.88,20,Estuarine
6/9/23 20:35,80.931,20,Estuarine
6/9/23 20:40,80.952,20,Estuarine
6/9/23 20:45,80.96,20,Estuarine
6/9/23 20:50,80.986,20,Estuarine
6/9/23 20:55,81.038,20,Estuarine
6/9/23 21:00,81.044,20,Estuarine
6/9/23 21:05,81.073,20,Estuarine
6/9/23 21:10,81.103,20,Estuarine
6/9/23 21:15,81.107,20,Estuarine
6/9/23 21:20,81.122,20,Estuarine
6/9/23 21:25,81.067,20,Estuarine
6/9/23 21:30,81.092,20,Estuarine
6/9/23 21:35,80.971,20,Estuarine
6/9/23 21:40,80.999,20,Estuarine
6/9/23 21:45,80.995,20,Estuarine
6/9/23 21:50,80.929,20,Estuarine
6/9/23 21:55,80.92,20,Estuarine
6/9/23 22:00,80.941,20,Estuarine
6/9/23 22:05,80.932,20,Estuarine
6/9/23 22:10,80.83,20,Estuarine
6/9/23 22:15,80.811,20,Estuarine
6/9/23 22:20,80.738,20,Estuarine
6/9/23 22:25,80.702,20,Estuarine
6/9/23 22:30,80.7,20,Estuarine
6/9/23 22:35,80.629,20,Estuarine
6/9/23 22:40,80.643,20,Estuarine
6/9/23 22:45,80.644,20,Estuarine
6/9/23 22:50,80.678,20,Estuarine
6/9/23 22:55,80.654,20,Estuarine
6/9/23 23:00,80.671,20,Estuarine
6/9/23 23:05,80.683,20,Estuarine
6/9/23 23:10,80.658,20,Estuarine
6/9/23 23:15,80.671,20,Estuarine
6/9/23 23:20,80.717,20,Estuarine
6/9/23 23:25,80.773,20,Estuarine
6/9/23 23:30,80.723,20,Estuarine
6/9/23 23:35,80.759,20,Estuarine
6/9/23 23:40,80.745,20,Estuarine
6/9/23 23:45,80.765,20,Estuarine
6/9/23 23:50,80.783,20,Estuarine
6/9/23 23:55,80.739,20,Estuarine
6/10/23,80.789,20,Estuarine
6/10/23 0:05,80.74,20,Estuarine
6/10/23 0:10,80.71,20,Estuarine
6/10/23 0:15,80.597,20,Estuarine
6/10/23 0:20,80.583,20,Estuarine
6/10/23 0:25,80.583,20,Estuarine
6/10/23 0:30,80.567,20,Estuarine
6/10/23 0:35,80.519,20,Estuarine
6/10/23 0:40,80.524,20,Estuarine
6/10/23 0:45,80.463,20,Estuarine
6/10/23 0:50,80.439,20,Estuarine
6/10/23 0:55,80.478,20,Estuarine
6/10/23 1:00,80.532,20,Estuarine
6/10/23 1:05,80.482,20,Estuarine
6/10/23 1:10,80.516,20,Estuarine
6/10/23 1:15,80.53,20,Estuarine
6/10/23 1:20,80.506,20,Estuarine
6/10/23 1:25,80.511,20,Estuarine
6/10/23 1:30,80.551,20,Estuarine
6/10/23 1:35,80.563,20,Estuarine
6/10/23 1:40,80.537,20,Estuarine
6/10/23 1:45,80.492,20,Estuarine
6/10/23 1:50,80.478,20,Estuarine
6/10/23 1:55,80.465,20,Estuarine
6/10/23 2:00,80.508,20,Estuarine
6/10/23 2:05,80.486,20,Estuarine
6/10/23 2:10,80.583,20,Estuarine
6/10/23 2:15,80.528,20,Estuarine
6/10/23 2:20,80.584,20,Estuarine
6/10/23 2:25,80.615,20,Estuarine
6/10/23 2:30,80.655,20,Estuarine
6/10/23 2:35,80.686,20,Estuarine
6/10/23 2:40,80.649,20,Estuarine
6/10/23 2:45,80.625,20,Estuarine
6/10/23 2:50,80.735,20,Estuarine
6/10/23 2:55,80.694,20,Estuarine
6/10/23 3:00,80.634,20,Estuarine
6/10/23 3:05,80.704,20,Estuarine
6/10/23 3:10,80.64,20,Estuarine
6/10/23 3:15,80.646,20,Estuarine
6/10/23 3:20,80.682,20,Estuarine
6/10/23 3:25,80.63,20,Estuarine
6/10/23 3:30,80.667,20,Estuarine
6/10/23 3:35,80.644,20,Estuarine
6/10/23 3:40,80.659,20,Estuarine
6/10/23 3:45,80.695,20,Estuarine
6/10/23 3:50,80.705,20,Estuarine
6/10/23 3:55,80.695,20,Estuarine
6/10/23 4:00,80.824,20,Estuarine
6/10/23 4:05,80.859,20,Estuarine
6/10/23 4:10,80.828,20,Estuarine
6/10/23 4:15,80.907,20,Estuarine
6/10/23 4:20,80.851,20,Estuarine
6/10/23 4:25,80.869,20,Estuarine
6/10/23 4:30,80.96,20,Estuarine
6/10/23 4:35,80.985,20,Estuarine
6/10/23 4:40,80.953,20,Estuarine
6/10/23 4:45,80.939,20,Estuarine
6/10/23 4:50,81.024,20,Estuarine
6/10/23 4:55,81.034,20,Estuarine
6/10/23 5:00,80.99,20,Estuarine
6/10/23 5:05,81.007,20,Estuarine
6/10/23 5:10,80.995,20,Estuarine
6/10/23 5:15,81.058,20,Estuarine
6/10/23 5:20,81.061,20,Estuarine
6/10/23 5:25,81.11,20,Estuarine
6/10/23 5:30,81.155,20,Estuarine
6/10/23 5:35,81.152,20,Estuarine
6/10/23 5:40,81.166,20,Estuarine
6/10/23 5:45,81.237,20,Estuarine
6/10/23 5:50,81.19,20,Estuarine
6/10/23 5:55,81.229,20,Estuarine
6/10/23 6:00,81.279,20,Estuarine
6/10/23 6:05,81.29,20,Estuarine
6/10/23 6:10,81.255,20,Estuarine
6/10/23 6:15,81.203,20,Estuarine
6/10/23 6:20,81.292,20,Estuarine
6/10/23 6:25,81.277,20,Estuarine
6/10/23 6:30,81.274,20,Estuarine
6/10/23 6:35,81.326,20,Estuarine
6/10/23 6:40,81.397,20,Estuarine
6/10/23 6:45,81.408,20,Estuarine
6/10/23 6:50,81.461,20,Estuarine
6/10/23 6:55,81.524,20,Estuarine
6/10/23 7:00,81.546,20,Estuarine
6/10/23 7:05,81.582,20,Estuarine
6/10/23 7:10,81.653,20,Estuarine
6/10/23 7:15,81.721,20,Estuarine
6/10/23 7:20,81.658,20,Estuarine
6/10/23 7:25,81.775,20,Estuarine
6/10/23 7:30,81.748,20,Estuarine
6/10/23 7:35,81.778,20,Estuarine
6/10/23 7:40,81.827,20,Estuarine
6/10/23 7:45,81.939,20,Estuarine
6/10/23 7:50,81.949,20,Estuarine
6/10/23 7:55,81.961,20,Estuarine
6/10/23 8:00,81.951,20,Estuarine
6/10/23 8:05,81.959,20,Estuarine
6/10/23 8:10,81.977,20,Estuarine
6/10/23 8:15,82.008,20,Estuarine
6/10/23 8:20,82.082,20,Estuarine
6/10/23 8:25,82.056,20,Estuarine
6/10/23 8:30,82.029,20,Estuarine
6/10/23 8:35,82.078,20,Estuarine
6/10/23 8:40,82.007,20,Estuarine
6/10/23 8:45,82.058,20,Estuarine
6/10/23 8:50,82.136,20,Estuarine
6/10/23 8:55,82.163,20,Estuarine
6/10/23 9:00,82.159,20,Estuarine
6/10/23 9:05,82.105,20,Estuarine
6/10/23 9:10,82.12,20,Estuarine
6/10/23 9:15,82.147,20,Estuarine
6/10/23 9:20,82.246,20,Estuarine
6/10/23 9:25,82.257,20,Estuarine
6/10/23 9:30,82.273,20,Estuarine
6/10/23 9:35,82.327,20,Estuarine
6/10/23 9:40,82.331,20,Estuarine
6/10/23 9:45,82.314,20,Estuarine
6/10/23 9:50,82.263,20,Estuarine
6/10/23 9:55,82.29,20,Estuarine
6/10/23 10:00,82.405,20,Estuarine
6/10/23 10:05,82.411,20,Estuarine
6/10/23 10:10,82.406,20,Estuarine
6/10/23 10:15,82.408,20,Estuarine
6/10/23 10:20,82.444,20,Estuarine
6/10/23 10:25,82.441,20,Estuarine
6/10/23 10:30,82.39,20,Estuarine
6/10/23 10:35,82.366,20,Estuarine
6/10/23 10:40,82.429,20,Estuarine
6/10/23 10:45,82.487,20,Estuarine
6/10/23 10:50,82.445,20,Estuarine
6/10/23 10:55,82.458,20,Estuarine
6/10/23 11:00,82.364,20,Estuarine
6/10/23 11:05,82.375,20,Estuarine
6/10/23 11:10,82.404,20,Estuarine
6/10/23 11:15,82.383,20,Estuarine
6/10/23 11:20,82.471,20,Estuarine
6/10/23 11:25,82.43,20,Estuarine
6/10/23 11:30,82.512,20,Estuarine
6/10/23 11:35,82.485,20,Estuarine
6/10/23 11:40,82.583,20,Estuarine
6/10/23 11:45,82.527,20,Estuarine
6/10/23 11:50,82.514,20,Estuarine
6/10/23 11:55,82.475,20,Estuarine
6/10/23 12:00,82.458,20,Estuarine
6/10/23 12:05,82.559,20,Estuarine
6/10/23 12:10,82.53,20,Estuarine
6/10/23 12:15,82.472,20,Estuarine
6/10/23 12:20,82.521,20,Estuarine
6/10/23 12:25,82.481,20,Estuarine
6/10/23 12:30,82.53,20,Estuarine
6/10/23 12:35,82.59,20,Estuarine
6/10/23 12:40,82.517,20,Estuarine
6/10/23 12:45,82.407,20,Estuarine
6/10/23 12:50,82.462,20,Estuarine
6/10/23 12:55,82.448,20,Estuarine
6/10/23 13:00,82.402,20,Estuarine
6/10/23 13:05,82.432,20,Estuarine
6/10/23 13:10,82.519,20,Estuarine
6/10/23 13:15,82.488,20,Estuarine
6/10/23 13:20,82.542,20,Estuarine
6/10/23 13:25,82.479,20,Estuarine
6/10/23 13:30,82.465,20,Estuarine
6/10/23 13:35,82.511,20,Estuarine
6/10/23 13:40,82.57,20,Estuarine
6/10/23 13:45,82.604,20,Estuarine
6/10/23 13:50,82.593,20,Estuarine
6/10/23 13:55,82.514,20,Estuarine
6/10/23 14:00,82.474,20,Estuarine
6/10/23 14:05,82.47,20,Estuarine
6/10/23 14:10,82.472,20,Estuarine
6/10/23 14:15,82.52,20,Estuarine
6/10/23 14:20,82.547,20,Estuarine
6/10/23 14:25,82.596,20,Estuarine
6/10/23 14:30,82.62,20,Estuarine
6/10/23 14:35,82.607,20,Estuarine
6/10/23 14:40,82.668,20,Estuarine
6/10/23 14:45,82.737,20,Estuarine
6/10/23 14:50,82.691,20,Estuarine
6/10/23 14:55,82.659,20,Estuarine
6/10/23 15:00,82.697,20,Estuarine
6/10/23 15:05,82.725,20,Estuarine
6/10/23 15:10,82.697,20,Estuarine
6/10/23 15:15,82.686,20,Estuarine
6/10/23 15:20,82.653,20,Estuarine
6/10/23 15:25,82.565,20,Estuarine
6/10/23 15:30,82.551,20,Estuarine
6/10/23 15:35,82.583,20,Estuarine
6/10/23 15:40,82.67,20,Estuarine
6/10/23 15:45,82.671,20,Estuarine
6/10/23 15:50,82.664,20,Estuarine
6/10/23 15:55,82.693,20,Estuarine
6/10/23 16:00,82.642,20,Estuarine
6/10/23 16:05,82.671,20,Estuarine
6/10/23 16:10,82.691,20,Estuarine
6/10/23 16:15,82.711,20,Estuarine
6/10/23 16:20,82.726,20,Estuarine
6/10/23 16:25,82.684,20,Estuarine
6/10/23 16:30,82.732,20,Estuarine
6/10/23 16:35,82.721,20,Estuarine
6/10/23 16:40,82.72,20,Estuarine
6/10/23 16:45,82.782,20,Estuarine
6/10/23 16:50,82.804,20,Estuarine
6/10/23 16:55,82.807,20,Estuarine
6/10/23 17:00,82.716,20,Estuarine
6/10/23 17:05,82.64,20,Estuarine
6/10/23 17:10,82.662,20,Estuarine
6/10/23 17:15,82.667,20,Estuarine
6/10/23 17:20,82.599,20,Estuarine
6/10/23 17:25,82.626,20,Estuarine
6/10/23 17:30,82.587,20,Estuarine
6/10/23 17:35,82.616,20,Estuarine
6/10/23 17:40,82.568,20,Estuarine
6/10/23 17:45,82.536,20,Estuarine
6/10/23 17:50,82.517,20,Estuarine
6/10/23 17:55,82.48,20,Estuarine
6/10/23 18:00,82.5,20,Estuarine
6/10/23 18:05,82.501,20,Estuarine
6/10/23 18:10,82.527,20,Estuarine
6/10/23 18:15,82.547,20,Estuarine
6/10/23 18:20,82.543,20,Estuarine
6/10/23 18:25,82.539,20,Estuarine
6/10/23 18:30,82.49,20,Estuarine
6/10/23 18:35,82.445,20,Estuarine
6/10/23 18:40,82.496,20,Estuarine
6/10/23 18:45,82.467,20,Estuarine
6/10/23 18:50,82.46,20,Estuarine
6/10/23 18:55,82.348,20,Estuarine
6/10/23 19:00,82.365,20,Estuarine
6/10/23 19:05,82.315,20,Estuarine
6/10/23 19:10,82.209,20,Estuarine
6/10/23 19:15,82.21,20,Estuarine
6/10/23 19:20,82.227,20,Estuarine
6/10/23 19:25,82.247,20,Estuarine
6/10/23 19:30,82.188,20,Estuarine
6/10/23 19:35,82.163,20,Estuarine
6/10/23 19:40,82.174,20,Estuarine
6/10/23 19:45,82.149,20,Estuarine
6/10/23 19:50,82.153,20,Estuarine
6/10/23 19:55,82.16,20,Estuarine
6/10/23 20:00,82.125,20,Estuarine
6/10/23 20:05,82.034,20,Estuarine
6/10/23 20:10,82.095,20,Estuarine
6/10/23 20:15,82.006,20,Estuarine
6/10/23 20:20,82.107,20,Estuarine
6/10/23 20:25,82.078,20,Estuarine
6/10/23 20:30,82.093,20,Estuarine
6/10/23 20:35,82.14,20,Estuarine
6/10/23 20:40,82.049,20,Estuarine
6/10/23 20:45,82.046,20,Estuarine
6/10/23 20:50,82.133,20,Estuarine
6/10/23 20:55,82.139,20,Estuarine
6/10/23 21:00,82.156,20,Estuarine
6/10/23 21:05,82.081,20,Estuarine
6/10/23 21:10,82.084,20,Estuarine
6/10/23 21:15,82.094,20,Estuarine
6/10/23 21:20,82.16,20,Estuarine
6/10/23 21:25,82.137,20,Estuarine
6/10/23 21:30,82.093,20,Estuarine
6/10/23 21:35,82.06,20,Estuarine
6/10/23 21:40,82.02,20,Estuarine
6/10/23 21:45,82.019,20,Estuarine
6/10/23 21:50,82.01,20,Estuarine
6/10/23 21:55,81.964,20,Estuarine
6/10/23 22:00,81.956,20,Estuarine
6/10/23 22:05,81.967,20,Estuarine
6/10/23 22:10,81.927,20,Estuarine
6/10/23 22:15,81.928,20,Estuarine
6/10/23 22:20,81.829,20,Estuarine
6/10/23 22:25,81.918,20,Estuarine
6/10/23 22:30,81.873,20,Estuarine
6/10/23 22:35,81.891,20,Estuarine
6/10/23 22:40,81.862,20,Estuarine
6/10/23 22:45,81.932,20,Estuarine
6/10/23 22:50,81.863,20,Estuarine
6/10/23 22:55,81.874,20,Estuarine
6/10/23 23:00,81.89,20,Estuarine
6/10/23 23:05,81.906,20,Estuarine
6/10/23 23:10,81.858,20,Estuarine
6/10/23 23:15,81.862,20,Estuarine
6/10/23 23:20,81.912,20,Estuarine
6/10/23 23:25,81.854,20,Estuarine
6/10/23 23:30,81.786,20,Estuarine
6/10/23 23:35,81.87,20,Estuarine
6/10/23 23:40,81.834,20,Estuarine
6/10/23 23:45,81.805,20,Estuarine
6/10/23 23:50,81.799,20,Estuarine
6/10/23 23:55,81.798,20,Estuarine
6/11/23,81.829,20,Estuarine
6/11/23 0:05,81.854,20,Estuarine
6/11/23 0:10,81.817,20,Estuarine
6/11/23 0:15,81.832,20,Estuarine
6/11/23 0:20,81.811,20,Estuarine
6/11/23 0:25,81.828,20,Estuarine
6/11/23 0:30,81.768,20,Estuarine
6/11/23 0:35,81.862,20,Estuarine
6/11/23 0:40,81.866,20,Estuarine
6/11/23 0:45,81.879,20,Estuarine
6/11/23 0:50,81.83,20,Estuarine
6/11/23 0:55,81.883,20,Estuarine
6/11/23 1:00,81.877,20,Estuarine
6/11/23 1:05,81.892,20,Estuarine
6/11/23 1:10,81.913,20,Estuarine
6/11/23 1:15,81.845,20,Estuarine
6/11/23 1:20,81.885,20,Estuarine
6/11/23 1:25,81.809,20,Estuarine
6/11/23 1:30,81.85,20,Estuarine
6/11/23 1:35,81.846,20,Estuarine
6/11/23 1:40,81.787,20,Estuarine
6/11/23 1:45,81.805,20,Estuarine
6/11/23 1:50,81.803,20,Estuarine
6/11/23 1:55,81.809,20,Estuarine
6/11/23 2:00,81.824,20,Estuarine
6/11/23 2:05,81.857,20,Estuarine
6/11/23 2:10,81.787,20,Estuarine
6/11/23 2:15,81.822,20,Estuarine
6/11/23 2:20,81.826,20,Estuarine
6/11/23 2:25,81.775,20,Estuarine
6/11/23 2:30,81.792,20,Estuarine
6/11/23 2:35,81.834,20,Estuarine
6/11/23 2:40,81.804,20,Estuarine
6/11/23 2:45,81.832,20,Estuarine
6/11/23 2:50,81.821,20,Estuarine
6/11/23 2:55,81.898,20,Estuarine
6/11/23 3:00,81.832,20,Estuarine
6/11/23 3:05,81.876,20,Estuarine
6/11/23 3:10,81.808,20,Estuarine
6/11/23 3:15,81.833,20,Estuarine
6/11/23 3:20,81.9,20,Estuarine
6/11/23 3:25,81.882,20,Estuarine
6/11/23 3:30,81.88,20,Estuarine
6/11/23 3:35,81.863,20,Estuarine
6/11/23 3:40,81.973,20,Estuarine
6/11/23 3:45,81.97,20,Estuarine
6/11/23 3:50,81.999,20,Estuarine
6/11/23 3:55,81.966,20,Estuarine
6/11/23 4:00,82.017,20,Estuarine
6/11/23 4:05,81.966,20,Estuarine
6/11/23 4:10,81.89,20,Estuarine
6/11/23 4:15,81.888,20,Estuarine
6/11/23 4:20,81.856,20,Estuarine
6/11/23 4:25,81.94,20,Estuarine
6/11/23 4:30,81.916,20,Estuarine
6/11/23 4:35,81.981,20,Estuarine
6/11/23 4:40,82.011,20,Estuarine
6/11/23 4:45,82.067,20,Estuarine
6/11/23 4:50,82.053,20,Estuarine
6/11/23 4:55,82.101,20,Estuarine
6/11/23 5:00,82.097,20,Estuarine
6/11/23 5:05,82.083,20,Estuarine
6/11/23 5:10,82.018,20,Estuarine
6/11/23 5:15,82.026,20,Estuarine
6/11/23 5:20,82.03,20,Estuarine
6/11/23 5:25,81.991,20,Estuarine
6/11/23 5:30,82.034,20,Estuarine
6/11/23 5:35,82.071,20,Estuarine
6/11/23 5:40,82.168,20,Estuarine
6/11/23 5:45,82.244,20,Estuarine
6/11/23 5:50,82.253,20,Estuarine
6/11/23 5:55,82.148,20,Estuarine
6/11/23 6:00,82.19,20,Estuarine
6/11/23 6:05,82.336,20,Estuarine
6/11/23 6:10,82.286,20,Estuarine
6/11/23 6:15,82.31,20,Estuarine
6/11/23 6:20,82.364,20,Estuarine
6/11/23 6:25,82.354,20,Estuarine
6/11/23 6:30,82.419,20,Estuarine
6/11/23 6:35,82.367,20,Estuarine
6/11/23 6:40,82.391,20,Estuarine
6/11/23 6:45,82.382,20,Estuarine
6/11/23 6:50,82.444,20,Estuarine
6/11/23 6:55,82.429,20,Estuarine
6/11/23 7:00,82.47,20,Estuarine
6/11/23 7:05,82.452,20,Estuarine
6/11/23 7:10,82.455,20,Estuarine
6/11/23 7:15,82.514,20,Estuarine
6/11/23 7:20,82.528,20,Estuarine
6/11/23 7:25,82.531,20,Estuarine
6/11/23 7:30,82.639,20,Estuarine
6/11/23 7:35,82.585,20,Estuarine
6/11/23 7:40,82.614,20,Estuarine
6/11/23 7:45,82.688,20,Estuarine
6/11/23 7:50,82.665,20,Estuarine
6/11/23 7:55,82.713,20,Estuarine
6/11/23 8:00,82.75,20,Estuarine
6/11/23 8:05,82.862,20,Estuarine
6/11/23 8:10,82.925,20,Estuarine
6/11/23 8:15,82.939,20,Estuarine
6/11/23 8:20,82.888,20,Estuarine
6/11/23 8:25,83.001,20,Estuarine
6/11/23 8:30,82.966,20,Estuarine
6/11/23 8:35,82.999,20,Estuarine
6/11/23 8:40,82.989,20,Estuarine
6/11/23 8:45,83.093,20,Estuarine
6/11/23 8:50,82.957,20,Estuarine
6/11/23 8:55,83.017,20,Estuarine
6/11/23 9:00,83.06,20,Estuarine
6/11/23 9:05,83.024,20,Estuarine
6/11/23 9:10,83.001,20,Estuarine
6/11/23 9:15,83.014,20,Estuarine
6/11/23 9:20,83.074,20,Estuarine
6/11/23 9:25,83.047,20,Estuarine
6/11/23 9:30,83.043,20,Estuarine
6/11/23 9:35,83.145,20,Estuarine
6/11/23 9:40,83.083,20,Estuarine
6/11/23 9:45,83.111,20,Estuarine
6/11/23 9:50,83.155,20,Estuarine
6/11/23 9:55,83.15,20,Estuarine
6/11/23 10:00,83.148,20,Estuarine
6/11/23 10:05,83.204,20,Estuarine
6/11/23 10:10,83.228,20,Estuarine
6/11/23 10:15,83.301,20,Estuarine
6/11/23 10:20,83.251,20,Estuarine
6/11/23 10:25,83.282,20,Estuarine
6/11/23 10:30,83.244,20,Estuarine
6/11/23 10:35,83.319,20,Estuarine
6/11/23 10:40,83.241,20,Estuarine
6/11/23 10:45,83.214,20,Estuarine
6/11/23 10:50,83.208,20,Estuarine
6/11/23 10:55,83.248,20,Estuarine
6/11/23 11:00,83.225,20,Estuarine
6/11/23 11:05,83.257,20,Estuarine
6/11/23 11:10,83.212,20,Estuarine
6/11/23 11:15,83.239,20,Estuarine
6/11/23 11:20,83.185,20,Estuarine
6/11/23 11:25,83.23,20,Estuarine
6/11/23 11:30,83.253,20,Estuarine
6/11/23 11:35,83.258,20,Estuarine
6/11/23 11:40,83.202,20,Estuarine
6/11/23 11:45,83.236,20,Estuarine
6/11/23 11:50,83.196,20,Estuarine
6/11/23 11:55,83.2,20,Estuarine
6/11/23 12:00,83.171,20,Estuarine
6/11/23 12:05,83.233,20,Estuarine
6/11/23 12:10,83.189,20,Estuarine
6/11/23 12:15,83.138,20,Estuarine
6/11/23 12:20,83.16,20,Estuarine
6/11/23 12:25,83.058,20,Estuarine
6/11/23 12:30,83.119,20,Estuarine
6/11/23 12:35,83.127,20,Estuarine
6/11/23 12:40,83.148,20,Estuarine
6/11/23 12:45,83.112,20,Estuarine
6/11/23 12:50,83.131,20,Estuarine
6/11/23 12:55,83.103,20,Estuarine
6/11/23 13:00,83.177,20,Estuarine
6/11/23 13:05,83.178,20,Estuarine
6/11/23 13:10,83.164,20,Estuarine
6/11/23 13:15,83.201,20,Estuarine
6/11/23 13:20,83.143,20,Estuarine
6/11/23 13:25,83.153,20,Estuarine
6/11/23 13:30,83.17,20,Estuarine
6/11/23 13:35,83.139,20,Estuarine
6/11/23 13:40,83.133,20,Estuarine
6/11/23 13:45,83.138,20,Estuarine
6/11/23 13:50,83.117,20,Estuarine
6/11/23 13:55,83.128,20,Estuarine
6/11/23 14:00,83.149,20,Estuarine
6/11/23 14:05,83.039,20,Estuarine
6/11/23 14:10,83.094,20,Estuarine
6/11/23 14:15,83.065,20,Estuarine
6/11/23 14:20,83.085,20,Estuarine
6/11/23 14:25,83.042,20,Estuarine
6/11/23 14:30,83.051,20,Estuarine
6/11/23 14:35,83.042,20,Estuarine
6/11/23 14:40,83.036,20,Estuarine
6/11/23 14:45,82.997,20,Estuarine
6/11/23 14:50,83.128,20,Estuarine
6/11/23 14:55,83.119,20,Estuarine
6/11/23 15:00,83.058,20,Estuarine
6/11/23 15:05,83.086,20,Estuarine
6/11/23 15:10,83.121,20,Estuarine
6/11/23 15:15,83.081,20,Estuarine
6/11/23 15:20,83.111,20,Estuarine
6/11/23 15:25,83.096,20,Estuarine
6/11/23 15:30,83.071,20,Estuarine
6/11/23 15:35,83.163,20,Estuarine
6/11/23 15:40,83.068,20,Estuarine
6/11/23 15:45,83.117,20,Estuarine
6/11/23 15:50,83.116,20,Estuarine
6/11/23 15:55,83.154,20,Estuarine
6/11/23 16:00,83.122,20,Estuarine
6/11/23 16:05,83.031,20,Estuarine
6/11/23 16:10,83.126,20,Estuarine
6/11/23 16:15,83.111,20,Estuarine
6/11/23 16:20,83.108,20,Estuarine
6/11/23 16:25,83.076,20,Estuarine
6/11/23 16:30,83.13,20,Estuarine
6/11/23 16:35,83.044,20,Estuarine
6/11/23 16:40,83.045,20,Estuarine
6/11/23 16:45,83.056,20,Estuarine
6/11/23 16:50,83.049,20,Estuarine
6/11/23 16:55,82.921,20,Estuarine
6/11/23 17:00,82.853,20,Estuarine
6/11/23 17:05,82.926,20,Estuarine
6/11/23 17:10,82.898,20,Estuarine
6/11/23 17:15,82.868,20,Estuarine
6/11/23 17:20,82.952,20,Estuarine
6/11/23 17:25,82.93,20,Estuarine
6/11/23 17:30,82.899,20,Estuarine
6/11/23 17:35,82.919,20,Estuarine
6/11/23 17:40,82.873,20,Estuarine
6/11/23 17:45,82.863,20,Estuarine
6/11/23 17:50,82.851,20,Estuarine
6/11/23 17:55,82.843,20,Estuarine
6/11/23 18:00,82.847,20,Estuarine
6/11/23 18:05,82.871,20,Estuarine
6/11/23 18:10,82.791,20,Estuarine
6/11/23 18:15,82.799,20,Estuarine
6/11/23 18:20,82.816,20,Estuarine
6/11/23 18:25,82.81,20,Estuarine
6/11/23 18:30,82.797,20,Estuarine
6/11/23 18:35,82.822,20,Estuarine
6/11/23 18:40,82.753,20,Estuarine
6/11/23 18:45,82.8,20,Estuarine
6/11/23 18:50,82.703,20,Estuarine
6/11/23 18:55,82.609,20,Estuarine
6/11/23 19:00,82.626,20,Estuarine
6/11/23 19:05,82.601,20,Estuarine
6/11/23 19:10,82.548,20,Estuarine
6/11/23 19:15,82.534,20,Estuarine
6/11/23 19:20,82.521,20,Estuarine
6/11/23 19:25,82.466,20,Estuarine
6/11/23 19:30,82.491,20,Estuarine
6/11/23 19:35,82.521,20,Estuarine
6/11/23 19:40,82.479,20,Estuarine
6/11/23 19:45,82.418,20,Estuarine
6/11/23 19:50,82.403,20,Estuarine
6/11/23 19:55,82.429,20,Estuarine
6/11/23 20:00,82.466,20,Estuarine
6/11/23 20:05,82.433,20,Estuarine
6/11/23 20:10,82.358,20,Estuarine
6/11/23 20:15,82.382,20,Estuarine
6/11/23 20:20,82.444,20,Estuarine
6/11/23 20:25,82.388,20,Estuarine
6/11/23 20:30,82.41,20,Estuarine
6/11/23 20:35,82.327,20,Estuarine
6/11/23 20:40,82.414,20,Estuarine
6/11/23 20:45,82.391,20,Estuarine
6/11/23 20:50,82.343,20,Estuarine
6/11/23 20:55,82.418,20,Estuarine
6/11/23 21:00,82.431,20,Estuarine
6/11/23 21:05,82.398,20,Estuarine
6/11/23 21:10,82.328,20,Estuarine
6/11/23 21:15,82.372,20,Estuarine
6/11/23 21:20,82.322,20,Estuarine
6/11/23 21:25,82.374,20,Estuarine
6/11/23 21:30,82.308,20,Estuarine
6/11/23 21:35,82.285,20,Estuarine
6/11/23 21:40,82.25,20,Estuarine
6/11/23 21:45,82.215,20,Estuarine
6/11/23 21:50,82.259,20,Estuarine
6/11/23 21:55,82.264,20,Estuarine
6/11/23 22:00,82.168,20,Estuarine
6/11/23 22:05,82.267,20,Estuarine
6/11/23 22:10,82.163,20,Estuarine
6/11/23 22:15,82.185,20,Estuarine
6/11/23 22:20,82.143,20,Estuarine
6/11/23 22:25,82.187,20,Estuarine
6/11/23 22:30,82.282,20,Estuarine
6/11/23 22:35,82.311,20,Estuarine
6/11/23 22:40,82.269,20,Estuarine
6/11/23 22:45,82.305,20,Estuarine
6/11/23 22:50,82.318,20,Estuarine
6/11/23 22:55,82.287,20,Estuarine
6/11/23 23:00,82.247,20,Estuarine
6/11/23 23:05,82.211,20,Estuarine
6/11/23 23:10,82.207,20,Estuarine
6/11/23 23:15,82.146,20,Estuarine
6/11/23 23:20,82.178,20,Estuarine
6/11/23 23:25,82.125,20,Estuarine
6/11/23 23:30,82.145,20,Estuarine
6/11/23 23:35,82.088,20,Estuarine
6/11/23 23:40,82.039,20,Estuarine
6/11/23 23:45,82.047,20,Estuarine
6/11/23 23:50,82.098,20,Estuarine
6/11/23 23:55,82.123,20,Estuarine
6/12/23,82.141,20,Estuarine
6/9/23 15:25,78.861,30,Estuarine
6/9/23 15:30,78.854,30,Estuarine
6/9/23 15:35,78.908,30,Estuarine
6/9/23 15:40,78.887,30,Estuarine
6/9/23 15:45,78.963,30,Estuarine
6/9/23 15:50,79.058,30,Estuarine
6/9/23 15:55,78.965,30,Estuarine
6/9/23 16:00,79.018,30,Estuarine
6/9/23 16:05,78.962,30,Estuarine
6/9/23 16:10,78.957,30,Estuarine
6/9/23 16:15,79.028,30,Estuarine
6/9/23 16:20,78.967,30,Estuarine
6/9/23 16:25,78.959,30,Estuarine
6/9/23 16:30,79.008,30,Estuarine
6/9/23 16:35,78.972,30,Estuarine
6/9/23 16:40,78.979,30,Estuarine
6/9/23 16:45,78.967,30,Estuarine
6/9/23 16:50,78.99,30,Estuarine
6/9/23 16:55,79.041,30,Estuarine
6/9/23 17:00,78.949,30,Estuarine
6/9/23 17:05,78.993,30,Estuarine
6/9/23 17:10,79.005,30,Estuarine
6/9/23 17:15,79.056,30,Estuarine
6/9/23 17:20,79.067,30,Estuarine
6/9/23 17:25,79.15,30,Estuarine
6/9/23 17:30,79.193,30,Estuarine
6/9/23 17:35,79.098,30,Estuarine
6/9/23 17:40,79.184,30,Estuarine
6/9/23 17:45,79.137,30,Estuarine
6/9/23 17:50,79.212,30,Estuarine
6/9/23 17:55,79.225,30,Estuarine
6/9/23 18:00,79.206,30,Estuarine
6/9/23 18:05,79.264,30,Estuarine
6/9/23 18:10,79.241,30,Estuarine
6/9/23 18:15,79.205,30,Estuarine
6/9/23 18:20,79.173,30,Estuarine
6/9/23 18:25,79.191,30,Estuarine
6/9/23 18:30,79.191,30,Estuarine
6/9/23 18:35,79.159,30,Estuarine
6/9/23 18:40,79.155,30,Estuarine
6/9/23 18:45,79.14,30,Estuarine
6/9/23 18:50,79.159,30,Estuarine
6/9/23 18:55,79.077,30,Estuarine
6/9/23 19:00,79.123,30,Estuarine
6/9/23 19:05,79.08,30,Estuarine
6/9/23 19:10,78.996,30,Estuarine
6/9/23 19:15,79.08,30,Estuarine
6/9/23 19:20,78.992,30,Estuarine
6/9/23 19:25,79.05,30,Estuarine
6/9/23 19:30,79.076,30,Estuarine
6/9/23 19:35,78.984,30,Estuarine
6/9/23 19:40,79.069,30,Estuarine
6/9/23 19:45,78.956,30,Estuarine
6/9/23 19:50,79.037,30,Estuarine
6/9/23 19:55,78.993,30,Estuarine
6/9/23 20:00,78.986,30,Estuarine
6/9/23 20:05,79.028,30,Estuarine
6/9/23 20:10,79.082,30,Estuarine
6/9/23 20:15,78.989,30,Estuarine
6/9/23 20:20,79.073,30,Estuarine
6/9/23 20:25,79.019,30,Estuarine
6/9/23 20:30,79.036,30,Estuarine
6/9/23 20:35,79.051,30,Estuarine
6/9/23 20:40,79.104,30,Estuarine
6/9/23 20:45,79.087,30,Estuarine
6/9/23 20:50,79.116,30,Estuarine
6/9/23 20:55,79.119,30,Estuarine
6/9/23 21:00,79.146,30,Estuarine
6/9/23 21:05,79.182,30,Estuarine
6/9/23 21:10,79.163,30,Estuarine
6/9/23 21:15,79.154,30,Estuarine
6/9/23 21:20,79.194,30,Estuarine
6/9/23 21:25,79.168,30,Estuarine
6/9/23 21:30,79.219,30,Estuarine
6/9/23 21:35,79.204,30,Estuarine
6/9/23 21:40,79.194,30,Estuarine
6/9/23 21:45,79.179,30,Estuarine
6/9/23 21:50,79.121,30,Estuarine
6/9/23 21:55,79.145,30,Estuarine
6/9/23 22:00,79.079,30,Estuarine
6/9/23 22:05,79.104,30,Estuarine
6/9/23 22:10,79.069,30,Estuarine
6/9/23 22:15,79.031,30,Estuarine
6/9/23 22:20,78.994,30,Estuarine
6/9/23 22:25,78.967,30,Estuarine
6/9/23 22:30,78.932,30,Estuarine
6/9/23 22:35,78.903,30,Estuarine
6/9/23 22:40,78.856,30,Estuarine
6/9/23 22:45,78.808,30,Estuarine
6/9/23 22:50,78.878,30,Estuarine
6/9/23 22:55,78.785,30,Estuarine
6/9/23 23:00,78.828,30,Estuarine
6/9/23 23:05,78.874,30,Estuarine
6/9/23 23:10,78.929,30,Estuarine
6/9/23 23:15,78.92,30,Estuarine
6/9/23 23:20,78.912,30,Estuarine
6/9/23 23:25,78.932,30,Estuarine
6/9/23 23:30,78.9,30,Estuarine
6/9/23 23:35,78.931,30,Estuarine
6/9/23 23:40,78.988,30,Estuarine
6/9/23 23:45,78.971,30,Estuarine
6/9/23 23:50,78.997,30,Estuarine
6/9/23 23:55,79.03,30,Estuarine
6/10/23,79.016,30,Estuarine
6/10/23 0:05,79.027,30,Estuarine
6/10/23 0:10,78.929,30,Estuarine
6/10/23 0:15,78.973,30,Estuarine
6/10/23 0:20,78.897,30,Estuarine
6/10/23 0:25,78.894,30,Estuarine
6/10/23 0:30,78.881,30,Estuarine
6/10/23 0:35,78.831,30,Estuarine
6/10/23 0:40,78.861,30,Estuarine
6/10/23 0:45,78.845,30,Estuarine
6/10/23 0:50,78.806,30,Estuarine
6/10/23 0:55,78.808,30,Estuarine
6/10/23 1:00,78.797,30,Estuarine
6/10/23 1:05,78.836,30,Estuarine
6/10/23 1:10,78.773,30,Estuarine
6/10/23 1:15,78.83,30,Estuarine
6/10/23 1:20,78.821,30,Estuarine
6/10/23 1:25,78.848,30,Estuarine
6/10/23 1:30,78.801,30,Estuarine
6/10/23 1:35,78.843,30,Estuarine
6/10/23 1:40,78.835,30,Estuarine
6/10/23 1:45,78.843,30,Estuarine
6/10/23 1:50,78.814,30,Estuarine
6/10/23 1:55,78.857,30,Estuarine
6/10/23 2:00,78.827,30,Estuarine
6/10/23 2:05,78.831,30,Estuarine
6/10/23 2:10,78.852,30,Estuarine
6/10/23 2:15,78.818,30,Estuarine
6/10/23 2:20,78.846,30,Estuarine
6/10/23 2:25,78.895,30,Estuarine
6/10/23 2:30,78.896,30,Estuarine
6/10/23 2:35,78.939,30,Estuarine
6/10/23 2:40,78.98,30,Estuarine
6/10/23 2:45,78.971,30,Estuarine
6/10/23 2:50,78.963,30,Estuarine
6/10/23 2:55,78.977,30,Estuarine
6/10/23 3:00,78.976,30,Estuarine
6/10/23 3:05,79.02,30,Estuarine
6/10/23 3:10,78.988,30,Estuarine
6/10/23 3:15,78.976,30,Estuarine
6/10/23 3:20,78.996,30,Estuarine
6/10/23 3:25,79.039,30,Estuarine
6/10/23 3:30,78.985,30,Estuarine
6/10/23 3:35,79.019,30,Estuarine
6/10/23 3:40,78.992,30,Estuarine
6/10/23 3:45,79.031,30,Estuarine
6/10/23 3:50,79.048,30,Estuarine
6/10/23 3:55,79.084,30,Estuarine
6/10/23 4:00,79.153,30,Estuarine
6/10/23 4:05,79.142,30,Estuarine
6/10/23 4:10,79.202,30,Estuarine
6/10/23 4:15,79.236,30,Estuarine
6/10/23 4:20,79.267,30,Estuarine
6/10/23 4:25,79.232,30,Estuarine
6/10/23 4:30,79.282,30,Estuarine
6/10/23 4:35,79.288,30,Estuarine
6/10/23 4:40,79.376,30,Estuarine
6/10/23 4:45,79.424,30,Estuarine
6/10/23 4:50,79.34,30,Estuarine
6/10/23 4:55,79.362,30,Estuarine
6/10/23 5:00,79.414,30,Estuarine
6/10/23 5:05,79.415,30,Estuarine
6/10/23 5:10,79.433,30,Estuarine
6/10/23 5:15,79.451,30,Estuarine
6/10/23 5:20,79.427,30,Estuarine
6/10/23 5:25,79.492,30,Estuarine
6/10/23 5:30,79.514,30,Estuarine
6/10/23 5:35,79.459,30,Estuarine
6/10/23 5:40,79.579,30,Estuarine
6/10/23 5:45,79.523,30,Estuarine
6/10/23 5:50,79.636,30,Estuarine
6/10/23 5:55,79.564,30,Estuarine
6/10/23 6:00,79.666,30,Estuarine
6/10/23 6:05,79.72,30,Estuarine
6/10/23 6:10,79.712,30,Estuarine
6/10/23 6:15,79.714,30,Estuarine
6/10/23 6:20,79.753,30,Estuarine
6/10/23 6:25,79.736,30,Estuarine
6/10/23 6:30,79.723,30,Estuarine
6/10/23 6:35,79.78,30,Estuarine
6/10/23 6:40,79.737,30,Estuarine
6/10/23 6:45,79.794,30,Estuarine
6/10/23 6:50,79.788,30,Estuarine
6/10/23 6:55,79.914,30,Estuarine
6/10/23 7:00,79.936,30,Estuarine
6/10/23 7:05,79.956,30,Estuarine
6/10/23 7:10,80.01,30,Estuarine
6/10/23 7:15,80.039,30,Estuarine
6/10/23 7:20,80.01,30,Estuarine
6/10/23 7:25,80.073,30,Estuarine
6/10/23 7:30,80.166,30,Estuarine
6/10/23 7:35,80.162,30,Estuarine
6/10/23 7:40,80.16,30,Estuarine
6/10/23 7:45,80.248,30,Estuarine
6/10/23 7:50,80.204,30,Estuarine
6/10/23 7:55,80.305,30,Estuarine
6/10/23 8:00,80.334,30,Estuarine
6/10/23 8:05,80.354,30,Estuarine
6/10/23 8:10,80.374,30,Estuarine
6/10/23 8:15,80.38,30,Estuarine
6/10/23 8:20,80.461,30,Estuarine
6/10/23 8:25,80.462,30,Estuarine
6/10/23 8:30,80.46,30,Estuarine
6/10/23 8:35,80.508,30,Estuarine
6/10/23 8:40,80.507,30,Estuarine
6/10/23 8:45,80.524,30,Estuarine
6/10/23 8:50,80.567,30,Estuarine
6/10/23 8:55,80.544,30,Estuarine
6/10/23 9:00,80.555,30,Estuarine
6/10/23 9:05,80.538,30,Estuarine
6/10/23 9:10,80.553,30,Estuarine
6/10/23 9:15,80.578,30,Estuarine
6/10/23 9:20,80.556,30,Estuarine
6/10/23 9:25,80.624,30,Estuarine
6/10/23 9:30,80.61,30,Estuarine
6/10/23 9:35,80.652,30,Estuarine
6/10/23 9:40,80.662,30,Estuarine
6/10/23 9:45,80.704,30,Estuarine
6/10/23 9:50,80.658,30,Estuarine
6/10/23 9:55,80.641,30,Estuarine
6/10/23 10:00,80.732,30,Estuarine
6/10/23 10:05,80.702,30,Estuarine
6/10/23 10:10,80.841,30,Estuarine
6/10/23 10:15,80.774,30,Estuarine
6/10/23 10:20,80.78,30,Estuarine
6/10/23 10:25,80.856,30,Estuarine
6/10/23 10:30,80.754,30,Estuarine
6/10/23 10:35,80.759,30,Estuarine
6/10/23 10:40,80.804,30,Estuarine
6/10/23 10:45,80.769,30,Estuarine
6/10/23 10:50,80.858,30,Estuarine
6/10/23 10:55,80.836,30,Estuarine
6/10/23 11:00,80.736,30,Estuarine
6/10/23 11:05,80.764,30,Estuarine
6/10/23 11:10,80.787,30,Estuarine
6/10/23 11:15,80.67,30,Estuarine
6/10/23 11:20,80.737,30,Estuarine
6/10/23 11:25,80.731,30,Estuarine
6/10/23 11:30,80.84,30,Estuarine
6/10/23 11:35,80.81,30,Estuarine
6/10/23 11:40,80.936,30,Estuarine
6/10/23 11:45,80.827,30,Estuarine
6/10/23 11:50,80.871,30,Estuarine
6/10/23 11:55,80.83,30,Estuarine
6/10/23 12:00,80.795,30,Estuarine
6/10/23 12:05,80.793,30,Estuarine
6/10/23 12:10,80.781,30,Estuarine
6/10/23 12:15,80.8,30,Estuarine
6/10/23 12:20,80.805,30,Estuarine
6/10/23 12:25,80.829,30,Estuarine
6/10/23 12:30,80.744,30,Estuarine
6/10/23 12:35,80.725,30,Estuarine
6/10/23 12:40,80.752,30,Estuarine
6/10/23 12:45,80.662,30,Estuarine
6/10/23 12:50,80.686,30,Estuarine
6/10/23 12:55,80.734,30,Estuarine
6/10/23 13:00,80.623,30,Estuarine
6/10/23 13:05,80.653,30,Estuarine
6/10/23 13:10,80.711,30,Estuarine
6/10/23 13:15,80.747,30,Estuarine
6/10/23 13:20,80.722,30,Estuarine
6/10/23 13:25,80.811,30,Estuarine
6/10/23 13:30,80.762,30,Estuarine
6/10/23 13:35,80.704,30,Estuarine
6/10/23 13:40,80.719,30,Estuarine
6/10/23 13:45,80.708,30,Estuarine
6/10/23 13:50,80.761,30,Estuarine
6/10/23 13:55,80.745,30,Estuarine
6/10/23 14:00,80.768,30,Estuarine
6/10/23 14:05,80.738,30,Estuarine
6/10/23 14:10,80.682,30,Estuarine
6/10/23 14:15,80.651,30,Estuarine
6/10/23 14:20,80.723,30,Estuarine
6/10/23 14:25,80.743,30,Estuarine
6/10/23 14:30,80.786,30,Estuarine
6/10/23 14:35,80.807,30,Estuarine
6/10/23 14:40,80.787,30,Estuarine
6/10/23 14:45,80.789,30,Estuarine
6/10/23 14:50,80.857,30,Estuarine
6/10/23 14:55,80.902,30,Estuarine
6/10/23 15:00,80.851,30,Estuarine
6/10/23 15:05,80.857,30,Estuarine
6/10/23 15:10,80.87,30,Estuarine
6/10/23 15:15,80.843,30,Estuarine
6/10/23 15:20,80.818,30,Estuarine
6/10/23 15:25,80.81,30,Estuarine
6/10/23 15:30,80.796,30,Estuarine
6/10/23 15:35,80.774,30,Estuarine
6/10/23 15:40,80.726,30,Estuarine
6/10/23 15:45,80.763,30,Estuarine
6/10/23 15:50,80.804,30,Estuarine
6/10/23 15:55,80.792,30,Estuarine
6/10/23 16:00,80.811,30,Estuarine
6/10/23 16:05,80.773,30,Estuarine
6/10/23 16:10,80.792,30,Estuarine
6/10/23 16:15,80.787,30,Estuarine
6/10/23 16:20,80.86,30,Estuarine
6/10/23 16:25,80.878,30,Estuarine
6/10/23 16:30,80.789,30,Estuarine
6/10/23 16:35,80.811,30,Estuarine
6/10/23 16:40,80.765,30,Estuarine
6/10/23 16:45,80.765,30,Estuarine
6/10/23 16:50,80.89,30,Estuarine
6/10/23 16:55,80.842,30,Estuarine
6/10/23 17:00,80.846,30,Estuarine
6/10/23 17:05,80.75,30,Estuarine
6/10/23 17:10,80.744,30,Estuarine
6/10/23 17:15,80.743,30,Estuarine
6/10/23 17:20,80.711,30,Estuarine
6/10/23 17:25,80.696,30,Estuarine
6/10/23 17:30,80.678,30,Estuarine
6/10/23 17:35,80.706,30,Estuarine
6/10/23 17:40,80.685,30,Estuarine
6/10/23 17:45,80.68,30,Estuarine
6/10/23 17:50,80.642,30,Estuarine
6/10/23 17:55,80.594,30,Estuarine
6/10/23 18:00,80.591,30,Estuarine
6/10/23 18:05,80.506,30,Estuarine
6/10/23 18:10,80.729,30,Estuarine
6/10/23 18:15,80.666,30,Estuarine
6/10/23 18:20,80.617,30,Estuarine
6/10/23 18:25,80.647,30,Estuarine
6/10/23 18:30,80.652,30,Estuarine
6/10/23 18:35,80.6,30,Estuarine
6/10/23 18:40,80.5,30,Estuarine
6/10/23 18:45,80.6,30,Estuarine
6/10/23 18:50,80.525,30,Estuarine
6/10/23 18:55,80.466,30,Estuarine
6/10/23 19:00,80.459,30,Estuarine
6/10/23 19:05,80.467,30,Estuarine
6/10/23 19:10,80.38,30,Estuarine
6/10/23 19:15,80.342,30,Estuarine
6/10/23 19:20,80.349,30,Estuarine
6/10/23 19:25,80.329,30,Estuarine
6/10/23 19:30,80.232,30,Estuarine
6/10/23 19:35,80.227,30,Estuarine
6/10/23 19:40,80.281,30,Estuarine
6/10/23 19:45,80.287,30,Estuarine
6/10/23 19:50,80.297,30,Estuarine
6/10/23 19:55,80.206,30,Estuarine
6/10/23 20:00,80.22,30,Estuarine
6/10/23 20:05,80.195,30,Estuarine
6/10/23 20:10,80.196,30,Estuarine
6/10/23 20:15,80.12,30,Estuarine
6/10/23 20:20,80.213,30,Estuarine
6/10/23 20:25,80.159,30,Estuarine
6/10/23 20:30,80.194,30,Estuarine
6/10/23 20:35,80.121,30,Estuarine
6/10/23 20:40,80.192,30,Estuarine
6/10/23 20:45,80.201,30,Estuarine
6/10/23 20:50,80.232,30,Estuarine
6/10/23 20:55,80.166,30,Estuarine
6/10/23 21:00,80.227,30,Estuarine
6/10/23 21:05,80.215,30,Estuarine
6/10/23 21:10,80.195,30,Estuarine
6/10/23 21:15,80.282,30,Estuarine
6/10/23 21:20,80.236,30,Estuarine
6/10/23 21:25,80.185,30,Estuarine
6/10/23 21:30,80.202,30,Estuarine
6/10/23 21:35,80.19,30,Estuarine
6/10/23 21:40,80.141,30,Estuarine
6/10/23 21:45,80.195,30,Estuarine
6/10/23 21:50,80.16,30,Estuarine
6/10/23 21:55,80.158,30,Estuarine
6/10/23 22:00,80.15,30,Estuarine
6/10/23 22:05,80.092,30,Estuarine
6/10/23 22:10,80.05,30,Estuarine
6/10/23 22:15,80.054,30,Estuarine
6/10/23 22:20,80.044,30,Estuarine
6/10/23 22:25,80.057,30,Estuarine
6/10/23 22:30,80.014,30,Estuarine
6/10/23 22:35,80.003,30,Estuarine
6/10/23 22:40,80.036,30,Estuarine
6/10/23 22:45,80.02,30,Estuarine
6/10/23 22:50,79.978,30,Estuarine
6/10/23 22:55,80.029,30,Estuarine
6/10/23 23:00,80.077,30,Estuarine
6/10/23 23:05,80.003,30,Estuarine
6/10/23 23:10,80.024,30,Estuarine
6/10/23 23:15,80.069,30,Estuarine
6/10/23 23:20,80.029,30,Estuarine
6/10/23 23:25,79.95,30,Estuarine
6/10/23 23:30,79.99,30,Estuarine
6/10/23 23:35,80.118,30,Estuarine
6/10/23 23:40,80.011,30,Estuarine
6/10/23 23:45,79.967,30,Estuarine
6/10/23 23:50,79.968,30,Estuarine
6/10/23 23:55,80.011,30,Estuarine
6/11/23,79.976,30,Estuarine
6/11/23 0:05,80.019,30,Estuarine
6/11/23 0:10,80.007,30,Estuarine
6/11/23 0:15,80.01,30,Estuarine
6/11/23 0:20,79.963,30,Estuarine
6/11/23 0:25,80.024,30,Estuarine
6/11/23 0:30,80.071,30,Estuarine
6/11/23 0:35,80.064,30,Estuarine
6/11/23 0:40,80.062,30,Estuarine
6/11/23 0:45,80.042,30,Estuarine
6/11/23 0:50,80.055,30,Estuarine
6/11/23 0:55,80.045,30,Estuarine
6/11/23 1:00,80.004,30,Estuarine
6/11/23 1:05,80.063,30,Estuarine
6/11/23 1:10,80.089,30,Estuarine
6/11/23 1:15,80.051,30,Estuarine
6/11/23 1:20,79.976,30,Estuarine
6/11/23 1:25,80.057,30,Estuarine
6/11/23 1:30,80.055,30,Estuarine
6/11/23 1:35,80.05,30,Estuarine
6/11/23 1:40,80.065,30,Estuarine
6/11/23 1:45,80.092,30,Estuarine
6/11/23 1:50,80.085,30,Estuarine
6/11/23 1:55,80.09,30,Estuarine
6/11/23 2:00,80.08,30,Estuarine
6/11/23 2:05,79.994,30,Estuarine
6/11/23 2:10,80.07,30,Estuarine
6/11/23 2:15,80.03,30,Estuarine
6/11/23 2:20,80.074,30,Estuarine
6/11/23 2:25,80.067,30,Estuarine
6/11/23 2:30,80.07,30,Estuarine
6/11/23 2:35,80.035,30,Estuarine
6/11/23 2:40,80.138,30,Estuarine
6/11/23 2:45,80.167,30,Estuarine
6/11/23 2:50,80.189,30,Estuarine
6/11/23 2:55,80.157,30,Estuarine
6/11/23 3:00,80.185,30,Estuarine
6/11/23 3:05,80.127,30,Estuarine
6/11/23 3:10,80.187,30,Estuarine
6/11/23 3:15,80.121,30,Estuarine
6/11/23 3:20,80.152,30,Estuarine
6/11/23 3:25,80.148,30,Estuarine
6/11/23 3:30,80.138,30,Estuarine
6/11/23 3:35,80.21,30,Estuarine
6/11/23 3:40,80.278,30,Estuarine
6/11/23 3:45,80.246,30,Estuarine
6/11/23 3:50,80.209,30,Estuarine
6/11/23 3:55,80.213,30,Estuarine
6/11/23 4:00,80.204,30,Estuarine
6/11/23 4:05,80.273,30,Estuarine
6/11/23 4:10,80.255,30,Estuarine
6/11/23 4:15,80.266,30,Estuarine
6/11/23 4:20,80.247,30,Estuarine
6/11/23 4:25,80.225,30,Estuarine
6/11/23 4:30,80.255,30,Estuarine
6/11/23 4:35,80.221,30,Estuarine
6/11/23 4:40,80.257,30,Estuarine
6/11/23 4:45,80.374,30,Estuarine
6/11/23 4:50,80.311,30,Estuarine
6/11/23 4:55,80.395,30,Estuarine
6/11/23 5:00,80.381,30,Estuarine
6/11/23 5:05,80.358,30,Estuarine
6/11/23 5:10,80.392,30,Estuarine
6/11/23 5:15,80.343,30,Estuarine
6/11/23 5:20,80.404,30,Estuarine
6/11/23 5:25,80.383,30,Estuarine
6/11/23 5:30,80.355,30,Estuarine
6/11/23 5:35,80.432,30,Estuarine
6/11/23 5:40,80.438,30,Estuarine
6/11/23 5:45,80.46,30,Estuarine
6/11/23 5:50,80.482,30,Estuarine
6/11/23 5:55,80.522,30,Estuarine
6/11/23 6:00,80.56,30,Estuarine
6/11/23 6:05,80.615,30,Estuarine
6/11/23 6:10,80.57,30,Estuarine
6/11/23 6:15,80.662,30,Estuarine
6/11/23 6:20,80.732,30,Estuarine
6/11/23 6:25,80.676,30,Estuarine
6/11/23 6:30,80.741,30,Estuarine
6/11/23 6:35,80.774,30,Estuarine
6/11/23 6:40,80.77,30,Estuarine
6/11/23 6:45,80.78,30,Estuarine
6/11/23 6:50,80.83,30,Estuarine
6/11/23 6:55,80.778,30,Estuarine
6/11/23 7:00,80.777,30,Estuarine
6/11/23 7:05,80.815,30,Estuarine
6/11/23 7:10,80.841,30,Estuarine
6/11/23 7:15,80.849,30,Estuarine
6/11/23 7:20,80.859,30,Estuarine
6/11/23 7:25,80.905,30,Estuarine
6/11/23 7:30,80.879,30,Estuarine
6/11/23 7:35,80.999,30,Estuarine
6/11/23 7:40,80.998,30,Estuarine
6/11/23 7:45,81.046,30,Estuarine
6/11/23 7:50,81.095,30,Estuarine
6/11/23 7:55,80.993,30,Estuarine
6/11/23 8:00,81.075,30,Estuarine
6/11/23 8:05,81.128,30,Estuarine
6/11/23 8:10,81.099,30,Estuarine
6/11/23 8:15,81.166,30,Estuarine
6/11/23 8:20,81.279,30,Estuarine
6/11/23 8:25,81.193,30,Estuarine
6/11/23 8:30,81.276,30,Estuarine
6/11/23 8:35,81.282,30,Estuarine
6/11/23 8:40,81.296,30,Estuarine
6/11/23 8:45,81.394,30,Estuarine
6/11/23 8:50,81.421,30,Estuarine
6/11/23 8:55,81.334,30,Estuarine
6/11/23 9:00,81.292,30,Estuarine
6/11/23 9:05,81.358,30,Estuarine
6/11/23 9:10,81.418,30,Estuarine
6/11/23 9:15,81.437,30,Estuarine
6/11/23 9:20,81.327,30,Estuarine
6/11/23 9:25,81.413,30,Estuarine
6/11/23 9:30,81.443,30,Estuarine
6/11/23 9:35,81.446,30,Estuarine
6/11/23 9:40,81.472,30,Estuarine
6/11/23 9:45,81.451,30,Estuarine
6/11/23 9:50,81.454,30,Estuarine
6/11/23 9:55,81.486,30,Estuarine
6/11/23 10:00,81.484,30,Estuarine
6/11/23 10:05,81.528,30,Estuarine
6/11/23 10:10,81.569,30,Estuarine
6/11/23 10:15,81.564,30,Estuarine
6/11/23 10:20,81.651,30,Estuarine
6/11/23 10:25,81.595,30,Estuarine
6/11/23 10:30,81.58,30,Estuarine
6/11/23 10:35,81.543,30,Estuarine
6/11/23 10:40,81.523,30,Estuarine
6/11/23 10:45,81.558,30,Estuarine
6/11/23 10:50,81.544,30,Estuarine
6/11/23 10:55,81.552,30,Estuarine
6/11/23 11:00,81.531,30,Estuarine
6/11/23 11:05,81.436,30,Estuarine
6/11/23 11:10,81.449,30,Estuarine
6/11/23 11:15,81.43,30,Estuarine
6/11/23 11:20,81.47,30,Estuarine
6/11/23 11:25,81.513,30,Estuarine
6/11/23 11:30,81.535,30,Estuarine
6/11/23 11:35,81.576,30,Estuarine
6/11/23 11:40,81.52,30,Estuarine
6/11/23 11:45,81.428,30,Estuarine
6/11/23 11:50,81.432,30,Estuarine
6/11/23 11:55,81.449,30,Estuarine
6/11/23 12:00,81.389,30,Estuarine
6/11/23 12:05,81.437,30,Estuarine
6/11/23 12:10,81.391,30,Estuarine
6/11/23 12:15,81.369,30,Estuarine
6/11/23 12:20,81.384,30,Estuarine
6/11/23 12:25,81.338,30,Estuarine
6/11/23 12:30,81.323,30,Estuarine
6/11/23 12:35,81.279,30,Estuarine
6/11/23 12:40,81.319,30,Estuarine
6/11/23 12:45,81.356,30,Estuarine
6/11/23 12:50,81.339,30,Estuarine
6/11/23 12:55,81.402,30,Estuarine
6/11/23 13:00,81.35,30,Estuarine
6/11/23 13:05,81.34,30,Estuarine
6/11/23 13:10,81.352,30,Estuarine
6/11/23 13:15,81.355,30,Estuarine
6/11/23 13:20,81.295,30,Estuarine
6/11/23 13:25,81.333,30,Estuarine
6/11/23 13:30,81.342,30,Estuarine
6/11/23 13:35,81.281,30,Estuarine
6/11/23 13:40,81.27,30,Estuarine
6/11/23 13:45,81.289,30,Estuarine
6/11/23 13:50,81.319,30,Estuarine
6/11/23 13:55,81.32,30,Estuarine
6/11/23 14:00,81.318,30,Estuarine
6/11/23 14:05,81.278,30,Estuarine
6/11/23 14:10,81.228,30,Estuarine
6/11/23 14:15,81.214,30,Estuarine
6/11/23 14:20,81.2,30,Estuarine
6/11/23 14:25,81.251,30,Estuarine
6/11/23 14:30,81.239,30,Estuarine
6/11/23 14:35,81.228,30,Estuarine
6/11/23 14:40,81.187,30,Estuarine
6/11/23 14:45,81.251,30,Estuarine
6/11/23 14:50,81.239,30,Estuarine
6/11/23 14:55,81.196,30,Estuarine
6/11/23 15:00,81.162,30,Estuarine
6/11/23 15:05,81.171,30,Estuarine
6/11/23 15:10,81.168,30,Estuarine
6/11/23 15:15,81.253,30,Estuarine
6/11/23 15:20,81.166,30,Estuarine
6/11/23 15:25,81.197,30,Estuarine
6/11/23 15:30,81.252,30,Estuarine
6/11/23 15:35,81.159,30,Estuarine
6/11/23 15:40,81.161,30,Estuarine
6/11/23 15:45,81.226,30,Estuarine
6/11/23 15:50,81.183,30,Estuarine
6/11/23 15:55,81.167,30,Estuarine
6/11/23 16:00,81.131,30,Estuarine
6/11/23 16:05,81.174,30,Estuarine
6/11/23 16:10,81.178,30,Estuarine
6/11/23 16:15,81.215,30,Estuarine
6/11/23 16:20,81.185,30,Estuarine
6/11/23 16:25,81.136,30,Estuarine
6/11/23 16:30,81.194,30,Estuarine
6/11/23 16:35,81.171,30,Estuarine
6/11/23 16:40,81.088,30,Estuarine
6/11/23 16:45,81.023,30,Estuarine
6/11/23 16:50,81.073,30,Estuarine
6/11/23 16:55,81.032,30,Estuarine
6/11/23 17:00,80.993,30,Estuarine
6/11/23 17:05,80.979,30,Estuarine
6/11/23 17:10,80.949,30,Estuarine
6/11/23 17:15,80.899,30,Estuarine
6/11/23 17:20,80.925,30,Estuarine
6/11/23 17:25,80.954,30,Estuarine
6/11/23 17:30,80.968,30,Estuarine
6/11/23 17:35,80.917,30,Estuarine
6/11/23 17:40,81.009,30,Estuarine
6/11/23 17:45,81.02,30,Estuarine
6/11/23 17:50,81.021,30,Estuarine
6/11/23 17:55,80.934,30,Estuarine
6/11/23 18:00,80.943,30,Estuarine
6/11/23 18:05,80.974,30,Estuarine
6/11/23 18:10,80.849,30,Estuarine
6/11/23 18:15,80.858,30,Estuarine
6/11/23 18:20,80.835,30,Estuarine
6/11/23 18:25,80.85,30,Estuarine
6/11/23 18:30,80.86,30,Estuarine
6/11/23 18:35,80.836,30,Estuarine
6/11/23 18:40,80.833,30,Estuarine
6/11/23 18:45,80.828,30,Estuarine
6/11/23 18:50,80.714,30,Estuarine
6/11/23 18:55,80.754,30,Estuarine
6/11/23 19:00,80.746,30,Estuarine
6/11/23 19:05,80.7,30,Estuarine
6/11/23 19:10,80.664,30,Estuarine
6/11/23 19:15,80.663,30,Estuarine
6/11/23 19:20,80.558,30,Estuarine
6/11/23 19:25,80.526,30,Estuarine
6/11/23 19:30,80.603,30,Estuarine
6/11/23 19:35,80.52,30,Estuarine
6/11/23 19:40,80.46,30,Estuarine
6/11/23 19:45,80.503,30,Estuarine
6/11/23 19:50,80.469,30,Estuarine
6/11/23 19:55,80.485,30,Estuarine
6/11/23 20:00,80.471,30,Estuarine
6/11/23 20:05,80.423,30,Estuarine
6/11/23 20:10,80.479,30,Estuarine
6/11/23 20:15,80.459,30,Estuarine
6/11/23 20:20,80.424,30,Estuarine
6/11/23 20:25,80.418,30,Estuarine
6/11/23 20:30,80.462,30,Estuarine
6/11/23 20:35,80.409,30,Estuarine
6/11/23 20:40,80.417,30,Estuarine
6/11/23 20:45,80.459,30,Estuarine
6/11/23 20:50,80.453,30,Estuarine
6/11/23 20:55,80.443,30,Estuarine
6/11/23 21:00,80.523,30,Estuarine
6/11/23 21:05,80.466,30,Estuarine
6/11/23 21:10,80.419,30,Estuarine
6/11/23 21:15,80.43,30,Estuarine
6/11/23 21:20,80.459,30,Estuarine
6/11/23 21:25,80.477,30,Estuarine
6/11/23 21:30,80.396,30,Estuarine
6/11/23 21:35,80.415,30,Estuarine
6/11/23 21:40,80.389,30,Estuarine
6/11/23 21:45,80.374,30,Estuarine
6/11/23 21:50,80.311,30,Estuarine
6/11/23 21:55,80.33,30,Estuarine
6/11/23 22:00,80.3,30,Estuarine
6/11/23 22:05,80.31,30,Estuarine
6/11/23 22:10,80.267,30,Estuarine
6/11/23 22:15,80.212,30,Estuarine
6/11/23 22:20,80.289,30,Estuarine
6/11/23 22:25,80.274,30,Estuarine
6/11/23 22:30,80.362,30,Estuarine
6/11/23 22:35,80.361,30,Estuarine
6/11/23 22:40,80.405,30,Estuarine
6/11/23 22:45,80.284,30,Estuarine
6/11/23 22:50,80.328,30,Estuarine
6/11/23 22:55,80.334,30,Estuarine
6/11/23 23:00,80.352,30,Estuarine
6/11/23 23:05,80.352,30,Estuarine
6/11/23 23:10,80.294,30,Estuarine
6/11/23 23:15,80.281,30,Estuarine
6/11/23 23:20,80.292,30,Estuarine
6/11/23 23:25,80.22,30,Estuarine
6/11/23 23:30,80.286,30,Estuarine
6/11/23 23:35,80.167,30,Estuarine
6/11/23 23:40,80.218,30,Estuarine
6/11/23 23:45,80.24,30,Estuarine
6/11/23 23:50,80.169,30,Estuarine
6/11/23 23:55,80.245,30,Estuarine
6/12/23,80.217,30,Estuarine
6/5/23,92.153,10,Control
6/5/23 0:05,92.025,10,Control
6/5/23 0:10,92.034,10,Control
6/5/23 0:15,91.983,10,Control
6/5/23 0:20,92.086,10,Control
6/5/23 0:25,92.106,10,Control
6/5/23 0:30,92.09,10,Control
6/5/23 0:35,92.065,10,Control
6/5/23 0:40,92.254,10,Control
6/5/23 0:45,92.038,10,Control
6/5/23 0:50,92.006,10,Control
6/5/23 0:55,92.228,10,Control
6/5/23 1:00,92.111,10,Control
6/5/23 1:05,92.197,10,Control
6/5/23 1:10,92.116,10,Control
6/5/23 1:15,92.13,10,Control
6/5/23 1:20,92.08,10,Control
6/5/23 1:25,92.159,10,Control
6/5/23 1:30,92.244,10,Control
6/5/23 1:35,92.207,10,Control
6/5/23 1:40,92.11,10,Control
6/5/23 1:45,92.196,10,Control
6/5/23 1:50,92.248,10,Control
6/5/23 1:55,92.013,10,Control
6/5/23 2:00,92.053,10,Control
6/5/23 2:05,92.199,10,Control
6/5/23 2:10,92.069,10,Control
6/5/23 2:15,92.118,10,Control
6/5/23 2:20,92.099,10,Control
6/5/23 2:25,92.102,10,Control
6/5/23 2:30,92.178,10,Control
6/5/23 2:35,92.11,10,Control
6/5/23 2:40,92.166,10,Control
6/5/23 2:45,92.12,10,Control
6/5/23 2:50,92.043,10,Control
6/5/23 2:55,92.081,10,Control
6/5/23 3:00,92.139,10,Control
6/5/23 3:05,92.096,10,Control
6/5/23 3:10,92.166,10,Control
6/5/23 3:15,92.066,10,Control
6/5/23 3:20,92.022,10,Control
6/5/23 3:25,92.021,10,Control
6/5/23 3:30,91.94,10,Control
6/5/23 3:35,92.121,10,Control
6/5/23 3:40,92.033,10,Control
6/5/23 3:45,92.204,10,Control
6/5/23 3:50,92.076,10,Control
6/5/23 3:55,91.995,10,Control
6/5/23 4:00,91.941,10,Control
6/5/23 4:05,92.148,10,Control
6/5/23 4:10,92.092,10,Control
6/5/23 4:15,92.007,10,Control
6/5/23 4:20,92.001,10,Control
6/5/23 4:25,92.081,10,Control
6/5/23 4:30,92.063,10,Control
6/5/23 4:35,92.138,10,Control
6/5/23 4:40,92.057,10,Control
6/5/23 4:45,92.143,10,Control
6/5/23 4:50,92.199,10,Control
6/5/23 4:55,92.256,10,Control
6/5/23 5:00,92.163,10,Control
6/5/23 5:05,92.13,10,Control
6/5/23 5:10,92.262,10,Control
6/5/23 5:15,92.365,10,Control
6/5/23 5:20,92.13,10,Control
6/5/23 5:25,92.334,10,Control
6/5/23 5:30,92.221,10,Control
6/5/23 5:35,92.215,10,Control
6/5/23 5:40,92.283,10,Control
6/5/23 5:45,92.287,10,Control
6/5/23 5:50,92.343,10,Control
6/5/23 5:55,92.264,10,Control
6/5/23 6:00,92.293,10,Control
6/5/23 6:05,92.156,10,Control
6/5/23 6:10,92.276,10,Control
6/5/23 6:15,92.281,10,Control
6/5/23 6:20,92.274,10,Control
6/5/23 6:25,92.207,10,Control
6/5/23 6:30,92.195,10,Control
6/5/23 6:35,92.247,10,Control
6/5/23 6:40,92.146,10,Control
6/5/23 6:45,92.266,10,Control
6/5/23 6:50,92.191,10,Control
6/5/23 6:55,92.311,10,Control
6/5/23 7:00,92.33,10,Control
6/5/23 7:05,92.226,10,Control
6/5/23 7:10,92.23,10,Control
6/5/23 7:15,92.273,10,Control
6/5/23 7:20,92.22,10,Control
6/5/23 7:25,92.161,10,Control
6/5/23 7:30,92.237,10,Control
6/5/23 7:35,92.279,10,Control
6/5/23 7:40,92.271,10,Control
6/5/23 7:45,92.254,10,Control
6/5/23 7:50,92.387,10,Control
6/5/23 7:55,92.223,10,Control
6/5/23 8:00,92.258,10,Control
6/5/23 8:05,92.335,10,Control
6/5/23 8:10,92.298,10,Control
6/5/23 8:15,92.264,10,Control
6/5/23 8:20,92.162,10,Control
6/5/23 8:25,92.353,10,Control
6/5/23 8:30,92.322,10,Control
6/5/23 8:35,92.226,10,Control
6/5/23 8:40,92.336,10,Control
6/5/23 8:45,92.261,10,Control
6/5/23 8:50,92.253,10,Control
6/5/23 8:55,92.223,10,Control
6/5/23 9:00,92.491,10,Control
6/5/23 9:05,92.214,10,Control
6/5/23 9:10,92.277,10,Control
6/5/23 9:15,92.289,10,Control
6/5/23 9:20,92.328,10,Control
6/5/23 9:25,92.444,10,Control
6/5/23 9:30,92.302,10,Control
6/5/23 9:35,92.391,10,Control
6/5/23 9:40,92.446,10,Control
6/5/23 9:45,92.371,10,Control
6/5/23 9:50,92.418,10,Control
6/5/23 9:55,92.457,10,Control
6/5/23 10:00,92.487,10,Control
6/5/23 10:05,92.427,10,Control
6/5/23 10:10,92.319,10,Control
6/5/23 10:15,92.396,10,Control
6/5/23 10:20,92.481,10,Control
6/5/23 10:25,92.475,10,Control
6/5/23 10:30,92.552,10,Control
6/5/23 10:35,92.511,10,Control
6/5/23 10:40,92.561,10,Control
6/5/23 10:45,92.492,10,Control
6/5/23 10:50,92.492,10,Control
6/5/23 10:55,92.503,10,Control
6/5/23 11:00,92.559,10,Control
6/5/23 11:05,92.539,10,Control
6/5/23 11:10,92.589,10,Control
6/5/23 11:15,92.591,10,Control
6/5/23 11:20,92.586,10,Control
6/5/23 11:25,92.591,10,Control
6/5/23 11:30,92.619,10,Control
6/5/23 11:35,92.544,10,Control
6/5/23 11:40,92.626,10,Control
6/5/23 11:45,92.533,10,Control
6/5/23 11:50,92.483,10,Control
6/5/23 11:55,92.552,10,Control
6/5/23 12:00,92.613,10,Control
6/5/23 12:05,92.494,10,Control
6/5/23 12:10,92.579,10,Control
6/5/23 12:15,92.507,10,Control
6/5/23 12:20,92.581,10,Control
6/5/23 12:25,92.559,10,Control
6/5/23 12:30,92.578,10,Control
6/5/23 12:35,92.507,10,Control
6/5/23 12:40,92.555,10,Control
6/5/23 12:45,92.54,10,Control
6/5/23 12:50,92.557,10,Control
6/5/23 12:55,92.578,10,Control
6/5/23 13:00,92.619,10,Control
6/5/23 13:05,92.575,10,Control
6/5/23 13:10,92.685,10,Control
6/5/23 13:15,92.654,10,Control
6/5/23 13:20,92.625,10,Control
6/5/23 13:25,92.602,10,Control
6/5/23 13:30,92.659,10,Control
6/5/23 13:35,92.777,10,Control
6/5/23 13:40,92.518,10,Control
6/5/23 13:45,92.65,10,Control
6/5/23 13:50,92.716,10,Control
6/5/23 13:55,92.665,10,Control
6/5/23 14:00,92.813,10,Control
6/5/23 14:05,92.723,10,Control
6/5/23 14:10,92.702,10,Control
6/5/23 14:15,92.77,10,Control
6/5/23 14:20,92.721,10,Control
6/5/23 14:25,92.725,10,Control
6/5/23 14:30,92.714,10,Control
6/5/23 14:35,92.799,10,Control
6/5/23 14:40,92.834,10,Control
6/5/23 14:45,92.695,10,Control
6/5/23 14:50,92.73,10,Control
6/5/23 14:55,92.791,10,Control
6/5/23 15:00,92.886,10,Control
6/5/23 15:05,92.862,10,Control
6/5/23 15:10,92.911,10,Control
6/5/23 15:15,92.801,10,Control
6/5/23 15:20,92.937,10,Control
6/5/23 15:25,92.907,10,Control
6/5/23 15:30,92.994,10,Control
6/5/23 15:35,92.862,10,Control
6/5/23 15:40,92.724,10,Control
6/5/23 15:45,92.87,10,Control
6/5/23 15:50,92.86,10,Control
6/5/23 15:55,92.854,10,Control
6/5/23 16:00,92.954,10,Control
6/5/23 16:05,92.896,10,Control
6/5/23 16:10,92.933,10,Control
6/5/23 16:15,92.911,10,Control
6/5/23 16:20,92.892,10,Control
6/5/23 16:25,92.816,10,Control
6/5/23 16:30,92.928,10,Control
6/5/23 16:35,92.983,10,Control
6/5/23 16:40,92.887,10,Control
6/5/23 16:45,92.948,10,Control
6/5/23 16:50,92.907,10,Control
6/5/23 16:55,92.918,10,Control
6/5/23 17:00,92.968,10,Control
6/5/23 17:05,92.973,10,Control
6/5/23 17:10,92.93,10,Control
6/5/23 17:15,92.879,10,Control
6/5/23 17:20,92.927,10,Control
6/5/23 17:25,93.038,10,Control
6/5/23 17:30,92.979,10,Control
6/5/23 17:35,92.991,10,Control
6/5/23 17:40,93.027,10,Control
6/5/23 17:45,92.917,10,Control
6/5/23 17:50,93.003,10,Control
6/5/23 17:55,93.127,10,Control
6/5/23 18:00,93.029,10,Control
6/5/23 18:05,92.942,10,Control
6/5/23 18:10,92.933,10,Control
6/5/23 18:15,92.895,10,Control
6/5/23 18:20,92.899,10,Control
6/5/23 18:25,92.961,10,Control
6/5/23 18:30,92.88,10,Control
6/5/23 18:35,93.065,10,Control
6/5/23 18:40,93.075,10,Control
6/5/23 18:45,93.088,10,Control
6/5/23 18:50,92.835,10,Control
6/5/23 18:55,93.06,10,Control
6/5/23 19:00,92.996,10,Control
6/5/23 19:05,92.939,10,Control
6/5/23 19:10,93.052,10,Control
6/5/23 19:15,93.039,10,Control
6/5/23 19:20,92.887,10,Control
6/5/23 19:25,93.07,10,Control
6/5/23 19:30,92.879,10,Control
6/5/23 19:35,92.891,10,Control
6/5/23 19:40,92.971,10,Control
6/5/23 19:45,93.019,10,Control
6/5/23 19:50,92.977,10,Control
6/5/23 19:55,92.817,10,Control
6/5/23 20:00,93.011,10,Control
6/5/23 20:05,92.98,10,Control
6/5/23 20:10,92.881,10,Control
6/5/23 20:15,92.901,10,Control
6/5/23 20:20,92.847,10,Control
6/5/23 20:25,92.882,10,Control
6/5/23 20:30,92.938,10,Control
6/5/23 20:35,92.903,10,Control
6/5/23 20:40,92.774,10,Control
6/5/23 20:45,92.829,10,Control
6/5/23 20:50,93.051,10,Control
6/5/23 20:55,92.867,10,Control
6/5/23 21:00,92.984,10,Control
6/5/23 21:05,92.81,10,Control
6/5/23 21:10,92.869,10,Control
6/5/23 21:15,92.95,10,Control
6/5/23 21:20,92.807,10,Control
6/5/23 21:25,93.016,10,Control
6/5/23 21:30,92.823,10,Control
6/5/23 21:35,92.885,10,Control
6/5/23 21:40,92.961,10,Control
6/5/23 21:45,92.959,10,Control
6/5/23 21:50,92.856,10,Control
6/5/23 21:55,92.85,10,Control
6/5/23 22:00,92.862,10,Control
6/5/23 22:05,92.906,10,Control
6/5/23 22:10,92.802,10,Control
6/5/23 22:15,92.859,10,Control
6/5/23 22:20,92.765,10,Control
6/5/23 22:25,92.758,10,Control
6/5/23 22:30,92.859,10,Control
6/5/23 22:35,92.842,10,Control
6/5/23 22:40,92.793,10,Control
6/5/23 22:45,92.852,10,Control
6/5/23 22:50,92.841,10,Control
6/5/23 22:55,92.83,10,Control
6/5/23 23:00,92.868,10,Control
6/5/23 23:05,92.818,10,Control
6/5/23 23:10,92.804,10,Control
6/5/23 23:15,92.922,10,Control
6/5/23 23:20,92.902,10,Control
6/5/23 23:25,92.739,10,Control
6/5/23 23:30,92.887,10,Control
6/5/23 23:35,92.948,10,Control
6/5/23 23:40,92.881,10,Control
6/5/23 23:45,92.839,10,Control
6/5/23 23:50,92.869,10,Control
6/5/23 23:55,92.813,10,Control
6/6/23,92.878,10,Control
6/6/23 0:05,92.873,10,Control
6/6/23 0:10,92.828,10,Control
6/6/23 0:15,92.826,10,Control
6/6/23 0:20,92.778,10,Control
6/6/23 0:25,92.824,10,Control
6/6/23 0:30,92.841,10,Control
6/6/23 0:35,92.773,10,Control
6/6/23 0:40,92.868,10,Control
6/6/23 0:45,92.774,10,Control
6/6/23 0:50,92.891,10,Control
6/6/23 0:55,92.917,10,Control
6/6/23 1:00,92.801,10,Control
6/6/23 1:05,92.866,10,Control
6/6/23 1:10,92.804,10,Control
6/6/23 1:15,92.876,10,Control
6/6/23 1:20,92.911,10,Control
6/6/23 1:25,92.844,10,Control
6/6/23 1:30,92.646,10,Control
6/6/23 1:35,92.771,10,Control
6/6/23 1:40,92.81,10,Control
6/6/23 1:45,92.747,10,Control
6/6/23 1:50,92.816,10,Control
6/6/23 1:55,92.814,10,Control
6/6/23 2:00,92.811,10,Control
6/6/23 2:05,92.751,10,Control
6/6/23 2:10,92.788,10,Control
6/6/23 2:15,92.727,10,Control
6/6/23 2:20,92.879,10,Control
6/6/23 2:25,92.82,10,Control
6/6/23 2:30,92.843,10,Control
6/6/23 2:35,92.691,10,Control
6/6/23 2:40,92.733,10,Control
6/6/23 2:45,92.817,10,Control
6/6/23 2:50,92.815,10,Control
6/6/23 2:55,92.759,10,Control
6/6/23 3:00,92.622,10,Control
6/6/23 3:05,92.741,10,Control
6/6/23 3:10,92.529,10,Control
6/6/23 3:15,92.847,10,Control
6/6/23 3:20,92.585,10,Control
6/6/23 3:25,92.768,10,Control
6/6/23 3:30,92.489,10,Control
6/6/23 3:35,92.725,10,Control
6/6/23 3:40,92.709,10,Control
6/6/23 3:45,92.581,10,Control
6/6/23 3:50,92.679,10,Control
6/6/23 3:55,92.609,10,Control
6/6/23 4:00,92.655,10,Control
6/6/23 4:05,92.671,10,Control
6/6/23 4:10,92.628,10,Control
6/6/23 4:15,92.556,10,Control
6/6/23 4:20,92.552,10,Control
6/6/23 4:25,92.618,10,Control
6/6/23 4:30,92.719,10,Control
6/6/23 4:35,92.577,10,Control
6/6/23 4:40,92.654,10,Control
6/6/23 4:45,92.51,10,Control
6/6/23 4:50,92.644,10,Control
6/6/23 4:55,92.457,10,Control
6/6/23 5:00,92.523,10,Control
6/6/23 5:05,92.524,10,Control
6/6/23 5:10,92.556,10,Control
6/6/23 5:15,92.551,10,Control
6/6/23 5:20,92.492,10,Control
6/6/23 5:25,92.528,10,Control
6/6/23 5:30,92.501,10,Control
6/6/23 5:35,92.597,10,Control
6/6/23 5:40,92.49,10,Control
6/6/23 5:45,92.44,10,Control
6/6/23 5:50,92.572,10,Control
6/6/23 5:55,92.603,10,Control
6/6/23 6:00,92.566,10,Control
6/6/23 6:05,92.521,10,Control
6/6/23 6:10,92.583,10,Control
6/6/23 6:15,92.611,10,Control
6/6/23 6:20,92.451,10,Control
6/6/23 6:25,92.502,10,Control
6/6/23 6:30,92.505,10,Control
6/6/23 6:35,92.451,10,Control
6/6/23 6:40,92.477,10,Control
6/6/23 6:45,92.681,10,Control
6/6/23 6:50,92.509,10,Control
6/6/23 6:55,92.572,10,Control
6/6/23 7:00,92.542,10,Control
6/6/23 7:05,92.54,10,Control
6/6/23 7:10,92.585,10,Control
6/6/23 7:15,92.618,10,Control
6/6/23 7:20,92.535,10,Control
6/6/23 7:25,92.454,10,Control
6/6/23 7:30,92.616,10,Control
6/6/23 7:35,92.587,10,Control
6/6/23 7:40,92.665,10,Control
6/6/23 7:45,92.603,10,Control
6/6/23 7:50,92.532,10,Control
6/6/23 7:55,92.553,10,Control
6/6/23 8:00,92.539,10,Control
6/6/23 8:05,92.632,10,Control
6/6/23 8:10,92.625,10,Control
6/6/23 8:15,92.749,10,Control
6/6/23 8:20,92.629,10,Control
6/6/23 8:25,92.66,10,Control
6/6/23 8:30,92.526,10,Control
6/6/23 8:35,92.691,10,Control
6/6/23 8:40,92.742,10,Control
6/6/23 8:45,92.471,10,Control
6/6/23 8:50,92.861,10,Control
6/6/23 8:55,92.845,10,Control
6/6/23 9:00,92.648,10,Control
6/6/23 9:05,92.646,10,Control
6/6/23 9:10,92.811,10,Control
6/6/23 9:15,92.773,10,Control
6/6/23 9:20,92.74,10,Control
6/6/23 9:25,92.557,10,Control
6/6/23 9:30,92.656,10,Control
6/6/23 9:35,92.664,10,Control
6/6/23 9:40,92.841,10,Control
6/6/23 9:45,92.667,10,Control
6/6/23 9:50,92.732,10,Control
6/6/23 9:55,92.74,10,Control
6/6/23 10:00,92.645,10,Control
6/6/23 10:05,92.766,10,Control
6/6/23 10:10,92.74,10,Control
6/6/23 10:15,92.871,10,Control
6/6/23 10:20,92.805,10,Control
6/6/23 10:25,92.779,10,Control
6/6/23 10:30,92.778,10,Control
6/6/23 10:35,92.714,10,Control
6/6/23 10:40,92.81,10,Control
6/6/23 10:45,92.772,10,Control
6/6/23 10:50,92.84,10,Control
6/6/23 10:55,92.808,10,Control
6/6/23 11:00,92.847,10,Control
6/6/23 11:05,92.906,10,Control
6/6/23 11:10,92.824,10,Control
6/6/23 11:15,92.783,10,Control
6/6/23 11:20,92.8,10,Control
6/6/23 11:25,92.913,10,Control
6/6/23 11:30,92.919,10,Control
6/6/23 11:35,92.803,10,Control
6/6/23 11:40,92.902,10,Control
6/6/23 11:45,92.869,10,Control
6/6/23 11:50,92.906,10,Control
6/6/23 11:55,92.752,10,Control
6/6/23 12:00,92.893,10,Control
6/6/23 12:05,92.859,10,Control
6/6/23 12:10,92.844,10,Control
6/6/23 12:15,92.824,10,Control
6/6/23 12:20,92.892,10,Control
6/6/23 12:25,93.016,10,Control
6/6/23 12:30,92.928,10,Control
6/6/23 12:35,92.927,10,Control
6/6/23 12:40,92.878,10,Control
6/6/23 12:45,92.936,10,Control
6/6/23 12:50,93,10,Control
6/6/23 12:55,92.96,10,Control
6/6/23 13:00,92.855,10,Control
6/6/23 13:05,92.96,10,Control
6/6/23 13:10,93.085,10,Control
6/6/23 13:15,92.939,10,Control
6/6/23 13:20,92.994,10,Control
6/6/23 13:25,93.059,10,Control
6/6/23 13:30,92.96,10,Control
6/6/23 13:35,92.922,10,Control
6/6/23 13:40,93.05,10,Control
6/6/23 13:45,92.976,10,Control
6/6/23 13:50,93.049,10,Control
6/6/23 13:55,93.078,10,Control
6/6/23 14:00,93.03,10,Control
6/6/23 14:05,93.057,10,Control
6/6/23 14:10,93.056,10,Control
6/6/23 14:15,93.045,10,Control
6/6/23 14:20,93.109,10,Control
6/6/23 14:25,93.07,10,Control
6/6/23 14:30,93.049,10,Control
6/6/23 14:35,93.051,10,Control
6/6/23 14:40,93.087,10,Control
6/6/23 14:45,93.114,10,Control
6/6/23 14:50,93.005,10,Control
6/6/23 14:55,93.034,10,Control
6/6/23 15:00,93.064,10,Control
6/6/23 15:05,93.155,10,Control
6/6/23 15:10,93.161,10,Control
6/6/23 15:15,93.188,10,Control
6/6/23 15:20,93.039,10,Control
6/6/23 15:25,93.159,10,Control
6/6/23 15:30,93.067,10,Control
6/6/23 15:35,93.155,10,Control
6/6/23 15:40,93.042,10,Control
6/6/23 15:45,93.148,10,Control
6/6/23 15:50,93.103,10,Control
6/6/23 15:55,93.182,10,Control
6/6/23 16:00,93.177,10,Control
6/6/23 16:05,93.203,10,Control
6/6/23 16:10,93.279,10,Control
6/6/23 16:15,93.043,10,Control
6/6/23 16:20,93.214,10,Control
6/6/23 16:25,93.132,10,Control
6/6/23 16:30,93.312,10,Control
6/6/23 16:35,93.068,10,Control
6/6/23 16:40,93.315,10,Control
6/6/23 16:45,93.221,10,Control
6/6/23 16:50,93.182,10,Control
6/6/23 16:55,93.177,10,Control
6/6/23 17:00,93.217,10,Control
6/6/23 17:05,93.142,10,Control
6/6/23 17:10,93.168,10,Control
6/6/23 17:15,93.15,10,Control
6/6/23 17:20,93.223,10,Control
6/6/23 17:25,93.334,10,Control
6/6/23 17:30,93.233,10,Control
6/6/23 17:35,93.172,10,Control
6/6/23 17:40,93.238,10,Control
6/6/23 17:45,93.265,10,Control
6/6/23 17:50,93.177,10,Control
6/6/23 17:55,93.23,10,Control
6/6/23 18:00,93.32,10,Control
6/6/23 18:05,93.346,10,Control
6/6/23 18:10,93.249,10,Control
6/6/23 18:15,93.295,10,Control
6/6/23 18:20,93.334,10,Control
6/6/23 18:25,93.247,10,Control
6/6/23 18:30,93.317,10,Control
6/6/23 18:35,93.351,10,Control
6/6/23 18:40,93.236,10,Control
6/6/23 18:45,93.408,10,Control
6/6/23 18:50,93.336,10,Control
6/6/23 18:55,93.305,10,Control
6/6/23 19:00,93.344,10,Control
6/6/23 19:05,93.195,10,Control
6/6/23 19:10,93.299,10,Control
6/6/23 19:15,93.296,10,Control
6/6/23 19:20,93.243,10,Control
6/6/23 19:25,93.31,10,Control
6/6/23 19:30,93.168,10,Control
6/6/23 19:35,93.34,10,Control
6/6/23 19:40,93.221,10,Control
6/6/23 19:45,93.277,10,Control
6/6/23 19:50,93.191,10,Control
6/6/23 19:55,93.268,10,Control
6/6/23 20:00,93.378,10,Control
6/6/23 20:05,93.335,10,Control
6/6/23 20:10,93.288,10,Control
6/6/23 20:15,93.297,10,Control
6/6/23 20:20,93.16,10,Control
6/6/23 20:25,93.296,10,Control
6/6/23 20:30,93.24,10,Control
6/6/23 20:35,93.434,10,Control
6/6/23 20:40,93.735,10,Control
6/6/23 20:45,93.809,10,Control
6/6/23 20:50,93.761,10,Control
6/6/23 20:55,93.96,10,Control
6/6/23 21:00,93.851,10,Control
6/6/23 21:05,93.973,10,Control
6/6/23 21:10,93.977,10,Control
6/6/23 21:15,93.983,10,Control
6/6/23 21:20,93.965,10,Control
6/6/23 21:25,93.926,10,Control
6/6/23 21:30,94.027,10,Control
6/6/23 21:35,94.012,10,Control
6/6/23 21:40,94.06,10,Control
6/6/23 21:45,93.963,10,Control
6/6/23 21:50,94.027,10,Control
6/6/23 21:55,93.951,10,Control
6/6/23 22:00,93.988,10,Control
6/6/23 22:05,94.011,10,Control
6/6/23 22:10,94.052,10,Control
6/6/23 22:15,94.032,10,Control
6/6/23 22:20,94.115,10,Control
6/6/23 22:25,94.108,10,Control
6/6/23 22:30,93.948,10,Control
6/6/23 22:35,94.062,10,Control
6/6/23 22:40,94.129,10,Control
6/6/23 22:45,94.069,10,Control
6/6/23 22:50,94.122,10,Control
6/6/23 22:55,94.006,10,Control
6/6/23 23:00,93.921,10,Control
6/6/23 23:05,94.089,10,Control
6/6/23 23:10,94.165,10,Control
6/6/23 23:15,94.034,10,Control
6/6/23 23:20,94.185,10,Control
6/6/23 23:25,94.161,10,Control
6/6/23 23:30,93.968,10,Control
6/6/23 23:35,94.195,10,Control
6/6/23 23:40,94.096,10,Control
6/6/23 23:45,94.174,10,Control
6/6/23 23:50,94.062,10,Control
6/6/23 23:55,94.146,10,Control
6/7/23,94.183,10,Control
6/7/23 0:05,94.053,10,Control
6/7/23 0:10,94.068,10,Control
6/7/23 0:15,94.19,10,Control
6/7/23 0:20,94.095,10,Control
6/7/23 0:25,94.139,10,Control
6/7/23 0:30,94.184,10,Control
6/7/23 0:35,94.172,10,Control
6/7/23 0:40,94.104,10,Control
6/7/23 0:45,94.118,10,Control
6/7/23 0:50,94.064,10,Control
6/7/23 0:55,94.025,10,Control
6/7/23 1:00,94.079,10,Control
6/7/23 1:05,94.127,10,Control
6/7/23 1:10,94.078,10,Control
6/7/23 1:15,94.081,10,Control
6/7/23 1:20,94.017,10,Control
6/7/23 1:25,94,10,Control
6/7/23 1:30,93.922,10,Control
6/7/23 1:35,93.957,10,Control
6/7/23 1:40,93.918,10,Control
6/7/23 1:45,93.957,10,Control
6/7/23 1:50,94.019,10,Control
6/7/23 1:55,93.927,10,Control
6/7/23 2:00,93.992,10,Control
6/7/23 2:05,94.001,10,Control
6/7/23 2:10,93.873,10,Control
6/7/23 2:15,93.797,10,Control
6/7/23 2:20,93.966,10,Control
6/7/23 2:25,93.873,10,Control
6/7/23 2:30,93.85,10,Control
6/7/23 2:35,93.908,10,Control
6/7/23 2:40,93.884,10,Control
6/7/23 2:45,93.707,10,Control
6/7/23 2:50,93.805,10,Control
6/7/23 2:55,93.773,10,Control
6/7/23 3:00,93.838,10,Control
6/7/23 3:05,93.829,10,Control
6/7/23 3:10,93.71,10,Control
6/7/23 3:15,93.652,10,Control
6/7/23 3:20,93.608,10,Control
6/7/23 3:25,93.812,10,Control
6/7/23 3:30,93.826,10,Control
6/7/23 3:35,93.761,10,Control
6/7/23 3:40,93.864,10,Control
6/7/23 3:45,93.783,10,Control
6/7/23 3:50,93.728,10,Control
6/7/23 3:55,93.816,10,Control
6/7/23 4:00,93.941,10,Control
6/7/23 4:05,93.748,10,Control
6/7/23 4:10,93.776,10,Control
6/7/23 4:15,93.851,10,Control
6/7/23 4:20,93.966,10,Control
6/7/23 4:25,93.992,10,Control
6/7/23 4:30,93.996,10,Control
6/7/23 4:35,93.935,10,Control
6/7/23 4:40,93.955,10,Control
6/7/23 4:45,93.988,10,Control
6/7/23 4:50,93.952,10,Control
6/7/23 4:55,93.956,10,Control
6/7/23 5:00,94.059,10,Control
6/7/23 5:05,94.287,10,Control
6/7/23 5:10,94.069,10,Control
6/7/23 5:15,94.066,10,Control
6/7/23 5:20,93.994,10,Control
6/7/23 5:25,94.133,10,Control
6/7/23 5:30,94.064,10,Control
6/7/23 5:35,94.181,10,Control
6/7/23 5:40,94.186,10,Control
6/7/23 5:45,94.105,10,Control
6/7/23 5:50,94.165,10,Control
6/7/23 5:55,94.114,10,Control
6/7/23 6:00,94.19,10,Control
6/7/23 6:05,94.055,10,Control
6/7/23 6:10,94.109,10,Control
6/7/23 6:15,94.11,10,Control
6/7/23 6:20,94.256,10,Control
6/7/23 6:25,94.275,10,Control
6/7/23 6:30,94.25,10,Control
6/7/23 6:35,94.242,10,Control
6/7/23 6:40,94.247,10,Control
6/7/23 6:45,94.233,10,Control
6/7/23 6:50,94.195,10,Control
6/7/23 6:55,94.178,10,Control
6/7/23 7:00,94.241,10,Control
6/7/23 7:05,94.342,10,Control
6/7/23 7:10,94.253,10,Control
6/7/23 7:15,94.332,10,Control
6/7/23 7:20,94.184,10,Control
6/7/23 7:25,94.174,10,Control
6/7/23 7:30,94.28,10,Control
6/7/23 7:35,94.279,10,Control
6/7/23 7:40,94.337,10,Control
6/7/23 7:45,94.337,10,Control
6/7/23 7:50,94.304,10,Control
6/7/23 7:55,94.332,10,Control
6/7/23 8:00,94.323,10,Control
6/7/23 8:05,94.384,10,Control
6/7/23 8:10,94.25,10,Control
6/7/23 8:15,94.381,10,Control
6/7/23 8:20,94.32,10,Control
6/7/23 8:25,94.366,10,Control
6/7/23 8:30,94.421,10,Control
6/7/23 8:35,94.351,10,Control
6/7/23 8:40,94.327,10,Control
6/7/23 8:45,94.332,10,Control
6/7/23 8:50,94.298,10,Control
6/7/23 8:55,94.329,10,Control
6/7/23 9:00,94.352,10,Control
6/7/23 9:05,94.426,10,Control
6/7/23 9:10,94.403,10,Control
6/7/23 9:15,94.237,10,Control
6/7/23 9:20,94.55,10,Control
6/7/23 9:25,94.396,10,Control
6/7/23 9:30,94.383,10,Control
6/7/23 9:35,94.342,10,Control
6/7/23 9:40,94.398,10,Control
6/7/23 9:45,94.331,10,Control
6/7/23 9:50,94.394,10,Control
6/7/23 9:55,94.444,10,Control
6/7/23 10:00,94.435,10,Control
6/7/23 10:05,94.465,10,Control
6/7/23 10:10,94.34,10,Control
6/7/23 10:15,94.393,10,Control
6/7/23 10:20,94.44,10,Control
6/7/23 10:25,94.396,10,Control
6/7/23 10:30,94.418,10,Control
6/7/23 10:35,94.403,10,Control
6/7/23 10:40,94.41,10,Control
6/7/23 10:45,94.576,10,Control
6/7/23 10:50,94.401,10,Control
6/7/23 10:55,94.429,10,Control
6/7/23 11:00,94.368,10,Control
6/7/23 11:05,94.344,10,Control
6/7/23 11:10,94.494,10,Control
6/7/23 11:15,94.411,10,Control
6/7/23 11:20,94.546,10,Control
6/7/23 11:25,94.577,10,Control
6/7/23 11:30,94.358,10,Control
6/7/23 11:35,94.499,10,Control
6/7/23 11:40,94.424,10,Control
6/7/23 11:45,94.345,10,Control
6/7/23 11:50,94.4,10,Control
6/7/23 11:55,94.319,10,Control
6/7/23 12:00,94.322,10,Control
6/7/23 12:05,94.304,10,Control
6/7/23 12:10,94.41,10,Control
6/7/23 12:15,94.402,10,Control
6/7/23 12:20,94.438,10,Control
6/7/23 12:25,94.363,10,Control
6/7/23 12:30,94.404,10,Control
6/7/23 12:35,94.404,10,Control
6/7/23 12:40,94.419,10,Control
6/7/23 12:45,94.399,10,Control
6/7/23 12:50,94.553,10,Control
6/7/23 12:55,94.368,10,Control
6/7/23 13:00,94.441,10,Control
6/7/23 13:05,94.54,10,Control
6/7/23 13:10,94.361,10,Control
6/7/23 13:15,94.378,10,Control
6/7/23 13:20,94.32,10,Control
6/7/23 13:25,94.291,10,Control
6/7/23 13:30,94.479,10,Control
6/7/23 13:35,94.411,10,Control
6/7/23 13:40,94.294,10,Control
6/7/23 13:45,94.339,10,Control
6/7/23 13:50,94.458,10,Control
6/7/23 13:55,94.315,10,Control
6/7/23 14:00,94.409,10,Control
6/7/23 14:05,94.416,10,Control
6/7/23 14:10,94.463,10,Control
6/7/23 14:15,94.38,10,Control
6/7/23 14:20,94.417,10,Control
6/7/23 14:25,94.323,10,Control
6/7/23 14:30,94.454,10,Control
6/7/23 14:35,94.347,10,Control
6/7/23 14:40,94.401,10,Control
6/7/23 14:45,94.374,10,Control
6/7/23 14:50,94.341,10,Control
6/7/23 14:55,94.34,10,Control
6/7/23 15:00,94.307,10,Control
6/7/23 15:05,94.435,10,Control
6/7/23 15:10,94.395,10,Control
6/7/23 15:15,94.372,10,Control
6/7/23 15:20,94.451,10,Control
6/7/23 15:25,94.406,10,Control
6/7/23 15:30,94.309,10,Control
6/7/23 15:35,94.294,10,Control
6/7/23 15:40,94.349,10,Control
6/7/23 15:45,94.326,10,Control
6/7/23 15:50,94.36,10,Control
6/7/23 15:55,94.466,10,Control
6/7/23 16:00,94.316,10,Control
6/7/23 16:05,94.373,10,Control
6/7/23 16:10,94.166,10,Control
6/7/23 16:15,94.277,10,Control
6/7/23 16:20,94.319,10,Control
6/7/23 16:25,94.362,10,Control
6/7/23 16:30,94.376,10,Control
6/7/23 16:35,94.415,10,Control
6/7/23 16:40,94.209,10,Control
6/7/23 16:45,94.371,10,Control
6/7/23 16:50,94.381,10,Control
6/7/23 16:55,94.412,10,Control
6/7/23 17:00,94.358,10,Control
6/7/23 17:05,94.423,10,Control
6/7/23 17:10,94.327,10,Control
6/7/23 17:15,94.347,10,Control
6/7/23 17:20,94.309,10,Control
6/7/23 17:25,94.458,10,Control
6/7/23 17:30,94.362,10,Control
6/7/23 17:35,94.268,10,Control
6/7/23 17:40,94.32,10,Control
6/7/23 17:45,94.387,10,Control
6/7/23 17:50,94.264,10,Control
6/7/23 17:55,94.33,10,Control
6/7/23 18:00,94.314,10,Control
6/7/23 18:05,94.343,10,Control
6/7/23 18:10,94.397,10,Control
6/7/23 18:15,94.263,10,Control
6/7/23 18:20,94.2,10,Control
6/7/23 18:25,94.282,10,Control
6/7/23 18:30,94.188,10,Control
6/7/23 18:35,94.285,10,Control
6/7/23 18:40,94.245,10,Control
6/7/23 18:45,94.484,10,Control
6/7/23 18:50,94.387,10,Control
6/7/23 18:55,94.273,10,Control
6/7/23 19:00,94.189,10,Control
6/7/23 19:05,94.233,10,Control
6/7/23 19:10,94.177,10,Control
6/7/23 19:15,94.19,10,Control
6/7/23 19:20,94.268,10,Control
6/7/23 19:25,94.32,10,Control
6/7/23 19:30,94.22,10,Control
6/7/23 19:35,94.279,10,Control
6/7/23 19:40,94.301,10,Control
6/7/23 19:45,94.273,10,Control
6/7/23 19:50,94.245,10,Control
6/7/23 19:55,94.325,10,Control
6/7/23 20:00,94.209,10,Control
6/7/23 20:05,94.202,10,Control
6/7/23 20:10,94.224,10,Control
6/7/23 20:15,94.256,10,Control
6/7/23 20:20,94.233,10,Control
6/7/23 20:25,94.196,10,Control
6/7/23 20:30,94.28,10,Control
6/7/23 20:35,94.351,10,Control
6/7/23 20:40,94.325,10,Control
6/7/23 20:45,94.27,10,Control
6/7/23 20:50,94.25,10,Control
6/7/23 20:55,94.401,10,Control
6/7/23 21:00,94.267,10,Control
6/7/23 21:05,94.262,10,Control
6/7/23 21:10,94.323,10,Control
6/7/23 21:15,94.363,10,Control
6/7/23 21:20,94.191,10,Control
6/7/23 21:25,94.228,10,Control
6/7/23 21:30,94.289,10,Control
6/7/23 21:35,94.378,10,Control
6/7/23 21:40,94.312,10,Control
6/7/23 21:45,94.326,10,Control
6/7/23 21:50,94.315,10,Control
6/7/23 21:55,94.206,10,Control
6/7/23 22:00,94.399,10,Control
6/7/23 22:05,94.294,10,Control
6/7/23 22:10,94.302,10,Control
6/7/23 22:15,94.286,10,Control
6/7/23 22:20,94.236,10,Control
6/7/23 22:25,94.271,10,Control
6/7/23 22:30,94.313,10,Control
6/7/23 22:35,94.344,10,Control
6/7/23 22:40,94.223,10,Control
6/7/23 22:45,94.229,10,Control
6/7/23 22:50,94.289,10,Control
6/7/23 22:55,94.13,10,Control
6/7/23 23:00,94.262,10,Control
6/7/23 23:05,94.281,10,Control
6/7/23 23:10,94.368,10,Control
6/7/23 23:15,94.381,10,Control
6/7/23 23:20,94.236,10,Control
6/7/23 23:25,94.246,10,Control
6/7/23 23:30,94.46,10,Control
6/7/23 23:35,94.161,10,Control
6/7/23 23:40,94.228,10,Control
6/7/23 23:45,94.231,10,Control
6/7/23 23:50,94.265,10,Control
6/7/23 23:55,94.313,10,Control
6/8/23,94.393,10,Control
6/8/23 0:05,94.215,10,Control
6/8/23 0:10,94.406,10,Control
6/8/23 0:15,94.323,10,Control
6/8/23 0:20,94.287,10,Control
6/8/23 0:25,94.19,10,Control
6/8/23 0:30,94.13,10,Control
6/8/23 0:35,94.265,10,Control
6/8/23 0:40,94.206,10,Control
6/8/23 0:45,94.185,10,Control
6/8/23 0:50,94.343,10,Control
6/8/23 0:55,94.203,10,Control
6/8/23 1:00,94.26,10,Control
6/8/23 1:05,94.257,10,Control
6/8/23 1:10,94.107,10,Control
6/8/23 1:15,94.215,10,Control
6/8/23 1:20,94.225,10,Control
6/8/23 1:25,94.212,10,Control
6/8/23 1:30,94.215,10,Control
6/8/23 1:35,94.125,10,Control
6/8/23 1:40,94.231,10,Control
6/8/23 1:45,94.275,10,Control
6/8/23 1:50,94.127,10,Control
6/8/23 1:55,94.141,10,Control
6/8/23 2:00,94.177,10,Control
6/8/23 2:05,94.16,10,Control
6/8/23 2:10,94.159,10,Control
6/8/23 2:15,94.259,10,Control
6/8/23 2:20,94.146,10,Control
6/8/23 2:25,94.134,10,Control
6/8/23 2:30,94.169,10,Control
6/8/23 2:35,94.241,10,Control
6/8/23 2:40,94.21,10,Control
6/8/23 2:45,94.143,10,Control
6/8/23 2:50,94.145,10,Control
6/8/23 2:55,94.369,10,Control
6/8/23 3:00,94.091,10,Control
6/8/23 3:05,94.221,10,Control
6/8/23 3:10,94.188,10,Control
6/8/23 3:15,94.308,10,Control
6/8/23 3:20,94.13,10,Control
6/8/23 3:25,94.164,10,Control
6/8/23 3:30,94.273,10,Control
6/8/23 3:35,94.243,10,Control
6/8/23 3:40,94.178,10,Control
6/8/23 3:45,94.252,10,Control
6/8/23 3:50,94.287,10,Control
6/8/23 3:55,94.196,10,Control
6/8/23 4:00,94.346,10,Control
6/8/23 4:05,94.332,10,Control
6/8/23 4:10,94.309,10,Control
6/8/23 4:15,94.405,10,Control
6/8/23 4:20,94.206,10,Control
6/8/23 4:25,94.083,10,Control
6/8/23 4:30,94.207,10,Control
6/8/23 4:35,94.188,10,Control
6/8/23 4:40,94.19,10,Control
6/8/23 4:45,94.174,10,Control
6/8/23 4:50,94.281,10,Control
6/8/23 4:55,94.266,10,Control
6/8/23 5:00,94.249,10,Control
6/8/23 5:05,94.146,10,Control
6/8/23 5:10,94.289,10,Control
6/8/23 5:15,94.304,10,Control
6/8/23 5:20,94.207,10,Control
6/8/23 5:25,94.252,10,Control
6/8/23 5:30,94.319,10,Control
6/8/23 5:35,94.212,10,Control
6/8/23 5:40,94.148,10,Control
6/8/23 5:45,94.24,10,Control
6/8/23 5:50,94.359,10,Control
6/8/23 5:55,94.211,10,Control
6/8/23 6:00,94.25,10,Control
6/8/23 6:05,94.459,10,Control
6/8/23 6:10,94.283,10,Control
6/8/23 6:15,94.383,10,Control
6/8/23 6:20,94.243,10,Control
6/8/23 6:25,94.374,10,Control
6/8/23 6:30,94.335,10,Control
6/8/23 6:35,94.386,10,Control
6/8/23 6:40,94.372,10,Control
6/8/23 6:45,94.396,10,Control
6/8/23 6:50,94.389,10,Control
6/8/23 6:55,94.303,10,Control
6/8/23 7:00,94.426,10,Control
6/8/23 7:05,94.403,10,Control
6/8/23 7:10,94.405,10,Control
6/8/23 7:15,94.36,10,Control
6/8/23 7:20,94.522,10,Control
6/8/23 7:25,94.453,10,Control
6/8/23 7:30,94.437,10,Control
6/8/23 7:35,94.476,10,Control
6/8/23 7:40,94.449,10,Control
6/8/23 7:45,94.37,10,Control
6/8/23 7:50,94.561,10,Control
6/8/23 7:55,94.402,10,Control
6/8/23 8:00,94.395,10,Control
6/8/23 8:05,94.41,10,Control
6/8/23 8:10,94.143,10,Control
6/8/23 8:15,94.662,10,Control
6/8/23 8:20,94.464,10,Control
6/8/23 8:25,94.6,10,Control
6/8/23 8:30,94.39,10,Control
6/8/23 8:35,94.556,10,Control
6/8/23 8:40,94.527,10,Control
6/8/23 8:45,94.391,10,Control
6/8/23 8:50,94.548,10,Control
6/8/23 8:55,94.494,10,Control
6/8/23 9:00,94.535,10,Control
6/8/23 9:05,94.489,10,Control
6/8/23 9:10,94.553,10,Control
6/8/23 9:15,94.442,10,Control
6/8/23 9:20,94.504,10,Control
6/8/23 9:25,94.581,10,Control
6/8/23 9:30,94.684,10,Control
6/8/23 9:35,94.642,10,Control
6/8/23 9:40,94.629,10,Control
6/8/23 9:45,94.585,10,Control
6/8/23 9:50,94.539,10,Control
6/8/23 9:55,94.481,10,Control
6/8/23 10:00,94.559,10,Control
6/8/23 10:05,94.495,10,Control
6/8/23 10:10,94.506,10,Control
6/8/23 10:15,94.59,10,Control
6/8/23 10:20,94.574,10,Control
6/8/23 10:25,94.572,10,Control
6/8/23 10:30,94.467,10,Control
6/8/23 10:35,94.499,10,Control
6/8/23 10:40,94.495,10,Control
6/8/23 10:45,94.587,10,Control
6/8/23 10:50,94.57,10,Control
6/8/23 10:55,94.418,10,Control
6/8/23 11:00,94.593,10,Control
6/8/23 11:05,94.579,10,Control
6/8/23 11:10,94.65,10,Control
6/8/23 11:15,94.49,10,Control
6/8/23 11:20,94.495,10,Control
6/8/23 11:25,94.539,10,Control
6/8/23 11:30,94.471,10,Control
6/8/23 11:35,94.503,10,Control
6/8/23 11:40,94.601,10,Control
6/8/23 11:45,94.474,10,Control
6/8/23 11:50,94.527,10,Control
6/8/23 11:55,94.539,10,Control
6/8/23 12:00,94.479,10,Control
6/8/23 12:05,94.452,10,Control
6/8/23 12:10,94.404,10,Control
6/8/23 12:15,94.499,10,Control
6/8/23 12:20,94.49,10,Control
6/8/23 12:25,94.524,10,Control
6/8/23 12:30,94.374,10,Control
6/8/23 12:35,94.492,10,Control
6/8/23 12:40,94.483,10,Control
6/8/23 12:45,94.528,10,Control
6/8/23 12:50,94.469,10,Control
6/8/23 12:55,94.529,10,Control
6/8/23 13:00,94.448,10,Control
6/8/23 13:05,94.387,10,Control
6/8/23 13:10,94.48,10,Control
6/8/23 13:15,94.47,10,Control
6/8/23 13:20,94.386,10,Control
6/8/23 13:25,94.414,10,Control
6/8/23 13:30,94.419,10,Control
6/8/23 13:35,94.54,10,Control
6/8/23 13:40,94.488,10,Control
6/8/23 13:45,94.416,10,Control
6/8/23 13:50,94.431,10,Control
6/8/23 13:55,94.453,10,Control
6/8/23 14:00,94.45,10,Control
6/8/23 14:05,94.318,10,Control
6/8/23 14:10,94.425,10,Control
6/8/23 14:15,94.528,10,Control
6/8/23 14:20,94.525,10,Control
6/8/23 14:25,94.375,10,Control
6/8/23 14:30,94.365,10,Control
6/8/23 14:35,94.358,10,Control
6/8/23 14:40,94.329,10,Control
6/8/23 14:45,94.393,10,Control
6/8/23 14:50,94.419,10,Control
6/8/23 14:55,94.295,10,Control
6/8/23 15:00,94.34,10,Control
6/8/23 15:05,94.398,10,Control
6/8/23 15:10,94.392,10,Control
6/8/23 15:15,94.411,10,Control
6/8/23 15:20,94.399,10,Control
6/8/23 15:25,94.388,10,Control
6/8/23 15:30,94.339,10,Control
6/8/23 15:35,94.398,10,Control
6/8/23 15:40,94.404,10,Control
6/8/23 15:45,94.323,10,Control
6/8/23 15:50,94.49,10,Control
6/8/23 15:55,94.301,10,Control
6/8/23 16:00,94.275,10,Control
6/8/23 16:05,94.43,10,Control
6/8/23 16:10,94.386,10,Control
6/8/23 16:15,94.475,10,Control
6/8/23 16:20,94.479,10,Control
6/8/23 16:25,94.395,10,Control
6/8/23 16:30,94.312,10,Control
6/8/23 16:35,94.422,10,Control
6/8/23 16:40,94.323,10,Control
6/8/23 16:45,94.385,10,Control
6/8/23 16:50,94.374,10,Control
6/8/23 16:55,94.308,10,Control
6/8/23 17:00,94.363,10,Control
6/8/23 17:05,94.419,10,Control
6/8/23 17:10,94.392,10,Control
6/8/23 17:15,94.254,10,Control
6/8/23 17:20,94.418,10,Control
6/8/23 17:25,94.407,10,Control
6/8/23 17:30,94.337,10,Control
6/8/23 17:35,94.374,10,Control
6/8/23 17:40,94.41,10,Control
6/8/23 17:45,94.399,10,Control
6/8/23 17:50,94.475,10,Control
6/8/23 17:55,94.326,10,Control
6/8/23 18:00,94.354,10,Control
6/8/23 18:05,94.353,10,Control
6/8/23 18:10,94.344,10,Control
6/8/23 18:15,94.453,10,Control
6/8/23 18:20,94.368,10,Control
6/8/23 18:25,94.247,10,Control
6/8/23 18:30,94.236,10,Control
6/8/23 18:35,94.25,10,Control
6/8/23 18:40,94.353,10,Control
6/8/23 18:45,94.431,10,Control
6/8/23 18:50,94.364,10,Control
6/8/23 18:55,94.401,10,Control
6/8/23 19:00,94.278,10,Control
6/8/23 19:05,94.338,10,Control
6/8/23 19:10,94.324,10,Control
6/8/23 19:15,94.321,10,Control
6/8/23 19:20,94.278,10,Control
6/8/23 19:25,94.413,10,Control
6/8/23 19:30,94.311,10,Control
6/8/23 19:35,94.268,10,Control
6/8/23 19:40,94.424,10,Control
6/8/23 19:45,94.248,10,Control
6/8/23 19:50,94.374,10,Control
6/8/23 19:55,94.391,10,Control
6/8/23 20:00,94.252,10,Control
6/8/23 20:05,94.354,10,Control
6/8/23 20:10,94.377,10,Control
6/8/23 20:15,94.264,10,Control
6/8/23 20:20,94.149,10,Control
6/8/23 20:25,94.457,10,Control
6/8/23 20:30,94.341,10,Control
6/8/23 20:35,94.434,10,Control
6/8/23 20:40,94.361,10,Control
6/8/23 20:45,94.326,10,Control
6/8/23 20:50,94.204,10,Control
6/8/23 20:55,94.261,10,Control
6/8/23 21:00,94.287,10,Control
6/8/23 21:05,94.19,10,Control
6/8/23 21:10,94.322,10,Control
6/8/23 21:15,94.252,10,Control
6/8/23 21:20,94.415,10,Control
6/8/23 21:25,94.303,10,Control
6/8/23 21:30,94.253,10,Control
6/8/23 21:35,94.28,10,Control
6/8/23 21:40,94.323,10,Control
6/8/23 21:45,94.298,10,Control
6/8/23 21:50,94.255,10,Control
6/8/23 21:55,94.17,10,Control
6/8/23 22:00,94.303,10,Control
6/8/23 22:05,94.336,10,Control
6/8/23 22:10,94.21,10,Control
6/8/23 22:15,94.328,10,Control
6/8/23 22:20,94.176,10,Control
6/8/23 22:25,94.303,10,Control
6/8/23 22:30,94.212,10,Control
6/8/23 22:35,94.275,10,Control
6/8/23 22:40,94.281,10,Control
6/8/23 22:45,94.2,10,Control
6/8/23 22:50,94.132,10,Control
6/8/23 22:55,94.172,10,Control
6/8/23 23:00,94.109,10,Control
6/8/23 23:05,94.221,10,Control
6/8/23 23:10,94.264,10,Control
6/8/23 23:15,94.172,10,Control
6/8/23 23:20,94.091,10,Control
6/8/23 23:25,94.117,10,Control
6/8/23 23:30,94.232,10,Control
6/8/23 23:35,94.18,10,Control
6/8/23 23:40,94.254,10,Control
6/8/23 23:45,94.216,10,Control
6/8/23 23:50,94.304,10,Control
6/8/23 23:55,94.123,10,Control
6/9/23,94.264,10,Control
6/9/23 0:05,94.193,10,Control
6/9/23 0:10,94.19,10,Control
6/9/23 0:15,94.132,10,Control
6/9/23 0:20,94.142,10,Control
6/9/23 0:25,94.179,10,Control
6/9/23 0:30,94.101,10,Control
6/9/23 0:35,94.17,10,Control
6/9/23 0:40,94.182,10,Control
6/9/23 0:45,94.123,10,Control
6/9/23 0:50,94.158,10,Control
6/9/23 0:55,94.114,10,Control
6/9/23 1:00,94.022,10,Control
6/9/23 1:05,94.195,10,Control
6/9/23 1:10,94.064,10,Control
6/9/23 1:15,94.08,10,Control
6/9/23 1:20,94,10,Control
6/9/23 1:25,94.009,10,Control
6/9/23 1:30,94.014,10,Control
6/9/23 1:35,94.145,10,Control
6/9/23 1:40,94.074,10,Control
6/9/23 1:45,94.04,10,Control
6/9/23 1:50,94.064,10,Control
6/9/23 1:55,94.141,10,Control
6/9/23 2:00,94.101,10,Control
6/9/23 2:05,94.118,10,Control
6/9/23 2:10,94.095,10,Control
6/9/23 2:15,94.075,10,Control
6/9/23 2:20,93.93,10,Control
6/9/23 2:25,94.049,10,Control
6/9/23 2:30,93.948,10,Control
6/9/23 2:35,94.056,10,Control
6/9/23 2:40,93.962,10,Control
6/9/23 2:45,94.04,10,Control
6/9/23 2:50,94.068,10,Control
6/9/23 2:55,93.887,10,Control
6/9/23 3:00,93.901,10,Control
6/9/23 3:05,93.976,10,Control
6/9/23 3:10,94.034,10,Control
6/9/23 3:15,93.869,10,Control
6/9/23 3:20,93.857,10,Control
6/9/23 3:25,93.946,10,Control
6/9/23 3:30,94.034,10,Control
6/9/23 3:35,93.989,10,Control
6/9/23 3:40,93.897,10,Control
6/9/23 3:45,94.02,10,Control
6/9/23 3:50,93.929,10,Control
6/9/23 3:55,93.926,10,Control
6/9/23 4:00,94.052,10,Control
6/9/23 4:05,93.91,10,Control
6/9/23 4:10,93.865,10,Control
6/9/23 4:15,93.911,10,Control
6/9/23 4:20,93.969,10,Control
6/9/23 4:25,93.812,10,Control
6/9/23 4:30,93.986,10,Control
6/9/23 4:35,93.828,10,Control
6/9/23 4:40,93.88,10,Control
6/9/23 4:45,93.92,10,Control
6/9/23 4:50,93.895,10,Control
6/9/23 4:55,93.875,10,Control
6/9/23 5:00,93.893,10,Control
6/9/23 5:05,93.849,10,Control
6/9/23 5:10,93.881,10,Control
6/9/23 5:15,93.807,10,Control
6/9/23 5:20,93.856,10,Control
6/9/23 5:25,93.838,10,Control
6/9/23 5:30,93.793,10,Control
6/9/23 5:35,93.804,10,Control
6/9/23 5:40,93.747,10,Control
6/9/23 5:45,93.811,10,Control
6/9/23 5:50,93.763,10,Control
6/9/23 5:55,93.861,10,Control
6/9/23 6:00,93.781,10,Control
6/9/23 6:05,93.804,10,Control
6/9/23 6:10,93.71,10,Control
6/9/23 6:15,93.758,10,Control
6/9/23 6:20,93.894,10,Control
6/9/23 6:25,93.814,10,Control
6/9/23 6:30,93.919,10,Control
6/9/23 6:35,93.85,10,Control
6/9/23 6:40,94.082,10,Control
6/9/23 6:45,93.984,10,Control
6/9/23 6:50,93.97,10,Control
6/9/23 6:55,94.126,10,Control
6/9/23 7:00,93.972,10,Control
6/9/23 7:05,94.08,10,Control
6/9/23 7:10,94.19,10,Control
6/9/23 7:15,94.196,10,Control
6/9/23 7:20,94.183,10,Control
6/9/23 7:25,94.167,10,Control
6/9/23 7:30,94.125,10,Control
6/9/23 7:35,94.225,10,Control
6/9/23 7:40,94.221,10,Control
6/9/23 7:45,94.195,10,Control
6/9/23 7:50,94.219,10,Control
6/9/23 7:55,94.242,10,Control
6/9/23 8:00,94.124,10,Control
6/9/23 8:05,94.314,10,Control
6/9/23 8:10,94.359,10,Control
6/9/23 8:15,94.151,10,Control
6/9/23 8:20,94.379,10,Control
6/9/23 8:25,94.328,10,Control
6/9/23 8:30,94.268,10,Control
6/9/23 8:35,94.418,10,Control
6/9/23 8:40,94.4,10,Control
6/9/23 8:45,94.449,10,Control
6/9/23 8:50,94.284,10,Control
6/9/23 8:55,94.312,10,Control
6/9/23 9:00,94.298,10,Control
6/9/23 9:05,94.361,10,Control
6/9/23 9:10,94.225,10,Control
6/9/23 9:15,94.501,10,Control
6/9/23 9:20,94.268,10,Control
6/9/23 9:25,94.317,10,Control
6/9/23 9:30,94.408,10,Control
6/9/23 9:35,94.377,10,Control
6/9/23 9:40,94.505,10,Control
6/9/23 9:45,94.567,10,Control
6/9/23 9:50,94.328,10,Control
6/9/23 9:55,94.478,10,Control
6/9/23 10:00,94.347,10,Control
6/9/23 10:05,94.378,10,Control
6/9/23 10:10,94.552,10,Control
6/9/23 10:15,94.548,10,Control
6/9/23 10:20,94.56,10,Control
6/9/23 10:25,94.427,10,Control
6/9/23 10:30,94.491,10,Control
6/9/23 10:35,94.479,10,Control
6/9/23 10:40,94.609,10,Control
6/9/23 10:45,94.503,10,Control
6/9/23 10:50,94.527,10,Control
6/9/23 10:55,94.378,10,Control
6/9/23 11:00,94.441,10,Control
6/9/23 11:05,94.491,10,Control
6/9/23 11:10,94.598,10,Control
6/9/23 11:15,94.413,10,Control
6/9/23 11:20,94.484,10,Control
6/9/23 11:25,94.517,10,Control
6/9/23 11:30,94.436,10,Control
6/9/23 11:35,94.634,10,Control
6/9/23 11:40,94.502,10,Control
6/9/23 11:45,94.442,10,Control
6/9/23 11:50,94.507,10,Control
6/9/23 11:55,94.443,10,Control
6/9/23 12:00,94.416,10,Control
6/9/23 12:05,94.449,10,Control
6/9/23 12:10,94.48,10,Control
6/9/23 12:15,94.483,10,Control
6/9/23 12:20,94.497,10,Control
6/9/23 12:25,94.495,10,Control
6/9/23 12:30,94.553,10,Control
6/9/23 12:35,94.444,10,Control
6/9/23 12:40,94.367,10,Control
6/9/23 12:45,94.291,10,Control
6/9/23 12:50,94.467,10,Control
6/9/23 12:55,94.506,10,Control
6/9/23 13:00,94.407,10,Control
6/9/23 13:05,94.431,10,Control
6/9/23 13:10,94.453,10,Control
6/9/23 13:15,94.442,10,Control
6/9/23 13:20,94.444,10,Control
6/9/23 13:25,94.447,10,Control
6/9/23 13:30,94.456,10,Control
6/9/23 13:35,94.494,10,Control
6/9/23 13:40,94.369,10,Control
6/9/23 13:45,94.345,10,Control
6/9/23 13:50,94.343,10,Control
6/9/23 13:55,94.364,10,Control
6/9/23 14:00,94.246,10,Control
6/9/23 14:05,94.347,10,Control
6/9/23 14:10,94.317,10,Control
6/9/23 14:15,94.371,10,Control
6/9/23 14:20,94.36,10,Control
6/9/23 14:25,94.401,10,Control
6/9/23 14:30,94.385,10,Control
6/9/23 14:35,94.381,10,Control
6/9/23 14:40,94.37,10,Control
6/9/23 14:45,94.399,10,Control
6/9/23 14:50,94.417,10,Control
6/9/23 14:55,94.467,10,Control
6/9/23 15:00,94.487,10,Control
6/9/23 15:05,94.483,10,Control
6/9/23 15:10,94.591,10,Control
6/9/23 15:15,94.429,10,Control
6/9/23 15:20,94.541,10,Control
6/9/23 15:25,94.458,10,Control
6/9/23 15:30,94.466,10,Control
6/9/23 15:35,94.447,10,Control
6/9/23 15:40,94.359,10,Control
6/9/23 15:45,94.398,10,Control
6/9/23 15:50,94.312,10,Control
6/9/23 15:55,94.409,10,Control
6/9/23 16:00,94.452,10,Control
6/9/23 16:05,94.428,10,Control
6/9/23 16:10,94.31,10,Control
6/9/23 16:15,94.36,10,Control
6/9/23 16:20,94.395,10,Control
6/9/23 16:25,94.434,10,Control
6/9/23 16:30,94.259,10,Control
6/9/23 16:35,94.355,10,Control
6/9/23 16:40,94.332,10,Control
6/9/23 16:45,94.464,10,Control
6/9/23 16:50,94.243,10,Control
6/9/23 16:55,94.439,10,Control
6/9/23 17:00,94.317,10,Control
6/9/23 17:05,94.238,10,Control
6/9/23 17:10,94.298,10,Control
6/9/23 17:15,94.405,10,Control
6/9/23 17:20,94.357,10,Control
6/9/23 17:25,94.16,10,Control
6/9/23 17:30,94.336,10,Control
6/9/23 17:35,94.338,10,Control
6/9/23 17:40,94.31,10,Control
6/9/23 17:45,94.343,10,Control
6/9/23 17:50,94.492,10,Control
6/9/23 17:55,94.377,10,Control
6/9/23 18:00,94.361,10,Control
6/9/23 18:05,94.511,10,Control
6/9/23 18:10,94.378,10,Control
6/9/23 18:15,94.368,10,Control
6/9/23 18:20,94.352,10,Control
6/9/23 18:25,94.32,10,Control
6/9/23 18:30,94.5,10,Control
6/9/23 18:35,94.425,10,Control
6/9/23 18:40,94.398,10,Control
6/9/23 18:45,94.365,10,Control
6/9/23 18:50,94.289,10,Control
6/9/23 18:55,94.467,10,Control
6/9/23 19:00,94.323,10,Control
6/9/23 19:05,94.38,10,Control
6/9/23 19:10,94.332,10,Control
6/9/23 19:15,94.423,10,Control
6/9/23 19:20,94.466,10,Control
6/9/23 19:25,94.321,10,Control
6/9/23 19:30,94.349,10,Control
6/9/23 19:35,94.399,10,Control
6/9/23 19:40,94.396,10,Control
6/9/23 19:45,94.301,10,Control
6/9/23 19:50,94.417,10,Control
6/9/23 19:55,94.228,10,Control
6/9/23 20:00,94.324,10,Control
6/9/23 20:05,94.273,10,Control
6/9/23 20:10,94.384,10,Control
6/9/23 20:15,94.368,10,Control
6/9/23 20:20,94.303,10,Control
6/9/23 20:25,94.32,10,Control
6/9/23 20:30,94.334,10,Control
6/9/23 20:35,94.383,10,Control
6/9/23 20:40,94.322,10,Control
6/9/23 20:45,94.198,10,Control
6/9/23 20:50,94.246,10,Control
6/9/23 20:55,94.415,10,Control
6/9/23 21:00,94.308,10,Control
6/9/23 21:05,94.224,10,Control
6/9/23 21:10,94.256,10,Control
6/9/23 21:15,94.262,10,Control
6/9/23 21:20,94.236,10,Control
6/9/23 21:25,94.308,10,Control
6/9/23 21:30,94.285,10,Control
6/9/23 21:35,94.296,10,Control
6/9/23 21:40,94.133,10,Control
6/9/23 21:45,94.298,10,Control
6/9/23 21:50,94.315,10,Control
6/9/23 21:55,94.236,10,Control
6/9/23 22:00,94.295,10,Control
6/9/23 22:05,94.255,10,Control
6/9/23 22:10,94.342,10,Control
6/9/23 22:15,94.311,10,Control
6/9/23 22:20,94.342,10,Control
6/9/23 22:25,94.306,10,Control
6/9/23 22:30,94.2,10,Control
6/9/23 22:35,94.35,10,Control
6/9/23 22:40,94.278,10,Control
6/9/23 22:45,94.235,10,Control
6/9/23 22:50,94.136,10,Control
6/9/23 22:55,94.132,10,Control
6/9/23 23:00,94.201,10,Control
6/9/23 23:05,94.165,10,Control
6/9/23 23:10,94.225,10,Control
6/9/23 23:15,94.152,10,Control
6/9/23 23:20,94.251,10,Control
6/9/23 23:25,94.235,10,Control
6/9/23 23:30,94.245,10,Control
6/9/23 23:35,94.259,10,Control
6/9/23 23:40,94.228,10,Control
6/9/23 23:45,94.176,10,Control
6/9/23 23:50,94.135,10,Control
6/9/23 23:55,94.211,10,Control
6/10/23,94.163,10,Control
6/10/23 0:05,94.235,10,Control
6/10/23 0:10,94.317,10,Control
6/10/23 0:15,94.292,10,Control
6/10/23 0:20,94.216,10,Control
6/10/23 0:25,94.114,10,Control
6/10/23 0:30,94.099,10,Control
6/10/23 0:35,94.061,10,Control
6/10/23 0:40,94.125,10,Control
6/10/23 0:45,94.091,10,Control
6/10/23 0:50,94.126,10,Control
6/10/23 0:55,94.058,10,Control
6/10/23 1:00,94.259,10,Control
6/10/23 1:05,94.143,10,Control
6/10/23 1:10,94.071,10,Control
6/10/23 1:15,94.079,10,Control
6/10/23 1:20,93.968,10,Control
6/10/23 1:25,94.065,10,Control
6/10/23 1:30,93.976,10,Control
6/10/23 1:35,94.051,10,Control
6/10/23 1:40,94.069,10,Control
6/10/23 1:45,93.996,10,Control
6/10/23 1:50,94.056,10,Control
6/10/23 1:55,94.101,10,Control
6/10/23 2:00,93.972,10,Control
6/10/23 2:05,93.991,10,Control
6/10/23 2:10,93.938,10,Control
6/10/23 2:15,94.013,10,Control
6/10/23 2:20,94.103,10,Control
6/10/23 2:25,93.975,10,Control
6/10/23 2:30,93.98,10,Control
6/10/23 2:35,93.974,10,Control
6/10/23 2:40,93.964,10,Control
6/10/23 2:45,93.858,10,Control
6/10/23 2:50,93.968,10,Control
6/10/23 2:55,93.861,10,Control
6/10/23 3:00,93.832,10,Control
6/10/23 3:05,93.853,10,Control
6/10/23 3:10,93.772,10,Control
6/10/23 3:15,93.799,10,Control
6/10/23 3:20,93.927,10,Control
6/10/23 3:25,93.941,10,Control
6/10/23 3:30,93.874,10,Control
6/10/23 3:35,93.784,10,Control
6/10/23 3:40,93.809,10,Control
6/10/23 3:45,93.843,10,Control
6/10/23 3:50,93.733,10,Control
6/10/23 3:55,93.696,10,Control
6/10/23 4:00,93.77,10,Control
6/10/23 4:05,93.746,10,Control
6/10/23 4:10,93.755,10,Control
6/10/23 4:15,93.733,10,Control
6/10/23 4:20,93.78,10,Control
6/10/23 4:25,93.752,10,Control
6/10/23 4:30,93.631,10,Control
6/10/23 4:35,93.909,10,Control
6/10/23 4:40,93.942,10,Control
6/10/23 4:45,93.817,10,Control
6/10/23 4:50,93.767,10,Control
6/10/23 4:55,93.837,10,Control
6/10/23 5:00,93.813,10,Control
6/10/23 5:05,93.753,10,Control
6/10/23 5:10,93.895,10,Control
6/10/23 5:15,93.968,10,Control
6/10/23 5:20,93.899,10,Control
6/10/23 5:25,94,10,Control
6/10/23 5:30,93.894,10,Control
6/10/23 5:35,94.055,10,Control
6/10/23 5:40,94.04,10,Control
6/10/23 5:45,94.077,10,Control
6/10/23 5:50,94.213,10,Control
6/10/23 5:55,94.228,10,Control
6/10/23 6:00,94.181,10,Control
6/10/23 6:05,94.368,10,Control
6/10/23 6:10,94.513,10,Control
6/10/23 6:15,94.352,10,Control
6/10/23 6:20,94.456,10,Control
6/10/23 6:25,94.52,10,Control
6/10/23 6:30,94.41,10,Control
6/10/23 6:35,94.341,10,Control
6/10/23 6:40,94.485,10,Control
6/10/23 6:45,94.564,10,Control
6/10/23 6:50,94.486,10,Control
6/10/23 6:55,94.512,10,Control
6/10/23 7:00,94.674,10,Control
6/10/23 7:05,94.604,10,Control
6/10/23 7:10,94.456,10,Control
6/10/23 7:15,94.521,10,Control
6/10/23 7:20,94.659,10,Control
6/10/23 7:25,94.619,10,Control
6/10/23 7:30,94.731,10,Control
6/10/23 7:35,94.632,10,Control
6/10/23 7:40,94.738,10,Control
6/10/23 7:45,94.649,10,Control
6/10/23 7:50,94.803,10,Control
6/10/23 7:55,94.652,10,Control
6/10/23 8:00,94.881,10,Control
6/10/23 8:05,94.851,10,Control
6/10/23 8:10,94.657,10,Control
6/10/23 8:15,94.775,10,Control
6/10/23 8:20,94.933,10,Control
6/10/23 8:25,94.814,10,Control
6/10/23 8:30,94.834,10,Control
6/10/23 8:35,94.802,10,Control
6/10/23 8:40,94.873,10,Control
6/10/23 8:45,94.784,10,Control
6/10/23 8:50,94.847,10,Control
6/10/23 8:55,94.908,10,Control
6/10/23 9:00,94.881,10,Control
6/10/23 9:05,94.841,10,Control
6/10/23 9:10,94.851,10,Control
6/10/23 9:15,94.807,10,Control
6/10/23 9:20,94.886,10,Control
6/10/23 9:25,94.818,10,Control
6/10/23 9:30,94.852,10,Control
6/10/23 9:35,94.835,10,Control
6/10/23 9:40,94.794,10,Control
6/10/23 9:45,94.887,10,Control
6/10/23 9:50,94.852,10,Control
6/10/23 9:55,94.879,10,Control
6/10/23 10:00,94.835,10,Control
6/10/23 10:05,95.073,10,Control
6/10/23 10:10,94.927,10,Control
6/10/23 10:15,94.918,10,Control
6/10/23 10:20,94.788,10,Control
6/10/23 10:25,94.881,10,Control
6/10/23 10:30,94.92,10,Control
6/10/23 10:35,94.929,10,Control
6/10/23 10:40,94.894,10,Control
6/10/23 10:45,95.016,10,Control
6/10/23 10:50,94.95,10,Control
6/10/23 10:55,94.989,10,Control
6/10/23 11:00,94.79,10,Control
6/10/23 11:05,95.034,10,Control
6/10/23 11:10,95.004,10,Control
6/10/23 11:15,95.015,10,Control
6/10/23 11:20,94.866,10,Control
6/10/23 11:25,94.814,10,Control
6/10/23 11:30,94.904,10,Control
6/10/23 11:35,94.782,10,Control
6/10/23 11:40,94.934,10,Control
6/10/23 11:45,94.844,10,Control
6/10/23 11:50,94.8,10,Control
6/10/23 11:55,94.728,10,Control
6/10/23 12:00,94.777,10,Control
6/10/23 12:05,94.77,10,Control
6/10/23 12:10,94.968,10,Control
6/10/23 12:15,94.896,10,Control
6/10/23 12:20,94.952,10,Control
6/10/23 12:25,94.764,10,Control
6/10/23 12:30,94.86,10,Control
6/10/23 12:35,94.811,10,Control
6/10/23 12:40,94.773,10,Control
6/10/23 12:45,94.736,10,Control
6/10/23 12:50,94.889,10,Control
6/10/23 12:55,94.93,10,Control
6/10/23 13:00,94.857,10,Control
6/10/23 13:05,94.795,10,Control
6/10/23 13:10,94.78,10,Control
6/10/23 13:15,94.862,10,Control
6/10/23 13:20,94.793,10,Control
6/10/23 13:25,94.954,10,Control
6/10/23 13:30,94.792,10,Control
6/10/23 13:35,94.852,10,Control
6/10/23 13:40,94.842,10,Control
6/10/23 13:45,94.757,10,Control
6/10/23 13:50,94.84,10,Control
6/10/23 13:55,94.88,10,Control
6/10/23 14:00,94.815,10,Control
6/10/23 14:05,94.774,10,Control
6/10/23 14:10,94.789,10,Control
6/10/23 14:15,94.918,10,Control
6/10/23 14:20,94.65,10,Control
6/10/23 14:25,94.708,10,Control
6/10/23 14:30,94.798,10,Control
6/10/23 14:35,94.868,10,Control
6/10/23 14:40,94.768,10,Control
6/10/23 14:45,94.833,10,Control
6/10/23 14:50,94.81,10,Control
6/10/23 14:55,94.815,10,Control
6/10/23 15:00,94.816,10,Control
6/10/23 15:05,94.76,10,Control
6/10/23 15:10,94.877,10,Control
6/10/23 15:15,94.853,10,Control
6/10/23 15:20,94.826,10,Control
6/10/23 15:25,94.648,10,Control
6/10/23 15:30,94.714,10,Control
6/10/23 15:35,94.687,10,Control
6/10/23 15:40,94.803,10,Control
6/10/23 15:45,94.719,10,Control
6/10/23 15:50,94.593,10,Control
6/10/23 15:55,94.664,10,Control
6/10/23 16:00,94.829,10,Control
6/10/23 16:05,94.767,10,Control
6/10/23 16:10,94.631,10,Control
6/10/23 16:15,94.732,10,Control
6/10/23 16:20,94.773,10,Control
6/10/23 16:25,94.656,10,Control
6/10/23 16:30,94.759,10,Control
6/10/23 16:35,94.793,10,Control
6/10/23 16:40,94.684,10,Control
6/10/23 16:45,94.694,10,Control
6/10/23 16:50,94.651,10,Control
6/10/23 16:55,94.512,10,Control
6/10/23 17:00,94.716,10,Control
6/10/23 17:05,94.622,10,Control
6/10/23 17:10,94.642,10,Control
6/10/23 17:15,94.66,10,Control
6/10/23 17:20,94.699,10,Control
6/10/23 17:25,94.668,10,Control
6/10/23 17:30,94.624,10,Control
6/10/23 17:35,94.65,10,Control
6/10/23 17:40,94.653,10,Control
6/10/23 17:45,94.641,10,Control
6/10/23 17:50,94.654,10,Control
6/10/23 17:55,94.452,10,Control
6/10/23 18:00,94.679,10,Control
6/10/23 18:05,94.727,10,Control
6/10/23 18:10,94.558,10,Control
6/10/23 18:15,94.752,10,Control
6/10/23 18:20,94.645,10,Control
6/10/23 18:25,94.672,10,Control
6/10/23 18:30,94.596,10,Control
6/10/23 18:35,94.654,10,Control
6/10/23 18:40,94.722,10,Control
6/10/23 18:45,94.827,10,Control
6/10/23 18:50,94.682,10,Control
6/10/23 18:55,94.551,10,Control
6/10/23 19:00,94.56,10,Control
6/10/23 19:05,94.744,10,Control
6/10/23 19:10,94.64,10,Control
6/10/23 19:15,94.779,10,Control
6/10/23 19:20,94.61,10,Control
6/10/23 19:25,94.567,10,Control
6/10/23 19:30,94.755,10,Control
6/10/23 19:35,94.782,10,Control
6/10/23 19:40,94.591,10,Control
6/10/23 19:45,94.736,10,Control
6/10/23 19:50,94.564,10,Control
6/10/23 19:55,94.648,10,Control
6/10/23 20:00,94.734,10,Control
6/10/23 20:05,94.622,10,Control
6/10/23 20:10,94.777,10,Control
6/10/23 20:15,94.701,10,Control
6/10/23 20:20,94.614,10,Control
6/10/23 20:25,94.632,10,Control
6/10/23 20:30,94.691,10,Control
6/10/23 20:35,94.611,10,Control
6/10/23 20:40,94.625,10,Control
6/10/23 20:45,94.562,10,Control
6/10/23 20:50,94.68,10,Control
6/10/23 20:55,94.589,10,Control
6/10/23 21:00,94.632,10,Control
6/10/23 21:05,94.664,10,Control
6/10/23 21:10,94.618,10,Control
6/10/23 21:15,94.695,10,Control
6/10/23 21:20,94.583,10,Control
6/10/23 21:25,94.604,10,Control
6/10/23 21:30,94.484,10,Control
6/10/23 21:35,94.564,10,Control
6/10/23 21:40,94.485,10,Control
6/10/23 21:45,94.607,10,Control
6/10/23 21:50,94.526,10,Control
6/10/23 21:55,94.563,10,Control
6/10/23 22:00,94.58,10,Control
6/10/23 22:05,94.544,10,Control
6/10/23 22:10,94.671,10,Control
6/10/23 22:15,94.444,10,Control
6/10/23 22:20,94.726,10,Control
6/10/23 22:25,94.529,10,Control
6/10/23 22:30,94.66,10,Control
6/10/23 22:35,94.529,10,Control
6/10/23 22:40,94.538,10,Control
6/10/23 22:45,94.565,10,Control
6/10/23 22:50,94.608,10,Control
6/10/23 22:55,94.602,10,Control
6/10/23 23:00,94.565,10,Control
6/10/23 23:05,94.571,10,Control
6/10/23 23:10,94.71,10,Control
6/10/23 23:15,94.651,10,Control
6/10/23 23:20,94.502,10,Control
6/10/23 23:25,94.627,10,Control
6/10/23 23:30,94.427,10,Control
6/10/23 23:35,94.598,10,Control
6/10/23 23:40,94.569,10,Control
6/10/23 23:45,94.574,10,Control
6/10/23 23:50,94.598,10,Control
6/10/23 23:55,94.646,10,Control
6/11/23,94.583,10,Control
6/11/23 0:05,94.531,10,Control
6/11/23 0:10,94.595,10,Control
6/11/23 0:15,94.65,10,Control
6/11/23 0:20,94.54,10,Control
6/11/23 0:25,94.51,10,Control
6/11/23 0:30,94.598,10,Control
6/11/23 0:35,94.56,10,Control
6/11/23 0:40,94.562,10,Control
6/11/23 0:45,94.51,10,Control
6/11/23 0:50,94.538,10,Control
6/11/23 0:55,94.472,10,Control
6/11/23 1:00,94.515,10,Control
6/11/23 1:05,94.518,10,Control
6/11/23 1:10,94.49,10,Control
6/11/23 1:15,94.413,10,Control
6/11/23 1:20,94.504,10,Control
6/11/23 1:25,94.499,10,Control
6/11/23 1:30,94.509,10,Control
6/11/23 1:35,94.62,10,Control
6/11/23 1:40,94.56,10,Control
6/11/23 1:45,94.445,10,Control
6/11/23 1:50,94.519,10,Control
6/11/23 1:55,94.558,10,Control
6/11/23 2:00,94.562,10,Control
6/11/23 2:05,94.478,10,Control
6/11/23 2:10,94.534,10,Control
6/11/23 2:15,94.546,10,Control
6/11/23 2:20,94.461,10,Control
6/11/23 2:25,94.568,10,Control
6/11/23 2:30,94.614,10,Control
6/11/23 2:35,94.55,10,Control
6/11/23 2:40,94.646,10,Control
6/11/23 2:45,94.499,10,Control
6/11/23 2:50,94.611,10,Control
6/11/23 2:55,94.708,10,Control
6/11/23 3:00,94.449,10,Control
6/11/23 3:05,94.574,10,Control
6/11/23 3:10,94.635,10,Control
6/11/23 3:15,94.619,10,Control
6/11/23 3:20,94.616,10,Control
6/11/23 3:25,94.605,10,Control
6/11/23 3:30,94.634,10,Control
6/11/23 3:35,94.572,10,Control
6/11/23 3:40,94.656,10,Control
6/11/23 3:45,94.574,10,Control
6/11/23 3:50,94.568,10,Control
6/11/23 3:55,94.469,10,Control
6/11/23 4:00,94.534,10,Control
6/11/23 4:05,94.715,10,Control
6/11/23 4:10,94.614,10,Control
6/11/23 4:15,94.669,10,Control
6/11/23 4:20,94.803,10,Control
6/11/23 4:25,94.763,10,Control
6/11/23 4:30,94.818,10,Control
6/11/23 4:35,94.795,10,Control
6/11/23 4:40,94.785,10,Control
6/11/23 4:45,94.704,10,Control
6/11/23 4:50,94.58,10,Control
6/11/23 4:55,94.838,10,Control
6/11/23 5:00,94.617,10,Control
6/11/23 5:05,94.673,10,Control
6/11/23 5:10,94.713,10,Control
6/11/23 5:15,94.776,10,Control
6/11/23 5:20,94.864,10,Control
6/11/23 5:25,94.776,10,Control
6/11/23 5:30,94.763,10,Control
6/11/23 5:35,94.812,10,Control
6/11/23 5:40,94.931,10,Control
6/11/23 5:45,94.82,10,Control
6/11/23 5:50,94.816,10,Control
6/11/23 5:55,94.938,10,Control
6/11/23 6:00,94.881,10,Control
6/11/23 6:05,94.989,10,Control
6/11/23 6:10,94.942,10,Control
6/11/23 6:15,94.979,10,Control
6/11/23 6:20,94.949,10,Control
6/11/23 6:25,94.946,10,Control
6/11/23 6:30,94.912,10,Control
6/11/23 6:35,95.001,10,Control
6/11/23 6:40,95.08,10,Control
6/11/23 6:45,95.103,10,Control
6/11/23 6:50,94.964,10,Control
6/11/23 6:55,95.145,10,Control
6/11/23 7:00,95.069,10,Control
6/11/23 7:05,95.055,10,Control
6/11/23 7:10,95.07,10,Control
6/11/23 7:15,95.159,10,Control
6/11/23 7:20,95.049,10,Control
6/11/23 7:25,95.047,10,Control
6/11/23 7:30,94.873,10,Control
6/11/23 7:35,95.178,10,Control
6/11/23 7:40,95.052,10,Control
6/11/23 7:45,95.123,10,Control
6/11/23 7:50,95.165,10,Control
6/11/23 7:55,95.228,10,Control
6/11/23 8:00,94.975,10,Control
6/11/23 8:05,95.215,10,Control
6/11/23 8:10,95.135,10,Control
6/11/23 8:15,95.129,10,Control
6/11/23 8:20,95.214,10,Control
6/11/23 8:25,95.339,10,Control
6/11/23 8:30,95.267,10,Control
6/11/23 8:35,95.299,10,Control
6/11/23 8:40,95.318,10,Control
6/11/23 8:45,95.267,10,Control
6/11/23 8:50,95.096,10,Control
6/11/23 8:55,95.217,10,Control
6/11/23 9:00,95.339,10,Control
6/11/23 9:05,95.245,10,Control
6/11/23 9:10,95.228,10,Control
6/11/23 9:15,95.262,10,Control
6/11/23 9:20,95.418,10,Control
6/11/23 9:25,95.385,10,Control
6/11/23 9:30,95.289,10,Control
6/11/23 9:35,95.368,10,Control
6/11/23 9:40,95.209,10,Control
6/11/23 9:45,95.436,10,Control
6/11/23 9:50,95.406,10,Control
6/11/23 9:55,95.334,10,Control
6/11/23 10:00,95.525,10,Control
6/11/23 10:05,95.392,10,Control
6/11/23 10:10,95.415,10,Control
6/11/23 10:15,95.395,10,Control
6/11/23 10:20,95.606,10,Control
6/11/23 10:25,95.311,10,Control
6/11/23 10:30,95.403,10,Control
6/11/23 10:35,95.428,10,Control
6/11/23 10:40,95.605,10,Control
6/11/23 10:45,95.594,10,Control
6/11/23 10:50,95.383,10,Control
6/11/23 10:55,95.543,10,Control
6/11/23 11:00,95.516,10,Control
6/11/23 11:05,95.529,10,Control
6/11/23 11:10,95.632,10,Control
6/11/23 11:15,95.512,10,Control
6/11/23 11:20,95.506,10,Control
6/11/23 11:25,95.485,10,Control
6/11/23 11:30,95.5,10,Control
6/11/23 11:35,95.454,10,Control
6/11/23 11:40,95.647,10,Control
6/11/23 11:45,95.452,10,Control
6/11/23 11:50,95.391,10,Control
6/11/23 11:55,95.38,10,Control
6/11/23 12:00,95.436,10,Control
6/11/23 12:05,95.518,10,Control
6/11/23 12:10,95.374,10,Control
6/11/23 12:15,95.37,10,Control
6/11/23 12:20,95.392,10,Control
6/11/23 12:25,95.387,10,Control
6/11/23 12:30,95.389,10,Control
6/11/23 12:35,95.4,10,Control
6/11/23 12:40,95.406,10,Control
6/11/23 12:45,95.447,10,Control
6/11/23 12:50,95.377,10,Control
6/11/23 12:55,95.443,10,Control
6/11/23 13:00,95.607,10,Control
6/11/23 13:05,95.515,10,Control
6/11/23 13:10,95.543,10,Control
6/11/23 13:15,95.473,10,Control
6/11/23 13:20,95.589,10,Control
6/11/23 13:25,95.471,10,Control
6/11/23 13:30,95.577,10,Control
6/11/23 13:35,95.492,10,Control
6/11/23 13:40,95.543,10,Control
6/11/23 13:45,95.425,10,Control
6/11/23 13:50,95.655,10,Control
6/11/23 13:55,95.591,10,Control
6/11/23 14:00,95.717,10,Control
6/11/23 14:05,95.576,10,Control
6/11/23 14:10,95.468,10,Control
6/11/23 14:15,95.388,10,Control
6/11/23 14:20,95.641,10,Control
6/11/23 14:25,95.635,10,Control
6/11/23 14:30,95.631,10,Control
6/11/23 14:35,95.465,10,Control
6/11/23 14:40,95.607,10,Control
6/11/23 14:45,95.442,10,Control
6/11/23 14:50,95.514,10,Control
6/11/23 14:55,95.528,10,Control
6/11/23 15:00,95.536,10,Control
6/11/23 15:05,95.627,10,Control
6/11/23 15:10,95.601,10,Control
6/11/23 15:15,95.535,10,Control
6/11/23 15:20,95.484,10,Control
6/11/23 15:25,95.425,10,Control
6/11/23 15:30,95.62,10,Control
6/11/23 15:35,95.484,10,Control
6/11/23 15:40,95.361,10,Control
6/11/23 15:45,95.427,10,Control
6/11/23 15:50,95.436,10,Control
6/11/23 15:55,95.597,10,Control
6/11/23 16:00,95.561,10,Control
6/11/23 16:05,95.584,10,Control
6/11/23 16:10,95.569,10,Control
6/11/23 16:15,95.515,10,Control
6/11/23 16:20,95.508,10,Control
6/11/23 16:25,95.433,10,Control
6/11/23 16:30,95.506,10,Control
6/11/23 16:35,95.28,10,Control
6/11/23 16:40,95.57,10,Control
6/11/23 16:45,95.548,10,Control
6/11/23 16:50,95.44,10,Control
6/11/23 16:55,95.411,10,Control
6/11/23 17:00,95.474,10,Control
6/11/23 17:05,95.306,10,Control
6/11/23 17:10,95.43,10,Control
6/11/23 17:15,95.512,10,Control
6/11/23 17:20,95.432,10,Control
6/11/23 17:25,95.629,10,Control
6/11/23 17:30,95.478,10,Control
6/11/23 17:35,95.374,10,Control
6/11/23 17:40,95.523,10,Control
6/11/23 17:45,95.349,10,Control
6/11/23 17:50,95.475,10,Control
6/11/23 17:55,95.499,10,Control
6/11/23 18:00,95.491,10,Control
6/11/23 18:05,95.13,10,Control
6/11/23 18:10,95.115,10,Control
6/11/23 18:15,95.172,10,Control
6/11/23 18:20,95.258,10,Control
6/11/23 18:25,95.037,10,Control
6/11/23 18:30,95.302,10,Control
6/11/23 18:35,95.217,10,Control
6/11/23 18:40,95.187,10,Control
6/11/23 18:45,95.254,10,Control
6/11/23 18:50,95.279,10,Control
6/11/23 18:55,95.232,10,Control
6/11/23 19:00,95.222,10,Control
6/11/23 19:05,95.124,10,Control
6/11/23 19:10,95.132,10,Control
6/11/23 19:15,95.142,10,Control
6/11/23 19:20,95.14,10,Control
6/11/23 19:25,95.187,10,Control
6/11/23 19:30,95.204,10,Control
6/11/23 19:35,95.158,10,Control
6/11/23 19:40,95.069,10,Control
6/11/23 19:45,95.272,10,Control
6/11/23 19:50,94.992,10,Control
6/11/23 19:55,95.165,10,Control
6/11/23 20:00,95.265,10,Control
6/11/23 20:05,95.19,10,Control
6/11/23 20:10,95.018,10,Control
6/11/23 20:15,95.223,10,Control
6/11/23 20:20,95.171,10,Control
6/11/23 20:25,95.01,10,Control
6/11/23 20:30,95.034,10,Control
6/11/23 20:35,95.049,10,Control
6/11/23 20:40,95.011,10,Control
6/11/23 20:45,95.179,10,Control
6/11/23 20:50,95.023,10,Control
6/11/23 20:55,95.097,10,Control
6/11/23 21:00,95.083,10,Control
6/11/23 21:05,95.123,10,Control
6/11/23 21:10,95.078,10,Control
6/11/23 21:15,94.88,10,Control
6/11/23 21:20,95.087,10,Control
6/11/23 21:25,94.843,10,Control
6/11/23 21:30,95.15,10,Control
6/11/23 21:35,95.133,10,Control
6/11/23 21:40,94.972,10,Control
6/11/23 21:45,95.141,10,Control
6/11/23 21:50,94.895,10,Control
6/11/23 21:55,95.13,10,Control
6/11/23 22:00,95.076,10,Control
6/11/23 22:05,95.033,10,Control
6/11/23 22:10,94.882,10,Control
6/11/23 22:15,95.073,10,Control
6/11/23 22:20,95.072,10,Control
6/11/23 22:25,95.095,10,Control
6/11/23 22:30,95.067,10,Control
6/11/23 22:35,94.916,10,Control
6/11/23 22:40,95.066,10,Control
6/11/23 22:45,95.132,10,Control
6/11/23 22:50,94.973,10,Control
6/11/23 22:55,95.118,10,Control
6/11/23 23:00,95.003,10,Control
6/11/23 23:05,95.213,10,Control
6/11/23 23:10,95.18,10,Control
6/11/23 23:15,95.104,10,Control
6/11/23 23:20,95.148,10,Control
6/11/23 23:25,95.079,10,Control
6/11/23 23:30,94.965,10,Control
6/11/23 23:35,95.112,10,Control
6/11/23 23:40,95.095,10,Control
6/11/23 23:45,95.025,10,Control
6/11/23 23:50,94.991,10,Control
6/11/23 23:55,95.191,10,Control
6/12/23,95.241,10,Control
6/5/23,92.219,20,Control
6/5/23 0:05,92.301,20,Control
6/5/23 0:10,92.322,20,Control
6/5/23 0:15,92.277,20,Control
6/5/23 0:20,92.264,20,Control
6/5/23 0:25,92.302,20,Control
6/5/23 0:30,92.263,20,Control
6/5/23 0:35,92.273,20,Control
6/5/23 0:40,92.37,20,Control
6/5/23 0:45,92.375,20,Control
6/5/23 0:50,92.412,20,Control
6/5/23 0:55,92.306,20,Control
6/5/23 1:00,92.249,20,Control
6/5/23 1:05,92.362,20,Control
6/5/23 1:10,92.352,20,Control
6/5/23 1:15,92.434,20,Control
6/5/23 1:20,92.354,20,Control
6/5/23 1:25,92.291,20,Control
6/5/23 1:30,92.313,20,Control
6/5/23 1:35,92.3,20,Control
6/5/23 1:40,92.398,20,Control
6/5/23 1:45,92.408,20,Control
6/5/23 1:50,92.253,20,Control
6/5/23 1:55,92.282,20,Control
6/5/23 2:00,92.312,20,Control
6/5/23 2:05,92.309,20,Control
6/5/23 2:10,92.328,20,Control
6/5/23 2:15,92.293,20,Control
6/5/23 2:20,92.403,20,Control
6/5/23 2:25,92.258,20,Control
6/5/23 2:30,92.3,20,Control
6/5/23 2:35,92.321,20,Control
6/5/23 2:40,92.413,20,Control
6/5/23 2:45,92.275,20,Control
6/5/23 2:50,92.34,20,Control
6/5/23 2:55,92.256,20,Control
6/5/23 3:00,92.306,20,Control
6/5/23 3:05,92.22,20,Control
6/5/23 3:10,92.242,20,Control
6/5/23 3:15,92.272,20,Control
6/5/23 3:20,92.303,20,Control
6/5/23 3:25,92.184,20,Control
6/5/23 3:30,92.126,20,Control
6/5/23 3:35,92.153,20,Control
6/5/23 3:40,92.262,20,Control
6/5/23 3:45,92.088,20,Control
6/5/23 3:50,92.207,20,Control
6/5/23 3:55,92.195,20,Control
6/5/23 4:00,92.102,20,Control
6/5/23 4:05,92.129,20,Control
6/5/23 4:10,92.192,20,Control
6/5/23 4:15,92.139,20,Control
6/5/23 4:20,92.113,20,Control
6/5/23 4:25,92.085,20,Control
6/5/23 4:30,92.007,20,Control
6/5/23 4:35,92.125,20,Control
6/5/23 4:40,92.095,20,Control
6/5/23 4:45,92.147,20,Control
6/5/23 4:50,92.187,20,Control
6/5/23 4:55,92.147,20,Control
6/5/23 5:00,92.147,20,Control
6/5/23 5:05,92.243,20,Control
6/5/23 5:10,92.151,20,Control
6/5/23 5:15,92.169,20,Control
6/5/23 5:20,92.22,20,Control
6/5/23 5:25,92.132,20,Control
6/5/23 5:30,92.124,20,Control
6/5/23 5:35,92.232,20,Control
6/5/23 5:40,92.215,20,Control
6/5/23 5:45,92.274,20,Control
6/5/23 5:50,92.208,20,Control
6/5/23 5:55,92.185,20,Control
6/5/23 6:00,92.314,20,Control
6/5/23 6:05,92.213,20,Control
6/5/23 6:10,92.153,20,Control
6/5/23 6:15,92.202,20,Control
6/5/23 6:20,92.221,20,Control
6/5/23 6:25,92.267,20,Control
6/5/23 6:30,92.075,20,Control
6/5/23 6:35,92.156,20,Control
6/5/23 6:40,92.171,20,Control
6/5/23 6:45,92.147,20,Control
6/5/23 6:50,92.193,20,Control
6/5/23 6:55,92.143,20,Control
6/5/23 7:00,92.126,20,Control
6/5/23 7:05,92.131,20,Control
6/5/23 7:10,92.175,20,Control
6/5/23 7:15,92.149,20,Control
6/5/23 7:20,92.17,20,Control
6/5/23 7:25,92.143,20,Control
6/5/23 7:30,92.105,20,Control
6/5/23 7:35,92.076,20,Control
6/5/23 7:40,92.118,20,Control
6/5/23 7:45,92.174,20,Control
6/5/23 7:50,92.164,20,Control
6/5/23 7:55,92.059,20,Control
6/5/23 8:00,92.07,20,Control
6/5/23 8:05,92.105,20,Control
6/5/23 8:10,92.071,20,Control
6/5/23 8:15,92.102,20,Control
6/5/23 8:20,92.083,20,Control
6/5/23 8:25,92.13,20,Control
6/5/23 8:30,92.121,20,Control
6/5/23 8:35,92.054,20,Control
6/5/23 8:40,92.132,20,Control
6/5/23 8:45,92.114,20,Control
6/5/23 8:50,92.108,20,Control
6/5/23 8:55,92.099,20,Control
6/5/23 9:00,92.055,20,Control
6/5/23 9:05,92.144,20,Control
6/5/23 9:10,92.09,20,Control
6/5/23 9:15,92.041,20,Control
6/5/23 9:20,91.99,20,Control
6/5/23 9:25,92.062,20,Control
6/5/23 9:30,92.126,20,Control
6/5/23 9:35,92.095,20,Control
6/5/23 9:40,92.121,20,Control
6/5/23 9:45,92.037,20,Control
6/5/23 9:50,92.065,20,Control
6/5/23 9:55,92.053,20,Control
6/5/23 10:00,92.157,20,Control
6/5/23 10:05,92.156,20,Control
6/5/23 10:10,92.116,20,Control
6/5/23 10:15,92.053,20,Control
6/5/23 10:20,92.117,20,Control
6/5/23 10:25,92.113,20,Control
6/5/23 10:30,92.067,20,Control
6/5/23 10:35,92.075,20,Control
6/5/23 10:40,92.145,20,Control
6/5/23 10:45,92.139,20,Control
6/5/23 10:50,92.048,20,Control
6/5/23 10:55,92.016,20,Control
6/5/23 11:00,92.137,20,Control
6/5/23 11:05,92.076,20,Control
6/5/23 11:10,92.092,20,Control
6/5/23 11:15,92.066,20,Control
6/5/23 11:20,92.087,20,Control
6/5/23 11:25,92.209,20,Control
6/5/23 11:30,92.147,20,Control
6/5/23 11:35,92.136,20,Control
6/5/23 11:40,92.115,20,Control
6/5/23 11:45,92.059,20,Control
6/5/23 11:50,92.139,20,Control
6/5/23 11:55,92.175,20,Control
6/5/23 12:00,92.083,20,Control
6/5/23 12:05,92.088,20,Control
6/5/23 12:10,92.142,20,Control
6/5/23 12:15,92.139,20,Control
6/5/23 12:20,92.093,20,Control
6/5/23 12:25,92.028,20,Control
6/5/23 12:30,92.109,20,Control
6/5/23 12:35,92.01,20,Control
6/5/23 12:40,91.999,20,Control
6/5/23 12:45,92.111,20,Control
6/5/23 12:50,92.112,20,Control
6/5/23 12:55,92.067,20,Control
6/5/23 13:00,92.075,20,Control
6/5/23 13:05,92.041,20,Control
6/5/23 13:10,92.091,20,Control
6/5/23 13:15,92.069,20,Control
6/5/23 13:20,92.102,20,Control
6/5/23 13:25,92.165,20,Control
6/5/23 13:30,92.113,20,Control
6/5/23 13:35,92.186,20,Control
6/5/23 13:40,92.16,20,Control
6/5/23 13:45,92.213,20,Control
6/5/23 13:50,92.214,20,Control
6/5/23 13:55,92.226,20,Control
6/5/23 14:00,92.215,20,Control
6/5/23 14:05,92.172,20,Control
6/5/23 14:10,92.165,20,Control
6/5/23 14:15,92.192,20,Control
6/5/23 14:20,92.222,20,Control
6/5/23 14:25,92.228,20,Control
6/5/23 14:30,92.317,20,Control
6/5/23 14:35,92.286,20,Control
6/5/23 14:40,92.245,20,Control
6/5/23 14:45,92.263,20,Control
6/5/23 14:50,92.237,20,Control
6/5/23 14:55,92.227,20,Control
6/5/23 15:00,92.305,20,Control
6/5/23 15:05,92.314,20,Control
6/5/23 15:10,92.335,20,Control
6/5/23 15:15,92.356,20,Control
6/5/23 15:20,92.324,20,Control
6/5/23 15:25,92.338,20,Control
6/5/23 15:30,92.382,20,Control
6/5/23 15:35,92.363,20,Control
6/5/23 15:40,92.336,20,Control
6/5/23 15:45,92.334,20,Control
6/5/23 15:50,92.32,20,Control
6/5/23 15:55,92.396,20,Control
6/5/23 16:00,92.367,20,Control
6/5/23 16:05,92.311,20,Control
6/5/23 16:10,92.438,20,Control
6/5/23 16:15,92.414,20,Control
6/5/23 16:20,92.417,20,Control
6/5/23 16:25,92.381,20,Control
6/5/23 16:30,92.36,20,Control
6/5/23 16:35,92.439,20,Control
6/5/23 16:40,92.374,20,Control
6/5/23 16:45,92.365,20,Control
6/5/23 16:50,92.414,20,Control
6/5/23 16:55,92.4,20,Control
6/5/23 17:00,92.408,20,Control
6/5/23 17:05,92.45,20,Control
6/5/23 17:10,92.401,20,Control
6/5/23 17:15,92.427,20,Control
6/5/23 17:20,92.414,20,Control
6/5/23 17:25,92.423,20,Control
6/5/23 17:30,92.438,20,Control
6/5/23 17:35,92.433,20,Control
6/5/23 17:40,92.433,20,Control
6/5/23 17:45,92.473,20,Control
6/5/23 17:50,92.502,20,Control
6/5/23 17:55,92.489,20,Control
6/5/23 18:00,92.491,20,Control
6/5/23 18:05,92.447,20,Control
6/5/23 18:10,92.509,20,Control
6/5/23 18:15,92.456,20,Control
6/5/23 18:20,92.484,20,Control
6/5/23 18:25,92.424,20,Control
6/5/23 18:30,92.378,20,Control
6/5/23 18:35,92.409,20,Control
6/5/23 18:40,92.384,20,Control
6/5/23 18:45,92.432,20,Control
6/5/23 18:50,92.429,20,Control
6/5/23 18:55,92.417,20,Control
6/5/23 19:00,92.398,20,Control
6/5/23 19:05,92.408,20,Control
6/5/23 19:10,92.431,20,Control
6/5/23 19:15,92.345,20,Control
6/5/23 19:20,92.468,20,Control
6/5/23 19:25,92.437,20,Control
6/5/23 19:30,92.396,20,Control
6/5/23 19:35,92.456,20,Control
6/5/23 19:40,92.444,20,Control
6/5/23 19:45,92.416,20,Control
6/5/23 19:50,92.35,20,Control
6/5/23 19:55,92.416,20,Control
6/5/23 20:00,92.423,20,Control
6/5/23 20:05,92.468,20,Control
6/5/23 20:10,92.388,20,Control
6/5/23 20:15,92.419,20,Control
6/5/23 20:20,92.331,20,Control
6/5/23 20:25,92.365,20,Control
6/5/23 20:30,92.364,20,Control
6/5/23 20:35,92.343,20,Control
6/5/23 20:40,92.345,20,Control
6/5/23 20:45,92.328,20,Control
6/5/23 20:50,92.399,20,Control
6/5/23 20:55,92.36,20,Control
6/5/23 21:00,92.437,20,Control
6/5/23 21:05,92.399,20,Control
6/5/23 21:10,92.354,20,Control
6/5/23 21:15,92.354,20,Control
6/5/23 21:20,92.374,20,Control
6/5/23 21:25,92.393,20,Control
6/5/23 21:30,92.375,20,Control
6/5/23 21:35,92.336,20,Control
6/5/23 21:40,92.306,20,Control
6/5/23 21:45,92.382,20,Control
6/5/23 21:50,92.39,20,Control
6/5/23 21:55,92.417,20,Control
6/5/23 22:00,92.387,20,Control
6/5/23 22:05,92.347,20,Control
6/5/23 22:10,92.339,20,Control
6/5/23 22:15,92.42,20,Control
6/5/23 22:20,92.31,20,Control
6/5/23 22:25,92.342,20,Control
6/5/23 22:30,92.349,20,Control
6/5/23 22:35,92.365,20,Control
6/5/23 22:40,92.424,20,Control
6/5/23 22:45,92.347,20,Control
6/5/23 22:50,92.357,20,Control
6/5/23 22:55,92.372,20,Control
6/5/23 23:00,92.308,20,Control
6/5/23 23:05,92.417,20,Control
6/5/23 23:10,92.408,20,Control
6/5/23 23:15,92.411,20,Control
6/5/23 23:20,92.382,20,Control
6/5/23 23:25,92.399,20,Control
6/5/23 23:30,92.367,20,Control
6/5/23 23:35,92.397,20,Control
6/5/23 23:40,92.336,20,Control
6/5/23 23:45,92.433,20,Control
6/5/23 23:50,92.389,20,Control
6/5/23 23:55,92.311,20,Control
6/6/23,92.371,20,Control
6/6/23 0:05,92.416,20,Control
6/6/23 0:10,92.372,20,Control
6/6/23 0:15,92.344,20,Control
6/6/23 0:20,92.417,20,Control
6/6/23 0:25,92.403,20,Control
6/6/23 0:30,92.322,20,Control
6/6/23 0:35,92.335,20,Control
6/6/23 0:40,92.284,20,Control
6/6/23 0:45,92.261,20,Control
6/6/23 0:50,92.453,20,Control
6/6/23 0:55,92.357,20,Control
6/6/23 1:00,92.343,20,Control
6/6/23 1:05,92.308,20,Control
6/6/23 1:10,92.315,20,Control
6/6/23 1:15,92.255,20,Control
6/6/23 1:20,92.342,20,Control
6/6/23 1:25,92.326,20,Control
6/6/23 1:30,92.284,20,Control
6/6/23 1:35,92.164,20,Control
6/6/23 1:40,92.269,20,Control
6/6/23 1:45,92.26,20,Control
6/6/23 1:50,92.269,20,Control
6/6/23 1:55,92.268,20,Control
6/6/23 2:00,92.325,20,Control
6/6/23 2:05,92.195,20,Control
6/6/23 2:10,92.236,20,Control
6/6/23 2:15,92.19,20,Control
6/6/23 2:20,92.245,20,Control
6/6/23 2:25,92.189,20,Control
6/6/23 2:30,92.176,20,Control
6/6/23 2:35,92.166,20,Control
6/6/23 2:40,92.096,20,Control
6/6/23 2:45,92.174,20,Control
6/6/23 2:50,92.147,20,Control
6/6/23 2:55,92.145,20,Control
6/6/23 3:00,92.149,20,Control
6/6/23 3:05,92.153,20,Control
6/6/23 3:10,92.09,20,Control
6/6/23 3:15,92.084,20,Control
6/6/23 3:20,92.075,20,Control
6/6/23 3:25,92.118,20,Control
6/6/23 3:30,92.113,20,Control
6/6/23 3:35,92.124,20,Control
6/6/23 3:40,92.123,20,Control
6/6/23 3:45,92.028,20,Control
6/6/23 3:50,92.012,20,Control
6/6/23 3:55,92.031,20,Control
6/6/23 4:00,92.025,20,Control
6/6/23 4:05,92.01,20,Control
6/6/23 4:10,92.047,20,Control
6/6/23 4:15,92.018,20,Control
6/6/23 4:20,91.996,20,Control
6/6/23 4:25,91.896,20,Control
6/6/23 4:30,91.963,20,Control
6/6/23 4:35,91.921,20,Control
6/6/23 4:40,91.905,20,Control
6/6/23 4:45,91.919,20,Control
6/6/23 4:50,91.794,20,Control
6/6/23 4:55,91.862,20,Control
6/6/23 5:00,91.877,20,Control
6/6/23 5:05,91.859,20,Control
6/6/23 5:10,91.927,20,Control
6/6/23 5:15,91.84,20,Control
6/6/23 5:20,91.83,20,Control
6/6/23 5:25,91.821,20,Control
6/6/23 5:30,91.859,20,Control
6/6/23 5:35,91.771,20,Control
6/6/23 5:40,91.749,20,Control
6/6/23 5:45,91.79,20,Control
6/6/23 5:50,91.748,20,Control
6/6/23 5:55,91.724,20,Control
6/6/23 6:00,91.791,20,Control
6/6/23 6:05,91.728,20,Control
6/6/23 6:10,91.725,20,Control
6/6/23 6:15,91.669,20,Control
6/6/23 6:20,91.691,20,Control
6/6/23 6:25,91.727,20,Control
6/6/23 6:30,91.669,20,Control
6/6/23 6:35,91.667,20,Control
6/6/23 6:40,91.669,20,Control
6/6/23 6:45,91.644,20,Control
6/6/23 6:50,91.672,20,Control
6/6/23 6:55,91.67,20,Control
6/6/23 7:00,91.679,20,Control
6/6/23 7:05,91.636,20,Control
6/6/23 7:10,91.696,20,Control
6/6/23 7:15,91.649,20,Control
6/6/23 7:20,91.631,20,Control
6/6/23 7:25,91.668,20,Control
6/6/23 7:30,91.584,20,Control
6/6/23 7:35,91.586,20,Control
6/6/23 7:40,91.629,20,Control
6/6/23 7:45,91.651,20,Control
6/6/23 7:50,91.597,20,Control
6/6/23 7:55,91.593,20,Control
6/6/23 8:00,91.496,20,Control
6/6/23 8:05,91.612,20,Control
6/6/23 8:10,91.606,20,Control
6/6/23 8:15,91.56,20,Control
6/6/23 8:20,91.471,20,Control
6/6/23 8:25,91.559,20,Control
6/6/23 8:30,91.484,20,Control
6/6/23 8:35,91.588,20,Control
6/6/23 8:40,91.587,20,Control
6/6/23 8:45,91.493,20,Control
6/6/23 8:50,91.542,20,Control
6/6/23 8:55,91.506,20,Control
6/6/23 9:00,91.58,20,Control
6/6/23 9:05,91.578,20,Control
6/6/23 9:10,91.559,20,Control
6/6/23 9:15,91.419,20,Control
6/6/23 9:20,91.539,20,Control
6/6/23 9:25,91.457,20,Control
6/6/23 9:30,91.474,20,Control
6/6/23 9:35,91.409,20,Control
6/6/23 9:40,91.432,20,Control
6/6/23 9:45,91.37,20,Control
6/6/23 9:50,91.492,20,Control
6/6/23 9:55,91.467,20,Control
6/6/23 10:00,91.524,20,Control
6/6/23 10:05,91.497,20,Control
6/6/23 10:10,91.397,20,Control
6/6/23 10:15,91.421,20,Control
6/6/23 10:20,91.447,20,Control
6/6/23 10:25,91.418,20,Control
6/6/23 10:30,91.53,20,Control
6/6/23 10:35,91.517,20,Control
6/6/23 10:40,91.493,20,Control
6/6/23 10:45,91.548,20,Control
6/6/23 10:50,91.518,20,Control
6/6/23 10:55,91.569,20,Control
6/6/23 11:00,91.596,20,Control
6/6/23 11:05,91.571,20,Control
6/6/23 11:10,91.558,20,Control
6/6/23 11:15,91.484,20,Control
6/6/23 11:20,91.515,20,Control
6/6/23 11:25,91.527,20,Control
6/6/23 11:30,91.512,20,Control
6/6/23 11:35,91.598,20,Control
6/6/23 11:40,91.55,20,Control
6/6/23 11:45,91.518,20,Control
6/6/23 11:50,91.489,20,Control
6/6/23 11:55,91.572,20,Control
6/6/23 12:00,91.507,20,Control
6/6/23 12:05,91.532,20,Control
6/6/23 12:10,91.576,20,Control
6/6/23 12:15,91.675,20,Control
6/6/23 12:20,91.552,20,Control
6/6/23 12:25,91.582,20,Control
6/6/23 12:30,91.637,20,Control
6/6/23 12:35,91.514,20,Control
6/6/23 12:40,91.547,20,Control
6/6/23 12:45,91.589,20,Control
6/6/23 12:50,91.5,20,Control
6/6/23 12:55,91.525,20,Control
6/6/23 13:00,91.506,20,Control
6/6/23 13:05,91.631,20,Control
6/6/23 13:10,91.653,20,Control
6/6/23 13:15,91.631,20,Control
6/6/23 13:20,91.608,20,Control
6/6/23 13:25,91.674,20,Control
6/6/23 13:30,91.628,20,Control
6/6/23 13:35,91.618,20,Control
6/6/23 13:40,91.654,20,Control
6/6/23 13:45,91.639,20,Control
6/6/23 13:50,91.615,20,Control
6/6/23 13:55,91.662,20,Control
6/6/23 14:00,91.648,20,Control
6/6/23 14:05,91.65,20,Control
6/6/23 14:10,91.632,20,Control
6/6/23 14:15,91.695,20,Control
6/6/23 14:20,91.647,20,Control
6/6/23 14:25,91.792,20,Control
6/6/23 14:30,91.694,20,Control
6/6/23 14:35,91.734,20,Control
6/6/23 14:40,91.757,20,Control
6/6/23 14:45,91.78,20,Control
6/6/23 14:50,91.76,20,Control
6/6/23 14:55,91.746,20,Control
6/6/23 15:00,91.779,20,Control
6/6/23 15:05,91.714,20,Control
6/6/23 15:10,91.8,20,Control
6/6/23 15:15,91.723,20,Control
6/6/23 15:20,91.724,20,Control
6/6/23 15:25,91.764,20,Control
6/6/23 15:30,91.805,20,Control
6/6/23 15:35,91.757,20,Control
6/6/23 15:40,91.763,20,Control
6/6/23 15:45,91.767,20,Control
6/6/23 15:50,91.829,20,Control
6/6/23 15:55,91.772,20,Control
6/6/23 16:00,91.792,20,Control
6/6/23 16:05,91.786,20,Control
6/6/23 16:10,91.739,20,Control
6/6/23 16:15,91.786,20,Control
6/6/23 16:20,91.806,20,Control
6/6/23 16:25,91.876,20,Control
6/6/23 16:30,91.864,20,Control
6/6/23 16:35,91.807,20,Control
6/6/23 16:40,91.839,20,Control
6/6/23 16:45,91.792,20,Control
6/6/23 16:50,91.782,20,Control
6/6/23 16:55,91.829,20,Control
6/6/23 17:00,91.824,20,Control
6/6/23 17:05,91.805,20,Control
6/6/23 17:10,91.841,20,Control
6/6/23 17:15,91.852,20,Control
6/6/23 17:20,91.832,20,Control
6/6/23 17:25,91.777,20,Control
6/6/23 17:30,91.888,20,Control
6/6/23 17:35,91.883,20,Control
6/6/23 17:40,91.812,20,Control
6/6/23 17:45,91.84,20,Control
6/6/23 17:50,91.808,20,Control
6/6/23 17:55,91.842,20,Control
6/6/23 18:00,91.892,20,Control
6/6/23 18:05,91.918,20,Control
6/6/23 18:10,91.907,20,Control
6/6/23 18:15,91.866,20,Control
6/6/23 18:20,91.924,20,Control
6/6/23 18:25,91.903,20,Control
6/6/23 18:30,91.862,20,Control
6/6/23 18:35,91.811,20,Control
6/6/23 18:40,91.82,20,Control
6/6/23 18:45,91.834,20,Control
6/6/23 18:50,91.929,20,Control
6/6/23 18:55,91.913,20,Control
6/6/23 19:00,91.822,20,Control
6/6/23 19:05,91.902,20,Control
6/6/23 19:10,91.954,20,Control
6/6/23 19:15,91.874,20,Control
6/6/23 19:20,91.88,20,Control
6/6/23 19:25,91.902,20,Control
6/6/23 19:30,91.888,20,Control
6/6/23 19:35,91.856,20,Control
6/6/23 19:40,91.901,20,Control
6/6/23 19:45,91.9,20,Control
6/6/23 19:50,91.917,20,Control
6/6/23 19:55,91.96,20,Control
6/6/23 20:00,91.872,20,Control
6/6/23 20:05,91.95,20,Control
6/6/23 20:10,91.936,20,Control
6/6/23 20:15,91.895,20,Control
6/6/23 20:20,92.026,20,Control
6/6/23 20:25,91.943,20,Control
6/6/23 20:30,91.859,20,Control
6/6/23 20:35,91.814,20,Control
6/6/23 20:40,91.971,20,Control
6/6/23 20:45,92.027,20,Control
6/6/23 20:50,92.101,20,Control
6/6/23 20:55,92.227,20,Control
6/6/23 21:00,92.196,20,Control
6/6/23 21:05,92.215,20,Control
6/6/23 21:10,92.247,20,Control
6/6/23 21:15,92.288,20,Control
6/6/23 21:20,92.326,20,Control
6/6/23 21:25,92.343,20,Control
6/6/23 21:30,92.405,20,Control
6/6/23 21:35,92.462,20,Control
6/6/23 21:40,92.434,20,Control
6/6/23 21:45,92.426,20,Control
6/6/23 21:50,92.477,20,Control
6/6/23 21:55,92.493,20,Control
6/6/23 22:00,92.465,20,Control
6/6/23 22:05,92.461,20,Control
6/6/23 22:10,92.465,20,Control
6/6/23 22:15,92.543,20,Control
6/6/23 22:20,92.602,20,Control
6/6/23 22:25,92.577,20,Control
6/6/23 22:30,92.622,20,Control
6/6/23 22:35,92.629,20,Control
6/6/23 22:40,92.587,20,Control
6/6/23 22:45,92.597,20,Control
6/6/23 22:50,92.575,20,Control
6/6/23 22:55,92.547,20,Control
6/6/23 23:00,92.623,20,Control
6/6/23 23:05,92.55,20,Control
6/6/23 23:10,92.66,20,Control
6/6/23 23:15,92.635,20,Control
6/6/23 23:20,92.662,20,Control
6/6/23 23:25,92.551,20,Control
6/6/23 23:30,92.666,20,Control
6/6/23 23:35,92.645,20,Control
6/6/23 23:40,92.588,20,Control
6/6/23 23:45,92.676,20,Control
6/6/23 23:50,92.681,20,Control
6/6/23 23:55,92.746,20,Control
6/7/23,92.709,20,Control
6/7/23 0:05,92.646,20,Control
6/7/23 0:10,92.698,20,Control
6/7/23 0:15,92.779,20,Control
6/7/23 0:20,92.733,20,Control
6/7/23 0:25,92.797,20,Control
6/7/23 0:30,92.763,20,Control
6/7/23 0:35,92.759,20,Control
6/7/23 0:40,92.804,20,Control
6/7/23 0:45,92.799,20,Control
6/7/23 0:50,92.78,20,Control
6/7/23 0:55,92.769,20,Control
6/7/23 1:00,92.778,20,Control
6/7/23 1:05,92.754,20,Control
6/7/23 1:10,92.812,20,Control
6/7/23 1:15,92.763,20,Control
6/7/23 1:20,92.842,20,Control
6/7/23 1:25,92.836,20,Control
6/7/23 1:30,92.845,20,Control
6/7/23 1:35,92.865,20,Control
6/7/23 1:40,92.741,20,Control
6/7/23 1:45,92.757,20,Control
6/7/23 1:50,92.865,20,Control
6/7/23 1:55,92.825,20,Control
6/7/23 2:00,92.76,20,Control
6/7/23 2:05,92.86,20,Control
6/7/23 2:10,92.785,20,Control
6/7/23 2:15,92.816,20,Control
6/7/23 2:20,92.792,20,Control
6/7/23 2:25,92.804,20,Control
6/7/23 2:30,92.827,20,Control
6/7/23 2:35,92.709,20,Control
6/7/23 2:40,92.735,20,Control
6/7/23 2:45,92.681,20,Control
6/7/23 2:50,92.737,20,Control
6/7/23 2:55,92.77,20,Control
6/7/23 3:00,92.68,20,Control
6/7/23 3:05,92.7,20,Control
6/7/23 3:10,92.681,20,Control
6/7/23 3:15,92.669,20,Control
6/7/23 3:20,92.577,20,Control
6/7/23 3:25,92.674,20,Control
6/7/23 3:30,92.641,20,Control
6/7/23 3:35,92.642,20,Control
6/7/23 3:40,92.67,20,Control
6/7/23 3:45,92.59,20,Control
6/7/23 3:50,92.625,20,Control
6/7/23 3:55,92.651,20,Control
6/7/23 4:00,92.621,20,Control
6/7/23 4:05,92.572,20,Control
6/7/23 4:10,92.58,20,Control
6/7/23 4:15,92.588,20,Control
6/7/23 4:20,92.653,20,Control
6/7/23 4:25,92.633,20,Control
6/7/23 4:30,92.58,20,Control
6/7/23 4:35,92.608,20,Control
6/7/23 4:40,92.617,20,Control
6/7/23 4:45,92.57,20,Control
6/7/23 4:50,92.543,20,Control
6/7/23 4:55,92.607,20,Control
6/7/23 5:00,92.595,20,Control
6/7/23 5:05,92.558,20,Control
6/7/23 5:10,92.567,20,Control
6/7/23 5:15,92.621,20,Control
6/7/23 5:20,92.537,20,Control
6/7/23 5:25,92.556,20,Control
6/7/23 5:30,92.586,20,Control
6/7/23 5:35,92.557,20,Control
6/7/23 5:40,92.635,20,Control
6/7/23 5:45,92.586,20,Control
6/7/23 5:50,92.581,20,Control
6/7/23 5:55,92.485,20,Control
6/7/23 6:00,92.473,20,Control
6/7/23 6:05,92.528,20,Control
6/7/23 6:10,92.407,20,Control
6/7/23 6:15,92.529,20,Control
6/7/23 6:20,92.472,20,Control
6/7/23 6:25,92.451,20,Control
6/7/23 6:30,92.528,20,Control
6/7/23 6:35,92.493,20,Control
6/7/23 6:40,92.423,20,Control
6/7/23 6:45,92.523,20,Control
6/7/23 6:50,92.481,20,Control
6/7/23 6:55,92.529,20,Control
6/7/23 7:00,92.512,20,Control
6/7/23 7:05,92.611,20,Control
6/7/23 7:10,92.542,20,Control
6/7/23 7:15,92.57,20,Control
6/7/23 7:20,92.504,20,Control
6/7/23 7:25,92.481,20,Control
6/7/23 7:30,92.527,20,Control
6/7/23 7:35,92.473,20,Control
6/7/23 7:40,92.478,20,Control
6/7/23 7:45,92.489,20,Control
6/7/23 7:50,92.427,20,Control
6/7/23 7:55,92.507,20,Control
6/7/23 8:00,92.437,20,Control
6/7/23 8:05,92.537,20,Control
6/7/23 8:10,92.517,20,Control
6/7/23 8:15,92.445,20,Control
6/7/23 8:20,92.468,20,Control
6/7/23 8:25,92.44,20,Control
6/7/23 8:30,92.473,20,Control
6/7/23 8:35,92.442,20,Control
6/7/23 8:40,92.538,20,Control
6/7/23 8:45,92.548,20,Control
6/7/23 8:50,92.453,20,Control
6/7/23 8:55,92.467,20,Control
6/7/23 9:00,92.418,20,Control
6/7/23 9:05,92.477,20,Control
6/7/23 9:10,92.538,20,Control
6/7/23 9:15,92.485,20,Control
6/7/23 9:20,92.484,20,Control
6/7/23 9:25,92.466,20,Control
6/7/23 9:30,92.582,20,Control
6/7/23 9:35,92.468,20,Control
6/7/23 9:40,92.534,20,Control
6/7/23 9:45,92.503,20,Control
6/7/23 9:50,92.499,20,Control
6/7/23 9:55,92.524,20,Control
6/7/23 10:00,92.497,20,Control
6/7/23 10:05,92.559,20,Control
6/7/23 10:10,92.548,20,Control
6/7/23 10:15,92.568,20,Control
6/7/23 10:20,92.523,20,Control
6/7/23 10:25,92.6,20,Control
6/7/23 10:30,92.527,20,Control
6/7/23 10:35,92.488,20,Control
6/7/23 10:40,92.567,20,Control
6/7/23 10:45,92.539,20,Control
6/7/23 10:50,92.556,20,Control
6/7/23 10:55,92.558,20,Control
6/7/23 11:00,92.613,20,Control
6/7/23 11:05,92.607,20,Control
6/7/23 11:10,92.544,20,Control
6/7/23 11:15,92.579,20,Control
6/7/23 11:20,92.59,20,Control
6/7/23 11:25,92.547,20,Control
6/7/23 11:30,92.621,20,Control
6/7/23 11:35,92.595,20,Control
6/7/23 11:40,92.536,20,Control
6/7/23 11:45,92.53,20,Control
6/7/23 11:50,92.564,20,Control
6/7/23 11:55,92.595,20,Control
6/7/23 12:00,92.587,20,Control
6/7/23 12:05,92.571,20,Control
6/7/23 12:10,92.655,20,Control
6/7/23 12:15,92.54,20,Control
6/7/23 12:20,92.591,20,Control
6/7/23 12:25,92.609,20,Control
6/7/23 12:30,92.541,20,Control
6/7/23 12:35,92.579,20,Control
6/7/23 12:40,92.557,20,Control
6/7/23 12:45,92.581,20,Control
6/7/23 12:50,92.539,20,Control
6/7/23 12:55,92.582,20,Control
6/7/23 13:00,92.521,20,Control
6/7/23 13:05,92.631,20,Control
6/7/23 13:10,92.637,20,Control
6/7/23 13:15,92.606,20,Control
6/7/23 13:20,92.59,20,Control
6/7/23 13:25,92.627,20,Control
6/7/23 13:30,92.682,20,Control
6/7/23 13:35,92.672,20,Control
6/7/23 13:40,92.52,20,Control
6/7/23 13:45,92.646,20,Control
6/7/23 13:50,92.67,20,Control
6/7/23 13:55,92.644,20,Control
6/7/23 14:00,92.616,20,Control
6/7/23 14:05,92.678,20,Control
6/7/23 14:10,92.675,20,Control
6/7/23 14:15,92.67,20,Control
6/7/23 14:20,92.671,20,Control
6/7/23 14:25,92.701,20,Control
6/7/23 14:30,92.682,20,Control
6/7/23 14:35,92.746,20,Control
6/7/23 14:40,92.64,20,Control
6/7/23 14:45,92.81,20,Control
6/7/23 14:50,92.759,20,Control
6/7/23 14:55,92.74,20,Control
6/7/23 15:00,92.822,20,Control
6/7/23 15:05,92.754,20,Control
6/7/23 15:10,92.892,20,Control
6/7/23 15:15,92.839,20,Control
6/7/23 15:20,92.839,20,Control
6/7/23 15:25,92.841,20,Control
6/7/23 15:30,92.893,20,Control
6/7/23 15:35,92.854,20,Control
6/7/23 15:40,92.833,20,Control
6/7/23 15:45,92.832,20,Control
6/7/23 15:50,92.897,20,Control
6/7/23 15:55,92.808,20,Control
6/7/23 16:00,92.887,20,Control
6/7/23 16:05,92.892,20,Control
6/7/23 16:10,92.861,20,Control
6/7/23 16:15,92.909,20,Control
6/7/23 16:20,92.894,20,Control
6/7/23 16:25,92.845,20,Control
6/7/23 16:30,92.877,20,Control
6/7/23 16:35,92.893,20,Control
6/7/23 16:40,92.881,20,Control
6/7/23 16:45,92.892,20,Control
6/7/23 16:50,92.889,20,Control
6/7/23 16:55,92.904,20,Control
6/7/23 17:00,92.864,20,Control
6/7/23 17:05,92.88,20,Control
6/7/23 17:10,92.893,20,Control
6/7/23 17:15,92.94,20,Control
6/7/23 17:20,92.894,20,Control
6/7/23 17:25,92.962,20,Control
6/7/23 17:30,92.915,20,Control
6/7/23 17:35,92.894,20,Control
6/7/23 17:40,92.904,20,Control
6/7/23 17:45,92.897,20,Control
6/7/23 17:50,92.897,20,Control
6/7/23 17:55,92.959,20,Control
6/7/23 18:00,92.927,20,Control
6/7/23 18:05,92.988,20,Control
6/7/23 18:10,92.957,20,Control
6/7/23 18:15,92.929,20,Control
6/7/23 18:20,92.933,20,Control
6/7/23 18:25,92.884,20,Control
6/7/23 18:30,93.001,20,Control
6/7/23 18:35,92.949,20,Control
6/7/23 18:40,92.913,20,Control
6/7/23 18:45,92.919,20,Control
6/7/23 18:50,93.045,20,Control
6/7/23 18:55,92.951,20,Control
6/7/23 19:00,92.957,20,Control
6/7/23 19:05,92.852,20,Control
6/7/23 19:10,92.941,20,Control
6/7/23 19:15,92.908,20,Control
6/7/23 19:20,92.974,20,Control
6/7/23 19:25,92.909,20,Control
6/7/23 19:30,92.838,20,Control
6/7/23 19:35,92.943,20,Control
6/7/23 19:40,92.878,20,Control
6/7/23 19:45,92.997,20,Control
6/7/23 19:50,92.952,20,Control
6/7/23 19:55,92.975,20,Control
6/7/23 20:00,92.937,20,Control
6/7/23 20:05,92.992,20,Control
6/7/23 20:10,92.996,20,Control
6/7/23 20:15,92.988,20,Control
6/7/23 20:20,92.946,20,Control
6/7/23 20:25,92.965,20,Control
6/7/23 20:30,92.924,20,Control
6/7/23 20:35,92.931,20,Control
6/7/23 20:40,92.962,20,Control
6/7/23 20:45,93.014,20,Control
6/7/23 20:50,92.917,20,Control
6/7/23 20:55,92.899,20,Control
6/7/23 21:00,93.056,20,Control
6/7/23 21:05,93.037,20,Control
6/7/23 21:10,92.896,20,Control
6/7/23 21:15,92.958,20,Control
6/7/23 21:20,93.072,20,Control
6/7/23 21:25,92.929,20,Control
6/7/23 21:30,93.02,20,Control
6/7/23 21:35,92.994,20,Control
6/7/23 21:40,93.006,20,Control
6/7/23 21:45,93.146,20,Control
6/7/23 21:50,93.037,20,Control
6/7/23 21:55,93.058,20,Control
6/7/23 22:00,92.996,20,Control
6/7/23 22:05,93.016,20,Control
6/7/23 22:10,93.015,20,Control
6/7/23 22:15,93.052,20,Control
6/7/23 22:20,93.034,20,Control
6/7/23 22:25,92.999,20,Control
6/7/23 22:30,93.022,20,Control
6/7/23 22:35,93.063,20,Control
6/7/23 22:40,92.997,20,Control
6/7/23 22:45,93.063,20,Control
6/7/23 22:50,93.042,20,Control
6/7/23 22:55,93.068,20,Control
6/7/23 23:00,93.06,20,Control
6/7/23 23:05,93.098,20,Control
6/7/23 23:10,93.099,20,Control
6/7/23 23:15,93.071,20,Control
6/7/23 23:20,93.043,20,Control
6/7/23 23:25,93.08,20,Control
6/7/23 23:30,93.121,20,Control
6/7/23 23:35,93.093,20,Control
6/7/23 23:40,93.143,20,Control
6/7/23 23:45,93.167,20,Control
6/7/23 23:50,93.201,20,Control
6/7/23 23:55,93.205,20,Control
6/8/23,93.095,20,Control
6/8/23 0:05,93.086,20,Control
6/8/23 0:10,93.051,20,Control
6/8/23 0:15,93.087,20,Control
6/8/23 0:20,93.127,20,Control
6/8/23 0:25,93.082,20,Control
6/8/23 0:30,93.118,20,Control
6/8/23 0:35,93.084,20,Control
6/8/23 0:40,93.098,20,Control
6/8/23 0:45,93.076,20,Control
6/8/23 0:50,93.09,20,Control
6/8/23 0:55,93.092,20,Control
6/8/23 1:00,93.109,20,Control
6/8/23 1:05,93.088,20,Control
6/8/23 1:10,93.07,20,Control
6/8/23 1:15,93.071,20,Control
6/8/23 1:20,93.026,20,Control
6/8/23 1:25,93.171,20,Control
6/8/23 1:30,93.074,20,Control
6/8/23 1:35,93.037,20,Control
6/8/23 1:40,93.038,20,Control
6/8/23 1:45,93.123,20,Control
6/8/23 1:50,93.083,20,Control
6/8/23 1:55,93.045,20,Control
6/8/23 2:00,93.052,20,Control
6/8/23 2:05,93.067,20,Control
6/8/23 2:10,93.025,20,Control
6/8/23 2:15,93.041,20,Control
6/8/23 2:20,93.026,20,Control
6/8/23 2:25,93.1,20,Control
6/8/23 2:30,93.096,20,Control
6/8/23 2:35,93.167,20,Control
6/8/23 2:40,93.154,20,Control
6/8/23 2:45,93.12,20,Control
6/8/23 2:50,93.112,20,Control
6/8/23 2:55,93.06,20,Control
6/8/23 3:00,93.166,20,Control
6/8/23 3:05,93.183,20,Control
6/8/23 3:10,93.19,20,Control
6/8/23 3:15,93.12,20,Control
6/8/23 3:20,93.168,20,Control
6/8/23 3:25,93.122,20,Control
6/8/23 3:30,93.191,20,Control
6/8/23 3:35,93.169,20,Control
6/8/23 3:40,93.144,20,Control
6/8/23 3:45,93.103,20,Control
6/8/23 3:50,93.153,20,Control
6/8/23 3:55,93.01,20,Control
6/8/23 4:00,93.086,20,Control
6/8/23 4:05,93.153,20,Control
6/8/23 4:10,93.116,20,Control
6/8/23 4:15,93.214,20,Control
6/8/23 4:20,93.074,20,Control
6/8/23 4:25,93.144,20,Control
6/8/23 4:30,93.089,20,Control
6/8/23 4:35,93.14,20,Control
6/8/23 4:40,93.075,20,Control
6/8/23 4:45,93.148,20,Control
6/8/23 4:50,93.102,20,Control
6/8/23 4:55,93.047,20,Control
6/8/23 5:00,93.033,20,Control
6/8/23 5:05,93.04,20,Control
6/8/23 5:10,93.159,20,Control
6/8/23 5:15,92.978,20,Control
6/8/23 5:20,93.094,20,Control
6/8/23 5:25,93.107,20,Control
6/8/23 5:30,93.097,20,Control
6/8/23 5:35,93.097,20,Control
6/8/23 5:40,93.035,20,Control
6/8/23 5:45,93.079,20,Control
6/8/23 5:50,93.038,20,Control
6/8/23 5:55,93.116,20,Control
6/8/23 6:00,92.989,20,Control
6/8/23 6:05,92.996,20,Control
6/8/23 6:10,93.047,20,Control
6/8/23 6:15,92.993,20,Control
6/8/23 6:20,93.04,20,Control
6/8/23 6:25,92.983,20,Control
6/8/23 6:30,93.014,20,Control
6/8/23 6:35,93.1,20,Control
6/8/23 6:40,93.1,20,Control
6/8/23 6:45,92.957,20,Control
6/8/23 6:50,93.001,20,Control
6/8/23 6:55,93.109,20,Control
6/8/23 7:00,93.052,20,Control
6/8/23 7:05,92.99,20,Control
6/8/23 7:10,92.955,20,Control
6/8/23 7:15,92.968,20,Control
6/8/23 7:20,92.934,20,Control
6/8/23 7:25,92.892,20,Control
6/8/23 7:30,92.901,20,Control
6/8/23 7:35,92.999,20,Control
6/8/23 7:40,92.974,20,Control
6/8/23 7:45,93.026,20,Control
6/8/23 7:50,93.004,20,Control
6/8/23 7:55,92.965,20,Control
6/8/23 8:00,92.947,20,Control
6/8/23 8:05,93.028,20,Control
6/8/23 8:10,92.957,20,Control
6/8/23 8:15,93.017,20,Control
6/8/23 8:20,92.991,20,Control
6/8/23 8:25,92.941,20,Control
6/8/23 8:30,92.951,20,Control
6/8/23 8:35,92.976,20,Control
6/8/23 8:40,92.957,20,Control
6/8/23 8:45,92.942,20,Control
6/8/23 8:50,92.935,20,Control
6/8/23 8:55,92.924,20,Control
6/8/23 9:00,92.96,20,Control
6/8/23 9:05,92.874,20,Control
6/8/23 9:10,92.86,20,Control
6/8/23 9:15,92.934,20,Control
6/8/23 9:20,92.924,20,Control
6/8/23 9:25,93.022,20,Control
6/8/23 9:30,92.874,20,Control
6/8/23 9:35,92.994,20,Control
6/8/23 9:40,92.969,20,Control
6/8/23 9:45,92.94,20,Control
6/8/23 9:50,92.988,20,Control
6/8/23 9:55,92.987,20,Control
6/8/23 10:00,92.986,20,Control
6/8/23 10:05,93.098,20,Control
6/8/23 10:10,93.044,20,Control
6/8/23 10:15,93.055,20,Control
6/8/23 10:20,93.094,20,Control
6/8/23 10:25,92.948,20,Control
6/8/23 10:30,93.092,20,Control
6/8/23 10:35,93.086,20,Control
6/8/23 10:40,93.119,20,Control
6/8/23 10:45,93.106,20,Control
6/8/23 10:50,93.139,20,Control
6/8/23 10:55,93.057,20,Control
6/8/23 11:00,93.139,20,Control
6/8/23 11:05,93.064,20,Control
6/8/23 11:10,93.106,20,Control
6/8/23 11:15,93.156,20,Control
6/8/23 11:20,93.127,20,Control
6/8/23 11:25,93.128,20,Control
6/8/23 11:30,93.056,20,Control
6/8/23 11:35,93.142,20,Control
6/8/23 11:40,93.165,20,Control
6/8/23 11:45,93.044,20,Control
6/8/23 11:50,93.129,20,Control
6/8/23 11:55,93.152,20,Control
6/8/23 12:00,93.105,20,Control
6/8/23 12:05,93.116,20,Control
6/8/23 12:10,93.13,20,Control
6/8/23 12:15,93.129,20,Control
6/8/23 12:20,93.173,20,Control
6/8/23 12:25,93.167,20,Control
6/8/23 12:30,93.133,20,Control
6/8/23 12:35,93.115,20,Control
6/8/23 12:40,93.036,20,Control
6/8/23 12:45,93.168,20,Control
6/8/23 12:50,93.172,20,Control
6/8/23 12:55,93.195,20,Control
6/8/23 13:00,93.092,20,Control
6/8/23 13:05,93.112,20,Control
6/8/23 13:10,93.145,20,Control
6/8/23 13:15,93.129,20,Control
6/8/23 13:20,93.203,20,Control
6/8/23 13:25,93.142,20,Control
6/8/23 13:30,93.199,20,Control
6/8/23 13:35,93.139,20,Control
6/8/23 13:40,93.208,20,Control
6/8/23 13:45,93.199,20,Control
6/8/23 13:50,93.264,20,Control
6/8/23 13:55,93.207,20,Control
6/8/23 14:00,93.252,20,Control
6/8/23 14:05,93.266,20,Control
6/8/23 14:10,93.313,20,Control
6/8/23 14:15,93.315,20,Control
6/8/23 14:20,93.256,20,Control
6/8/23 14:25,93.306,20,Control
6/8/23 14:30,93.275,20,Control
6/8/23 14:35,93.258,20,Control
6/8/23 14:40,93.289,20,Control
6/8/23 14:45,93.275,20,Control
6/8/23 14:50,93.318,20,Control
6/8/23 14:55,93.345,20,Control
6/8/23 15:00,93.308,20,Control
6/8/23 15:05,93.294,20,Control
6/8/23 15:10,93.239,20,Control
6/8/23 15:15,93.318,20,Control
6/8/23 15:20,93.343,20,Control
6/8/23 15:25,93.34,20,Control
6/8/23 15:30,93.382,20,Control
6/8/23 15:35,93.4,20,Control
6/8/23 15:40,93.419,20,Control
6/8/23 15:45,93.45,20,Control
6/8/23 15:50,93.315,20,Control
6/8/23 15:55,93.394,20,Control
6/8/23 16:00,93.399,20,Control
6/8/23 16:05,93.411,20,Control
6/8/23 16:10,93.313,20,Control
6/8/23 16:15,93.414,20,Control
6/8/23 16:20,93.364,20,Control
6/8/23 16:25,93.329,20,Control
6/8/23 16:30,93.391,20,Control
6/8/23 16:35,93.335,20,Control
6/8/23 16:40,93.411,20,Control
6/8/23 16:45,93.408,20,Control
6/8/23 16:50,93.348,20,Control
6/8/23 16:55,93.379,20,Control
6/8/23 17:00,93.374,20,Control
6/8/23 17:05,93.467,20,Control
6/8/23 17:10,93.38,20,Control
6/8/23 17:15,93.411,20,Control
6/8/23 17:20,93.419,20,Control
6/8/23 17:25,93.439,20,Control
6/8/23 17:30,93.406,20,Control
6/8/23 17:35,93.388,20,Control
6/8/23 17:40,93.395,20,Control
6/8/23 17:45,93.455,20,Control
6/8/23 17:50,93.401,20,Control
6/8/23 17:55,93.37,20,Control
6/8/23 18:00,93.45,20,Control
6/8/23 18:05,93.351,20,Control
6/8/23 18:10,93.4,20,Control
6/8/23 18:15,93.308,20,Control
6/8/23 18:20,93.405,20,Control
6/8/23 18:25,93.447,20,Control
6/8/23 18:30,93.355,20,Control
6/8/23 18:35,93.483,20,Control
6/8/23 18:40,93.425,20,Control
6/8/23 18:45,93.462,20,Control
6/8/23 18:50,93.453,20,Control
6/8/23 18:55,93.468,20,Control
6/8/23 19:00,93.387,20,Control
6/8/23 19:05,93.386,20,Control
6/8/23 19:10,93.455,20,Control
6/8/23 19:15,93.453,20,Control
6/8/23 19:20,93.419,20,Control
6/8/23 19:25,93.471,20,Control
6/8/23 19:30,93.457,20,Control
6/8/23 19:35,93.382,20,Control
6/8/23 19:40,93.482,20,Control
6/8/23 19:45,93.369,20,Control
6/8/23 19:50,93.499,20,Control
6/8/23 19:55,93.564,20,Control
6/8/23 20:00,93.444,20,Control
6/8/23 20:05,93.483,20,Control
6/8/23 20:10,93.43,20,Control
6/8/23 20:15,93.453,20,Control
6/8/23 20:20,93.572,20,Control
6/8/23 20:25,93.5,20,Control
6/8/23 20:30,93.543,20,Control
6/8/23 20:35,93.441,20,Control
6/8/23 20:40,93.452,20,Control
6/8/23 20:45,93.527,20,Control
6/8/23 20:50,93.503,20,Control
6/8/23 20:55,93.535,20,Control
6/8/23 21:00,93.477,20,Control
6/8/23 21:05,93.456,20,Control
6/8/23 21:10,93.509,20,Control
6/8/23 21:15,93.494,20,Control
6/8/23 21:20,93.477,20,Control
6/8/23 21:25,93.537,20,Control
6/8/23 21:30,93.523,20,Control
6/8/23 21:35,93.549,20,Control
6/8/23 21:40,93.502,20,Control
6/8/23 21:45,93.557,20,Control
6/8/23 21:50,93.482,20,Control
6/8/23 21:55,93.604,20,Control
6/8/23 22:00,93.565,20,Control
6/8/23 22:05,93.578,20,Control
6/8/23 22:10,93.549,20,Control
6/8/23 22:15,93.588,20,Control
6/8/23 22:20,93.537,20,Control
6/8/23 22:25,93.524,20,Control
6/8/23 22:30,93.548,20,Control
6/8/23 22:35,93.61,20,Control
6/8/23 22:40,93.665,20,Control
6/8/23 22:45,93.628,20,Control
6/8/23 22:50,93.583,20,Control
6/8/23 22:55,93.548,20,Control
6/8/23 23:00,93.611,20,Control
6/8/23 23:05,93.592,20,Control
6/8/23 23:10,93.625,20,Control
6/8/23 23:15,93.6,20,Control
6/8/23 23:20,93.649,20,Control
6/8/23 23:25,93.618,20,Control
6/8/23 23:30,93.671,20,Control
6/8/23 23:35,93.653,20,Control
6/8/23 23:40,93.702,20,Control
6/8/23 23:45,93.738,20,Control
6/8/23 23:50,93.665,20,Control
6/8/23 23:55,93.644,20,Control
6/9/23,93.693,20,Control
6/9/23 0:05,93.659,20,Control
6/9/23 0:10,93.666,20,Control
6/9/23 0:15,93.657,20,Control
6/9/23 0:20,93.64,20,Control
6/9/23 0:25,93.725,20,Control
6/9/23 0:30,93.737,20,Control
6/9/23 0:35,93.685,20,Control
6/9/23 0:40,93.725,20,Control
6/9/23 0:45,93.631,20,Control
6/9/23 0:50,93.645,20,Control
6/9/23 0:55,93.692,20,Control
6/9/23 1:00,93.686,20,Control
6/9/23 1:05,93.718,20,Control
6/9/23 1:10,93.757,20,Control
6/9/23 1:15,93.699,20,Control
6/9/23 1:20,93.655,20,Control
6/9/23 1:25,93.687,20,Control
6/9/23 1:30,93.677,20,Control
6/9/23 1:35,93.622,20,Control
6/9/23 1:40,93.675,20,Control
6/9/23 1:45,93.613,20,Control
6/9/23 1:50,93.671,20,Control
6/9/23 1:55,93.717,20,Control
6/9/23 2:00,93.579,20,Control
6/9/23 2:05,93.625,20,Control
6/9/23 2:10,93.578,20,Control
6/9/23 2:15,93.663,20,Control
6/9/23 2:20,93.558,20,Control
6/9/23 2:25,93.69,20,Control
6/9/23 2:30,93.544,20,Control
6/9/23 2:35,93.639,20,Control
6/9/23 2:40,93.522,20,Control
6/9/23 2:45,93.611,20,Control
6/9/23 2:50,93.465,20,Control
6/9/23 2:55,93.546,20,Control
6/9/23 3:00,93.463,20,Control
6/9/23 3:05,93.593,20,Control
6/9/23 3:10,93.495,20,Control
6/9/23 3:15,93.512,20,Control
6/9/23 3:20,93.52,20,Control
6/9/23 3:25,93.467,20,Control
6/9/23 3:30,93.412,20,Control
6/9/23 3:35,93.454,20,Control
6/9/23 3:40,93.515,20,Control
6/9/23 3:45,93.585,20,Control
6/9/23 3:50,93.445,20,Control
6/9/23 3:55,93.46,20,Control
6/9/23 4:00,93.522,20,Control
6/9/23 4:05,93.425,20,Control
6/9/23 4:10,93.471,20,Control
6/9/23 4:15,93.463,20,Control
6/9/23 4:20,93.485,20,Control
6/9/23 4:25,93.424,20,Control
6/9/23 4:30,93.545,20,Control
6/9/23 4:35,93.445,20,Control
6/9/23 4:40,93.503,20,Control
6/9/23 4:45,93.43,20,Control
6/9/23 4:50,93.577,20,Control
6/9/23 4:55,93.48,20,Control
6/9/23 5:00,93.559,20,Control
6/9/23 5:05,93.459,20,Control
6/9/23 5:10,93.445,20,Control
6/9/23 5:15,93.468,20,Control
6/9/23 5:20,93.439,20,Control
6/9/23 5:25,93.451,20,Control
6/9/23 5:30,93.397,20,Control
6/9/23 5:35,93.448,20,Control
6/9/23 5:40,93.432,20,Control
6/9/23 5:45,93.396,20,Control
6/9/23 5:50,93.415,20,Control
6/9/23 5:55,93.377,20,Control
6/9/23 6:00,93.481,20,Control
6/9/23 6:05,93.367,20,Control
6/9/23 6:10,93.469,20,Control
6/9/23 6:15,93.43,20,Control
6/9/23 6:20,93.41,20,Control
6/9/23 6:25,93.463,20,Control
6/9/23 6:30,93.451,20,Control
6/9/23 6:35,93.392,20,Control
6/9/23 6:40,93.52,20,Control
6/9/23 6:45,93.465,20,Control
6/9/23 6:50,93.455,20,Control
6/9/23 6:55,93.337,20,Control
6/9/23 7:00,93.398,20,Control
6/9/23 7:05,93.451,20,Control
6/9/23 7:10,93.402,20,Control
6/9/23 7:15,93.38,20,Control
6/9/23 7:20,93.429,20,Control
6/9/23 7:25,93.4,20,Control
6/9/23 7:30,93.375,20,Control
6/9/23 7:35,93.289,20,Control
6/9/23 7:40,93.325,20,Control
6/9/23 7:45,93.279,20,Control
6/9/23 7:50,93.297,20,Control
6/9/23 7:55,93.28,20,Control
6/9/23 8:00,93.289,20,Control
6/9/23 8:05,93.311,20,Control
6/9/23 8:10,93.229,20,Control
6/9/23 8:15,93.307,20,Control
6/9/23 8:20,93.202,20,Control
6/9/23 8:25,93.282,20,Control
6/9/23 8:30,93.328,20,Control
6/9/23 8:35,93.271,20,Control
6/9/23 8:40,93.235,20,Control
6/9/23 8:45,93.298,20,Control
6/9/23 8:50,93.328,20,Control
6/9/23 8:55,93.354,20,Control
6/9/23 9:00,93.35,20,Control
6/9/23 9:05,93.346,20,Control
6/9/23 9:10,93.441,20,Control
6/9/23 9:15,93.339,20,Control
6/9/23 9:20,93.354,20,Control
6/9/23 9:25,93.296,20,Control
6/9/23 9:30,93.383,20,Control
6/9/23 9:35,93.344,20,Control
6/9/23 9:40,93.39,20,Control
6/9/23 9:45,93.374,20,Control
6/9/23 9:50,93.481,20,Control
6/9/23 9:55,93.359,20,Control
6/9/23 10:00,93.304,20,Control
6/9/23 10:05,93.363,20,Control
6/9/23 10:10,93.267,20,Control
6/9/23 10:15,93.37,20,Control
6/9/23 10:20,93.343,20,Control
6/9/23 10:25,93.429,20,Control
6/9/23 10:30,93.309,20,Control
6/9/23 10:35,93.396,20,Control
6/9/23 10:40,93.414,20,Control
6/9/23 10:45,93.34,20,Control
6/9/23 10:50,93.356,20,Control
6/9/23 10:55,93.398,20,Control
6/9/23 11:00,93.331,20,Control
6/9/23 11:05,93.416,20,Control
6/9/23 11:10,93.437,20,Control
6/9/23 11:15,93.405,20,Control
6/9/23 11:20,93.394,20,Control
6/9/23 11:25,93.442,20,Control
6/9/23 11:30,93.528,20,Control
6/9/23 11:35,93.456,20,Control
6/9/23 11:40,93.546,20,Control
6/9/23 11:45,93.5,20,Control
6/9/23 11:50,93.545,20,Control
6/9/23 11:55,93.472,20,Control
6/9/23 12:00,93.455,20,Control
6/9/23 12:05,93.6,20,Control
6/9/23 12:10,93.547,20,Control
6/9/23 12:15,93.494,20,Control
6/9/23 12:20,93.51,20,Control
6/9/23 12:25,93.563,20,Control
6/9/23 12:30,93.529,20,Control
6/9/23 12:35,93.477,20,Control
6/9/23 12:40,93.502,20,Control
6/9/23 12:45,93.466,20,Control
6/9/23 12:50,93.461,20,Control
6/9/23 12:55,93.585,20,Control
6/9/23 13:00,93.488,20,Control
6/9/23 13:05,93.49,20,Control
6/9/23 13:10,93.592,20,Control
6/9/23 13:15,93.517,20,Control
6/9/23 13:20,93.488,20,Control
6/9/23 13:25,93.471,20,Control
6/9/23 13:30,93.561,20,Control
6/9/23 13:35,93.52,20,Control
6/9/23 13:40,93.546,20,Control
6/9/23 13:45,93.45,20,Control
6/9/23 13:50,93.579,20,Control
6/9/23 13:55,93.528,20,Control
6/9/23 14:00,93.496,20,Control
6/9/23 14:05,93.624,20,Control
6/9/23 14:10,93.542,20,Control
6/9/23 14:15,93.567,20,Control
6/9/23 14:20,93.624,20,Control
6/9/23 14:25,93.567,20,Control
6/9/23 14:30,93.618,20,Control
6/9/23 14:35,93.614,20,Control
6/9/23 14:40,93.649,20,Control
6/9/23 14:45,93.652,20,Control
6/9/23 14:50,93.631,20,Control
6/9/23 14:55,93.672,20,Control
6/9/23 15:00,93.571,20,Control
6/9/23 15:05,93.663,20,Control
6/9/23 15:10,93.641,20,Control
6/9/23 15:15,93.675,20,Control
6/9/23 15:20,93.651,20,Control
6/9/23 15:25,93.621,20,Control
6/9/23 15:30,93.792,20,Control
6/9/23 15:35,93.715,20,Control
6/9/23 15:40,93.69,20,Control
6/9/23 15:45,93.688,20,Control
6/9/23 15:50,93.824,20,Control
6/9/23 15:55,93.738,20,Control
6/9/23 16:00,93.716,20,Control
6/9/23 16:05,93.738,20,Control
6/9/23 16:10,93.782,20,Control
6/9/23 16:15,93.719,20,Control
6/9/23 16:20,93.741,20,Control
6/9/23 16:25,93.724,20,Control
6/9/23 16:30,93.825,20,Control
6/9/23 16:35,93.686,20,Control
6/9/23 16:40,93.796,20,Control
6/9/23 16:45,93.704,20,Control
6/9/23 16:50,93.715,20,Control
6/9/23 16:55,93.796,20,Control
6/9/23 17:00,93.795,20,Control
6/9/23 17:05,93.856,20,Control
6/9/23 17:10,93.841,20,Control
6/9/23 17:15,93.753,20,Control
6/9/23 17:20,93.783,20,Control
6/9/23 17:25,93.786,20,Control
6/9/23 17:30,93.848,20,Control
6/9/23 17:35,93.803,20,Control
6/9/23 17:40,93.699,20,Control
6/9/23 17:45,93.766,20,Control
6/9/23 17:50,93.849,20,Control
6/9/23 17:55,93.845,20,Control
6/9/23 18:00,93.936,20,Control
6/9/23 18:05,93.944,20,Control
6/9/23 18:10,93.885,20,Control
6/9/23 18:15,93.926,20,Control
6/9/23 18:20,93.959,20,Control
6/9/23 18:25,93.862,20,Control
6/9/23 18:30,93.981,20,Control
6/9/23 18:35,93.91,20,Control
6/9/23 18:40,93.849,20,Control
6/9/23 18:45,93.911,20,Control
6/9/23 18:50,93.963,20,Control
6/9/23 18:55,93.939,20,Control
6/9/23 19:00,93.935,20,Control
6/9/23 19:05,93.977,20,Control
6/9/23 19:10,93.973,20,Control
6/9/23 19:15,93.935,20,Control
6/9/23 19:20,93.962,20,Control
6/9/23 19:25,93.969,20,Control
6/9/23 19:30,93.939,20,Control
6/9/23 19:35,93.969,20,Control
6/9/23 19:40,94.007,20,Control
6/9/23 19:45,94.02,20,Control
6/9/23 19:50,94.029,20,Control
6/9/23 19:55,93.978,20,Control
6/9/23 20:00,93.959,20,Control
6/9/23 20:05,93.961,20,Control
6/9/23 20:10,94.005,20,Control
6/9/23 20:15,93.995,20,Control
6/9/23 20:20,93.909,20,Control
6/9/23 20:25,93.989,20,Control
6/9/23 20:30,93.969,20,Control
6/9/23 20:35,94.05,20,Control
6/9/23 20:40,94.014,20,Control
6/9/23 20:45,94.015,20,Control
6/9/23 20:50,94.059,20,Control
6/9/23 20:55,94.099,20,Control
6/9/23 21:00,94.092,20,Control
6/9/23 21:05,94.003,20,Control
6/9/23 21:10,94.02,20,Control
6/9/23 21:15,94.041,20,Control
6/9/23 21:20,94.022,20,Control
6/9/23 21:25,94.082,20,Control
6/9/23 21:30,94.056,20,Control
6/9/23 21:35,94.1,20,Control
6/9/23 21:40,94.032,20,Control
6/9/23 21:45,93.998,20,Control
6/9/23 21:50,94.159,20,Control
6/9/23 21:55,94.046,20,Control
6/9/23 22:00,94.047,20,Control
6/9/23 22:05,93.963,20,Control
6/9/23 22:10,94.066,20,Control
6/9/23 22:15,94.085,20,Control
6/9/23 22:20,94.172,20,Control
6/9/23 22:25,94.059,20,Control
6/9/23 22:30,94.114,20,Control
6/9/23 22:35,94.173,20,Control
6/9/23 22:40,94.116,20,Control
6/9/23 22:45,94.097,20,Control
6/9/23 22:50,94.061,20,Control
6/9/23 22:55,94.118,20,Control
6/9/23 23:00,94.186,20,Control
6/9/23 23:05,94.136,20,Control
6/9/23 23:10,94.162,20,Control
6/9/23 23:15,94.218,20,Control
6/9/23 23:20,94.268,20,Control
6/9/23 23:25,94.15,20,Control
6/9/23 23:30,94.194,20,Control
6/9/23 23:35,94.209,20,Control
6/9/23 23:40,94.229,20,Control
6/9/23 23:45,94.175,20,Control
6/9/23 23:50,94.254,20,Control
6/9/23 23:55,94.226,20,Control
6/10/23,94.181,20,Control
6/10/23 0:05,94.231,20,Control
6/10/23 0:10,94.156,20,Control
6/10/23 0:15,94.29,20,Control
6/10/23 0:20,94.33,20,Control
6/10/23 0:25,94.227,20,Control
6/10/23 0:30,94.235,20,Control
6/10/23 0:35,94.174,20,Control
6/10/23 0:40,94.231,20,Control
6/10/23 0:45,94.269,20,Control
6/10/23 0:50,94.266,20,Control
6/10/23 0:55,94.31,20,Control
6/10/23 1:00,94.212,20,Control
6/10/23 1:05,94.161,20,Control
6/10/23 1:10,94.238,20,Control
6/10/23 1:15,94.281,20,Control
6/10/23 1:20,94.167,20,Control
6/10/23 1:25,94.199,20,Control
6/10/23 1:30,94.205,20,Control
6/10/23 1:35,94.308,20,Control
6/10/23 1:40,94.194,20,Control
6/10/23 1:45,94.221,20,Control
6/10/23 1:50,94.217,20,Control
6/10/23 1:55,94.251,20,Control
6/10/23 2:00,94.256,20,Control
6/10/23 2:05,94.234,20,Control
6/10/23 2:10,94.296,20,Control
6/10/23 2:15,94.19,20,Control
6/10/23 2:20,94.13,20,Control
6/10/23 2:25,94.165,20,Control
6/10/23 2:30,94.15,20,Control
6/10/23 2:35,94.147,20,Control
6/10/23 2:40,94.016,20,Control
6/10/23 2:45,94.096,20,Control
6/10/23 2:50,94.116,20,Control
6/10/23 2:55,94.087,20,Control
6/10/23 3:00,94.099,20,Control
6/10/23 3:05,94.15,20,Control
6/10/23 3:10,94.076,20,Control
6/10/23 3:15,94.088,20,Control
6/10/23 3:20,94.005,20,Control
6/10/23 3:25,94.035,20,Control
6/10/23 3:30,94.008,20,Control
6/10/23 3:35,93.973,20,Control
6/10/23 3:40,93.946,20,Control
6/10/23 3:45,94.015,20,Control
6/10/23 3:50,93.989,20,Control
6/10/23 3:55,94.015,20,Control
6/10/23 4:00,93.995,20,Control
6/10/23 4:05,93.925,20,Control
6/10/23 4:10,93.99,20,Control
6/10/23 4:15,93.935,20,Control
6/10/23 4:20,93.943,20,Control
6/10/23 4:25,93.919,20,Control
6/10/23 4:30,93.999,20,Control
6/10/23 4:35,93.885,20,Control
6/10/23 4:40,93.81,20,Control
6/10/23 4:45,93.941,20,Control
6/10/23 4:50,93.77,20,Control
6/10/23 4:55,93.878,20,Control
6/10/23 5:00,93.926,20,Control
6/10/23 5:05,93.82,20,Control
6/10/23 5:10,93.805,20,Control
6/10/23 5:15,93.763,20,Control
6/10/23 5:20,93.793,20,Control
6/10/23 5:25,93.8,20,Control
6/10/23 5:30,93.765,20,Control
6/10/23 5:35,93.856,20,Control
6/10/23 5:40,93.755,20,Control
6/10/23 5:45,93.771,20,Control
6/10/23 5:50,93.815,20,Control
6/10/23 5:55,93.781,20,Control
6/10/23 6:00,93.732,20,Control
6/10/23 6:05,93.715,20,Control
6/10/23 6:10,93.766,20,Control
6/10/23 6:15,93.795,20,Control
6/10/23 6:20,93.746,20,Control
6/10/23 6:25,93.819,20,Control
6/10/23 6:30,93.76,20,Control
6/10/23 6:35,93.798,20,Control
6/10/23 6:40,93.826,20,Control
6/10/23 6:45,93.764,20,Control
6/10/23 6:50,93.793,20,Control
6/10/23 6:55,93.8,20,Control
6/10/23 7:00,93.759,20,Control
6/10/23 7:05,93.754,20,Control
6/10/23 7:10,93.651,20,Control
6/10/23 7:15,93.68,20,Control
6/10/23 7:20,93.769,20,Control
6/10/23 7:25,93.709,20,Control
6/10/23 7:30,93.687,20,Control
6/10/23 7:35,93.691,20,Control
6/10/23 7:40,93.624,20,Control
6/10/23 7:45,93.629,20,Control
6/10/23 7:50,93.723,20,Control
6/10/23 7:55,93.744,20,Control
6/10/23 8:00,93.643,20,Control
6/10/23 8:05,93.713,20,Control
6/10/23 8:10,93.737,20,Control
6/10/23 8:15,93.673,20,Control
6/10/23 8:20,93.738,20,Control
6/10/23 8:25,93.688,20,Control
6/10/23 8:30,93.572,20,Control
6/10/23 8:35,93.602,20,Control
6/10/23 8:40,93.626,20,Control
6/10/23 8:45,93.706,20,Control
6/10/23 8:50,93.689,20,Control
6/10/23 8:55,93.649,20,Control
6/10/23 9:00,93.694,20,Control
6/10/23 9:05,93.637,20,Control
6/10/23 9:10,93.612,20,Control
6/10/23 9:15,93.556,20,Control
6/10/23 9:20,93.65,20,Control
6/10/23 9:25,93.601,20,Control
6/10/23 9:30,93.573,20,Control
6/10/23 9:35,93.606,20,Control
6/10/23 9:40,93.571,20,Control
6/10/23 9:45,93.615,20,Control
6/10/23 9:50,93.572,20,Control
6/10/23 9:55,93.659,20,Control
6/10/23 10:00,93.643,20,Control
6/10/23 10:05,93.623,20,Control
6/10/23 10:10,93.666,20,Control
6/10/23 10:15,93.647,20,Control
6/10/23 10:20,93.666,20,Control
6/10/23 10:25,93.644,20,Control
6/10/23 10:30,93.614,20,Control
6/10/23 10:35,93.696,20,Control
6/10/23 10:40,93.632,20,Control
6/10/23 10:45,93.686,20,Control
6/10/23 10:50,93.717,20,Control
6/10/23 10:55,93.661,20,Control
6/10/23 11:00,93.567,20,Control
6/10/23 11:05,93.653,20,Control
6/10/23 11:10,93.684,20,Control
6/10/23 11:15,93.651,20,Control
6/10/23 11:20,93.681,20,Control
6/10/23 11:25,93.74,20,Control
6/10/23 11:30,93.587,20,Control
6/10/23 11:35,93.698,20,Control
6/10/23 11:40,93.69,20,Control
6/10/23 11:45,93.656,20,Control
6/10/23 11:50,93.637,20,Control
6/10/23 11:55,93.67,20,Control
6/10/23 12:00,93.723,20,Control
6/10/23 12:05,93.739,20,Control
6/10/23 12:10,93.621,20,Control
6/10/23 12:15,93.648,20,Control
6/10/23 12:20,93.665,20,Control
6/10/23 12:25,93.645,20,Control
6/10/23 12:30,93.676,20,Control
6/10/23 12:35,93.629,20,Control
6/10/23 12:40,93.746,20,Control
6/10/23 12:45,93.723,20,Control
6/10/23 12:50,93.665,20,Control
6/10/23 12:55,93.743,20,Control
6/10/23 13:00,93.708,20,Control
6/10/23 13:05,93.766,20,Control
6/10/23 13:10,93.755,20,Control
6/10/23 13:15,93.706,20,Control
6/10/23 13:20,93.758,20,Control
6/10/23 13:25,93.766,20,Control
6/10/23 13:30,93.927,20,Control
6/10/23 13:35,93.791,20,Control
6/10/23 13:40,93.82,20,Control
6/10/23 13:45,93.81,20,Control
6/10/23 13:50,93.792,20,Control
6/10/23 13:55,93.814,20,Control
6/10/23 14:00,93.752,20,Control
6/10/23 14:05,93.845,20,Control
6/10/23 14:10,93.873,20,Control
6/10/23 14:15,93.85,20,Control
6/10/23 14:20,93.851,20,Control
6/10/23 14:25,93.937,20,Control
6/10/23 14:30,93.967,20,Control
6/10/23 14:35,93.889,20,Control
6/10/23 14:40,93.922,20,Control
6/10/23 14:45,93.989,20,Control
6/10/23 14:50,93.987,20,Control
6/10/23 14:55,93.948,20,Control
6/10/23 15:00,93.966,20,Control
6/10/23 15:05,93.957,20,Control
6/10/23 15:10,94.034,20,Control
6/10/23 15:15,93.996,20,Control
6/10/23 15:20,94.01,20,Control
6/10/23 15:25,94.032,20,Control
6/10/23 15:30,93.975,20,Control
6/10/23 15:35,94.02,20,Control
6/10/23 15:40,94.042,20,Control
6/10/23 15:45,94.039,20,Control
6/10/23 15:50,94.119,20,Control
6/10/23 15:55,94.016,20,Control
6/10/23 16:00,94.049,20,Control
6/10/23 16:05,94.05,20,Control
6/10/23 16:10,94.025,20,Control
6/10/23 16:15,93.995,20,Control
6/10/23 16:20,94.077,20,Control
6/10/23 16:25,94.103,20,Control
6/10/23 16:30,94.055,20,Control
6/10/23 16:35,94.087,20,Control
6/10/23 16:40,94.109,20,Control
6/10/23 16:45,94.097,20,Control
6/10/23 16:50,94.108,20,Control
6/10/23 16:55,94.066,20,Control
6/10/23 17:00,94.074,20,Control
6/10/23 17:05,94.084,20,Control
6/10/23 17:10,94.04,20,Control
6/10/23 17:15,94.139,20,Control
6/10/23 17:20,94.215,20,Control
6/10/23 17:25,94.175,20,Control
6/10/23 17:30,94.13,20,Control
6/10/23 17:35,94.205,20,Control
6/10/23 17:40,94.185,20,Control
6/10/23 17:45,94.196,20,Control
6/10/23 17:50,94.136,20,Control
6/10/23 17:55,94.201,20,Control
6/10/23 18:00,94.079,20,Control
6/10/23 18:05,94.19,20,Control
6/10/23 18:10,94.259,20,Control
6/10/23 18:15,94.203,20,Control
6/10/23 18:20,94.19,20,Control
6/10/23 18:25,94.263,20,Control
6/10/23 18:30,94.246,20,Control
6/10/23 18:35,94.248,20,Control
6/10/23 18:40,94.246,20,Control
6/10/23 18:45,94.275,20,Control
6/10/23 18:50,94.256,20,Control
6/10/23 18:55,94.247,20,Control
6/10/23 19:00,94.206,20,Control
6/10/23 19:05,94.274,20,Control
6/10/23 19:10,94.234,20,Control
6/10/23 19:15,94.239,20,Control
6/10/23 19:20,94.259,20,Control
6/10/23 19:25,94.341,20,Control
6/10/23 19:30,94.237,20,Control
6/10/23 19:35,94.293,20,Control
6/10/23 19:40,94.286,20,Control
6/10/23 19:45,94.303,20,Control
6/10/23 19:50,94.242,20,Control
6/10/23 19:55,94.441,20,Control
6/10/23 20:00,94.295,20,Control
6/10/23 20:05,94.25,20,Control
6/10/23 20:10,94.363,20,Control
6/10/23 20:15,94.3,20,Control
6/10/23 20:20,94.212,20,Control
6/10/23 20:25,94.365,20,Control
6/10/23 20:30,94.281,20,Control
6/10/23 20:35,94.372,20,Control
6/10/23 20:40,94.3,20,Control
6/10/23 20:45,94.254,20,Control
6/10/23 20:50,94.422,20,Control
6/10/23 20:55,94.292,20,Control
6/10/23 21:00,94.345,20,Control
6/10/23 21:05,94.288,20,Control
6/10/23 21:10,94.357,20,Control
6/10/23 21:15,94.329,20,Control
6/10/23 21:20,94.427,20,Control
6/10/23 21:25,94.292,20,Control
6/10/23 21:30,94.303,20,Control
6/10/23 21:35,94.397,20,Control
6/10/23 21:40,94.375,20,Control
6/10/23 21:45,94.422,20,Control
6/10/23 21:50,94.423,20,Control
6/10/23 21:55,94.441,20,Control
6/10/23 22:00,94.388,20,Control
6/10/23 22:05,94.43,20,Control
6/10/23 22:10,94.399,20,Control
6/10/23 22:15,94.306,20,Control
6/10/23 22:20,94.471,20,Control
6/10/23 22:25,94.328,20,Control
6/10/23 22:30,94.397,20,Control
6/10/23 22:35,94.415,20,Control
6/10/23 22:40,94.429,20,Control
6/10/23 22:45,94.468,20,Control
6/10/23 22:50,94.469,20,Control
6/10/23 22:55,94.479,20,Control
6/10/23 23:00,94.388,20,Control
6/10/23 23:05,94.454,20,Control
6/10/23 23:10,94.452,20,Control
6/10/23 23:15,94.404,20,Control
6/10/23 23:20,94.473,20,Control
6/10/23 23:25,94.377,20,Control
6/10/23 23:30,94.501,20,Control
6/10/23 23:35,94.468,20,Control
6/10/23 23:40,94.459,20,Control
6/10/23 23:45,94.444,20,Control
6/10/23 23:50,94.454,20,Control
6/10/23 23:55,94.475,20,Control
6/11/23,94.512,20,Control
6/11/23 0:05,94.491,20,Control
6/11/23 0:10,94.41,20,Control
6/11/23 0:15,94.519,20,Control
6/11/23 0:20,94.411,20,Control
6/11/23 0:25,94.51,20,Control
6/11/23 0:30,94.551,20,Control
6/11/23 0:35,94.516,20,Control
6/11/23 0:40,94.482,20,Control
6/11/23 0:45,94.589,20,Control
6/11/23 0:50,94.47,20,Control
6/11/23 0:55,94.53,20,Control
6/11/23 1:00,94.53,20,Control
6/11/23 1:05,94.451,20,Control
6/11/23 1:10,94.505,20,Control
6/11/23 1:15,94.525,20,Control
6/11/23 1:20,94.506,20,Control
6/11/23 1:25,94.535,20,Control
6/11/23 1:30,94.489,20,Control
6/11/23 1:35,94.514,20,Control
6/11/23 1:40,94.529,20,Control
6/11/23 1:45,94.424,20,Control
6/11/23 1:50,94.546,20,Control
6/11/23 1:55,94.52,20,Control
6/11/23 2:00,94.555,20,Control
6/11/23 2:05,94.476,20,Control
6/11/23 2:10,94.507,20,Control
6/11/23 2:15,94.435,20,Control
6/11/23 2:20,94.548,20,Control
6/11/23 2:25,94.437,20,Control
6/11/23 2:30,94.398,20,Control
6/11/23 2:35,94.332,20,Control
6/11/23 2:40,94.448,20,Control
6/11/23 2:45,94.365,20,Control
6/11/23 2:50,94.373,20,Control
6/11/23 2:55,94.351,20,Control
6/11/23 3:00,94.36,20,Control
6/11/23 3:05,94.363,20,Control
6/11/23 3:10,94.373,20,Control
6/11/23 3:15,94.346,20,Control
6/11/23 3:20,94.298,20,Control
6/11/23 3:25,94.284,20,Control
6/11/23 3:30,94.243,20,Control
6/11/23 3:35,94.26,20,Control
6/11/23 3:40,94.244,20,Control
6/11/23 3:45,94.306,20,Control
6/11/23 3:50,94.238,20,Control
6/11/23 3:55,94.221,20,Control
6/11/23 4:00,94.156,20,Control
6/11/23 4:05,94.215,20,Control
6/11/23 4:10,94.26,20,Control
6/11/23 4:15,94.159,20,Control
6/11/23 4:20,94.128,20,Control
6/11/23 4:25,94.133,20,Control
6/11/23 4:30,94.122,20,Control
6/11/23 4:35,94.132,20,Control
6/11/23 4:40,94.115,20,Control
6/11/23 4:45,94.125,20,Control
6/11/23 4:50,94.093,20,Control
6/11/23 4:55,94.037,20,Control
6/11/23 5:00,94.133,20,Control
6/11/23 5:05,94.068,20,Control
6/11/23 5:10,94.095,20,Control
6/11/23 5:15,94.111,20,Control
6/11/23 5:20,94.153,20,Control
6/11/23 5:25,93.98,20,Control
6/11/23 5:30,93.944,20,Control
6/11/23 5:35,94.037,20,Control
6/11/23 5:40,93.921,20,Control
6/11/23 5:45,93.995,20,Control
6/11/23 5:50,93.986,20,Control
6/11/23 5:55,93.892,20,Control
6/11/23 6:00,93.959,20,Control
6/11/23 6:05,93.95,20,Control
6/11/23 6:10,94.012,20,Control
6/11/23 6:15,94.086,20,Control
6/11/23 6:20,93.969,20,Control
6/11/23 6:25,93.973,20,Control
6/11/23 6:30,93.996,20,Control
6/11/23 6:35,93.95,20,Control
6/11/23 6:40,93.928,20,Control
6/11/23 6:45,93.949,20,Control
6/11/23 6:50,93.895,20,Control
6/11/23 6:55,93.904,20,Control
6/11/23 7:00,93.826,20,Control
6/11/23 7:05,93.902,20,Control
6/11/23 7:10,93.876,20,Control
6/11/23 7:15,93.826,20,Control
6/11/23 7:20,93.848,20,Control
6/11/23 7:25,93.883,20,Control
6/11/23 7:30,93.917,20,Control
6/11/23 7:35,93.818,20,Control
6/11/23 7:40,93.976,20,Control
6/11/23 7:45,93.871,20,Control
6/11/23 7:50,93.925,20,Control
6/11/23 7:55,93.838,20,Control
6/11/23 8:00,93.806,20,Control
6/11/23 8:05,93.851,20,Control
6/11/23 8:10,93.879,20,Control
6/11/23 8:15,93.858,20,Control
6/11/23 8:20,93.833,20,Control
6/11/23 8:25,93.76,20,Control
6/11/23 8:30,93.842,20,Control
6/11/23 8:35,93.801,20,Control
6/11/23 8:40,93.976,20,Control
6/11/23 8:45,93.944,20,Control
6/11/23 8:50,93.812,20,Control
6/11/23 8:55,93.918,20,Control
6/11/23 9:00,93.925,20,Control
6/11/23 9:05,93.924,20,Control
6/11/23 9:10,93.929,20,Control
6/11/23 9:15,93.929,20,Control
6/11/23 9:20,93.881,20,Control
6/11/23 9:25,93.937,20,Control
6/11/23 9:30,94.007,20,Control
6/11/23 9:35,93.936,20,Control
6/11/23 9:40,93.982,20,Control
6/11/23 9:45,94.032,20,Control
6/11/23 9:50,93.935,20,Control
6/11/23 9:55,93.919,20,Control
6/11/23 10:00,94.028,20,Control
6/11/23 10:05,94.096,20,Control
6/11/23 10:10,93.991,20,Control
6/11/23 10:15,94.012,20,Control
6/11/23 10:20,94.04,20,Control
6/11/23 10:25,94.049,20,Control
6/11/23 10:30,93.929,20,Control
6/11/23 10:35,93.961,20,Control
6/11/23 10:40,94.051,20,Control
6/11/23 10:45,93.992,20,Control
6/11/23 10:50,94.105,20,Control
6/11/23 10:55,94.094,20,Control
6/11/23 11:00,94.114,20,Control
6/11/23 11:05,94.146,20,Control
6/11/23 11:10,94.179,20,Control
6/11/23 11:15,94.16,20,Control
6/11/23 11:20,94.181,20,Control
6/11/23 11:25,94.143,20,Control
6/11/23 11:30,94.075,20,Control
6/11/23 11:35,94.208,20,Control
6/11/23 11:40,94.164,20,Control
6/11/23 11:45,94.13,20,Control
6/11/23 11:50,94.132,20,Control
6/11/23 11:55,94.159,20,Control
6/11/23 12:00,94.155,20,Control
6/11/23 12:05,94.157,20,Control
6/11/23 12:10,94.271,20,Control
6/11/23 12:15,94.139,20,Control
6/11/23 12:20,94.157,20,Control
6/11/23 12:25,94.244,20,Control
6/11/23 12:30,94.181,20,Control
6/11/23 12:35,94.251,20,Control
6/11/23 12:40,94.271,20,Control
6/11/23 12:45,94.198,20,Control
6/11/23 12:50,94.141,20,Control
6/11/23 12:55,94.168,20,Control
6/11/23 13:00,94.164,20,Control
6/11/23 13:05,94.177,20,Control
6/11/23 13:10,94.237,20,Control
6/11/23 13:15,94.252,20,Control
6/11/23 13:20,94.258,20,Control
6/11/23 13:25,94.279,20,Control
6/11/23 13:30,94.262,20,Control
6/11/23 13:35,94.347,20,Control
6/11/23 13:40,94.288,20,Control
6/11/23 13:45,94.223,20,Control
6/11/23 13:50,94.294,20,Control
6/11/23 13:55,94.376,20,Control
6/11/23 14:00,94.293,20,Control
6/11/23 14:05,94.286,20,Control
6/11/23 14:10,94.26,20,Control
6/11/23 14:15,94.308,20,Control
6/11/23 14:20,94.363,20,Control
6/11/23 14:25,94.315,20,Control
6/11/23 14:30,94.406,20,Control
6/11/23 14:35,94.36,20,Control
6/11/23 14:40,94.358,20,Control
6/11/23 14:45,94.319,20,Control
6/11/23 14:50,94.427,20,Control
6/11/23 14:55,94.504,20,Control
6/11/23 15:00,94.475,20,Control
6/11/23 15:05,94.521,20,Control
6/11/23 15:10,94.489,20,Control
6/11/23 15:15,94.442,20,Control
6/11/23 15:20,94.478,20,Control
6/11/23 15:25,94.481,20,Control
6/11/23 15:30,94.401,20,Control
6/11/23 15:35,94.432,20,Control
6/11/23 15:40,94.486,20,Control
6/11/23 15:45,94.463,20,Control
6/11/23 15:50,94.449,20,Control
6/11/23 15:55,94.514,20,Control
6/11/23 16:00,94.52,20,Control
6/11/23 16:05,94.465,20,Control
6/11/23 16:10,94.472,20,Control
6/11/23 16:15,94.485,20,Control
6/11/23 16:20,94.52,20,Control
6/11/23 16:25,94.449,20,Control
6/11/23 16:30,94.464,20,Control
6/11/23 16:35,94.398,20,Control
6/11/23 16:40,94.468,20,Control
6/11/23 16:45,94.431,20,Control
6/11/23 16:50,94.506,20,Control
6/11/23 16:55,94.449,20,Control
6/11/23 17:00,94.551,20,Control
6/11/23 17:05,94.451,20,Control
6/11/23 17:10,94.387,20,Control
6/11/23 17:15,94.536,20,Control
6/11/23 17:20,94.524,20,Control
6/11/23 17:25,94.433,20,Control
6/11/23 17:30,94.386,20,Control
6/11/23 17:35,94.46,20,Control
6/11/23 17:40,94.479,20,Control
6/11/23 17:45,94.526,20,Control
6/11/23 17:50,94.398,20,Control
6/11/23 17:55,94.554,20,Control
6/11/23 18:00,94.412,20,Control
6/11/23 18:05,94.479,20,Control
6/11/23 18:10,94.462,20,Control
6/11/23 18:15,94.476,20,Control
6/11/23 18:20,94.414,20,Control
6/11/23 18:25,94.351,20,Control
6/11/23 18:30,94.25,20,Control
6/11/23 18:35,94.394,20,Control
6/11/23 18:40,94.325,20,Control
6/11/23 18:45,94.256,20,Control
6/11/23 18:50,94.352,20,Control
6/11/23 18:55,94.316,20,Control
6/11/23 19:00,94.394,20,Control
6/11/23 19:05,94.485,20,Control
6/11/23 19:10,94.365,20,Control
6/11/23 19:15,94.383,20,Control
6/11/23 19:20,94.456,20,Control
6/11/23 19:25,94.315,20,Control
6/11/23 19:30,94.348,20,Control
6/11/23 19:35,94.377,20,Control
6/11/23 19:40,94.268,20,Control
6/11/23 19:45,94.338,20,Control
6/11/23 19:50,94.438,20,Control
6/11/23 19:55,94.36,20,Control
6/11/23 20:00,94.32,20,Control
6/11/23 20:05,94.381,20,Control
6/11/23 20:10,94.329,20,Control
6/11/23 20:15,94.373,20,Control
6/11/23 20:20,94.305,20,Control
6/11/23 20:25,94.368,20,Control
6/11/23 20:30,94.43,20,Control
6/11/23 20:35,94.316,20,Control
6/11/23 20:40,94.302,20,Control
6/11/23 20:45,94.291,20,Control
6/11/23 20:50,94.257,20,Control
6/11/23 20:55,94.327,20,Control
6/11/23 21:00,94.246,20,Control
6/11/23 21:05,94.324,20,Control
6/11/23 21:10,94.211,20,Control
6/11/23 21:15,94.244,20,Control
6/11/23 21:20,94.323,20,Control
6/11/23 21:25,94.312,20,Control
6/11/23 21:30,94.382,20,Control
6/11/23 21:35,94.312,20,Control
6/11/23 21:40,94.309,20,Control
6/11/23 21:45,94.335,20,Control
6/11/23 21:50,94.372,20,Control
6/11/23 21:55,94.421,20,Control
6/11/23 22:00,94.4,20,Control
6/11/23 22:05,94.311,20,Control
6/11/23 22:10,94.329,20,Control
6/11/23 22:15,94.438,20,Control
6/11/23 22:20,94.454,20,Control
6/11/23 22:25,94.339,20,Control
6/11/23 22:30,94.508,20,Control
6/11/23 22:35,94.453,20,Control
6/11/23 22:40,94.459,20,Control
6/11/23 22:45,94.444,20,Control
6/11/23 22:50,94.44,20,Control
6/11/23 22:55,94.387,20,Control
6/11/23 23:00,94.453,20,Control
6/11/23 23:05,94.472,20,Control
6/11/23 23:10,94.48,20,Control
6/11/23 23:15,94.45,20,Control
6/11/23 23:20,94.564,20,Control
6/11/23 23:25,94.5,20,Control
6/11/23 23:30,94.521,20,Control
6/11/23 23:35,94.48,20,Control
6/11/23 23:40,94.518,20,Control
6/11/23 23:45,94.475,20,Control
6/11/23 23:50,94.564,20,Control
6/11/23 23:55,94.484,20,Control
6/12/23,94.465,20,Control
6/5/23,89.568,30,Control
6/5/23 0:05,89.547,30,Control
6/5/23 0:10,89.272,30,Control
6/5/23 0:15,89.36,30,Control
6/5/23 0:20,89.477,30,Control
6/5/23 0:25,89.472,30,Control
6/5/23 0:30,88.954,30,Control
6/5/23 0:35,88.557,30,Control
6/5/23 0:40,88.308,30,Control
6/5/23 0:45,88.297,30,Control
6/5/23 0:50,87.865,30,Control
6/5/23 0:55,88.209,30,Control
6/5/23 1:00,87.987,30,Control
6/5/23 1:05,88.124,30,Control
6/5/23 1:10,87.935,30,Control
6/5/23 1:15,87.981,30,Control
6/5/23 1:20,88.018,30,Control
6/5/23 1:25,88.171,30,Control
6/5/23 1:30,87.882,30,Control
6/5/23 1:35,87.809,30,Control
6/5/23 1:40,88,30,Control
6/5/23 1:45,87.968,30,Control
6/5/23 1:50,87.801,30,Control
6/5/23 1:55,87.87,30,Control
6/5/23 2:00,87.674,30,Control
6/5/23 2:05,88.185,30,Control
6/5/23 2:10,88.031,30,Control
6/5/23 2:15,87.784,30,Control
6/5/23 2:20,88.009,30,Control
6/5/23 2:25,88.039,30,Control
6/5/23 2:30,87.931,30,Control
6/5/23 2:35,87.986,30,Control
6/5/23 2:40,88.039,30,Control
6/5/23 2:45,87.984,30,Control
6/5/23 2:50,87.938,30,Control
6/5/23 2:55,87.961,30,Control
6/5/23 3:00,87.804,30,Control
6/5/23 3:05,88.195,30,Control
6/5/23 3:10,87.973,30,Control
6/5/23 3:15,87.871,30,Control
6/5/23 3:20,87.868,30,Control
6/5/23 3:25,88.025,30,Control
6/5/23 3:30,87.99,30,Control
6/5/23 3:35,87.936,30,Control
6/5/23 3:40,87.997,30,Control
6/5/23 3:45,87.995,30,Control
6/5/23 3:50,87.911,30,Control
6/5/23 3:55,88.054,30,Control
6/5/23 4:00,87.792,30,Control
6/5/23 4:05,87.782,30,Control
6/5/23 4:10,87.847,30,Control
6/5/23 4:15,87.953,30,Control
6/5/23 4:20,87.982,30,Control
6/5/23 4:25,87.921,30,Control
6/5/23 4:30,86.675,30,Control
6/5/23 4:35,86.82,30,Control
6/5/23 4:40,86.917,30,Control
6/5/23 4:45,87.097,30,Control
6/5/23 4:50,87.482,30,Control
6/5/23 4:55,87.533,30,Control
6/5/23 5:00,87.447,30,Control
6/5/23 5:05,87.593,30,Control
6/5/23 5:10,87.322,30,Control
6/5/23 5:15,87.634,30,Control
6/5/23 5:20,87.5,30,Control
6/5/23 5:25,87.416,30,Control
6/5/23 5:30,87.243,30,Control
6/5/23 5:35,87.336,30,Control
6/5/23 5:40,87.404,30,Control
6/5/23 5:45,87.437,30,Control
6/5/23 5:50,87.536,30,Control
6/5/23 5:55,87.472,30,Control
6/5/23 6:00,87.444,30,Control
6/5/23 6:05,87.642,30,Control
6/5/23 6:10,87.39,30,Control
6/5/23 6:15,87.422,30,Control
6/5/23 6:20,87.392,30,Control
6/5/23 6:25,87.466,30,Control
6/5/23 6:30,87.434,30,Control
6/5/23 6:35,87.59,30,Control
6/5/23 6:40,87.53,30,Control
6/5/23 6:45,87.792,30,Control
6/5/23 6:50,87.366,30,Control
6/5/23 6:55,87.361,30,Control
6/5/23 7:00,87.595,30,Control
6/5/23 7:05,87.73,30,Control
6/5/23 7:10,87.318,30,Control
6/5/23 7:15,87.542,30,Control
6/5/23 7:20,87.471,30,Control
6/5/23 7:25,87.587,30,Control
6/5/23 7:30,87.721,30,Control
6/5/23 7:35,87.362,30,Control
6/5/23 7:40,87.365,30,Control
6/5/23 7:45,87.256,30,Control
6/5/23 7:50,87.679,30,Control
6/5/23 7:55,87.598,30,Control
6/5/23 8:00,87.685,30,Control
6/5/23 8:05,87.486,30,Control
6/5/23 8:10,87.791,30,Control
6/5/23 8:15,87.52,30,Control
6/5/23 8:20,87.437,30,Control
6/5/23 8:25,87.582,30,Control
6/5/23 8:30,87.673,30,Control
6/5/23 8:35,87.534,30,Control
6/5/23 8:40,87.429,30,Control
6/5/23 8:45,87.31,30,Control
6/5/23 8:50,87.382,30,Control
6/5/23 8:55,87.301,30,Control
6/5/23 9:00,87.478,30,Control
6/5/23 9:05,87.348,30,Control
6/5/23 9:10,87.33,30,Control
6/5/23 9:15,87.405,30,Control
6/5/23 9:20,87.285,30,Control
6/5/23 9:25,87.152,30,Control
6/5/23 9:30,87.546,30,Control
6/5/23 9:35,87.218,30,Control
6/5/23 9:40,87.493,30,Control
6/5/23 9:45,87.399,30,Control
6/5/23 9:50,87.329,30,Control
6/5/23 9:55,87.507,30,Control
6/5/23 10:00,87.36,30,Control
6/5/23 10:05,87.536,30,Control
6/5/23 10:10,87.698,30,Control
6/5/23 10:15,87.62,30,Control
6/5/23 10:20,87.824,30,Control
6/5/23 10:25,87.273,30,Control
6/5/23 10:30,87.626,30,Control
6/5/23 10:35,87.363,30,Control
6/5/23 10:40,87.552,30,Control
6/5/23 10:45,87.844,30,Control
6/5/23 10:50,87.727,30,Control
6/5/23 10:55,87.764,30,Control
6/5/23 11:00,87.562,30,Control
6/5/23 11:05,87.551,30,Control
6/5/23 11:10,87.7,30,Control
6/5/23 11:15,87.651,30,Control
6/5/23 11:20,88.012,30,Control
6/5/23 11:25,87.653,30,Control
6/5/23 11:30,87.791,30,Control
6/5/23 11:35,87.665,30,Control
6/5/23 11:40,87.707,30,Control
6/5/23 11:45,87.604,30,Control
6/5/23 11:50,87.53,30,Control
6/5/23 11:55,87.863,30,Control
6/5/23 12:00,87.636,30,Control
6/5/23 12:05,87.653,30,Control
6/5/23 12:10,87.647,30,Control
6/5/23 12:15,87.64,30,Control
6/5/23 12:20,87.232,30,Control
6/5/23 12:25,87.216,30,Control
6/5/23 12:30,87.153,30,Control
6/5/23 12:35,87.057,30,Control
6/5/23 12:40,87.4,30,Control
6/5/23 12:45,87.195,30,Control
6/5/23 12:50,87.268,30,Control
6/5/23 12:55,87.184,30,Control
6/5/23 13:00,87.032,30,Control
6/5/23 13:05,87.247,30,Control
6/5/23 13:10,86.99,30,Control
6/5/23 13:15,87.23,30,Control
6/5/23 13:20,87.015,30,Control
6/5/23 13:25,87.177,30,Control
6/5/23 13:30,87.019,30,Control
6/5/23 13:35,87.279,30,Control
6/5/23 13:40,87.028,30,Control
6/5/23 13:45,87.128,30,Control
6/5/23 13:50,87.51,30,Control
6/5/23 13:55,87.077,30,Control
6/5/23 14:00,87.333,30,Control
6/5/23 14:05,87.355,30,Control
6/5/23 14:10,87.239,30,Control
6/5/23 14:15,87.323,30,Control
6/5/23 14:20,87.422,30,Control
6/5/23 14:25,87.59,30,Control
6/5/23 14:30,87.42,30,Control
6/5/23 14:35,87.249,30,Control
6/5/23 14:40,87.419,30,Control
6/5/23 14:45,87.396,30,Control
6/5/23 14:50,87.403,30,Control
6/5/23 14:55,87.494,30,Control
6/5/23 15:00,87.352,30,Control
6/5/23 15:05,87.552,30,Control
6/5/23 15:10,87.824,30,Control
6/5/23 15:15,87.683,30,Control
6/5/23 15:20,87.602,30,Control
6/5/23 15:25,87.486,30,Control
6/5/23 15:30,87.67,30,Control
6/5/23 15:35,87.805,30,Control
6/5/23 15:40,87.314,30,Control
6/5/23 15:45,87.324,30,Control
6/5/23 15:50,87.383,30,Control
6/5/23 15:55,87.762,30,Control
6/5/23 16:00,87.615,30,Control
6/5/23 16:05,87.617,30,Control
6/5/23 16:10,87.672,30,Control
6/5/23 16:15,87.69,30,Control
6/5/23 16:20,87.69,30,Control
6/5/23 16:25,87.81,30,Control
6/5/23 16:30,87.786,30,Control
6/5/23 16:35,87.34,30,Control
6/5/23 16:40,87.836,30,Control
6/5/23 16:45,87.657,30,Control
6/5/23 16:50,87.48,30,Control
6/5/23 16:55,87.448,30,Control
6/5/23 17:00,87.755,30,Control
6/5/23 17:05,87.421,30,Control
6/5/23 17:10,87.572,30,Control
6/5/23 17:15,87.742,30,Control
6/5/23 17:20,87.591,30,Control
6/5/23 17:25,87.64,30,Control
6/5/23 17:30,87.606,30,Control
6/5/23 17:35,87.557,30,Control
6/5/23 17:40,87.876,30,Control
6/5/23 17:45,87.792,30,Control
6/5/23 17:50,87.892,30,Control
6/5/23 17:55,87.757,30,Control
6/5/23 18:00,87.841,30,Control
6/5/23 18:05,87.637,30,Control
6/5/23 18:10,87.734,30,Control
6/5/23 18:15,87.791,30,Control
6/5/23 18:20,87.926,30,Control
6/5/23 18:25,87.872,30,Control
6/5/23 18:30,88.022,30,Control
6/5/23 18:35,87.959,30,Control
6/5/23 18:40,87.885,30,Control
6/5/23 18:45,87.845,30,Control
6/5/23 18:50,87.938,30,Control
6/5/23 18:55,87.84,30,Control
6/5/23 19:00,87.806,30,Control
6/5/23 19:05,87.928,30,Control
6/5/23 19:10,87.935,30,Control
6/5/23 19:15,87.875,30,Control
6/5/23 19:20,87.757,30,Control
6/5/23 19:25,87.84,30,Control
6/5/23 19:30,87.961,30,Control
6/5/23 19:35,87.506,30,Control
6/5/23 19:40,87.536,30,Control
6/5/23 19:45,88.144,30,Control
6/5/23 19:50,87.851,30,Control
6/5/23 19:55,87.758,30,Control
6/5/23 20:00,87.895,30,Control
6/5/23 20:05,87.846,30,Control
6/5/23 20:10,87.847,30,Control
6/5/23 20:15,87.656,30,Control
6/5/23 20:20,88.069,30,Control
6/5/23 20:25,88.166,30,Control
6/5/23 20:30,87.917,30,Control
6/5/23 20:35,87.887,30,Control
6/5/23 20:40,87.864,30,Control
6/5/23 20:45,87.79,30,Control
6/5/23 20:50,87.878,30,Control
6/5/23 20:55,87.975,30,Control
6/5/23 21:00,87.931,30,Control
6/5/23 21:05,87.856,30,Control
6/5/23 21:10,87.986,30,Control
6/5/23 21:15,88.009,30,Control
6/5/23 21:20,87.899,30,Control
6/5/23 21:25,87.849,30,Control
6/5/23 21:30,87.877,30,Control
6/5/23 21:35,87.981,30,Control
6/5/23 21:40,87.9,30,Control
6/5/23 21:45,87.862,30,Control
6/5/23 21:50,87.987,30,Control
6/5/23 21:55,87.686,30,Control
6/5/23 22:00,88.009,30,Control
6/5/23 22:05,87.8,30,Control
6/5/23 22:10,87.802,30,Control
6/5/23 22:15,87.908,30,Control
6/5/23 22:20,87.877,30,Control
6/5/23 22:25,87.916,30,Control
6/5/23 22:30,87.94,30,Control
6/5/23 22:35,88.134,30,Control
6/5/23 22:40,87.833,30,Control
6/5/23 22:45,87.802,30,Control
6/5/23 22:50,87.866,30,Control
6/5/23 22:55,87.982,30,Control
6/5/23 23:00,87.807,30,Control
6/5/23 23:05,87.91,30,Control
6/5/23 23:10,87.672,30,Control
6/5/23 23:15,87.907,30,Control
6/5/23 23:20,87.994,30,Control
6/5/23 23:25,87.929,30,Control
6/5/23 23:30,87.599,30,Control
6/5/23 23:35,87.605,30,Control
6/5/23 23:40,86.775,30,Control
6/5/23 23:45,86.333,30,Control
6/5/23 23:50,86.299,30,Control
6/5/23 23:55,85.796,30,Control
6/6/23,85.598,30,Control
6/6/23 0:05,85.921,30,Control
6/6/23 0:10,85.362,30,Control
6/6/23 0:15,85.595,30,Control
6/6/23 0:20,85.634,30,Control
6/6/23 0:25,85.515,30,Control
6/6/23 0:30,85.422,30,Control
6/6/23 0:35,85.2,30,Control
6/6/23 0:40,85.466,30,Control
6/6/23 0:45,85.312,30,Control
6/6/23 0:50,85.411,30,Control
6/6/23 0:55,85.15,30,Control
6/6/23 1:00,85.47,30,Control
6/6/23 1:05,85.225,30,Control
6/6/23 1:10,85.278,30,Control
6/6/23 1:15,85.442,30,Control
6/6/23 1:20,85.391,30,Control
6/6/23 1:25,85.221,30,Control
6/6/23 1:30,85.169,30,Control
6/6/23 1:35,85.284,30,Control
6/6/23 1:40,85.343,30,Control
6/6/23 1:45,85.186,30,Control
6/6/23 1:50,85.214,30,Control
6/6/23 1:55,85.354,30,Control
6/6/23 2:00,84.969,30,Control
6/6/23 2:05,85.243,30,Control
6/6/23 2:10,85.245,30,Control
6/6/23 2:15,85.16,30,Control
6/6/23 2:20,85.24,30,Control
6/6/23 2:25,85.173,30,Control
6/6/23 2:30,84.931,30,Control
6/6/23 2:35,85.2,30,Control
6/6/23 2:40,84.972,30,Control
6/6/23 2:45,85.057,30,Control
6/6/23 2:50,85.103,30,Control
6/6/23 2:55,85.198,30,Control
6/6/23 3:00,85.239,30,Control
6/6/23 3:05,85.126,30,Control
6/6/23 3:10,85.042,30,Control
6/6/23 3:15,85.131,30,Control
6/6/23 3:20,85.006,30,Control
6/6/23 3:25,84.96,30,Control
6/6/23 3:30,85.113,30,Control
6/6/23 3:35,85.071,30,Control
6/6/23 3:40,85.148,30,Control
6/6/23 3:45,85.14,30,Control
6/6/23 3:50,85.341,30,Control
6/6/23 3:55,85.04,30,Control
6/6/23 4:00,85.1,30,Control
6/6/23 4:05,84.964,30,Control
6/6/23 4:10,85.139,30,Control
6/6/23 4:15,84.862,30,Control
6/6/23 4:20,84.819,30,Control
6/6/23 4:25,84.842,30,Control
6/6/23 4:30,85.15,30,Control
6/6/23 4:35,85.011,30,Control
6/6/23 4:40,85.242,30,Control
6/6/23 4:45,85.064,30,Control
6/6/23 4:50,85.064,30,Control
6/6/23 4:55,84.984,30,Control
6/6/23 5:00,85.072,30,Control
6/6/23 5:05,84.828,30,Control
6/6/23 5:10,84.912,30,Control
6/6/23 5:15,84.741,30,Control
6/6/23 5:20,84.89,30,Control
6/6/23 5:25,84.841,30,Control
6/6/23 5:30,84.791,30,Control
6/6/23 5:35,85.307,30,Control
6/6/23 5:40,84.951,30,Control
6/6/23 5:45,84.722,30,Control
6/6/23 5:50,84.957,30,Control
6/6/23 5:55,84.953,30,Control
6/6/23 6:00,84.821,30,Control
6/6/23 6:05,84.952,30,Control
6/6/23 6:10,85.058,30,Control
6/6/23 6:15,84.819,30,Control
6/6/23 6:20,84.662,30,Control
6/6/23 6:25,85.015,30,Control
6/6/23 6:30,85.039,30,Control
6/6/23 6:35,85.051,30,Control
6/6/23 6:40,84.868,30,Control
6/6/23 6:45,85.163,30,Control
6/6/23 6:50,85.048,30,Control
6/6/23 6:55,84.89,30,Control
6/6/23 7:00,84.83,30,Control
6/6/23 7:05,84.915,30,Control
6/6/23 7:10,84.837,30,Control
6/6/23 7:15,84.773,30,Control
6/6/23 7:20,84.954,30,Control
6/6/23 7:25,84.792,30,Control
6/6/23 7:30,84.993,30,Control
6/6/23 7:35,84.962,30,Control
6/6/23 7:40,84.871,30,Control
6/6/23 7:45,84.86,30,Control
6/6/23 7:50,84.881,30,Control
6/6/23 7:55,84.892,30,Control
6/6/23 8:00,84.648,30,Control
6/6/23 8:05,85.016,30,Control
6/6/23 8:10,84.7,30,Control
6/6/23 8:15,84.923,30,Control
6/6/23 8:20,84.805,30,Control
6/6/23 8:25,84.76,30,Control
6/6/23 8:30,84.875,30,Control
6/6/23 8:35,84.75,30,Control
6/6/23 8:40,84.888,30,Control
6/6/23 8:45,84.963,30,Control
6/6/23 8:50,84.916,30,Control
6/6/23 8:55,84.712,30,Control
6/6/23 9:00,84.697,30,Control
6/6/23 9:05,84.608,30,Control
6/6/23 9:10,84.959,30,Control
6/6/23 9:15,84.883,30,Control
6/6/23 9:20,84.845,30,Control
6/6/23 9:25,84.8,30,Control
6/6/23 9:30,84.808,30,Control
6/6/23 9:35,84.883,30,Control
6/6/23 9:40,84.903,30,Control
6/6/23 9:45,84.847,30,Control
6/6/23 9:50,84.677,30,Control
6/6/23 9:55,84.916,30,Control
6/6/23 10:00,84.888,30,Control
6/6/23 10:05,84.805,30,Control
6/6/23 10:10,85.079,30,Control
6/6/23 10:15,85.013,30,Control
6/6/23 10:20,84.679,30,Control
6/6/23 10:25,84.869,30,Control
6/6/23 10:30,84.739,30,Control
6/6/23 10:35,85.07,30,Control
6/6/23 10:40,84.861,30,Control
6/6/23 10:45,85.008,30,Control
6/6/23 10:50,84.966,30,Control
6/6/23 10:55,84.5,30,Control
6/6/23 11:00,85.222,30,Control
6/6/23 11:05,84.764,30,Control
6/6/23 11:10,85.057,30,Control
6/6/23 11:15,85.023,30,Control
6/6/23 11:20,84.838,30,Control
6/6/23 11:25,84.84,30,Control
6/6/23 11:30,85.108,30,Control
6/6/23 11:35,84.926,30,Control
6/6/23 11:40,85.172,30,Control
6/6/23 11:45,85,30,Control
6/6/23 11:50,84.771,30,Control
6/6/23 11:55,84.903,30,Control
6/6/23 12:00,84.931,30,Control
6/6/23 12:05,84.905,30,Control
6/6/23 12:10,85.288,30,Control
6/6/23 12:15,84.912,30,Control
6/6/23 12:20,85.203,30,Control
6/6/23 12:25,84.993,30,Control
6/6/23 12:30,84.916,30,Control
6/6/23 12:35,85.012,30,Control
6/6/23 12:40,85.012,30,Control
6/6/23 12:45,85.088,30,Control
6/6/23 12:50,84.95,30,Control
6/6/23 12:55,85.039,30,Control
6/6/23 13:00,85.08,30,Control
6/6/23 13:05,85.1,30,Control
6/6/23 13:10,84.825,30,Control
6/6/23 13:15,84.929,30,Control
6/6/23 13:20,85.065,30,Control
6/6/23 13:25,85.103,30,Control
6/6/23 13:30,85.089,30,Control
6/6/23 13:35,84.956,30,Control
6/6/23 13:40,84.825,30,Control
6/6/23 13:45,85.087,30,Control
6/6/23 13:50,84.905,30,Control
6/6/23 13:55,85.112,30,Control
6/6/23 14:00,84.959,30,Control
6/6/23 14:05,84.979,30,Control
6/6/23 14:10,85.047,30,Control
6/6/23 14:15,85.234,30,Control
6/6/23 14:20,85.126,30,Control
6/6/23 14:25,85.153,30,Control
6/6/23 14:30,85.187,30,Control
6/6/23 14:35,85.079,30,Control
6/6/23 14:40,85.237,30,Control
6/6/23 14:45,85.184,30,Control
6/6/23 14:50,85.116,30,Control
6/6/23 14:55,85.031,30,Control
6/6/23 15:00,85.226,30,Control
6/6/23 15:05,85.263,30,Control
6/6/23 15:10,85.2,30,Control
6/6/23 15:15,85.08,30,Control
6/6/23 15:20,85.303,30,Control
6/6/23 15:25,85.21,30,Control
6/6/23 15:30,85.32,30,Control
6/6/23 15:35,85.346,30,Control
6/6/23 15:40,85.482,30,Control
6/6/23 15:45,85.412,30,Control
6/6/23 15:50,85.46,30,Control
6/6/23 15:55,85.287,30,Control
6/6/23 16:00,85.045,30,Control
6/6/23 16:05,85.572,30,Control
6/6/23 16:10,85.308,30,Control
6/6/23 16:15,85.196,30,Control
6/6/23 16:20,85.378,30,Control
6/6/23 16:25,85.419,30,Control
6/6/23 16:30,85.388,30,Control
6/6/23 16:35,85.158,30,Control
6/6/23 16:40,85.372,30,Control
6/6/23 16:45,85.409,30,Control
6/6/23 16:50,85.325,30,Control
6/6/23 16:55,85.202,30,Control
6/6/23 17:00,85.367,30,Control
6/6/23 17:05,85.228,30,Control
6/6/23 17:10,85.17,30,Control
6/6/23 17:15,85.319,30,Control
6/6/23 17:20,85.477,30,Control
6/6/23 17:25,85.48,30,Control
6/6/23 17:30,85.702,30,Control
6/6/23 17:35,85.657,30,Control
6/6/23 17:40,85.413,30,Control
6/6/23 17:45,85.31,30,Control
6/6/23 17:50,85.661,30,Control
6/6/23 17:55,85.299,30,Control
6/6/23 18:00,85.554,30,Control
6/6/23 18:05,85.522,30,Control
6/6/23 18:10,85.335,30,Control
6/6/23 18:15,85.524,30,Control
6/6/23 18:20,85.405,30,Control
6/6/23 18:25,85.479,30,Control
6/6/23 18:30,85.473,30,Control
6/6/23 18:35,85.582,30,Control
6/6/23 18:40,85.462,30,Control
6/6/23 18:45,85.296,30,Control
6/6/23 18:50,85.514,30,Control
6/6/23 18:55,85.091,30,Control
6/6/23 19:00,85.655,30,Control
6/6/23 19:05,85.38,30,Control
6/6/23 19:10,85.628,30,Control
6/6/23 19:15,85.443,30,Control
6/6/23 19:20,85.739,30,Control
6/6/23 19:25,85.591,30,Control
6/6/23 19:30,85.755,30,Control
6/6/23 19:35,85.715,30,Control
6/6/23 19:40,85.509,30,Control
6/6/23 19:45,85.366,30,Control
6/6/23 19:50,85.806,30,Control
6/6/23 19:55,85.758,30,Control
6/6/23 20:00,85.66,30,Control
6/6/23 20:05,85.64,30,Control
6/6/23 20:10,85.799,30,Control
6/6/23 20:15,85.487,30,Control
6/6/23 20:20,85.58,30,Control
6/6/23 20:25,85.802,30,Control
6/6/23 20:30,92.333,30,Control
6/6/23 20:35,93.184,30,Control
6/6/23 20:40,91.984,30,Control
6/6/23 20:45,91.143,30,Control
6/6/23 20:50,90.188,30,Control
6/6/23 20:55,89.267,30,Control
6/6/23 21:00,88.668,30,Control
6/6/23 21:05,88.061,30,Control
6/6/23 21:10,88.054,30,Control
6/6/23 21:15,87.749,30,Control
6/6/23 21:20,87.685,30,Control
6/6/23 21:25,87.108,30,Control
6/6/23 21:30,87.108,30,Control
6/6/23 21:35,86.814,30,Control
6/6/23 21:40,86.831,30,Control
6/6/23 21:45,86.823,30,Control
6/6/23 21:50,86.592,30,Control
6/6/23 21:55,86.63,30,Control
6/6/23 22:00,86.519,30,Control
6/6/23 22:05,86.747,30,Control
6/6/23 22:10,86.548,30,Control
6/6/23 22:15,86.577,30,Control
6/6/23 22:20,86.497,30,Control
6/6/23 22:25,86.488,30,Control
6/6/23 22:30,86.304,30,Control
6/6/23 22:35,86.858,30,Control
6/6/23 22:40,86.412,30,Control
6/6/23 22:45,86.583,30,Control
6/6/23 22:50,86.386,30,Control
6/6/23 22:55,86.538,30,Control
6/6/23 23:00,86.534,30,Control
6/6/23 23:05,86.297,30,Control
6/6/23 23:10,86.491,30,Control
6/6/23 23:15,86.509,30,Control
6/6/23 23:20,86.444,30,Control
6/6/23 23:25,86.228,30,Control
6/6/23 23:30,86.439,30,Control
6/6/23 23:35,86.334,30,Control
6/6/23 23:40,86.485,30,Control
6/6/23 23:45,86.445,30,Control
6/6/23 23:50,86.483,30,Control
6/6/23 23:55,86.451,30,Control
6/7/23,86.604,30,Control
6/7/23 0:05,86.66,30,Control
6/7/23 0:10,86.503,30,Control
6/7/23 0:15,86.274,30,Control
6/7/23 0:20,86.424,30,Control
6/7/23 0:25,86.692,30,Control
6/7/23 0:30,86.22,30,Control
6/7/23 0:35,86.265,30,Control
6/7/23 0:40,86.559,30,Control
6/7/23 0:45,86.313,30,Control
6/7/23 0:50,86.043,30,Control
6/7/23 0:55,86.382,30,Control
6/7/23 1:00,86.412,30,Control
6/7/23 1:05,86.634,30,Control
6/7/23 1:10,86.538,30,Control
6/7/23 1:15,86.335,30,Control
6/7/23 1:20,86.798,30,Control
6/7/23 1:25,86.73,30,Control
6/7/23 1:30,86.866,30,Control
6/7/23 1:35,86.791,30,Control
6/7/23 1:40,87.041,30,Control
6/7/23 1:45,86.69,30,Control
6/7/23 1:50,86.667,30,Control
6/7/23 1:55,86.794,30,Control
6/7/23 2:00,86.616,30,Control
6/7/23 2:05,86.641,30,Control
6/7/23 2:10,86.759,30,Control
6/7/23 2:15,86.832,30,Control
6/7/23 2:20,86.643,30,Control
6/7/23 2:25,86.791,30,Control
6/7/23 2:30,86.763,30,Control
6/7/23 2:35,86.724,30,Control
6/7/23 2:40,86.502,30,Control
6/7/23 2:45,86.753,30,Control
6/7/23 2:50,86.692,30,Control
6/7/23 2:55,86.79,30,Control
6/7/23 3:00,86.719,30,Control
6/7/23 3:05,87.039,30,Control
6/7/23 3:10,86.514,30,Control
6/7/23 3:15,86.701,30,Control
6/7/23 3:20,86.475,30,Control
6/7/23 3:25,86.559,30,Control
6/7/23 3:30,86.61,30,Control
6/7/23 3:35,86.586,30,Control
6/7/23 3:40,86.515,30,Control
6/7/23 3:45,86.781,30,Control
6/7/23 3:50,86.684,30,Control
6/7/23 3:55,86.515,30,Control
6/7/23 4:00,86.682,30,Control
6/7/23 4:05,86.574,30,Control
6/7/23 4:10,86.577,30,Control
6/7/23 4:15,86.6,30,Control
6/7/23 4:20,86.463,30,Control
6/7/23 4:25,86.406,30,Control
6/7/23 4:30,86.584,30,Control
6/7/23 4:35,86.669,30,Control
6/7/23 4:40,86.605,30,Control
6/7/23 4:45,86.419,30,Control
6/7/23 4:50,86.538,30,Control
6/7/23 4:55,86.524,30,Control
6/7/23 5:00,86.903,30,Control
6/7/23 5:05,86.567,30,Control
6/7/23 5:10,86.461,30,Control
6/7/23 5:15,86.641,30,Control
6/7/23 5:20,86.744,30,Control
6/7/23 5:25,86.807,30,Control
6/7/23 5:30,86.733,30,Control
6/7/23 5:35,86.825,30,Control
6/7/23 5:40,86.651,30,Control
6/7/23 5:45,86.453,30,Control
6/7/23 5:50,86.619,30,Control
6/7/23 5:55,86.725,30,Control
6/7/23 6:00,86.532,30,Control
6/7/23 6:05,86.486,30,Control
6/7/23 6:10,86.558,30,Control
6/7/23 6:15,86.773,30,Control
6/7/23 6:20,86.692,30,Control
6/7/23 6:25,87.218,30,Control
6/7/23 6:30,86.592,30,Control
6/7/23 6:35,87.033,30,Control
6/7/23 6:40,86.538,30,Control
6/7/23 6:45,86.633,30,Control
6/7/23 6:50,86.605,30,Control
6/7/23 6:55,86.726,30,Control
6/7/23 7:00,86.8,30,Control
6/7/23 7:05,86.647,30,Control
6/7/23 7:10,86.791,30,Control
6/7/23 7:15,86.811,30,Control
6/7/23 7:20,86.568,30,Control
6/7/23 7:25,86.784,30,Control
6/7/23 7:30,86.606,30,Control
6/7/23 7:35,86.641,30,Control
6/7/23 7:40,86.4,30,Control
6/7/23 7:45,86.637,30,Control
6/7/23 7:50,86.831,30,Control
6/7/23 7:55,86.752,30,Control
6/7/23 8:00,86.633,30,Control
6/7/23 8:05,86.835,30,Control
6/7/23 8:10,86.768,30,Control
6/7/23 8:15,86.679,30,Control
6/7/23 8:20,86.812,30,Control
6/7/23 8:25,86.804,30,Control
6/7/23 8:30,86.859,30,Control
6/7/23 8:35,86.779,30,Control
6/7/23 8:40,86.692,30,Control
6/7/23 8:45,86.653,30,Control
6/7/23 8:50,86.357,30,Control
6/7/23 8:55,86.641,30,Control
6/7/23 9:00,86.636,30,Control
6/7/23 9:05,86.334,30,Control
6/7/23 9:10,86.813,30,Control
6/7/23 9:15,86.729,30,Control
6/7/23 9:20,86.617,30,Control
6/7/23 9:25,87.021,30,Control
6/7/23 9:30,86.992,30,Control
6/7/23 9:35,86.933,30,Control
6/7/23 9:40,86.773,30,Control
6/7/23 9:45,87.03,30,Control
6/7/23 9:50,86.867,30,Control
6/7/23 9:55,86.81,30,Control
6/7/23 10:00,86.8,30,Control
6/7/23 10:05,86.669,30,Control
6/7/23 10:10,86.775,30,Control
6/7/23 10:15,86.819,30,Control
6/7/23 10:20,87.017,30,Control
6/7/23 10:25,86.967,30,Control
6/7/23 10:30,86.73,30,Control
6/7/23 10:35,86.762,30,Control
6/7/23 10:40,86.726,30,Control
6/7/23 10:45,86.781,30,Control
6/7/23 10:50,86.863,30,Control
6/7/23 10:55,86.95,30,Control
6/7/23 11:00,86.952,30,Control
6/7/23 11:05,86.931,30,Control
6/7/23 11:10,86.954,30,Control
6/7/23 11:15,86.619,30,Control
6/7/23 11:20,86.917,30,Control
6/7/23 11:25,87.1,30,Control
6/7/23 11:30,86.876,30,Control
6/7/23 11:35,86.896,30,Control
6/7/23 11:40,87.009,30,Control
6/7/23 11:45,87.005,30,Control
6/7/23 11:50,86.98,30,Control
6/7/23 11:55,86.9,30,Control
6/7/23 12:00,86.917,30,Control
6/7/23 12:05,86.985,30,Control
6/7/23 12:10,86.766,30,Control
6/7/23 12:15,87.1,30,Control
6/7/23 12:20,86.777,30,Control
6/7/23 12:25,87.077,30,Control
6/7/23 12:30,87.172,30,Control
6/7/23 12:35,86.878,30,Control
6/7/23 12:40,86.723,30,Control
6/7/23 12:45,87.13,30,Control
6/7/23 12:50,87.078,30,Control
6/7/23 12:55,87.058,30,Control
6/7/23 13:00,86.764,30,Control
6/7/23 13:05,86.919,30,Control
6/7/23 13:10,86.936,30,Control
6/7/23 13:15,87.22,30,Control
6/7/23 13:20,86.861,30,Control
6/7/23 13:25,87.163,30,Control
6/7/23 13:30,86.843,30,Control
6/7/23 13:35,87.213,30,Control
6/7/23 13:40,86.918,30,Control
6/7/23 13:45,86.866,30,Control
6/7/23 13:50,86.843,30,Control
6/7/23 13:55,87.032,30,Control
6/7/23 14:00,86.859,30,Control
6/7/23 14:05,86.855,30,Control
6/7/23 14:10,86.943,30,Control
6/7/23 14:15,86.952,30,Control
6/7/23 14:20,86.97,30,Control
6/7/23 14:25,87.029,30,Control
6/7/23 14:30,87.071,30,Control
6/7/23 14:35,87.13,30,Control
6/7/23 14:40,87.11,30,Control
6/7/23 14:45,87.259,30,Control
6/7/23 14:50,87.245,30,Control
6/7/23 14:55,87.23,30,Control
6/7/23 15:00,87.136,30,Control
6/7/23 15:05,87.185,30,Control
6/7/23 15:10,87.325,30,Control
6/7/23 15:15,87.003,30,Control
6/7/23 15:20,87.167,30,Control
6/7/23 15:25,86.961,30,Control
6/7/23 15:30,87.442,30,Control
6/7/23 15:35,87.183,30,Control
6/7/23 15:40,87.405,30,Control
6/7/23 15:45,87.024,30,Control
6/7/23 15:50,87.331,30,Control
6/7/23 15:55,87.295,30,Control
6/7/23 16:00,87.353,30,Control
6/7/23 16:05,87.223,30,Control
6/7/23 16:10,87.313,30,Control
6/7/23 16:15,87.47,30,Control
6/7/23 16:20,87.143,30,Control
6/7/23 16:25,87.086,30,Control
6/7/23 16:30,86.932,30,Control
6/7/23 16:35,87.245,30,Control
6/7/23 16:40,87.375,30,Control
6/7/23 16:45,87.519,30,Control
6/7/23 16:50,87.288,30,Control
6/7/23 16:55,87.32,30,Control
6/7/23 17:00,87.192,30,Control
6/7/23 17:05,87.445,30,Control
6/7/23 17:10,87.425,30,Control
6/7/23 17:15,87.285,30,Control
6/7/23 17:20,87.542,30,Control
6/7/23 17:25,87.498,30,Control
6/7/23 17:30,87.287,30,Control
6/7/23 17:35,87.394,30,Control
6/7/23 17:40,87.281,30,Control
6/7/23 17:45,87.428,30,Control
6/7/23 17:50,87.273,30,Control
6/7/23 17:55,87.388,30,Control
6/7/23 18:00,87.522,30,Control
6/7/23 18:05,87.349,30,Control
6/7/23 18:10,87.501,30,Control
6/7/23 18:15,87.434,30,Control
6/7/23 18:20,87.601,30,Control
6/7/23 18:25,87.484,30,Control
6/7/23 18:30,87.454,30,Control
6/7/23 18:35,87.346,30,Control
6/7/23 18:40,87.419,30,Control
6/7/23 18:45,87.302,30,Control
6/7/23 18:50,87.243,30,Control
6/7/23 18:55,87.519,30,Control
6/7/23 19:00,87.424,30,Control
6/7/23 19:05,87.336,30,Control
6/7/23 19:10,87.268,30,Control
6/7/23 19:15,87.402,30,Control
6/7/23 19:20,87.344,30,Control
6/7/23 19:25,87.44,30,Control
6/7/23 19:30,87.595,30,Control
6/7/23 19:35,87.333,30,Control
6/7/23 19:40,87.452,30,Control
6/7/23 19:45,87.445,30,Control
6/7/23 19:50,87.613,30,Control
6/7/23 19:55,87.509,30,Control
6/7/23 20:00,87.408,30,Control
6/7/23 20:05,87.377,30,Control
6/7/23 20:10,87.32,30,Control
6/7/23 20:15,87.58,30,Control
6/7/23 20:20,87.488,30,Control
6/7/23 20:25,87.245,30,Control
6/7/23 20:30,87.604,30,Control
6/7/23 20:35,87.426,30,Control
6/7/23 20:40,87.384,30,Control
6/7/23 20:45,87.646,30,Control
6/7/23 20:50,87.345,30,Control
6/7/23 20:55,87.445,30,Control
6/7/23 21:00,87.253,30,Control
6/7/23 21:05,87.311,30,Control
6/7/23 21:10,87.368,30,Control
6/7/23 21:15,87.484,30,Control
6/7/23 21:20,87.317,30,Control
6/7/23 21:25,87.415,30,Control
6/7/23 21:30,87.381,30,Control
6/7/23 21:35,87.572,30,Control
6/7/23 21:40,87.186,30,Control
6/7/23 21:45,87.363,30,Control
6/7/23 21:50,87.456,30,Control
6/7/23 21:55,87.484,30,Control
6/7/23 22:00,87.483,30,Control
6/7/23 22:05,87.719,30,Control
6/7/23 22:10,87.294,30,Control
6/7/23 22:15,87.319,30,Control
6/7/23 22:20,87.638,30,Control
6/7/23 22:25,87.416,30,Control
6/7/23 22:30,87.284,30,Control
6/7/23 22:35,87.521,30,Control
6/7/23 22:40,87.515,30,Control
6/7/23 22:45,87.627,30,Control
6/7/23 22:50,87.65,30,Control
6/7/23 22:55,87.509,30,Control
6/7/23 23:00,87.606,30,Control
6/7/23 23:05,87.506,30,Control
6/7/23 23:10,87.422,30,Control
6/7/23 23:15,87.511,30,Control
6/7/23 23:20,87.442,30,Control
6/7/23 23:25,87.407,30,Control
6/7/23 23:30,87.688,30,Control
6/7/23 23:35,87.52,30,Control
6/7/23 23:40,87.797,30,Control
6/7/23 23:45,87.446,30,Control
6/7/23 23:50,87.701,30,Control
6/7/23 23:55,87.65,30,Control
6/8/23,87.402,30,Control
6/8/23 0:05,87.63,30,Control
6/8/23 0:10,87.429,30,Control
6/8/23 0:15,87.755,30,Control
6/8/23 0:20,87.484,30,Control
6/8/23 0:25,87.347,30,Control
6/8/23 0:30,87.697,30,Control
6/8/23 0:35,87.789,30,Control
6/8/23 0:40,87.557,30,Control
6/8/23 0:45,87.368,30,Control
6/8/23 0:50,87.68,30,Control
6/8/23 0:55,87.83,30,Control
6/8/23 1:00,87.439,30,Control
6/8/23 1:05,87.652,30,Control
6/8/23 1:10,87.562,30,Control
6/8/23 1:15,87.746,30,Control
6/8/23 1:20,87.595,30,Control
6/8/23 1:25,87.682,30,Control
6/8/23 1:30,87.705,30,Control
6/8/23 1:35,87.795,30,Control
6/8/23 1:40,87.616,30,Control
6/8/23 1:45,87.793,30,Control
6/8/23 1:50,87.492,30,Control
6/8/23 1:55,87.649,30,Control
6/8/23 2:00,87.787,30,Control
6/8/23 2:05,87.687,30,Control
6/8/23 2:10,87.849,30,Control
6/8/23 2:15,87.751,30,Control
6/8/23 2:20,87.693,30,Control
6/8/23 2:25,87.677,30,Control
6/8/23 2:30,87.435,30,Control
6/8/23 2:35,87.591,30,Control
6/8/23 2:40,87.641,30,Control
6/8/23 2:45,87.601,30,Control
6/8/23 2:50,87.409,30,Control
6/8/23 2:55,87.815,30,Control
6/8/23 3:00,87.637,30,Control
6/8/23 3:05,87.676,30,Control
6/8/23 3:10,87.595,30,Control
6/8/23 3:15,87.591,30,Control
6/8/23 3:20,87.486,30,Control
6/8/23 3:25,87.456,30,Control
6/8/23 3:30,87.539,30,Control
6/8/23 3:35,87.461,30,Control
6/8/23 3:40,87.544,30,Control
6/8/23 3:45,87.706,30,Control
6/8/23 3:50,87.295,30,Control
6/8/23 3:55,87.568,30,Control
6/8/23 4:00,87.714,30,Control
6/8/23 4:05,87.636,30,Control
6/8/23 4:10,87.54,30,Control
6/8/23 4:15,87.734,30,Control
6/8/23 4:20,87.793,30,Control
6/8/23 4:25,87.636,30,Control
6/8/23 4:30,87.695,30,Control
6/8/23 4:35,87.391,30,Control
6/8/23 4:40,87.409,30,Control
6/8/23 4:45,87.591,30,Control
6/8/23 4:50,87.806,30,Control
6/8/23 4:55,87.702,30,Control
6/8/23 5:00,87.717,30,Control
6/8/23 5:05,87.686,30,Control
6/8/23 5:10,87.715,30,Control
6/8/23 5:15,87.593,30,Control
6/8/23 5:20,87.719,30,Control
6/8/23 5:25,87.841,30,Control
6/8/23 5:30,87.718,30,Control
6/8/23 5:35,87.588,30,Control
6/8/23 5:40,87.571,30,Control
6/8/23 5:45,87.59,30,Control
6/8/23 5:50,87.514,30,Control
6/8/23 5:55,87.821,30,Control
6/8/23 6:00,87.515,30,Control
6/8/23 6:05,87.594,30,Control
6/8/23 6:10,88.019,30,Control
6/8/23 6:15,87.824,30,Control
6/8/23 6:20,87.861,30,Control
6/8/23 6:25,87.726,30,Control
6/8/23 6:30,87.356,30,Control
6/8/23 6:35,87.501,30,Control
6/8/23 6:40,87.648,30,Control
6/8/23 6:45,87.762,30,Control
6/8/23 6:50,87.793,30,Control
6/8/23 6:55,87.689,30,Control
6/8/23 7:00,87.486,30,Control
6/8/23 7:05,87.516,30,Control
6/8/23 7:10,87.617,30,Control
6/8/23 7:15,87.685,30,Control
6/8/23 7:20,87.369,30,Control
6/8/23 7:25,87.607,30,Control
6/8/23 7:30,87.674,30,Control
6/8/23 7:35,87.483,30,Control
6/8/23 7:40,87.773,30,Control
6/8/23 7:45,87.55,30,Control
6/8/23 7:50,87.805,30,Control
6/8/23 7:55,87.465,30,Control
6/8/23 8:00,87.665,30,Control
6/8/23 8:05,87.794,30,Control
6/8/23 8:10,87.567,30,Control
6/8/23 8:15,87.912,30,Control
6/8/23 8:20,87.538,30,Control
6/8/23 8:25,87.528,30,Control
6/8/23 8:30,87.646,30,Control
6/8/23 8:35,87.575,30,Control
6/8/23 8:40,87.632,30,Control
6/8/23 8:45,87.627,30,Control
6/8/23 8:50,87.458,30,Control
6/8/23 8:55,87.735,30,Control
6/8/23 9:00,87.658,30,Control
6/8/23 9:05,87.647,30,Control
6/8/23 9:10,87.55,30,Control
6/8/23 9:15,87.603,30,Control
6/8/23 9:20,87.556,30,Control
6/8/23 9:25,87.402,30,Control
6/8/23 9:30,87.466,30,Control
6/8/23 9:35,87.738,30,Control
6/8/23 9:40,87.608,30,Control
6/8/23 9:45,88.07,30,Control
6/8/23 9:50,87.564,30,Control
6/8/23 9:55,87.726,30,Control
6/8/23 10:00,87.435,30,Control
6/8/23 10:05,87.804,30,Control
6/8/23 10:10,87.397,30,Control
6/8/23 10:15,87.788,30,Control
6/8/23 10:20,87.779,30,Control
6/8/23 10:25,87.914,30,Control
6/8/23 10:30,87.947,30,Control
6/8/23 10:35,87.897,30,Control
6/8/23 10:40,87.472,30,Control
6/8/23 10:45,87.608,30,Control
6/8/23 10:50,87.867,30,Control
6/8/23 10:55,87.791,30,Control
6/8/23 11:00,87.787,30,Control
6/8/23 11:05,87.819,30,Control
6/8/23 11:10,88.222,30,Control
6/8/23 11:15,88.09,30,Control
6/8/23 11:20,87.997,30,Control
6/8/23 11:25,87.969,30,Control
6/8/23 11:30,88.105,30,Control
6/8/23 11:35,87.914,30,Control
6/8/23 11:40,87.921,30,Control
6/8/23 11:45,87.846,30,Control
6/8/23 11:50,87.92,30,Control
6/8/23 11:55,87.557,30,Control
6/8/23 12:00,87.873,30,Control
6/8/23 12:05,87.999,30,Control
6/8/23 12:10,87.728,30,Control
6/8/23 12:15,87.626,30,Control
6/8/23 12:20,87.52,30,Control
6/8/23 12:25,87.773,30,Control
6/8/23 12:30,87.588,30,Control
6/8/23 12:35,88.044,30,Control
6/8/23 12:40,87.875,30,Control
6/8/23 12:45,87.512,30,Control
6/8/23 12:50,87.65,30,Control
6/8/23 12:55,88.025,30,Control
6/8/23 13:00,87.995,30,Control
6/8/23 13:05,87.872,30,Control
6/8/23 13:10,87.945,30,Control
6/8/23 13:15,87.854,30,Control
6/8/23 13:20,87.914,30,Control
6/8/23 13:25,87.678,30,Control
6/8/23 13:30,87.906,30,Control
6/8/23 13:35,87.951,30,Control
6/8/23 13:40,87.974,30,Control
6/8/23 13:45,87.887,30,Control
6/8/23 13:50,88.205,30,Control
6/8/23 13:55,87.923,30,Control
6/8/23 14:00,87.774,30,Control
6/8/23 14:05,87.742,30,Control
6/8/23 14:10,87.859,30,Control
6/8/23 14:15,87.752,30,Control
6/8/23 14:20,87.894,30,Control
6/8/23 14:25,88.067,30,Control
6/8/23 14:30,87.935,30,Control
6/8/23 14:35,87.86,30,Control
6/8/23 14:40,87.992,30,Control
6/8/23 14:45,87.925,30,Control
6/8/23 14:50,88.167,30,Control
6/8/23 14:55,87.892,30,Control
6/8/23 15:00,88.052,30,Control
6/8/23 15:05,88.283,30,Control
6/8/23 15:10,87.984,30,Control
6/8/23 15:15,88.067,30,Control
6/8/23 15:20,87.91,30,Control
6/8/23 15:25,88.009,30,Control
6/8/23 15:30,88.133,30,Control
6/8/23 15:35,87.717,30,Control
6/8/23 15:40,87.954,30,Control
6/8/23 15:45,87.963,30,Control
6/8/23 15:50,88.115,30,Control
6/8/23 15:55,88.091,30,Control
6/8/23 16:00,87.947,30,Control
6/8/23 16:05,87.958,30,Control
6/8/23 16:10,87.942,30,Control
6/8/23 16:15,88.109,30,Control
6/8/23 16:20,88.025,30,Control
6/8/23 16:25,87.915,30,Control
6/8/23 16:30,87.968,30,Control
6/8/23 16:35,87.961,30,Control
6/8/23 16:40,88.01,30,Control
6/8/23 16:45,87.923,30,Control
6/8/23 16:50,88.263,30,Control
6/8/23 16:55,88.424,30,Control
6/8/23 17:00,87.853,30,Control
6/8/23 17:05,88.137,30,Control
6/8/23 17:10,88.08,30,Control
6/8/23 17:15,88.053,30,Control
6/8/23 17:20,88.144,30,Control
6/8/23 17:25,87.889,30,Control
6/8/23 17:30,87.778,30,Control
6/8/23 17:35,88.237,30,Control
6/8/23 17:40,88.01,30,Control
6/8/23 17:45,88.154,30,Control
6/8/23 17:50,88.067,30,Control
6/8/23 17:55,87.981,30,Control
6/8/23 18:00,87.96,30,Control
6/8/23 18:05,87.776,30,Control
6/8/23 18:10,88.158,30,Control
6/8/23 18:15,88.008,30,Control
6/8/23 18:20,87.993,30,Control
6/8/23 18:25,87.998,30,Control
6/8/23 18:30,88.08,30,Control
6/8/23 18:35,88.145,30,Control
6/8/23 18:40,88.102,30,Control
6/8/23 18:45,88.235,30,Control
6/8/23 18:50,88.318,30,Control
6/8/23 18:55,88.009,30,Control
6/8/23 19:00,88.117,30,Control
6/8/23 19:05,88.113,30,Control
6/8/23 19:10,88.222,30,Control
6/8/23 19:15,87.916,30,Control
6/8/23 19:20,88.113,30,Control
6/8/23 19:25,88.04,30,Control
6/8/23 19:30,88.16,30,Control
6/8/23 19:35,88.152,30,Control
6/8/23 19:40,88.003,30,Control
6/8/23 19:45,88.301,30,Control
6/8/23 19:50,88.177,30,Control
6/8/23 19:55,88.033,30,Control
6/8/23 20:00,88.289,30,Control
6/8/23 20:05,88.406,30,Control
6/8/23 20:10,88.22,30,Control
6/8/23 20:15,88.242,30,Control
6/8/23 20:20,88.349,30,Control
6/8/23 20:25,88.119,30,Control
6/8/23 20:30,88.152,30,Control
6/8/23 20:35,88.332,30,Control
6/8/23 20:40,88.165,30,Control
6/8/23 20:45,88.345,30,Control
6/8/23 20:50,88.295,30,Control
6/8/23 20:55,88.052,30,Control
6/8/23 21:00,88.318,30,Control
6/8/23 21:05,88.327,30,Control
6/8/23 21:10,87.988,30,Control
6/8/23 21:15,88.337,30,Control
6/8/23 21:20,88.371,30,Control
6/8/23 21:25,87.917,30,Control
6/8/23 21:30,88.039,30,Control
6/8/23 21:35,88.286,30,Control
6/8/23 21:40,88.152,30,Control
6/8/23 21:45,88.326,30,Control
6/8/23 21:50,88.211,30,Control
6/8/23 21:55,88.131,30,Control
6/8/23 22:00,88.33,30,Control
6/8/23 22:05,88.218,30,Control
6/8/23 22:10,88.301,30,Control
6/8/23 22:15,88.118,30,Control
6/8/23 22:20,88.259,30,Control
6/8/23 22:25,88.261,30,Control
6/8/23 22:30,88.468,30,Control
6/8/23 22:35,88.281,30,Control
6/8/23 22:40,88.223,30,Control
6/8/23 22:45,88.198,30,Control
6/8/23 22:50,88.156,30,Control
6/8/23 22:55,88.341,30,Control
6/8/23 23:00,88.307,30,Control
6/8/23 23:05,88.183,30,Control
6/8/23 23:10,88.253,30,Control
6/8/23 23:15,88.442,30,Control
6/8/23 23:20,88.244,30,Control
6/8/23 23:25,88.202,30,Control
6/8/23 23:30,88.248,30,Control
6/8/23 23:35,88.222,30,Control
6/8/23 23:40,88.298,30,Control
6/8/23 23:45,88.329,30,Control
6/8/23 23:50,88.256,30,Control
6/8/23 23:55,88.29,30,Control
6/9/23,88.403,30,Control
6/9/23 0:05,88.306,30,Control
6/9/23 0:10,88.264,30,Control
6/9/23 0:15,88.201,30,Control
6/9/23 0:20,88.507,30,Control
6/9/23 0:25,88.286,30,Control
6/9/23 0:30,88.313,30,Control
6/9/23 0:35,88.168,30,Control
6/9/23 0:40,88.189,30,Control
6/9/23 0:45,88.195,30,Control
6/9/23 0:50,88.219,30,Control
6/9/23 0:55,88.322,30,Control
6/9/23 1:00,88.284,30,Control
6/9/23 1:05,88.303,30,Control
6/9/23 1:10,88.212,30,Control
6/9/23 1:15,88.491,30,Control
6/9/23 1:20,88.398,30,Control
6/9/23 1:25,88.343,30,Control
6/9/23 1:30,88.348,30,Control
6/9/23 1:35,88.028,30,Control
6/9/23 1:40,88.351,30,Control
6/9/23 1:45,88.443,30,Control
6/9/23 1:50,88.556,30,Control
6/9/23 1:55,88.392,30,Control
6/9/23 2:00,88.432,30,Control
6/9/23 2:05,88.601,30,Control
6/9/23 2:10,88.379,30,Control
6/9/23 2:15,88.244,30,Control
6/9/23 2:20,88.296,30,Control
6/9/23 2:25,88.05,30,Control
6/9/23 2:30,88.103,30,Control
6/9/23 2:35,88.495,30,Control
6/9/23 2:40,88.32,30,Control
6/9/23 2:45,88.386,30,Control
6/9/23 2:50,88.251,30,Control
6/9/23 2:55,88.395,30,Control
6/9/23 3:00,87.865,30,Control
6/9/23 3:05,88.515,30,Control
6/9/23 3:10,88.37,30,Control
6/9/23 3:15,88.125,30,Control
6/9/23 3:20,87.915,30,Control
6/9/23 3:25,88.107,30,Control
6/9/23 3:30,88.108,30,Control
6/9/23 3:35,88.153,30,Control
6/9/23 3:40,88.498,30,Control
6/9/23 3:45,88.438,30,Control
6/9/23 3:50,88,30,Control
6/9/23 3:55,88.07,30,Control
6/9/23 4:00,88.017,30,Control
6/9/23 4:05,88.165,30,Control
6/9/23 4:10,88.034,30,Control
6/9/23 4:15,88.319,30,Control
6/9/23 4:20,88.414,30,Control
6/9/23 4:25,88.137,30,Control
6/9/23 4:30,88.157,30,Control
6/9/23 4:35,88.301,30,Control
6/9/23 4:40,88.213,30,Control
6/9/23 4:45,88.281,30,Control
6/9/23 4:50,88.073,30,Control
6/9/23 4:55,88.088,30,Control
6/9/23 5:00,88.348,30,Control
6/9/23 5:05,88.095,30,Control
6/9/23 5:10,88.112,30,Control
6/9/23 5:15,88.265,30,Control
6/9/23 5:20,87.961,30,Control
6/9/23 5:25,88.475,30,Control
6/9/23 5:30,88.401,30,Control
6/9/23 5:35,88.209,30,Control
6/9/23 5:40,88.218,30,Control
6/9/23 5:45,88.001,30,Control
6/9/23 5:50,88.199,30,Control
6/9/23 5:55,88.053,30,Control
6/9/23 6:00,88.283,30,Control
6/9/23 6:05,88.349,30,Control
6/9/23 6:10,88.061,30,Control
6/9/23 6:15,88.166,30,Control
6/9/23 6:20,88.326,30,Control
6/9/23 6:25,88.186,30,Control
6/9/23 6:30,87.989,30,Control
6/9/23 6:35,88.184,30,Control
6/9/23 6:40,87.886,30,Control
6/9/23 6:45,87.9,30,Control
6/9/23 6:50,87.906,30,Control
6/9/23 6:55,88.016,30,Control
6/9/23 7:00,88.107,30,Control
6/9/23 7:05,87.874,30,Control
6/9/23 7:10,87.771,30,Control
6/9/23 7:15,87.837,30,Control
6/9/23 7:20,88.046,30,Control
6/9/23 7:25,87.909,30,Control
6/9/23 7:30,87.943,30,Control
6/9/23 7:35,87.785,30,Control
6/9/23 7:40,88.127,30,Control
6/9/23 7:45,88.083,30,Control
6/9/23 7:50,87.756,30,Control
6/9/23 7:55,88.004,30,Control
6/9/23 8:00,88.069,30,Control
6/9/23 8:05,88.177,30,Control
6/9/23 8:10,87.958,30,Control
6/9/23 8:15,87.657,30,Control
6/9/23 8:20,87.918,30,Control
6/9/23 8:25,87.879,30,Control
6/9/23 8:30,88.043,30,Control
6/9/23 8:35,88.219,30,Control
6/9/23 8:40,88.082,30,Control
6/9/23 8:45,88.01,30,Control
6/9/23 8:50,87.668,30,Control
6/9/23 8:55,87.934,30,Control
6/9/23 9:00,87.776,30,Control
6/9/23 9:05,87.951,30,Control
6/9/23 9:10,88.012,30,Control
6/9/23 9:15,88.12,30,Control
6/9/23 9:20,88.291,30,Control
6/9/23 9:25,88.07,30,Control
6/9/23 9:30,88.285,30,Control
6/9/23 9:35,88.363,30,Control
6/9/23 9:40,88.136,30,Control
6/9/23 9:45,87.993,30,Control
6/9/23 9:50,88.407,30,Control
6/9/23 9:55,88.09,30,Control
6/9/23 10:00,87.893,30,Control
6/9/23 10:05,87.622,30,Control
6/9/23 10:10,87.788,30,Control
6/9/23 10:15,87.761,30,Control
6/9/23 10:20,87.964,30,Control
6/9/23 10:25,95.393,30,Control
6/9/23 10:30,93.547,30,Control
6/9/23 10:35,92.871,30,Control
6/9/23 10:40,92.525,30,Control
6/9/23 10:45,92.476,30,Control
6/9/23 10:50,92.302,30,Control
6/9/23 10:55,92.116,30,Control
6/9/23 11:00,92.331,30,Control
6/9/23 11:05,91.879,30,Control
6/9/23 11:10,92.016,30,Control
6/9/23 11:15,92.019,30,Control
6/9/23 11:20,92.127,30,Control
6/9/23 11:25,91.818,30,Control
6/9/23 11:30,92.343,30,Control
6/9/23 11:35,92.108,30,Control
6/9/23 11:40,92.285,30,Control
6/9/23 11:45,92.161,30,Control
6/9/23 11:50,92.068,30,Control
6/9/23 11:55,92.049,30,Control
6/9/23 12:00,92.023,30,Control
6/9/23 12:05,92.236,30,Control
6/9/23 12:10,92.081,30,Control
6/9/23 12:15,92.116,30,Control
6/9/23 12:20,92.011,30,Control
6/9/23 12:25,92.483,30,Control
6/9/23 12:30,92.425,30,Control
6/9/23 12:35,91.987,30,Control
6/9/23 12:40,92.093,30,Control
6/9/23 12:45,92.283,30,Control
6/9/23 12:50,92.065,30,Control
6/9/23 12:55,92.09,30,Control
6/9/23 13:00,92.081,30,Control
6/9/23 13:05,91.769,30,Control
6/9/23 13:10,92.17,30,Control
6/9/23 13:15,92.268,30,Control
6/9/23 13:20,91.975,30,Control
6/9/23 13:25,92.16,30,Control
6/9/23 13:30,92.304,30,Control
6/9/23 13:35,92.064,30,Control
6/9/23 13:40,91.823,30,Control
6/9/23 13:45,92.216,30,Control
6/9/23 13:50,92.319,30,Control
6/9/23 13:55,91.991,30,Control
6/9/23 14:00,92.239,30,Control
6/9/23 14:05,91.973,30,Control
6/9/23 14:10,92.227,30,Control
6/9/23 14:15,92.175,30,Control
6/9/23 14:20,91.881,30,Control
6/9/23 14:25,92.22,30,Control
6/9/23 14:30,92.231,30,Control
6/9/23 14:35,92.006,30,Control
6/9/23 14:40,91.935,30,Control
6/9/23 14:45,92.019,30,Control
6/9/23 14:50,92.097,30,Control
6/9/23 14:55,92.258,30,Control
6/9/23 15:00,92.423,30,Control
6/9/23 15:05,92.296,30,Control
6/9/23 15:10,92.244,30,Control
6/9/23 15:15,91.986,30,Control
6/9/23 15:20,92.264,30,Control
6/9/23 15:25,92.352,30,Control
6/9/23 15:30,92.391,30,Control
6/9/23 15:35,91.978,30,Control
6/9/23 15:40,92.321,30,Control
6/9/23 15:45,92.269,30,Control
6/9/23 15:50,92.316,30,Control
6/9/23 15:55,92.418,30,Control
6/9/23 16:00,92.45,30,Control
6/9/23 16:05,92.434,30,Control
6/9/23 16:10,92.336,30,Control
6/9/23 16:15,92.549,30,Control
6/9/23 16:20,92.596,30,Control
6/9/23 16:25,92.451,30,Control
6/9/23 16:30,92.203,30,Control
6/9/23 16:35,92.516,30,Control
6/9/23 16:40,92.367,30,Control
6/9/23 16:45,92.427,30,Control
6/9/23 16:50,92.342,30,Control
6/9/23 16:55,92.642,30,Control
6/9/23 17:00,92.17,30,Control
6/9/23 17:05,92.384,30,Control
6/9/23 17:10,92.504,30,Control
6/9/23 17:15,92.406,30,Control
6/9/23 17:20,92.345,30,Control
6/9/23 17:25,92.575,30,Control
6/9/23 17:30,92.585,30,Control
6/9/23 17:35,92.637,30,Control
6/9/23 17:40,92.432,30,Control
6/9/23 17:45,92.221,30,Control
6/9/23 17:50,92.585,30,Control
6/9/23 17:55,92.51,30,Control
6/9/23 18:00,92.611,30,Control
6/9/23 18:05,92.342,30,Control
6/9/23 18:10,92.348,30,Control
6/9/23 18:15,92.437,30,Control
6/9/23 18:20,92.579,30,Control
6/9/23 18:25,92.845,30,Control
6/9/23 18:30,92.442,30,Control
6/9/23 18:35,92.756,30,Control
6/9/23 18:40,92.509,30,Control
6/9/23 18:45,92.499,30,Control
6/9/23 18:50,92.659,30,Control
6/9/23 18:55,92.365,30,Control
6/9/23 19:00,92.544,30,Control
6/9/23 19:05,92.453,30,Control
6/9/23 19:10,92.613,30,Control
6/9/23 19:15,92.533,30,Control
6/9/23 19:20,92.533,30,Control
6/9/23 19:25,92.862,30,Control
6/9/23 19:30,92.608,30,Control
6/9/23 19:35,92.846,30,Control
6/9/23 19:40,92.682,30,Control
6/9/23 19:45,92.478,30,Control
6/9/23 19:50,92.587,30,Control
6/9/23 19:55,92.295,30,Control
6/9/23 20:00,92.887,30,Control
6/9/23 20:05,92.456,30,Control
6/9/23 20:10,92.577,30,Control
6/9/23 20:15,92.636,30,Control
6/9/23 20:20,92.602,30,Control
6/9/23 20:25,92.481,30,Control
6/9/23 20:30,92.484,30,Control
6/9/23 20:35,92.601,30,Control
6/9/23 20:40,92.504,30,Control
6/9/23 20:45,92.502,30,Control
6/9/23 20:50,92.587,30,Control
6/9/23 20:55,92.456,30,Control
6/9/23 21:00,92.401,30,Control
6/9/23 21:05,92.565,30,Control
6/9/23 21:10,92.602,30,Control
6/9/23 21:15,92.601,30,Control
6/9/23 21:20,92.544,30,Control
6/9/23 21:25,92.698,30,Control
6/9/23 21:30,92.707,30,Control
6/9/23 21:35,92.661,30,Control
6/9/23 21:40,92.556,30,Control
6/9/23 21:45,92.549,30,Control
6/9/23 21:50,92.697,30,Control
6/9/23 21:55,92.597,30,Control
6/9/23 22:00,92.565,30,Control
6/9/23 22:05,92.567,30,Control
6/9/23 22:10,92.687,30,Control
6/9/23 22:15,92.654,30,Control
6/9/23 22:20,92.824,30,Control
6/9/23 22:25,92.425,30,Control
6/9/23 22:30,92.64,30,Control
6/9/23 22:35,92.606,30,Control
6/9/23 22:40,92.822,30,Control
6/9/23 22:45,92.554,30,Control
6/9/23 22:50,92.569,30,Control
6/9/23 22:55,92.584,30,Control
6/9/23 23:00,92.674,30,Control
6/9/23 23:05,92.615,30,Control
6/9/23 23:10,92.773,30,Control
6/9/23 23:15,92.889,30,Control
6/9/23 23:20,92.596,30,Control
6/9/23 23:25,92.737,30,Control
6/9/23 23:30,92.668,30,Control
6/9/23 23:35,92.67,30,Control
6/9/23 23:40,92.887,30,Control
6/9/23 23:45,93.01,30,Control
6/9/23 23:50,92.697,30,Control
6/9/23 23:55,92.994,30,Control
6/10/23,92.914,30,Control
6/10/23 0:05,92.938,30,Control
6/10/23 0:10,92.978,30,Control
6/10/23 0:15,92.766,30,Control
6/10/23 0:20,92.752,30,Control
6/10/23 0:25,92.891,30,Control
6/10/23 0:30,92.661,30,Control
6/10/23 0:35,93.069,30,Control
6/10/23 0:40,92.929,30,Control
6/10/23 0:45,92.773,30,Control
6/10/23 0:50,93.057,30,Control
6/10/23 0:55,92.505,30,Control
6/10/23 1:00,92.603,30,Control
6/10/23 1:05,92.647,30,Control
6/10/23 1:10,92.91,30,Control
6/10/23 1:15,92.659,30,Control
6/10/23 1:20,92.876,30,Control
6/10/23 1:25,92.529,30,Control
6/10/23 1:30,92.666,30,Control
6/10/23 1:35,92.667,30,Control
6/10/23 1:40,92.76,30,Control
6/10/23 1:45,92.94,30,Control
6/10/23 1:50,92.801,30,Control
6/10/23 1:55,92.902,30,Control
6/10/23 2:00,92.767,30,Control
6/10/23 2:05,92.843,30,Control
6/10/23 2:10,92.657,30,Control
6/10/23 2:15,92.801,30,Control
6/10/23 2:20,92.671,30,Control
6/10/23 2:25,92.647,30,Control
6/10/23 2:30,92.744,30,Control
6/10/23 2:35,92.664,30,Control
6/10/23 2:40,92.418,30,Control
6/10/23 2:45,92.756,30,Control
6/10/23 2:50,92.653,30,Control
6/10/23 2:55,92.546,30,Control
6/10/23 3:00,92.63,30,Control
6/10/23 3:05,92.846,30,Control
6/10/23 3:10,92.826,30,Control
6/10/23 3:15,92.764,30,Control
6/10/23 3:20,92.698,30,Control
6/10/23 3:25,92.769,30,Control
6/10/23 3:30,92.501,30,Control
6/10/23 3:35,92.514,30,Control
6/10/23 3:40,92.705,30,Control
6/10/23 3:45,92.623,30,Control
6/10/23 3:50,92.636,30,Control
6/10/23 3:55,92.467,30,Control
6/10/23 4:00,92.496,30,Control
6/10/23 4:05,92.284,30,Control
6/10/23 4:10,92.411,30,Control
6/10/23 4:15,92.525,30,Control
6/10/23 4:20,92.619,30,Control
6/10/23 4:25,92.484,30,Control
6/10/23 4:30,92.38,30,Control
6/10/23 4:35,92.407,30,Control
6/10/23 4:40,92.548,30,Control
6/10/23 4:45,92.532,30,Control
6/10/23 4:50,92.66,30,Control
6/10/23 4:55,92.451,30,Control
6/10/23 5:00,92.665,30,Control
6/10/23 5:05,92.501,30,Control
6/10/23 5:10,92.793,30,Control
6/10/23 5:15,92.767,30,Control
6/10/23 5:20,92.663,30,Control
6/10/23 5:25,92.302,30,Control
6/10/23 5:30,92.484,30,Control
6/10/23 5:35,92.387,30,Control
6/10/23 5:40,92.376,30,Control
6/10/23 5:45,92.777,30,Control
6/10/23 5:50,92.519,30,Control
6/10/23 5:55,92.363,30,Control
6/10/23 6:00,92.544,30,Control
6/10/23 6:05,92.334,30,Control
6/10/23 6:10,92.56,30,Control
6/10/23 6:15,92.585,30,Control
6/10/23 6:20,92.525,30,Control
6/10/23 6:25,92.227,30,Control
6/10/23 6:30,92.348,30,Control
6/10/23 6:35,92.408,30,Control
6/10/23 6:40,92.219,30,Control
6/10/23 6:45,92.508,30,Control
6/10/23 6:50,92.614,30,Control
6/10/23 6:55,92.366,30,Control
6/10/23 7:00,92.725,30,Control
6/10/23 7:05,92.208,30,Control
6/10/23 7:10,92.601,30,Control
6/10/23 7:15,92.216,30,Control
6/10/23 7:20,92.562,30,Control
6/10/23 7:25,93.004,30,Control
6/10/23 7:30,92.781,30,Control
6/10/23 7:35,92.561,30,Control
6/10/23 7:40,92.629,30,Control
6/10/23 7:45,92.804,30,Control
6/10/23 7:50,92.49,30,Control
6/10/23 7:55,92.429,30,Control
6/10/23 8:00,92.805,30,Control
6/10/23 8:05,92.836,30,Control
6/10/23 8:10,92.416,30,Control
6/10/23 8:15,92.486,30,Control
6/10/23 8:20,92.678,30,Control
6/10/23 8:25,92.656,30,Control
6/10/23 8:30,92.63,30,Control
6/10/23 8:35,92.404,30,Control
6/10/23 8:40,92.893,30,Control
6/10/23 8:45,92.307,30,Control
6/10/23 8:50,92.55,30,Control
6/10/23 8:55,92.924,30,Control
6/10/23 9:00,92.22,30,Control
6/10/23 9:05,92.763,30,Control
6/10/23 9:10,92.508,30,Control
6/10/23 9:15,92.589,30,Control
6/10/23 9:20,92.618,30,Control
6/10/23 9:25,92.695,30,Control
6/10/23 9:30,92.94,30,Control
6/10/23 9:35,92.57,30,Control
6/10/23 9:40,92.702,30,Control
6/10/23 9:45,92.64,30,Control
6/10/23 9:50,92.764,30,Control
6/10/23 9:55,92.301,30,Control
6/10/23 10:00,92.787,30,Control
6/10/23 10:05,92.504,30,Control
6/10/23 10:10,92.45,30,Control
6/10/23 10:15,92.76,30,Control
6/10/23 10:20,92.686,30,Control
6/10/23 10:25,92.641,30,Control
6/10/23 10:30,92.457,30,Control
6/10/23 10:35,92.74,30,Control
6/10/23 10:40,92.491,30,Control
6/10/23 10:45,92.507,30,Control
6/10/23 10:50,92.321,30,Control
6/10/23 10:55,92.71,30,Control
6/10/23 11:00,92.589,30,Control
6/10/23 11:05,92.406,30,Control
6/10/23 11:10,92.838,30,Control
6/10/23 11:15,92.701,30,Control
6/10/23 11:20,92.857,30,Control
6/10/23 11:25,92.361,30,Control
6/10/23 11:30,92.798,30,Control
6/10/23 11:35,92.313,30,Control
6/10/23 11:40,92.581,30,Control
6/10/23 11:45,92.81,30,Control
6/10/23 11:50,92.368,30,Control
6/10/23 11:55,92.839,30,Control
6/10/23 12:00,92.908,30,Control
6/10/23 12:05,92.593,30,Control
6/10/23 12:10,92.423,30,Control
6/10/23 12:15,92.893,30,Control
6/10/23 12:20,92.746,30,Control
6/10/23 12:25,92.476,30,Control
6/10/23 12:30,92.847,30,Control
6/10/23 12:35,92.673,30,Control
6/10/23 12:40,92.656,30,Control
6/10/23 12:45,92.735,30,Control
6/10/23 12:50,92.886,30,Control
6/10/23 12:55,92.949,30,Control
6/10/23 13:00,92.826,30,Control
6/10/23 13:05,92.916,30,Control
6/10/23 13:10,92.684,30,Control
6/10/23 13:15,92.861,30,Control
6/10/23 13:20,92.772,30,Control
6/10/23 13:25,92.603,30,Control
6/10/23 13:30,92.876,30,Control
6/10/23 13:35,92.757,30,Control
6/10/23 13:40,92.721,30,Control
6/10/23 13:45,92.884,30,Control
6/10/23 13:50,93.045,30,Control
6/10/23 13:55,92.83,30,Control
6/10/23 14:00,92.682,30,Control
6/10/23 14:05,92.828,30,Control
6/10/23 14:10,92.603,30,Control
6/10/23 14:15,93.032,30,Control
6/10/23 14:20,92.929,30,Control
6/10/23 14:25,92.895,30,Control
6/10/23 14:30,93.024,30,Control
6/10/23 14:35,93.107,30,Control
6/10/23 14:40,92.972,30,Control
6/10/23 14:45,93.234,30,Control
6/10/23 14:50,93.05,30,Control
6/10/23 14:55,92.917,30,Control
6/10/23 15:00,92.89,30,Control
6/10/23 15:05,92.798,30,Control
6/10/23 15:10,92.859,30,Control
6/10/23 15:15,93.123,30,Control
6/10/23 15:20,93.245,30,Control
6/10/23 15:25,92.815,30,Control
6/10/23 15:30,93.004,30,Control
6/10/23 15:35,93.142,30,Control
6/10/23 15:40,92.849,30,Control
6/10/23 15:45,92.817,30,Control
6/10/23 15:50,93.056,30,Control
6/10/23 15:55,92.772,30,Control
6/10/23 16:00,92.994,30,Control
6/10/23 16:05,92.756,30,Control
6/10/23 16:10,93.042,30,Control
6/10/23 16:15,93.246,30,Control
6/10/23 16:20,92.94,30,Control
6/10/23 16:25,93.099,30,Control
6/10/23 16:30,93.139,30,Control
6/10/23 16:35,93.053,30,Control
6/10/23 16:40,93.039,30,Control
6/10/23 16:45,93.166,30,Control
6/10/23 16:50,92.987,30,Control
6/10/23 16:55,93.088,30,Control
6/10/23 17:00,93.16,30,Control
6/10/23 17:05,93.167,30,Control
6/10/23 17:10,93.238,30,Control
6/10/23 17:15,93.006,30,Control
6/10/23 17:20,93.227,30,Control
6/10/23 17:25,93.159,30,Control
6/10/23 17:30,93.044,30,Control
6/10/23 17:35,93.215,30,Control
6/10/23 17:40,93.103,30,Control
6/10/23 17:45,92.921,30,Control
6/10/23 17:50,93.277,30,Control
6/10/23 17:55,93.014,30,Control
6/10/23 18:00,92.963,30,Control
6/10/23 18:05,92.808,30,Control
6/10/23 18:10,92.914,30,Control
6/10/23 18:15,93.114,30,Control
6/10/23 18:20,93.091,30,Control
6/10/23 18:25,93.343,30,Control
6/10/23 18:30,93.033,30,Control
6/10/23 18:35,92.951,30,Control
6/10/23 18:40,93.367,30,Control
6/10/23 18:45,92.934,30,Control
6/10/23 18:50,93.009,30,Control
6/10/23 18:55,93.054,30,Control
6/10/23 19:00,93.241,30,Control
6/10/23 19:05,93.157,30,Control
6/10/23 19:10,93.061,30,Control
6/10/23 19:15,92.93,30,Control
6/10/23 19:20,93.212,30,Control
6/10/23 19:25,93.06,30,Control
6/10/23 19:30,92.972,30,Control
6/10/23 19:35,93,30,Control
6/10/23 19:40,93.148,30,Control
6/10/23 19:45,93.36,30,Control
6/10/23 19:50,93.477,30,Control
6/10/23 19:55,93.144,30,Control
6/10/23 20:00,93.255,30,Control
6/10/23 20:05,92.693,30,Control
6/10/23 20:10,93.153,30,Control
6/10/23 20:15,93.412,30,Control
6/10/23 20:20,93.172,30,Control
6/10/23 20:25,93.339,30,Control
6/10/23 20:30,93.1,30,Control
6/10/23 20:35,93.354,30,Control
6/10/23 20:40,93.316,30,Control
6/10/23 20:45,93.228,30,Control
6/10/23 20:50,93.052,30,Control
6/10/23 20:55,93.293,30,Control
6/10/23 21:00,93.304,30,Control
6/10/23 21:05,93.438,30,Control
6/10/23 21:10,93.274,30,Control
6/10/23 21:15,93.172,30,Control
6/10/23 21:20,93.42,30,Control
6/10/23 21:25,93.402,30,Control
6/10/23 21:30,93.575,30,Control
6/10/23 21:35,93.144,30,Control
6/10/23 21:40,93.425,30,Control
6/10/23 21:45,93.34,30,Control
6/10/23 21:50,93.192,30,Control
6/10/23 21:55,93.336,30,Control
6/10/23 22:00,93.299,30,Control
6/10/23 22:05,93.561,30,Control
6/10/23 22:10,93.498,30,Control
6/10/23 22:15,93.409,30,Control
6/10/23 22:20,93.181,30,Control
6/10/23 22:25,93.323,30,Control
6/10/23 22:30,93.432,30,Control
6/10/23 22:35,93.718,30,Control
6/10/23 22:40,93.227,30,Control
6/10/23 22:45,93.604,30,Control
6/10/23 22:50,93.689,30,Control
6/10/23 22:55,93.83,30,Control
6/10/23 23:00,93.646,30,Control
6/10/23 23:05,93.331,30,Control
6/10/23 23:10,93.454,30,Control
6/10/23 23:15,93.199,30,Control
6/10/23 23:20,93.278,30,Control
6/10/23 23:25,93.453,30,Control
6/10/23 23:30,93.205,30,Control
6/10/23 23:35,93.566,30,Control
6/10/23 23:40,93.53,30,Control
6/10/23 23:45,93.386,30,Control
6/10/23 23:50,93.435,30,Control
6/10/23 23:55,93.209,30,Control
6/11/23,93.473,30,Control
6/11/23 0:05,93.527,30,Control
6/11/23 0:10,93.726,30,Control
6/11/23 0:15,93.576,30,Control
6/11/23 0:20,93.543,30,Control
6/11/23 0:25,93.558,30,Control
6/11/23 0:30,93.459,30,Control
6/11/23 0:35,93.841,30,Control
6/11/23 0:40,93.331,30,Control
6/11/23 0:45,93.417,30,Control
6/11/23 0:50,93.397,30,Control
6/11/23 0:55,93.524,30,Control
6/11/23 1:00,93.637,30,Control
6/11/23 1:05,93.514,30,Control
6/11/23 1:10,93.498,30,Control
6/11/23 1:15,93.602,30,Control
6/11/23 1:20,93.349,30,Control
6/11/23 1:25,93.517,30,Control
6/11/23 1:30,93.811,30,Control
6/11/23 1:35,93.624,30,Control
6/11/23 1:40,93.436,30,Control
6/11/23 1:45,93.164,30,Control
6/11/23 1:50,93.355,30,Control
6/11/23 1:55,93.278,30,Control
6/11/23 2:00,93.37,30,Control
6/11/23 2:05,93.628,30,Control
6/11/23 2:10,93.523,30,Control
6/11/23 2:15,93.483,30,Control
6/11/23 2:20,93.447,30,Control
6/11/23 2:25,93.464,30,Control
6/11/23 2:30,93.521,30,Control
6/11/23 2:35,93.125,30,Control
6/11/23 2:40,93.499,30,Control
6/11/23 2:45,93.319,30,Control
6/11/23 2:50,93.407,30,Control
6/11/23 2:55,93.274,30,Control
6/11/23 3:00,93.389,30,Control
6/11/23 3:05,93.236,30,Control
6/11/23 3:10,93.349,30,Control
6/11/23 3:15,93.051,30,Control
6/11/23 3:20,92.995,30,Control
6/11/23 3:25,93.353,30,Control
6/11/23 3:30,93.145,30,Control
6/11/23 3:35,93.221,30,Control
6/11/23 3:40,93.097,30,Control
6/11/23 3:45,93.141,30,Control
6/11/23 3:50,93.204,30,Control
6/11/23 3:55,93.218,30,Control
6/11/23 4:00,93.235,30,Control
6/11/23 4:05,93.37,30,Control
6/11/23 4:10,93.189,30,Control
6/11/23 4:15,93.315,30,Control
6/11/23 4:20,93.356,30,Control
6/11/23 4:25,93.538,30,Control
6/11/23 4:30,93.154,30,Control
6/11/23 4:35,93.299,30,Control
6/11/23 4:40,93.358,30,Control
6/11/23 4:45,93.604,30,Control
6/11/23 4:50,93.253,30,Control
6/11/23 4:55,93.264,30,Control
6/11/23 5:00,93.266,30,Control
6/11/23 5:05,93.251,30,Control
6/11/23 5:10,92.95,30,Control
6/11/23 5:15,93.295,30,Control
6/11/23 5:20,93.435,30,Control
6/11/23 5:25,93.177,30,Control
6/11/23 5:30,93.089,30,Control
6/11/23 5:35,93.151,30,Control
6/11/23 5:40,93.19,30,Control
6/11/23 5:45,93.138,30,Control
6/11/23 5:50,93.35,30,Control
6/11/23 5:55,93.506,30,Control
6/11/23 6:00,93.396,30,Control
6/11/23 6:05,93.309,30,Control
6/11/23 6:10,93.498,30,Control
6/11/23 6:15,93.647,30,Control
6/11/23 6:20,93.343,30,Control
6/11/23 6:25,93.433,30,Control
6/11/23 6:30,93.673,30,Control
6/11/23 6:35,93.412,30,Control
6/11/23 6:40,93.197,30,Control
6/11/23 6:45,93.39,30,Control
6/11/23 6:50,93.449,30,Control
6/11/23 6:55,93.359,30,Control
6/11/23 7:00,93.412,30,Control
6/11/23 7:05,92.967,30,Control
6/11/23 7:10,93.036,30,Control
6/11/23 7:15,93.131,30,Control
6/11/23 7:20,93.012,30,Control
6/11/23 7:25,93.279,30,Control
6/11/23 7:30,93.212,30,Control
6/11/23 7:35,93.293,30,Control
6/11/23 7:40,93.227,30,Control
6/11/23 7:45,92.915,30,Control
6/11/23 7:50,93.452,30,Control
6/11/23 7:55,93.451,30,Control
6/11/23 8:00,93.271,30,Control
6/11/23 8:05,93.428,30,Control
6/11/23 8:10,93.561,30,Control
6/11/23 8:15,93.312,30,Control
6/11/23 8:20,93.2,30,Control
6/11/23 8:25,93.425,30,Control
6/11/23 8:30,93.062,30,Control
6/11/23 8:35,93.435,30,Control
6/11/23 8:40,93.277,30,Control
6/11/23 8:45,93.377,30,Control
6/11/23 8:50,93.34,30,Control
6/11/23 8:55,93.649,30,Control
6/11/23 9:00,93.704,30,Control
6/11/23 9:05,93.626,30,Control
6/11/23 9:10,93.397,30,Control
6/11/23 9:15,93.454,30,Control
6/11/23 9:20,93.484,30,Control
6/11/23 9:25,93.587,30,Control
6/11/23 9:30,93.711,30,Control
6/11/23 9:35,93.858,30,Control
6/11/23 9:40,93.673,30,Control
6/11/23 9:45,93.741,30,Control
6/11/23 9:50,93.902,30,Control
6/11/23 9:55,93.826,30,Control
6/11/23 10:00,93.972,30,Control
6/11/23 10:05,93.769,30,Control
6/11/23 10:10,93.624,30,Control
6/11/23 10:15,93.563,30,Control
6/11/23 10:20,93.921,30,Control
6/11/23 10:25,93.909,30,Control
6/11/23 10:30,93.788,30,Control
6/11/23 10:35,93.948,30,Control
6/11/23 10:40,93.703,30,Control
6/11/23 10:45,93.573,30,Control
6/11/23 10:50,93.652,30,Control
6/11/23 10:55,93.803,30,Control
6/11/23 11:00,93.8,30,Control
6/11/23 11:05,94.233,30,Control
6/11/23 11:10,93.661,30,Control
6/11/23 11:15,93.618,30,Control
6/11/23 11:20,93.836,30,Control
6/11/23 11:25,93.826,30,Control
6/11/23 11:30,93.824,30,Control
6/11/23 11:35,94.063,30,Control
6/11/23 11:40,93.897,30,Control
6/11/23 11:45,93.627,30,Control
6/11/23 11:50,93.956,30,Control
6/11/23 11:55,93.864,30,Control
6/11/23 12:00,93.679,30,Control
6/11/23 12:05,93.789,30,Control
6/11/23 12:10,93.87,30,Control
6/11/23 12:15,93.703,30,Control
6/11/23 12:20,93.792,30,Control
6/11/23 12:25,93.446,30,Control
6/11/23 12:30,93.825,30,Control
6/11/23 12:35,93.753,30,Control
6/11/23 12:40,93.783,30,Control
6/11/23 12:45,93.972,30,Control
6/11/23 12:50,93.784,30,Control
6/11/23 12:55,94.019,30,Control
6/11/23 13:00,93.965,30,Control
6/11/23 13:05,93.928,30,Control
6/11/23 13:10,93.901,30,Control
6/11/23 13:15,93.87,30,Control
6/11/23 13:20,93.945,30,Control
6/11/23 13:25,93.952,30,Control
6/11/23 13:30,94.059,30,Control
6/11/23 13:35,94.104,30,Control
6/11/23 13:40,94.265,30,Control
6/11/23 13:45,93.702,30,Control
6/11/23 13:50,93.995,30,Control
6/11/23 13:55,94.109,30,Control
6/11/23 14:00,94.158,30,Control
6/11/23 14:05,94.022,30,Control
6/11/23 14:10,94.321,30,Control
6/11/23 14:15,93.996,30,Control
6/11/23 14:20,93.928,30,Control
6/11/23 14:25,94.223,30,Control
6/11/23 14:30,93.996,30,Control
6/11/23 14:35,93.968,30,Control
6/11/23 14:40,94.174,30,Control
6/11/23 14:45,94.29,30,Control
6/11/23 14:50,94.222,30,Control
6/11/23 14:55,94.255,30,Control
6/11/23 15:00,94.395,30,Control
6/11/23 15:05,94.247,30,Control
6/11/23 15:10,94.209,30,Control
6/11/23 15:15,94.205,30,Control
6/11/23 15:20,94.384,30,Control
6/11/23 15:25,94.26,30,Control
6/11/23 15:30,94.127,30,Control
6/11/23 15:35,94.348,30,Control
6/11/23 15:40,94.099,30,Control
6/11/23 15:45,93.98,30,Control
6/11/23 15:50,94.189,30,Control
6/11/23 15:55,94.443,30,Control
6/11/23 16:00,93.963,30,Control
6/11/23 16:05,94.074,30,Control
6/11/23 16:10,94.131,30,Control
6/11/23 16:15,94.181,30,Control
6/11/23 16:20,94.235,30,Control
6/11/23 16:25,94.265,30,Control
6/11/23 16:30,93.966,30,Control
6/11/23 16:35,94.158,30,Control
6/11/23 16:40,94.209,30,Control
6/11/23 16:45,94.103,30,Control
6/11/23 16:50,94.216,30,Control
6/11/23 16:55,94.315,30,Control
6/11/23 17:00,93.96,30,Control
6/11/23 17:05,93.909,30,Control
6/11/23 17:10,94.269,30,Control
6/11/23 17:15,94.319,30,Control
6/11/23 17:20,93.998,30,Control
6/11/23 17:25,93.951,30,Control
6/11/23 17:30,94.37,30,Control
6/11/23 17:35,94.402,30,Control
6/11/23 17:40,94.226,30,Control
6/11/23 17:45,94.367,30,Control
6/11/23 17:50,94.129,30,Control
6/11/23 17:55,94.214,30,Control
6/11/23 18:00,94.341,30,Control
6/11/23 18:05,94.196,30,Control
6/11/23 18:10,94.136,30,Control
6/11/23 18:15,94.172,30,Control
6/11/23 18:20,94.225,30,Control
6/11/23 18:25,94.084,30,Control
6/11/23 18:30,94.057,30,Control
6/11/23 18:35,94.064,30,Control
6/11/23 18:40,93.944,30,Control
6/11/23 18:45,93.873,30,Control
6/11/23 18:50,93.971,30,Control
6/11/23 18:55,93.82,30,Control
6/11/23 19:00,93.876,30,Control
6/11/23 19:05,94.462,30,Control
6/11/23 19:10,94.08,30,Control
6/11/23 19:15,93.54,30,Control
6/11/23 19:20,94.033,30,Control
6/11/23 19:25,93.873,30,Control
6/11/23 19:30,94.054,30,Control
6/11/23 19:35,94.057,30,Control
6/11/23 19:40,94.054,30,Control
6/11/23 19:45,94.013,30,Control
6/11/23 19:50,93.929,30,Control
6/11/23 19:55,94.138,30,Control
6/11/23 20:00,94.148,30,Control
6/11/23 20:05,93.955,30,Control
6/11/23 20:10,93.748,30,Control
6/11/23 20:15,94.086,30,Control
6/11/23 20:20,93.981,30,Control
6/11/23 20:25,94.028,30,Control
6/11/23 20:30,94.245,30,Control
6/11/23 20:35,94.014,30,Control
6/11/23 20:40,93.833,30,Control
6/11/23 20:45,93.856,30,Control
6/11/23 20:50,93.925,30,Control
6/11/23 20:55,94.147,30,Control
6/11/23 21:00,93.935,30,Control
6/11/23 21:05,94.166,30,Control
6/11/23 21:10,94.023,30,Control
6/11/23 21:15,93.758,30,Control
6/11/23 21:20,94.139,30,Control
6/11/23 21:25,94.023,30,Control
6/11/23 21:30,93.921,30,Control
6/11/23 21:35,93.982,30,Control
6/11/23 21:40,93.808,30,Control
6/11/23 21:45,94.043,30,Control
6/11/23 21:50,94.227,30,Control
6/11/23 21:55,94.097,30,Control
6/11/23 22:00,94.351,30,Control
6/11/23 22:05,93.938,30,Control
6/11/23 22:10,93.9,30,Control
6/11/23 22:15,94.114,30,Control
6/11/23 22:20,94.109,30,Control
6/11/23 22:25,94.023,30,Control
6/11/23 22:30,94.097,30,Control
6/11/23 22:35,93.915,30,Control
6/11/23 22:40,93.793,30,Control
6/11/23 22:45,93.69,30,Control
6/11/23 22:50,94.297,30,Control
6/11/23 22:55,93.963,30,Control
6/11/23 23:00,93.875,30,Control
6/11/23 23:05,94.035,30,Control
6/11/23 23:10,94.081,30,Control
6/11/23 23:15,94.276,30,Control
6/11/23 23:20,94.044,30,Control
6/11/23 23:25,94.203,30,Control
6/11/23 23:30,94.276,30,Control
6/11/23 23:35,94.13,30,Control
6/11/23 23:40,94.224,30,Control
6/11/23 23:45,93.851,30,Control
6/11/23 23:50,94.13,30,Control
6/11/23 23:55,94.142,30,Control
6/12/23,93.911,30,Control