plot,species,doy,year,f_avg_hr,f_roll_hr
Control,Beech,1,2023,0.316926195,NA
Control,Beech,2,2023,0.161292502,NA
Control,Beech,3,2023,0.107535828,NA
Control,Beech,4,2023,0.293879837,NA
Control,Beech,5,2023,0.034859151,0.12964913
Control,Beech,6,2023,0.0452427,0.11120508
Control,Beech,7,2023,0.066249508,0.100455529
Control,Beech,8,2023,0.137863358,0.092404083
Control,Beech,9,2023,0.052836459,0.0667486
Control,Beech,10,2023,0.079805764,0.076384584
Control,Beech,11,2023,0.132485694,0.087430424
Control,Beech,12,2023,0.053796994,0.084554441
Control,Beech,13,2023,0.027021366,0.080221093
Control,Beech,14,2023,0.037325,0.243436303
Control,Beech,15,2023,0.131218992,0.238972036
Control,Beech,16,2023,0.155701107,0.232010701
Control,Beech,17,2023,0.037489676,0.239600806
Control,Beech,18,2023,0.094529879,0.239446137
Control,Beech,19,2023,1.684988552,0.249592888
Control,Beech,20,2023,0.0351631,0.273508831
Control,Beech,21,2023,0.06287234,0.316001684
Control,Beech,22,2023,0.12969805,0.321419463
Control,Beech,23,2023,0.025474672,0.330576158
Control,Beech,24,2023,0.138792514,0.170922102
Control,Beech,25,2023,0.370378419,0.176812698
Control,Beech,26,2023,0.580629636,0.179625056
Control,Beech,27,2023,0.091667465,0.173854654
Control,Beech,28,2023,0.186096832,0.226310302
Control,Beech,29,2023,0.088447992,0.220774718
Control,Beech,30,2023,0.09406906,0.187385452
Control,Beech,31,2023,0.090995917,0.147123305
Control,Beech,32,2023,0.071994035,0.152986384
Control,Beech,33,2023,0.550031146,0.14073556
Control,Beech,34,2023,0.08343668,0.146021058
Control,Beech,35,2023,0.036485756,0.36794014
Control,Beech,37,2023,0.178008166,0.603697561
Control,Beech,38,2023,0.150298256,0.606978732
Control,Beech,39,2023,0.063588587,0.558025752
Control,Beech,40,2023,0.141302974,0.571577518
Control,Beech,41,2023,2.313259879,0.575127723
Control,Beech,42,2023,2.448570133,0.600231151
Control,Beech,43,2023,0.104805744,0.589814728
Control,Beech,44,2023,0.060501344,0.604309593
Control,Beech,45,2023,0.218954336,0.600854627
Control,Beech,46,2023,0.071987809,0.375858587
Control,Beech,47,2023,0.429042447,0.136967094
Control,Beech,48,2023,0.046134031,0.235054316
Control,Beech,49,2023,0.20853723,0.239300198
Control,Beech,50,2023,0.106753315,0.33463958
Control,Beech,51,2023,0.063299485,0.336116635
Control,Beech,52,2023,0.059655197,0.299192734
Control,Beech,53,2023,1.085677966,0.307647138
Control,Beech,54,2023,0.102960166,0.289882479
Control,Beech,55,2023,1.172348157,0.295599975
Control,Beech,56,2023,0.086758356,0.300139024
Control,Beech,57,2023,0.059803434,0.300845141
Control,Beech,58,2023,0.130678069,0.426894704
Control,Beech,59,2023,0.030890647,0.439854823
Control,Beech,60,2023,0.163928275,0.343466565
Control,Beech,61,2023,0.108689967,0.349963612
Control,Beech,62,2023,0.066716375,0.360046111
Control,Beech,63,2023,2.34617359,0.356875066
Control,Beech,64,2023,0.232561358,0.365034239
Control,Beech,65,2023,0.208465574,0.357234279
Control,Beech,66,2023,0.151728833,0.357995451
Control,Beech,67,2023,0.160628424,0.358704072
Control,Beech,68,2023,0.098967622,0.136851834
Control,Beech,69,2023,0.112482367,0.130929327
Control,Beech,70,2023,0.085928678,0.12715975
Control,Beech,71,2023,0.116301685,0.117429422
Control,Beech,72,2023,0.073802591,0.112392597
Control,Beech,73,2023,0.127651209,0.11639297
Control,Beech,74,2023,0.173336288,0.122776234
Control,Beech,75,2023,0.170769804,0.129086176
Control,Beech,76,2023,0.054425551,0.131695706
Control,Beech,77,2023,0.110260176,0.133824971
Control,Beech,78,2023,0.138971353,0.131840553
Control,Beech,79,2023,0.176314999,0.11976896
Control,Beech,80,2023,0.149028099,0.106658895
Control,Beech,81,2023,0.142396986,0.113076483
Control,Beech,82,2023,0.09509524,0.122268097
Control,Beech,83,2023,0.107807028,0.122855168
Control,Beech,84,2023,0.052620361,0.117189534
Control,Beech,85,2023,0.039669159,0.111201432
Control,Beech,86,2023,0.118601425,0.111368025
Control,Beech,87,2023,0.202176324,0.117889767
Control,Beech,88,2023,0.144842055,0.141749124
Control,Beech,89,2023,0.119658664,0.194587205
Control,Beech,90,2023,0.08914708,0.266926791
Control,Beech,91,2023,0.144062914,0.432353634
Control,Beech,92,2023,0.160312664,0.439228571
Control,Beech,93,2023,0.346400595,0.467914869
Control,Beech,94,2023,0.581001169,0.514004646
Control,Beech,95,2023,0.763065016,0.626835958
Control,Beech,96,2023,1.772869861,0.837267074
Control,Beech,97,2023,0.270925692,1.113074048
Control,Beech,98,2023,0.431705036,1.425503044
Control,Beech,99,2023,0.580556429,1.672339439
Control,Beech,100,2023,1.217460203,1.807124981
Control,Beech,101,2023,2.248374075,1.954318145
Control,Beech,102,2023,2.918382402,2.230473702
Control,Beech,103,2023,3.470690559,2.568334461
Control,Beech,104,2023,3.049365121,2.93260794
Control,Beech,105,2023,2.110920429,3.168229121
Control,Beech,106,2023,3.244801503,3.304116079
Control,Beech,107,2023,3.032481263,3.297648612
Control,Beech,108,2023,3.810312624,3.222132924
Control,Beech,109,2023,4.223291219,3.244824139
Control,Beech,110,2023,3.57367202,3.312908601
Control,Beech,111,2023,3.607243656,3.300178123
Control,Beech,112,2023,2.853707723,3.282987563
Control,Beech,113,2023,2.715533681,2.918610115
Control,Beech,114,2023,3.276277271,2.589277739
Control,Beech,115,2023,2.791765052,2.2368618
Control,Beech,116,2023,3.117496723,2.148145395
Control,Beech,117,2023,2.860575664,1.987192933
Control,Beech,118,2023,0.166538144,1.912370085
Control,Beech,119,2023,0.929967459,1.864037794
Control,Beech,120,2023,0.049512627,1.832538401
Control,Beech,121,2023,2.720079601,1.860874355
Control,Beech,122,2023,1.244183112,1.88460946
Control,Beech,123,2023,1.967305201,2.265182976
Control,Beech,124,2023,2.792954355,2.347381473
Control,Beech,125,2023,2.476771125,2.711797161
Control,Beech,126,2023,3.400856259,2.792744281
Control,Beech,127,2023,3.097926721,3.034722676
Control,Beech,128,2023,3.972273296,3.027139747
Control,Beech,129,2023,1.751952429,3.114081567
Control,Beech,130,2023,3.693669512,3.237090709
Control,Beech,131,2023,3.529550804,3.235523974
Control,Beech,132,2023,3.663967059,3.296493716
Control,Beech,133,2023,1.891475912,3.238545876
Control,Beech,134,2023,3.662372551,3.421595808
Control,Beech,135,2023,3.706862551,3.310131511
Control,Beech,136,2023,3.385188907,3.350107479
Control,Beech,137,2023,3.707624135,3.386832798
Control,Beech,138,2023,3.392794895,3.595157498
Control,Beech,139,2023,3.582451754,3.594671019
Control,Beech,140,2023,2.579026538,3.557149505
Control,Beech,141,2023,3.929310485,3.62582131
Control,Beech,142,2023,4.031220255,3.656099603
Control,Beech,143,2023,3.974722905,3.679196846
Control,Beech,144,2023,3.657507761,3.44779109
Control,Beech,145,2023,3.331647414,3.518502129
Control,Beech,146,2023,4.071906957,3.521852301
Control,Beech,147,2023,4.010407068,3.524823984
Control,Beech,148,2023,3.623767327,3.553441537
Control,Beech,149,2023,1.268394187,3.597992714
Control,Beech,150,2023,3.286136935,3.639836871
Control,Beech,151,2023,3.962812205,3.622471741
Control,Beech,152,2023,4.060937085,3.660172411
Control,Beech,153,2023,4.26089843,3.688872904
Control,Beech,154,2023,4.103019529,3.933034095
Control,Beech,155,2023,3.75008899,3.962126387
Control,Beech,156,2023,3.89825565,3.994030895
Control,Beech,157,2023,4.387413777,3.953970687
Control,Beech,158,2023,3.910772249,3.668874785
Control,Beech,159,2023,3.710006097,3.588549361
Control,Beech,160,2023,3.57705986,3.538069529
Control,Beech,161,2023,4.281857285,3.55000402
Control,Beech,162,2023,3.660334998,3.461576308
Control,Beech,163,2023,1.409939417,3.503848134
Control,Beech,164,2023,3.299765282,3.530537352
Control,Beech,165,2023,3.245290672,3.547223517
Control,Beech,166,2023,4.017600561,3.378888126
Control,Beech,167,2023,3.503136657,3.042804825
Control,Beech,168,2023,4.333490509,2.985824993
Control,Beech,169,2023,3.976898275,2.686437354
Control,Beech,170,2023,3.743921515,2.625027735
Control,Beech,171,2023,2.598503378,2.592248988
Control,Beech,172,2023,0.29950198,2.622601694
Control,Beech,173,2023,0.840141102,2.559100855
Control,Beech,174,2023,0.305888887,2.506064407
Control,Beech,175,2023,2.631194485,2.579334657
Control,Beech,176,2023,3.689813091,2.73763459
Control,Beech,177,2023,3.806663716,3.027320954
Control,Beech,178,2023,3.698482124,3.241867967
Control,Beech,179,2023,3.446533789,3.610977034
Control,Beech,180,2023,4.476624022,3.797379129
Control,Beech,181,2023,4.1815027,3.8804784
Control,Beech,182,2023,3.196365624,3.867816782
Control,Beech,183,2023,2.985611234,3.792987899
Control,Beech,184,2023,3.996979556,3.840272409
Control,Beech,185,2023,4.495215435,3.645761767
Control,Beech,186,2023,4.520805804,3.634309919
Control,Beech,187,2023,3.68004753,3.773112387
Control,Beech,188,2023,2.950193297,3.927168388
Control,Beech,189,2023,3.919378884,3.998855748
Control,Beech,190,2023,2.531517608,3.92065537
Control,Beech,191,2023,4.066984216,3.862194967
Control,Beech,192,2023,4.584390304,3.535005558
Control,Beech,193,2023,4.526171242,3.631927248
Control,Beech,194,2023,4.713853161,3.646843253
Control,Beech,195,2023,3.71321165,3.688060987
Control,Beech,196,2023,3.93620178,3.69890827
Control,Beech,197,2023,0.408153442,3.706074824
Control,Beech,198,2023,3.919410193,3.636650323
Control,Beech,199,2023,4.068538931,3.594728295
Control,Beech,200,2023,2.943694951,3.572176587
Control,Beech,201,2023,4.17545705,3.411631704
Control,Beech,202,2023,4.656055838,3.784971812
Control,Beech,203,2023,3.831926236,3.859816042
Control,Beech,204,2023,4.294632879,3.869563692
Control,Beech,205,2023,3.487694569,4.006047429
Control,Beech,206,2023,2.33075295,4.049569771
Control,Beech,207,2023,4.141554519,4.006491058
Control,Beech,208,2023,4.667852501,4.011409055
Control,Beech,209,2023,4.166015429,3.973420328
Control,Beech,210,2023,4.308532323,3.87426965
Control,Beech,211,2023,4.610680463,3.878296352
Control,Beech,212,2023,4.225268708,3.841319581
Control,Beech,213,2023,3.881106213,3.791091723
Control,Beech,214,2023,3.914745607,3.762161583
Control,Beech,215,2023,2.496187791,3.715500152
Control,Beech,216,2023,2.371019964,3.601116207
Control,Beech,217,2023,3.771786806,3.3913527
Control,Beech,218,2023,4.165573926,3.410890418
Control,Beech,219,2023,3.876714032,3.370877309
Control,Beech,220,2023,3.841918014,3.493452244
Control,Beech,221,2023,3.466841009,3.650462468
Control,Beech,222,2023,2.127633633,3.537196993
Control,Beech,223,2023,4.076483401,3.488475042
Control,Beech,224,2023,3.514614513,3.45309556
Control,Beech,225,2023,3.721937138,3.424499346
Control,Beech,226,2023,3.94112221,3.458795289
Control,Beech,227,2023,2.639132056,3.618027514
Control,Beech,228,2023,3.678354414,3.569352898
Control,Beech,229,2023,3.522919216,3.554896544
Control,Beech,230,2023,3.555955872,3.543601663
Control,Beech,231,2023,3.809800437,3.387506324
Control,Beech,232,2023,3.719955884,3.467131764
Control,Beech,233,2023,3.589737244,3.419052864
Control,Beech,234,2023,3.370050974,3.438451726
Control,Beech,235,2023,3.608988323,3.220810778
Control,Beech,236,2023,2.38016882,3.019577559
Control,Beech,237,2023,3.435386452,3.00126229
Control,Beech,238,2023,3.197565414,2.939591949
Control,Beech,239,2023,3.716907843,2.922444421
Control,Beech,240,2023,1.379546392,2.889994472
Control,Beech,241,2023,1.79746824,3.066646615
Control,Beech,242,2023,3.536803196,3.076429031
Control,Beech,243,2023,2.97303384,3.079375356
Control,Beech,244,2023,3.198575693,3.046455181
Control,Beech,245,2023,3.284488832,3.248369302
Control,Beech,246,2023,4.146690246,3.379682879
Control,Beech,247,2023,3.533210616,3.193906496
Control,Beech,248,2023,3.227028665,3.016353833
Control,Beech,249,2023,3.387706092,2.894486889
Control,Beech,250,2023,3.398687597,2.845819341
Control,Beech,251,2023,3.11060401,2.739787895
Control,Beech,252,2023,1.67903937,2.70404555
Control,Beech,253,2023,1.19750721,2.653070383
Control,Beech,254,2023,1.979906249,2.641269052
Control,Beech,255,2023,2.79781335,2.50955196
Control,Beech,256,2023,3.086375787,2.376166879
Control,Beech,257,2023,3.175787171,2.521053695
Control,Beech,258,2023,2.717276996,2.707518221
Control,Beech,259,2023,3.26969278,2.813365707
Control,Beech,260,2023,2.081516677,2.757831547
Control,Beech,261,2023,1.776753203,2.467098433
Control,Beech,262,2023,3.127907523,2.197014493
Control,Beech,263,2023,3.062152475,2.102639407
Control,Beech,264,2023,3.038381107,1.796822455
Control,Beech,265,2023,2.242471748,1.784145127
Control,Beech,266,2023,0.179044649,1.762456592
Control,Beech,267,2023,0.474947775,1.5656966
Control,Beech,268,2023,1.773526136,1.473556529
Control,Beech,269,2023,0.211523262,1.531359825
Control,Beech,270,2023,1.954743389,1.647207247
Control,Beech,271,2023,1.559867857,1.92495182
Control,Beech,272,2023,1.160307607,2.210208935
Control,Beech,273,2023,2.14075176,2.344904504
Control,Beech,274,2023,3.616414071,2.498060566
Control,Beech,275,2023,3.40094596,2.40524533
Control,Beech,276,2023,2.956490378,2.548573429
Control,Beech,277,2023,3.327518931,2.715147402
Control,Beech,278,2023,3.120481825,2.794237564
Control,Beech,279,2023,1.743083884,2.752550595
Control,Beech,280,2023,1.026591027,2.708355598
Control,Beech,281,2023,2.993148843,2.650852594
Control,Beech,282,2023,2.826047342,2.325709744
Control,Beech,283,2023,2.93165338,2.215999054
Control,Beech,284,2023,3.199544379,2.273868363
Control,Beech,285,2023,2.95899599,2.351328295
Control,Beech,286,2023,2.381460341,2.320573412
Control,Beech,287,2023,0.076090425,2.27314748
Control,Beech,288,2023,2.023374928,2.198781297
Control,Beech,289,2023,2.321776974,2.081032834
Control,Beech,290,2023,1.801190346,2.01834109
Control,Beech,291,2023,2.685600019,1.967142432
Control,Beech,292,2023,2.351788019,2.159782682
Control,Beech,293,2023,2.187991546,2.198580036
Control,Beech,294,2023,2.022059751,2.171716908
Control,Beech,295,2023,2.332078549,2.223472136
Control,Beech,296,2023,1.869473766,2.175828153
Control,Beech,297,2023,2.002492923,2.033507506
Control,Beech,298,2023,2.411348463,1.972623486
Control,Beech,299,2023,2.053145699,1.818711237
Control,Beech,300,2023,2.318742627,1.65615691
Control,Beech,301,2023,2.209160187,1.52458781
Control,Beech,302,2023,0.92858155,1.422881854
Control,Beech,303,2023,1.579151347,1.273361753
Control,Beech,304,2023,0.482937259,1.200570254
Control,Beech,305,2023,0.706535279,1.012560858
Control,Beech,306,2023,0.553782769,0.871260221
Control,Beech,307,2023,0.985433363,0.79847437
Control,Beech,308,2023,0.916147451,0.668099879
Control,Beech,309,2023,1.325230705,0.629332908
Control,Beech,310,2023,0.438648667,0.569734621
Control,Beech,311,2023,0.796153814,0.534915231
Control,Beech,312,2023,0.20072304,0.456970668
Control,Beech,313,2023,0.275406438,0.378313463
Control,Beech,314,2023,0.095267557,0.279947944
Control,Beech,315,2023,0.110552409,0.258588454
Control,Beech,316,2023,0.205588863,0.199233529
Control,Beech,317,2023,0.205987735,0.188534532
Control,Beech,318,2023,0.129575402,0.201855825
Control,Beech,319,2023,0.341575513,0.206671907
Control,Beech,320,2023,0.225053769,0.214460931
Control,Beech,321,2023,0.202604564,0.203013625
Control,Beech,322,2023,0.09373307,0.192472651
Control,Beech,323,2023,0.408619365,0.197231117
Control,Beech,324,2023,0.143428379,0.18664941
Control,Beech,325,2023,0.188442647,0.179840975
Control,Beech,326,2023,0.091115803,0.167958785
Control,Beech,327,2023,0.100577998,0.187430318
Control,Beech,328,2023,0.177160061,0.163460555
Control,Beech,329,2023,0.235758441,0.169873717
Control,Beech,330,2023,0.156969428,0.164828265
Control,Beech,331,2023,0.083782654,0.161172559
Control,Beech,332,2023,0.288448402,0.154498811
Control,Beech,333,2023,0.168921741,0.15623332
Control,Beech,334,2023,0.207559992,0.16671472
Control,Beech,335,2023,0.137988128,0.160299946
Control,Beech,336,2023,0.054558744,0.176300917
Control,Beech,337,2023,0.033840521,0.242467641
Control,Beech,338,2023,0.19450515,0.392210911
Control,Beech,339,2023,0.340572436,0.381192559
Control,Beech,340,2023,0.092821692,0.387202623
Control,Beech,341,2023,0.243792362,0.410171346
Control,Beech,342,2023,0.950115644,0.44454934
Control,Beech,343,2023,1.666354446,0.445490612
Control,Beech,344,2023,0.097376465,0.458131205
Control,Beech,345,2023,0.198088775,0.49118682
Control,Beech,346,2023,0.284245974,0.512528151
Control,Beech,347,2023,0.377620454,0.849967945
Control,Beech,348,2023,0.20391787,0.696379652
Control,Beech,349,2023,0.466978371,0.712359095
Control,Beech,350,2023,0.423377845,0.719841676
Control,Beech,351,2023,0.457205666,0.696505034
Control,Beech,352,2023,4.324513589,0.689353281
Control,Beech,353,2023,0.130471515,0.698039055
Control,Beech,354,2023,0.257170896,0.671546871
Control,Beech,355,2023,0.272914582,0.660067775
Control,Beech,356,2023,0.050879551,0.621514373
Control,Beech,357,2023,0.306102925,0.190153221
Control,Beech,358,2023,0.290775607,0.191526048
Control,Beech,359,2023,0.202056532,0.174857486
Control,Beech,360,2023,0.308586887,0.395202541
Control,Beech,361,2023,0.071671642,NA
Control,Beech,362,2023,0.010902069,NA
Control,Beech,363,2023,0.144199793,NA
Control,Beech,364,2023,0.090485271,NA
Control,Beech,365,2023,2.476365131,NA
Control,Red Maple,1,2023,0.211660665,NA
Control,Red Maple,2,2023,0.041557167,NA
Control,Red Maple,3,2023,0.060803348,NA
Control,Red Maple,4,2023,0.014961751,NA
Control,Red Maple,5,2023,0.034065337,0.07433365
Control,Red Maple,6,2023,0.056068911,0.096194838
Control,Red Maple,7,2023,0.057694999,0.094474218
Control,Red Maple,8,2023,0.101065375,0.104837424
Control,Red Maple,9,2023,0.105474283,0.106974047
Control,Red Maple,10,2023,0.059984669,0.134446538
Control,Red Maple,11,2023,0.430272538,0.165009921
Control,Red Maple,12,2023,0.024350968,0.160990891
Control,Red Maple,13,2023,0.164435407,0.160978577
Control,Red Maple,14,2023,0.036327983,0.155953167
Control,Red Maple,15,2023,0.308790251,0.162733301
Control,Red Maple,16,2023,0.361702741,0.126861599
Control,Red Maple,17,2023,0.017504698,0.146154533
Control,Red Maple,18,2023,0.100942231,0.138534008
Control,Red Maple,19,2023,0.055220185,0.141062808
Control,Red Maple,20,2023,0.127786003,0.128245206
Control,Red Maple,21,2023,0.071555526,0.098598476
Control,Red Maple,22,2023,0.217280299,0.1021556
Control,Red Maple,23,2023,0.088230162,0.101375631
Control,Red Maple,24,2023,0.061615983,0.102088476
Control,Red Maple,25,2023,0.180614227,0.094846419
Control,Red Maple,26,2023,0.065235449,0.202372882
Control,Red Maple,27,2023,0.053075931,0.188680675
Control,Red Maple,28,2023,0.093142547,0.224179437
Control,Red Maple,29,2023,0.062348636,0.230425263
Control,Red Maple,30,2023,0.055365425,0.242701007
Control,Red Maple,31,2023,1.146820156,0.253944716
Control,Red Maple,32,2023,0.080358238,0.279074364
Control,Red Maple,33,2023,0.443217774,0.329193914
Control,Red Maple,34,2023,0.124074245,0.339637084
Control,Red Maple,35,2023,0.303371673,0.345017111
Control,Red Maple,36,2023,0.177672534,0.241255513
Control,Red Maple,37,2023,0.304372409,0.245396597
Control,Red Maple,38,2023,0.594338052,0.240929175
Control,Red Maple,39,2023,0.166780333,0.238708681
Control,Red Maple,40,2023,0.109165701,0.22756571
Control,Red Maple,41,2023,0.109204176,0.221919107
Control,Red Maple,42,2023,0.121769077,0.197113466
Control,Red Maple,43,2023,0.398543548,0.237205293
Control,Red Maple,44,2023,0.101869303,0.250443094
Control,Red Maple,45,2023,0.191941968,0.255524242
Control,Red Maple,46,2023,0.1212065,0.256623061
Control,Red Maple,47,2023,0.056316001,0.253539682
Control,Red Maple,48,2023,0.995256328,0.229712606
Control,Red Maple,49,2023,0.299158335,0.233379099
Control,Red Maple,50,2023,0.159977181,0.231604642
Control,Red Maple,51,2023,0.120192374,0.232834918
Control,Red Maple,52,2023,0.090935284,0.237565729
Control,Red Maple,53,2023,0.160272786,0.154541351
Control,Red Maple,54,2023,0.13853423,0.183658793
Control,Red Maple,55,2023,0.174197399,0.185579455
Control,Red Maple,56,2023,0.133509259,0.182262292
Control,Red Maple,57,2023,0.103624113,0.192799006
Control,Red Maple,58,2023,0.165012551,0.19055887
Control,Red Maple,59,2023,0.590332754,0.20343365
Control,Red Maple,60,2023,0.179183801,0.211095219
Control,Red Maple,61,2023,0.087020744,0.225314996
Control,Red Maple,62,2023,0.196302418,0.24066054
Control,Red Maple,63,2023,0.137871426,0.245840896
Control,Red Maple,64,2023,0.267282033,0.19553495
Control,Red Maple,65,2023,0.250813087,0.192279437
Control,Red Maple,66,2023,0.275707037,0.191472994
Control,Red Maple,67,2023,0.25707955,0.176642366
Control,Red Maple,68,2023,0.216816111,0.174162343
Control,Red Maple,69,2023,0.087273292,0.167045227
Control,Red Maple,70,2023,0.146628672,0.158586703
Control,Red Maple,71,2023,0.078956313,0.139773688
Control,Red Maple,72,2023,0.047996136,0.124332563
Control,Red Maple,73,2023,0.113071201,0.115461008
Control,Red Maple,74,2023,0.19611087,0.144277264
Control,Red Maple,75,2023,0.166227852,0.145026642
Control,Red Maple,76,2023,0.087576888,0.151384818
Control,Red Maple,77,2023,0.102668293,0.156669533
Control,Red Maple,78,2023,0.12810056,0.248326714
Control,Red Maple,79,2023,0.37543586,0.271611493
Control,Red Maple,80,2023,0.154122448,0.263931464
Control,Red Maple,81,2023,0.142538076,0.261339997
Control,Red Maple,82,2023,0.100843282,0.269961922
Control,Red Maple,83,2023,1.029643013,0.271216983
Control,Red Maple,84,2023,0.428958657,0.247342537
Control,Red Maple,85,2023,0.089427568,0.246291708
Control,Red Maple,86,2023,0.06166221,0.275030381
Control,Red Maple,87,2023,0.188887549,0.277395188
Control,Red Maple,88,2023,0.140651164,0.188574943
Control,Red Maple,89,2023,0.1366914,0.155844563
Control,Red Maple,90,2023,0.143614166,0.159374122
Control,Red Maple,91,2023,0.429924808,0.164729506
Control,Red Maple,92,2023,0.124491351,0.149418372
Control,Red Maple,93,2023,0.141440557,0.154932839
Control,Red Maple,94,2023,0.101654864,0.159604363
Control,Red Maple,95,2023,0.124723152,0.159379808
Control,Red Maple,96,2023,0.115216054,0.130560996
Control,Red Maple,97,2023,0.035776201,0.139328469
Control,Red Maple,98,2023,0.195795834,0.147820685
Control,Red Maple,99,2023,0.183406644,0.161952782
Control,Red Maple,100,2023,0.141368611,0.236016611
Control,Red Maple,101,2023,0.141736688,0.261356839
Control,Red Maple,102,2023,0.212166088,0.296584223
Control,Red Maple,103,2023,0.226362716,0.350004179
Control,Red Maple,104,2023,0.242975834,0.419455217
Control,Red Maple,105,2023,0.86536144,0.517619681
Control,Red Maple,106,2023,0.36861833,0.632087882
Control,Red Maple,107,2023,0.388050049,0.722926177
Control,Red Maple,108,2023,0.729995389,0.770673957
Control,Red Maple,109,2023,0.877917021,0.851485119
Control,Red Maple,110,2023,1.123013253,0.865414321
Control,Red Maple,111,2023,1.2864187,0.939749138
Control,Red Maple,112,2023,1.120549039,1.011892877
Control,Red Maple,113,2023,0.703840516,1.174879048
Control,Red Maple,114,2023,1.051087451,1.107740362
Control,Red Maple,115,2023,1.004653457,1.127334095
Control,Red Maple,116,2023,1.111966506,1.080655537
Control,Red Maple,117,2023,1.109487438,0.996952617
Control,Red Maple,118,2023,2.359857099,0.99668178
Control,Red Maple,119,2023,0.206530164,0.980972795
Control,Red Maple,120,2023,1.31895058,0.989716928
Control,Red Maple,121,2023,0.819633115,1.01644053
Control,Red Maple,122,2023,0.283519839,1.028312676
Control,Red Maple,123,2023,0.701132146,0.982740816
Control,Red Maple,124,2023,0.893997601,1.014667355
Control,Red Maple,125,2023,1.092094792,1.045830519
Control,Red Maple,126,2023,1.379202524,1.128138585
Control,Red Maple,127,2023,1.2282089,1.271452328
Control,Red Maple,128,2023,1.904138501,1.27604137
Control,Red Maple,129,2023,0.525795556,1.339261605
Control,Red Maple,130,2023,1.630582211,1.386917427
Control,Red Maple,131,2023,1.642713777,1.418438527
Control,Red Maple,132,2023,1.716657269,1.473892144
Control,Red Maple,133,2023,0.747022568,1.410296379
Control,Red Maple,134,2023,1.526199957,1.519454892
Control,Red Maple,135,2023,1.56865301,1.411996986
Control,Red Maple,136,2023,1.694413522,1.453819702
Control,Red Maple,137,2023,1.782745067,1.516782281
Control,Red Maple,138,2023,1.268180856,1.605622582
Control,Red Maple,139,2023,1.617380687,1.64973176
Control,Red Maple,140,2023,0.556003147,1.627511075
Control,Red Maple,141,2023,2.060940938,1.645705124
Control,Red Maple,142,2023,2.34628306,1.678576235
Control,Red Maple,143,2023,1.635425572,1.694007776
Control,Red Maple,144,2023,1.967291741,1.600465484
Control,Red Maple,145,2023,1.346446158,1.631020352
Control,Red Maple,146,2023,1.876354011,1.645625916
Control,Red Maple,147,2023,2.111456176,1.62768488
Control,Red Maple,148,2023,1.422496269,1.715079691
Control,Red Maple,149,2023,0.681957762,1.72635056
Control,Red Maple,150,2023,0.861551832,1.741110045
Control,Red Maple,151,2023,2.206996577,1.73190325
Control,Red Maple,152,2023,2.166872699,1.757808578
Control,Red Maple,153,2023,2.509373684,1.823909139
Control,Red Maple,154,2023,2.080000431,1.957581524
Control,Red Maple,155,2023,1.494041011,2.05233493
Control,Red Maple,156,2023,1.784286062,2.070024259
Control,Red Maple,157,2023,2.370509458,2.059985044
Control,Red Maple,158,2023,2.083501879,1.832390569
Control,Red Maple,159,2023,2.018681607,1.78546348
Control,Red Maple,160,2023,1.809085893,1.732818667
Control,Red Maple,161,2023,2.383889861,1.770169513
Control,Red Maple,162,2023,2.066480556,1.701532814
Control,Red Maple,163,2023,0.233428931,1.709623841
Control,Red Maple,164,2023,1.610729541,1.721503416
Control,Red Maple,165,2023,0.967592884,1.713933058
Control,Red Maple,166,2023,2.157794522,1.566745916
Control,Red Maple,167,2023,1.684142471,1.471699572
Control,Red Maple,168,2023,2.16441214,1.552524542
Control,Red Maple,169,2023,2.137477362,1.498933792
Control,Red Maple,170,2023,1.733382311,1.47968189
Control,Red Maple,171,2023,0.912018447,1.422540753
Control,Red Maple,172,2023,1.116017111,1.385689315
Control,Red Maple,173,2023,1.041678633,1.34769318
Control,Red Maple,174,2023,1.074822041,1.33111069
Control,Red Maple,175,2023,0.775073865,1.368414678
Control,Red Maple,176,2023,1.586383148,1.472792359
Control,Red Maple,177,2023,1.315628095,1.526082257
Control,Red Maple,178,2023,1.784450787,1.550779526
Control,Red Maple,179,2023,1.971652459,1.653378311
Control,Red Maple,180,2023,2.106422191,1.791333093
Control,Red Maple,181,2023,1.955795258,1.832732565
Control,Red Maple,182,2023,1.64891609,1.868849143
Control,Red Maple,183,2023,1.28865133,1.834649376
Control,Red Maple,184,2023,2.10080989,1.836527627
Control,Red Maple,185,2023,2.154621677,1.725286904
Control,Red Maple,186,2023,2.00037787,1.673104495
Control,Red Maple,187,2023,1.676793874,1.715302761
Control,Red Maple,188,2023,1.442453119,1.818497348
Control,Red Maple,189,2023,1.990434967,1.84684799
Control,Red Maple,190,2023,0.994014968,1.83162791
Control,Red Maple,191,2023,1.43397117,1.775356617
Control,Red Maple,192,2023,2.070898748,1.626893029
Control,Red Maple,193,2023,2.320597199,1.668634169
Control,Red Maple,194,2023,2.384316311,1.67201489
Control,Red Maple,195,2023,2.002420874,1.746389121
Control,Red Maple,196,2023,1.437664944,1.77501808
Control,Red Maple,197,2023,0.192157992,1.795675428
Control,Red Maple,198,2023,1.859864515,1.750495897
Control,Red Maple,199,2023,2.024242179,1.719229397
Control,Red Maple,200,2023,1.737757274,1.671054899
Control,Red Maple,201,2023,1.720260764,1.664958612
Control,Red Maple,202,2023,2.277472224,1.812834587
Control,Red Maple,203,2023,1.868801898,1.836784536
Control,Red Maple,204,2023,2.07165131,1.853942149
Control,Red Maple,205,2023,1.520675887,1.908425884
Control,Red Maple,206,2023,1.376702075,1.956360659
Control,Red Maple,207,2023,1.670917745,1.957927137
Control,Red Maple,208,2023,2.099364004,1.964556217
Control,Red Maple,209,2023,2.19581831,1.95645453
Control,Red Maple,210,2023,2.28259462,1.909988218
Control,Red Maple,211,2023,2.19960852,1.813215737
Control,Red Maple,212,2023,2.293136998,1.789277486
Control,Red Maple,213,2023,1.935092703,1.745822979
Control,Red Maple,214,2023,1.990634434,1.671320185
Control,Red Maple,215,2023,1.056012773,1.577846383
Control,Red Maple,216,2023,0.408977258,1.534718591
Control,Red Maple,217,2023,1.431535238,1.365230491
Control,Red Maple,218,2023,1.664818938,1.337383157
Control,Red Maple,219,2023,1.450790365,1.308811552
Control,Red Maple,220,2023,1.347856602,1.38885976
Control,Red Maple,221,2023,1.768330598,1.531446618
Control,Red Maple,222,2023,0.598256001,1.512925258
Control,Red Maple,223,2023,1.656619364,1.47987168
Control,Red Maple,224,2023,1.704918386,1.499551973
Control,Red Maple,225,2023,1.856494846,1.532834961
Control,Red Maple,226,2023,1.834845845,1.53858167
Control,Red Maple,227,2023,1.246321633,1.654963629
Control,Red Maple,228,2023,1.334283159,1.663986712
Control,Red Maple,229,2023,1.647593299,1.637203698
Control,Red Maple,230,2023,1.680686474,1.623284167
Control,Red Maple,231,2023,1.825797696,1.531485123
Control,Red Maple,232,2023,1.762075592,1.5464495
Control,Red Maple,233,2023,1.746850186,1.550053568
Control,Red Maple,234,2023,1.437088248,1.557224276
Control,Red Maple,235,2023,1.717299536,1.425804561
Control,Red Maple,236,2023,0.91685541,1.296100359
Control,Red Maple,237,2023,1.395965404,1.256218799
Control,Red Maple,238,2023,1.370323837,1.213730888
Control,Red Maple,239,2023,1.719300378,1.210187012
Control,Red Maple,240,2023,0.366489323,1.163700113
Control,Red Maple,241,2023,0.528755681,1.221190562
Control,Red Maple,242,2023,1.363259983,1.225149684
Control,Red Maple,243,2023,1.321971082,1.222111854
Control,Red Maple,244,2023,1.401649483,1.182224254
Control,Red Maple,245,2023,1.252430548,1.272442885
Control,Red Maple,246,2023,1.491759905,1.347873698
Control,Red Maple,247,2023,1.43555662,1.29371624
Control,Red Maple,248,2023,1.339945534,1.202576538
Control,Red Maple,249,2023,1.320424378,1.159626329
Control,Red Maple,250,2023,1.268675632,1.138802255
Control,Red Maple,251,2023,1.283063819,1.10811602
Control,Red Maple,252,2023,0.821685394,1.097622936
Control,Red Maple,253,2023,0.410574063,1.072865809
Control,Red Maple,254,2023,0.972147395,1.065144367
Control,Red Maple,255,2023,1.044189809,1.001037789
Control,Red Maple,256,2023,1.184897552,0.95221377
Control,Red Maple,257,2023,1.330625781,0.986618452
Control,Red Maple,258,2023,1.092374265,1.062580864
Control,Red Maple,259,2023,1.243209962,1.083015877
Control,Red Maple,260,2023,0.627609852,1.068137205
Control,Red Maple,261,2023,0.794823625,1.096987456
Control,Red Maple,262,2023,1.165732217,0.974293864
Control,Red Maple,263,2023,1.170198184,0.903434247
Control,Red Maple,264,2023,1.176497526,0.80028212
Control,Red Maple,265,2023,0.895403082,0.809255027
Control,Red Maple,266,2023,1.473400067,0.760121976
Control,Red Maple,267,2023,0.103689857,0.660976466
Control,Red Maple,268,2023,0.383778102,0.597978714
Control,Red Maple,269,2023,0.211688684,0.616410301
Control,Red Maple,270,2023,0.717338927,0.66741628
Control,Red Maple,271,2023,0.303493114,0.637484916
Control,Red Maple,272,2023,0.174277117,0.770172789
Control,Red Maple,273,2023,0.540220667,0.879820151
Control,Red Maple,274,2023,1.360813397,0.941655823
Control,Red Maple,275,2023,1.405462871,0.892753305
Control,Red Maple,276,2023,1.174086427,0.970974781
Control,Red Maple,277,2023,1.430568579,1.070653166
Control,Red Maple,278,2023,1.480251722,1.151156632
Control,Red Maple,279,2023,0.83004541,1.156789059
Control,Red Maple,280,2023,0.228313741,1.145642108
Control,Red Maple,281,2023,1.08570788,1.146318259
Control,Red Maple,282,2023,1.171060966,1.024936131
Control,Red Maple,283,2023,1.345255328,0.968962064
Control,Red Maple,284,2023,1.417137669,0.980372867
Control,Red Maple,285,2023,1.293993358,1.029554494
Control,Red Maple,286,2023,1.180847933,1.034262096
Control,Red Maple,287,2023,0.216747304,1.017683281
Control,Red Maple,288,2023,0.920511051,0.96521178
Control,Red Maple,289,2023,0.944153446,0.902132775
Control,Red Maple,290,2023,0.720130003,0.862380009
Control,Red Maple,291,2023,1.132783899,0.813071843
Control,Red Maple,292,2023,1.005272822,0.87568036
Control,Red Maple,293,2023,0.820540321,0.869320227
Control,Red Maple,294,2023,0.786347617,0.842721698
Control,Red Maple,295,2023,0.896465693,0.82811822
Control,Red Maple,296,2023,0.687766279,0.769782201
Control,Red Maple,297,2023,0.842832473,0.690093262
Control,Red Maple,298,2023,0.856909721,0.649915633
Control,Red Maple,299,2023,0.678168155,0.585861747
Control,Red Maple,300,2023,0.574095225,0.516710204
Control,Red Maple,301,2023,0.549423702,0.463530998
Control,Red Maple,302,2023,0.208383439,0.395404013
Control,Red Maple,303,2023,0.418764025,0.325886932
Control,Red Maple,304,2023,0.145808762,0.285967442
Control,Red Maple,305,2023,0.204950262,0.233942335
Control,Red Maple,306,2023,0.15597422,0.181792594
Control,Red Maple,307,2023,0.161562617,0.167997007
Control,Red Maple,308,2023,0.161738917,0.129084733
Control,Red Maple,309,2023,0.278973249,0.119506334
Control,Red Maple,310,2023,0.053844152,0.108243352
Control,Red Maple,311,2023,0.027926298,0.099620606
Control,Red Maple,312,2023,0.07042757,0.094361933
Control,Red Maple,313,2023,0.029641281,0.090880096
Control,Red Maple,314,2023,0.050024777,0.073753622
Control,Red Maple,315,2023,0.092320442,0.078121512
Control,Red Maple,316,2023,0.069746761,0.081836689
Control,Red Maple,317,2023,0.10897588,0.083725037
Control,Red Maple,318,2023,0.126920553,0.09470341
Control,Red Maple,319,2023,0.107708508,0.097604701
Control,Red Maple,320,2023,0.097523054,0.145269296
Control,Red Maple,321,2023,0.065078063,0.139896781
Control,Red Maple,322,2023,0.089311052,0.132927404
Control,Red Maple,323,2023,0.139425004,0.12746392
Control,Red Maple,324,2023,0.079037695,0.118892067
Control,Red Maple,325,2023,0.568966392,0.114777302
Control,Red Maple,326,2023,0.01602161,0.113749549
Control,Red Maple,327,2023,0.039282109,0.117557974
Control,Red Maple,328,2023,0.072285717,0.110200194
Control,Red Maple,329,2023,0.021989973,0.136874707
Control,Red Maple,330,2023,0.056375405,0.08089213
Control,Red Maple,331,2023,0.054800534,0.079850303
Control,Red Maple,332,2023,0.127395297,0.129404123
Control,Red Maple,333,2023,0.065847209,0.435587729
Control,Red Maple,334,2023,0.345782827,0.446558263
Control,Red Maple,335,2023,0.009140624,0.449838039
Control,Red Maple,336,2023,0.005603338,0.45770848
Control,Red Maple,337,2023,0.534820303,0.45088082
Control,Red Maple,338,2023,3.134121785,0.451950447
Control,Red Maple,339,2023,0.131695311,0.422159171
Control,Red Maple,340,2023,0.089173162,0.518659408
Control,Red Maple,341,2023,0.133504946,0.550849449
Control,Red Maple,342,2023,0.059118694,0.511564236
Control,Red Maple,343,2023,0.076543478,0.235619812
Control,Red Maple,344,2023,0.047870067,0.252333975
Control,Red Maple,345,2023,0.974143,0.253050694
Control,Red Maple,346,2023,0.32750374,0.245731922
Control,Red Maple,347,2023,0.141968181,0.249336408
Control,Red Maple,348,2023,0.374677541,0.293833733
Control,Red Maple,349,2023,0.298836936,0.342766325
Control,Red Maple,350,2023,0.096340353,0.250451825
Control,Red Maple,351,2023,0.060317228,0.219855769
Control,Red Maple,353,2023,0.095163552,0.209027849
Control,Red Maple,354,2023,0.521516732,0.176437446
Control,Red Maple,355,2023,0.53719599,0.152976811
Control,Red Maple,356,2023,0.050997998,0.169960514
Control,Red Maple,357,2023,0.021543184,0.165223267
Control,Red Maple,358,2023,0.033688976,0.158116629
Control,Red Maple,359,2023,0.048773513,0.109625116
Control,Red Maple,360,2023,0.064230581,0.059966167
Control,Red Maple,361,2023,0.266177388,NA
Control,Red Maple,362,2023,0.012944761,NA
Control,Red Maple,363,2023,0.024097172,NA
Control,Red Maple,364,2023,0.0366016,NA
Control,Red Maple,365,2023,0.0406065,NA
Control,Tulip Poplar,1,2023,0.398757079,NA
Control,Tulip Poplar,2,2023,0.122991365,NA
Control,Tulip Poplar,3,2023,0.076025837,NA
Control,Tulip Poplar,4,2023,0.798442209,NA
Control,Tulip Poplar,5,2023,2.345679323,0.4001847
Control,Tulip Poplar,6,2023,0.020493833,0.415129231
Control,Tulip Poplar,7,2023,0.043383055,0.406681312
Control,Tulip Poplar,8,2023,0.076873523,0.402604463
Control,Tulip Poplar,9,2023,0.05786907,0.325819308
Control,Tulip Poplar,10,2023,0.061331706,0.125596252
Control,Tulip Poplar,11,2023,0.548202384,0.143200887
Control,Tulip Poplar,12,2023,0.038512181,0.1426141
Control,Tulip Poplar,13,2023,0.035257342,0.147639253
Control,Tulip Poplar,14,2023,0.030590661,0.145613367
Control,Tulip Poplar,15,2023,0.343448765,0.144751616
Control,Tulip Poplar,16,2023,0.196540186,0.094843087
Control,Tulip Poplar,17,2023,0.037515179,0.106413094
Control,Tulip Poplar,18,2023,0.12712506,0.106931185
Control,Tulip Poplar,19,2023,0.03761021,0.111599646
Control,Tulip Poplar,20,2023,0.052714192,0.086301354
Control,Tulip Poplar,21,2023,0.049117094,0.125879928
Control,Tulip Poplar,22,2023,0.154212247,0.125248837
Control,Tulip Poplar,23,2023,0.040438259,0.121267369
Control,Tulip Poplar,24,2023,0.077275266,0.122039002
Control,Tulip Poplar,25,2023,0.090465851,0.124448244
Control,Tulip Poplar,26,2023,0.592325924,0.127861734
Control,Tulip Poplar,27,2023,0.031204265,0.119820747
Control,Tulip Poplar,28,2023,0.087310383,0.17370399
Control,Tulip Poplar,29,2023,0.045326538,0.173316079
Control,Tulip Poplar,30,2023,0.07680661,1.244350423
Control,Tulip Poplar,31,2023,0.083252,1.20466373
Control,Tulip Poplar,32,2023,0.073802376,1.214977579
Control,Tulip Poplar,33,2023,0.579270683,1.221805728
Control,Tulip Poplar,34,2023,0.073396158,1.226346177
Control,Tulip Poplar,35,2023,10.80080929,1.226426117
Control,Tulip Poplar,36,2023,0.195458994,1.303329835
Control,Tulip Poplar,37,2023,0.134342756,1.30334106
Control,Tulip Poplar,38,2023,0.155591878,1.255227623
Control,Tulip Poplar,39,2023,0.090731021,1.252922901
Control,Tulip Poplar,40,2023,0.077606015,0.183606459
Control,Tulip Poplar,41,2023,0.852289176,0.171287024
Control,Tulip Poplar,42,2023,0.07391463,0.161788776
Control,Tulip Poplar,43,2023,0.09813631,0.173552456
Control,Tulip Poplar,44,2023,0.050348937,0.190628715
Control,Tulip Poplar,45,2023,0.107644877,0.192208806
Control,Tulip Poplar,46,2023,0.072264641,0.111407602
Control,Tulip Poplar,47,2023,0.039360272,0.112554459
Control,Tulip Poplar,48,2023,0.273228686,0.113205735
Control,Tulip Poplar,49,2023,0.261493603,0.121951997
Control,Tulip Poplar,50,2023,0.093406927,0.180189625
Control,Tulip Poplar,51,2023,0.044277137,0.182325361
Control,Tulip Poplar,52,2023,0.085383201,0.192291817
Control,Tulip Poplar,53,2023,0.104649072,0.177529218
Control,Tulip Poplar,54,2023,0.137811557,0.155574912
Control,Tulip Poplar,55,2023,0.690021149,0.163034609
Control,Tulip Poplar,56,2023,0.093622001,0.176264024
Control,Tulip Poplar,57,2023,0.13902484,0.177887081
Control,Tulip Poplar,58,2023,0.125602689,0.182510976
Control,Tulip Poplar,59,2023,0.041950547,0.191370088
Control,Tulip Poplar,60,2023,0.1680039,0.139804105
Control,Tulip Poplar,61,2023,0.176571283,0.240482456
Control,Tulip Poplar,62,2023,0.101613773,0.324674868
Control,Tulip Poplar,63,2023,0.15088802,0.325075751
Control,Tulip Poplar,64,2023,0.226402674,0.334595534
Control,Tulip Poplar,65,2023,0.17436132,0.330022581
Control,Tulip Poplar,66,2023,1.100405518,0.320227725
Control,Tulip Poplar,67,2023,0.980948953,0.313462055
Control,Tulip Poplar,68,2023,0.129611521,0.309301884
Control,Tulip Poplar,69,2023,0.13714838,0.302735257
Control,Tulip Poplar,70,2023,0.122274364,0.303026241
Control,Tulip Poplar,71,2023,0.078622726,0.199084349
Control,Tulip Poplar,72,2023,0.033957076,0.10995949
Control,Tulip Poplar,73,2023,0.109286304,0.110145172
Control,Tulip Poplar,74,2023,0.160736404,0.1204866
Control,Tulip Poplar,75,2023,0.177271162,0.129230736
Control,Tulip Poplar,76,2023,0.060986604,0.1383865
Control,Tulip Poplar,77,2023,0.089700361,0.149723393
Control,Tulip Poplar,78,2023,0.131468339,0.166435523
Control,Tulip Poplar,79,2023,0.240562661,0.157896623
Control,Tulip Poplar,80,2023,0.209715719,0.155621688
Control,Tulip Poplar,81,2023,0.170180374,0.157920334
Control,Tulip Poplar,82,2023,0.147326002,0.159913749
Control,Tulip Poplar,83,2023,0.276407601,0.164720168
Control,Tulip Poplar,84,2023,0.075347402,0.155555272
Control,Tulip Poplar,85,2023,0.154521815,0.158608121
Control,Tulip Poplar,86,2023,0.083973063,0.149646865
Control,Tulip Poplar,87,2023,0.109634516,0.149303072
Control,Tulip Poplar,88,2023,0.179532523,0.147947361
Control,Tulip Poplar,89,2023,0.148913708,0.158504291
Control,Tulip Poplar,90,2023,0.240244209,0.157495067
Control,Tulip Poplar,91,2023,0.080567814,0.185318733
Control,Tulip Poplar,92,2023,0.143888072,0.182696492
Control,Tulip Poplar,93,2023,0.262850488,0.18905069
Control,Tulip Poplar,94,2023,0.180916701,0.195689654
Control,Tulip Poplar,95,2023,0.144429574,0.205861009
Control,Tulip Poplar,96,2023,0.36220972,0.259669976
Control,Tulip Poplar,97,2023,0.083412111,0.385037334
Control,Tulip Poplar,98,2023,0.243074507,0.494746546
Control,Tulip Poplar,99,2023,0.215303344,0.628497039
Control,Tulip Poplar,100,2023,0.341957762,0.756402028
Control,Tulip Poplar,101,2023,0.618657477,0.974118304
Control,Tulip Poplar,102,2023,1.397561654,1.217530738
Control,Tulip Poplar,103,2023,1.359942613,1.488322763
Control,Tulip Poplar,104,2023,1.51842163,1.793335475
Control,Tulip Poplar,105,2023,1.423479465,2.132128469
Control,Tulip Poplar,106,2023,2.539372474,2.493236045
Control,Tulip Poplar,107,2023,2.51753645,2.659114629
Control,Tulip Poplar,108,2023,2.950994762,2.879830392
Control,Tulip Poplar,109,2023,3.265430463,3.047227575
Control,Tulip Poplar,110,2023,3.729887703,3.182560846
Control,Tulip Poplar,111,2023,4.22973324,3.255725062
Control,Tulip Poplar,112,2023,3.056347488,3.36086093
Control,Tulip Poplar,113,2023,3.567100247,3.116303594
Control,Tulip Poplar,114,2023,3.192393462,2.913371404
Control,Tulip Poplar,115,2023,2.776812173,2.551426849
Control,Tulip Poplar,116,2023,3.271014633,2.422498587
Control,Tulip Poplar,117,2023,3.568895126,2.269263374
Control,Tulip Poplar,118,2023,0.505421408,2.146452751
Control,Tulip Poplar,119,2023,1.236108566,2.085312779
Control,Tulip Poplar,120,2023,0.110442144,2.094538717
Control,Tulip Poplar,121,2023,2.940450623,2.173434312
Control,Tulip Poplar,122,2023,1.52399536,2.182260881
Control,Tulip Poplar,123,2023,2.338994012,2.590108894
Control,Tulip Poplar,124,2023,2.580993745,2.73385567
Control,Tulip Poplar,125,2023,2.869071558,3.181603674
Control,Tulip Poplar,126,2023,4.059970577,3.365925833
Control,Tulip Poplar,127,2023,3.657160814,3.699473016
Control,Tulip Poplar,128,2023,4.583901537,3.791130879
Control,Tulip Poplar,129,2023,2.673576328,3.934606861
Control,Tulip Poplar,130,2023,4.58792219,4.078278114
Control,Tulip Poplar,131,2023,4.78367221,4.090543636
Control,Tulip Poplar,132,2023,4.859467185,4.150103864
Control,Tulip Poplar,133,2023,3.255572641,4.042366203
Control,Tulip Poplar,134,2023,4.015753569,4.193638304
Control,Tulip Poplar,135,2023,4.305784091,4.109882626
Control,Tulip Poplar,136,2023,4.182625796,4.04536063
Control,Tulip Poplar,137,2023,4.252763091,4.024198631
Control,Tulip Poplar,138,2023,3.506524932,4.135541205
Control,Tulip Poplar,139,2023,4.186297339,4.168560464
Control,Tulip Poplar,140,2023,3.750365406,4.095494775
Control,Tulip Poplar,141,2023,4.138452252,4.102610553
Control,Tulip Poplar,142,2023,4.647847192,4.110550996
Control,Tulip Poplar,143,2023,4.368998382,4.153625077
Control,Tulip Poplar,144,2023,4.345946156,3.89574194
Control,Tulip Poplar,145,2023,3.57512721,3.912993068
Control,Tulip Poplar,146,2023,4.253783573,3.947529634
Control,Tulip Poplar,147,2023,4.332167519,3.924049721
Control,Tulip Poplar,148,2023,3.937265744,3.973494998
Control,Tulip Poplar,149,2023,1.607465963,3.978731555
Control,Tulip Poplar,150,2023,3.922876687,4.016768763
Control,Tulip Poplar,151,2023,4.483817919,4.044981094
Control,Tulip Poplar,152,2023,4.413048058,4.054713995
Control,Tulip Poplar,153,2023,4.863451156,4.068243054
Control,Tulip Poplar,154,2023,4.398311719,4.334036635
Control,Tulip Poplar,155,2023,3.955499293,4.356932651
Control,Tulip Poplar,156,2023,4.53590688,4.351385017
Control,Tulip Poplar,157,2023,4.429496533,4.316730507
Control,Tulip Poplar,158,2023,4.072556333,4.038776179
Control,Tulip Poplar,159,2023,4.265401769,3.965423601
Control,Tulip Poplar,160,2023,4.151836852,3.951304277
Control,Tulip Poplar,161,2023,4.428341574,3.910611933
Control,Tulip Poplar,162,2023,4.06650296,3.886041154
Control,Tulip Poplar,163,2023,2.083907879,3.886589671
Control,Tulip Poplar,164,2023,3.664785936,3.890953062
Control,Tulip Poplar,165,2023,3.814306051,3.981784816
Control,Tulip Poplar,166,2023,4.12898344,3.914578151
Control,Tulip Poplar,167,2023,4.183788743,3.565549093
Control,Tulip Poplar,168,2023,4.078041507,3.489721697
Control,Tulip Poplar,169,2023,4.309035678,3.282471224
Control,Tulip Poplar,170,2023,5.060154389,3.32355426
Control,Tulip Poplar,171,2023,3.756274931,3.436943403
Control,Tulip Poplar,172,2023,0.576212373,3.497028135
Control,Tulip Poplar,173,2023,1.325633921,3.603260283
Control,Tulip Poplar,174,2023,1.592281208,3.714111053
Control,Tulip Poplar,175,2023,4.225136406,3.777003506
Control,Tulip Poplar,176,2023,5.262874878,3.938812243
Control,Tulip Poplar,177,2023,4.784636055,4.39884224
Control,Tulip Poplar,178,2023,5.14036299,4.724350989
Control,Tulip Poplar,179,2023,5.417543379,5.106073148
Control,Tulip Poplar,180,2023,5.689078915,5.259546504
Control,Tulip Poplar,181,2023,5.37436231,5.251211839
Control,Tulip Poplar,182,2023,5.176512336,5.250001212
Control,Tulip Poplar,183,2023,4.580721416,5.112458225
Control,Tulip Poplar,184,2023,5.409502795,5.074198501
Control,Tulip Poplar,185,2023,5.759869971,4.873294495
Control,Tulip Poplar,186,2023,5.179528227,4.924746343
Control,Tulip Poplar,187,2023,4.772529779,4.882117027
Control,Tulip Poplar,188,2023,3.764933122,4.908111472
Control,Tulip Poplar,189,2023,5.03494614,4.861239878
Control,Tulip Poplar,190,2023,3.680038855,4.785841149
Control,Tulip Poplar,191,2023,5.888880786,4.82392977
Control,Tulip Poplar,192,2023,4.75021918,4.39244374
Control,Tulip Poplar,193,2023,4.840665866,4.490323174
Control,Tulip Poplar,194,2023,4.940786849,4.493418962
Control,Tulip Poplar,195,2023,5.005882688,4.63479345
Control,Tulip Poplar,196,2023,5.560414438,4.557107997
Control,Tulip Poplar,197,2023,0.457669471,4.677474145
Control,Tulip Poplar,198,2023,4.743727462,4.648905629
Control,Tulip Poplar,199,2023,5.065904028,4.700694248
Control,Tulip Poplar,200,2023,5.093783731,4.764300655
Control,Tulip Poplar,201,2023,5.11202626,4.529157842
Control,Tulip Poplar,202,2023,5.953880656,5.031686149
Control,Tulip Poplar,203,2023,4.554980706,5.12515788
Control,Tulip Poplar,204,2023,5.458673042,5.146679421
Control,Tulip Poplar,205,2023,5.641946757,5.23656225
Control,Tulip Poplar,206,2023,3.208986303,5.381099243
Control,Tulip Poplar,207,2023,5.482952545,5.363283231
Control,Tulip Poplar,208,2023,5.678444776,5.468949593
Control,Tulip Poplar,209,2023,5.28111943,5.50035305
Control,Tulip Poplar,210,2023,5.992612029,5.327605159
Control,Tulip Poplar,211,2023,6.557396188,5.396861063
Control,Tulip Poplar,212,2023,5.775720538,5.40598127
Control,Tulip Poplar,213,2023,5.611644327,5.425120456
Control,Tulip Poplar,214,2023,5.772707605,5.456954891
Control,Tulip Poplar,215,2023,3.914467852,5.44771917
Control,Tulip Poplar,216,2023,3.901545336,5.299500679
Control,Tulip Poplar,217,2023,5.574154623,5.08009873
Control,Tulip Poplar,218,2023,5.869836631,5.060441583
Control,Tulip Poplar,219,2023,5.59946378,5.008255301
Control,Tulip Poplar,220,2023,5.900254816,5.06816237
Control,Tulip Poplar,221,2023,5.075211281,5.2633464
Control,Tulip Poplar,222,2023,3.581701045,5.162439753
Control,Tulip Poplar,223,2023,5.415072864,5.118255329
Control,Tulip Poplar,224,2023,5.250844787,5.114119973
Control,Tulip Poplar,225,2023,4.513538542,5.084694757
Control,Tulip Poplar,226,2023,5.853385634,5.089058354
Control,Tulip Poplar,227,2023,4.565088151,5.368968746
Control,Tulip Poplar,228,2023,5.427992386,5.446537212
Control,Tulip Poplar,229,2023,5.558110219,5.343499252
Control,Tulip Poplar,230,2023,5.60600266,5.497618187
Control,Tulip Poplar,231,2023,5.118847248,5.265498376
Control,Tulip Poplar,232,2023,6.380804968,5.347360729
Control,Tulip Poplar,233,2023,6.190757527,5.314587406
Control,Tulip Poplar,234,2023,4.220465187,5.273309583
Control,Tulip Poplar,235,2023,6.054727893,4.939242346
Control,Tulip Poplar,236,2023,3.532187521,4.68047067
Control,Tulip Poplar,237,2023,5.383711683,4.516122573
Control,Tulip Poplar,238,2023,5.100259157,4.069711342
Control,Tulip Poplar,239,2023,5.145331985,4.077365172
Control,Tulip Poplar,240,2023,2.26533029,3.916708421
Control,Tulip Poplar,241,2023,2.531130486,4.003392151
Control,Tulip Poplar,242,2023,4.737323997,3.848505628
Control,Tulip Poplar,243,2023,1.726645218,3.654115399
Control,Tulip Poplar,244,2023,4.297003486,3.49305323
Control,Tulip Poplar,245,2023,4.448160391,3.661857187
Control,Tulip Poplar,246,2023,4.399024812,3.758605793
Control,Tulip Poplar,247,2023,3.834846459,3.576632624
Control,Tulip Poplar,248,2023,3.15635687,3.708081612
Control,Tulip Poplar,249,2023,3.53471029,3.63972448
Control,Tulip Poplar,250,2023,3.953369861,3.634027673
Control,Tulip Poplar,251,2023,3.498616547,3.632231805
Control,Tulip Poplar,252,2023,2.917592306,3.662724568
Control,Tulip Poplar,253,2023,3.041135097,3.605633841
Control,Tulip Poplar,254,2023,3.613432165,3.629954015
Control,Tulip Poplar,255,2023,4.39119232,3.559268085
Control,Tulip Poplar,256,2023,4.381066137,3.54567532
Control,Tulip Poplar,257,2023,4.139774089,3.680791936
Control,Tulip Poplar,258,2023,2.585449601,3.816801482
Control,Tulip Poplar,259,2023,3.777912025,3.887534232
Control,Tulip Poplar,260,2023,3.246510559,3.767321668
Control,Tulip Poplar,261,2023,3.362688899,3.376825461
Control,Tulip Poplar,262,2023,4.268758471,3.065259654
Control,Tulip Poplar,263,2023,4.401230552,3.081945299
Control,Tulip Poplar,264,2023,4.320759669,2.735723437
Control,Tulip Poplar,265,2023,3.189066681,2.641891826
Control,Tulip Poplar,266,2023,0.476104064,2.509194554
Control,Tulip Poplar,267,2023,1.024116024,2.284506676
Control,Tulip Poplar,268,2023,2.752306051,2.158087735
Control,Tulip Poplar,269,2023,0.315693399,2.247098214
Control,Tulip Poplar,270,2023,2.308194447,2.323590104
Control,Tulip Poplar,271,2023,2.035716188,2.76756859
Control,Tulip Poplar,272,2023,2.021879688,3.185324908
Control,Tulip Poplar,273,2023,3.137041138,3.39018147
Control,Tulip Poplar,274,2023,5.210864464,3.671003824
Control,Tulip Poplar,275,2023,3.953985581,3.652834124
Control,Tulip Poplar,276,2023,4.915888917,3.687998553
Control,Tulip Poplar,277,2023,5.201679206,3.792369243
Control,Tulip Poplar,278,2023,4.80087167,3.863920366
Control,Tulip Poplar,279,2023,3.123916942,3.752314051
Control,Tulip Poplar,280,2023,2.126497446,3.733234232
Control,Tulip Poplar,281,2023,2.387360482,3.578985355
Control,Tulip Poplar,282,2023,3.065586588,3.068758158
Control,Tulip Poplar,283,2023,3.852552368,2.841835184
Control,Tulip Poplar,284,2023,4.094801307,2.789382323
Control,Tulip Poplar,285,2023,3.763187391,2.780333711
Control,Tulip Poplar,286,2023,3.373400146,2.807765781
Control,Tulip Poplar,287,2023,0.099407242,2.776520937
Control,Tulip Poplar,288,2023,2.531641932,2.618332665
Control,Tulip Poplar,289,2023,2.599388327,2.429942769
Control,Tulip Poplar,290,2023,2.036011327,2.24583885
Control,Tulip Poplar,291,2023,2.661681186,2.048775532
Control,Tulip Poplar,292,2023,2.753138146,2.18597127
Control,Tulip Poplar,293,2023,2.270669649,2.102034828
Control,Tulip Poplar,294,2023,2.210902344,1.95562215
Control,Tulip Poplar,295,2023,1.922148204,1.822775482
Control,Tulip Poplar,296,2023,1.402766959,1.58756973
Control,Tulip Poplar,297,2023,1.471364629,1.318587642
Control,Tulip Poplar,298,2023,1.692277505,1.101870392
Control,Tulip Poplar,299,2023,1.135261548,0.889908708
Control,Tulip Poplar,300,2023,0.707544653,0.713248895
Control,Tulip Poplar,301,2023,0.309623663,0.587489042
Control,Tulip Poplar,302,2023,0.063317268,0.456176965
Control,Tulip Poplar,303,2023,0.103497148,0.300542004
Control,Tulip Poplar,304,2023,0.091285505,0.204905889
Control,Tulip Poplar,305,2023,0.155550074,0.146141272
Control,Tulip Poplar,306,2023,0.145168428,0.123193116
Control,Tulip Poplar,307,2023,0.158243862,0.128043215
Control,Tulip Poplar,308,2023,0.135927895,0.130166442
Control,Tulip Poplar,309,2023,0.178900397,0.123193826
Control,Tulip Poplar,310,2023,0.11989848,0.121940224
Control,Tulip Poplar,311,2023,0.080142105,0.117911062
Control,Tulip Poplar,312,2023,0.111818252,0.117380414
Control,Tulip Poplar,313,2023,0.124729424,0.117228647
Control,Tulip Poplar,314,2023,0.02155934,0.112571065
Control,Tulip Poplar,315,2023,0.143014052,0.115289765
Control,Tulip Poplar,316,2023,0.104876813,0.12313013
Control,Tulip Poplar,317,2023,0.152937384,0.11831155
Control,Tulip Poplar,318,2023,0.134410226,0.125153657
Control,Tulip Poplar,319,2023,0.132324571,0.133585779
Control,Tulip Poplar,320,2023,0.147085479,0.133078523
Control,Tulip Poplar,321,2023,0.15854576,0.129798338
Control,Tulip Poplar,322,2023,0.063632449,0.125102862
Control,Tulip Poplar,323,2023,0.193150496,0.128931504
Control,Tulip Poplar,324,2023,0.105880565,0.125594475
Control,Tulip Poplar,325,2023,0.137941488,0.125179367
Control,Tulip Poplar,326,2023,0.07207496,0.115843081
Control,Tulip Poplar,327,2023,0.105982626,0.124136792
Control,Tulip Poplar,328,2023,0.172696645,0.135350438
Control,Tulip Poplar,329,2023,0.098954286,0.147530645
Control,Tulip Poplar,330,2023,0.142934392,0.142222478
Control,Tulip Poplar,331,2023,0.065182905,0.139036361
Control,Tulip Poplar,332,2023,0.146569558,0.142052872
Control,Tulip Poplar,333,2023,0.305286951,0.131374638
Control,Tulip Poplar,334,2023,0.227682642,0.137242384
Control,Tulip Poplar,335,2023,0.084859814,0.129445113
Control,Tulip Poplar,336,2023,0.040213795,0.132506217
Control,Tulip Poplar,337,2023,0.136147733,0.133782369
Control,Tulip Poplar,338,2023,0.065914306,0.119956164
Control,Tulip Poplar,339,2023,0.15763174,0.103523876
Control,Tulip Poplar,340,2023,0.064961689,0.112363268
Control,Tulip Poplar,341,2023,0.095793946,0.147557664
Control,Tulip Poplar,342,2023,0.159331071,0.144461153
Control,Tulip Poplar,343,2023,0.167024904,0.154753072
Control,Tulip Poplar,344,2023,0.063359766,0.155734045
Control,Tulip Poplar,345,2023,0.173253727,0.161126212
Control,Tulip Poplar,346,2023,0.392157753,0.162074572
Control,Tulip Poplar,347,2023,0.105182627,0.152227041
Control,Tulip Poplar,348,2023,0.168833493,0.142022324
Control,Tulip Poplar,349,2023,0.167441477,0.213824919
Control,Tulip Poplar,350,2023,0.118883353,0.207072271
Control,Tulip Poplar,351,2023,0.105277545,0.174823495
Control,Tulip Poplar,352,2023,0.060855769,0.170680988
Control,Tulip Poplar,353,2023,0.064977734,0.159363693
Control,Tulip Poplar,354,2023,0.781385717,0.154207139
Control,Tulip Poplar,355,2023,0.105727248,0.149905432
Control,Tulip Poplar,356,2023,0.069669985,0.144569633
Control,Tulip Poplar,357,2023,0.063757559,0.142529945
Control,Tulip Poplar,358,2023,0.055660546,0.148587279
Control,Tulip Poplar,359,2023,0.115875938,0.075191902
Control,Tulip Poplar,360,2023,0.075866281,0.071751262
Control,Tulip Poplar,361,2023,0.051919555,NA
Control,Tulip Poplar,362,2023,0.040458892,NA
Control,Tulip Poplar,363,2023,0.125551069,NA
Control,Tulip Poplar,364,2023,0.047431945,NA
Control,Tulip Poplar,365,2023,0.071320846,NA
Freshwater,Beech,1,2023,0.151271001,NA
Freshwater,Beech,2,2023,0.173283907,NA
Freshwater,Beech,3,2023,0.089465731,NA
Freshwater,Beech,4,2023,0.87963759,NA
Freshwater,Beech,5,2023,0.019605854,0.188089288
Freshwater,Beech,6,2023,0.024208792,0.217405195
Freshwater,Beech,7,2023,0.240714981,0.20599869
Freshwater,Beech,8,2023,0.204879137,0.45977156
Freshwater,Beech,9,2023,0.063147362,0.451404622
Freshwater,Beech,10,2023,0.034678528,0.463206812
Freshwater,Beech,11,2023,0.444430074,0.480057267
Freshwater,Beech,12,2023,0.059218849,0.649872854
Freshwater,Beech,13,2023,2.627194433,0.637584587
Freshwater,Beech,14,2023,0.795968215,0.63448749
Freshwater,Beech,15,2023,0.137627751,0.63521417
Freshwater,Beech,16,2023,0.192713337,0.59252816
Freshwater,Beech,17,2023,1.93887085,0.591191374
Freshwater,Beech,18,2023,0.081996468,0.331447902
Freshwater,Beech,19,2023,0.032176399,0.353231653
Freshwater,Beech,20,2023,0.041945324,0.345774782
Freshwater,Beech,21,2023,0.017569974,0.328280253
Freshwater,Beech,22,2023,0.045850984,0.138210238
Freshwater,Beech,23,2023,0.029759716,0.144880115
Freshwater,Beech,24,2023,1.013805723,0.277569723
Freshwater,Beech,25,2023,0.063059049,0.2839335
Freshwater,Beech,26,2023,0.017768041,0.287302811
Freshwater,Beech,27,2023,0.0381707,0.289876854
Freshwater,Beech,28,2023,0.148695237,0.295668541
Freshwater,Beech,29,2023,1.359072479,0.19777742
Freshwater,Beech,30,2023,0.105583103,0.191740491
Freshwater,Beech,31,2023,0.051263079,0.197018521
Freshwater,Beech,32,2023,0.071591412,0.199442725
Freshwater,Beech,33,2023,0.08767659,0.195121236
Freshwater,Beech,34,2023,0.034894508,0.069573784
Freshwater,Beech,35,2023,0.002689763,0.068468398
Freshwater,Beech,36,2023,0.070548336,0.083331117
Freshwater,Beech,37,2023,0.062412746,0.084633705
Freshwater,Beech,38,2023,0.105480347,0.085746729
Freshwater,Beech,39,2023,0.103597958,0.086781923
Freshwater,Beech,40,2023,0.094529237,0.100757075
Freshwater,Beech,41,2023,0.19989027,0.106596882
Freshwater,Beech,42,2023,0.08461729,0.162091537
Freshwater,Beech,43,2023,0.098806833,0.156184312
Freshwater,Beech,44,2023,0.045246446,0.163288975
Freshwater,Beech,45,2023,0.142441288,0.163150469
Freshwater,Beech,46,2023,0.128946402,0.148113242
Freshwater,Beech,47,2023,0.617359298,0.149914585
Freshwater,Beech,48,2023,0.046408094,0.184628491
Freshwater,Beech,49,2023,0.174644587,0.194222848
Freshwater,Beech,50,2023,0.093144186,0.184660642
Freshwater,Beech,51,2023,0.049517996,0.180768837
Freshwater,Beech,52,2023,0.102630719,0.127752875
Freshwater,Beech,53,2023,0.445945896,0.128945657
Freshwater,Beech,54,2023,0.141190018,0.113765531
Freshwater,Beech,55,2023,0.04681922,0.120969978
Freshwater,Beech,56,2023,0.090028361,0.132720076
Freshwater,Beech,57,2023,0.087199677,0.128426736
Freshwater,Beech,58,2023,0.05833591,0.137879444
Freshwater,Beech,59,2023,0.022843328,0.14661789
Freshwater,Beech,60,2023,0.16518866,0.177217326
Freshwater,Beech,61,2023,0.167018975,0.178949039
Freshwater,Beech,62,2023,0.059697316,0.18419643
Freshwater,Beech,63,2023,0.540472971,0.190205118
Freshwater,Beech,64,2023,0.228574481,0.195004116
Freshwater,Beech,65,2023,0.352813578,0.182165564
Freshwater,Beech,66,2023,0.107345494,0.170313016
Freshwater,Beech,67,2023,0.13967359,0.16578097
Freshwater,Beech,68,2023,0.118422782,0.12057518
Freshwater,Beech,69,2023,0.070833308,0.105683558
Freshwater,Beech,70,2023,0.036803142,0.08240636
Freshwater,Beech,71,2023,0.048493494,0.073005669
Freshwater,Beech,72,2023,0.014376864,0.069495547
Freshwater,Beech,73,2023,0.088415069,0.072323081
Freshwater,Beech,74,2023,0.07965826,0.080173227
Freshwater,Beech,75,2023,0.120041596,0.084284222
Freshwater,Beech,76,2023,0.013338585,0.089588928
Freshwater,Beech,77,2023,0.104572374,0.104491706
Freshwater,Beech,78,2023,0.146698115,0.118940725
Freshwater,Beech,79,2023,0.14933477,0.113141012
Freshwater,Beech,80,2023,0.077913097,0.105196878
Freshwater,Beech,81,2023,0.101540547,0.108977537
Freshwater,Beech,82,2023,0.16340465,0.104233911
Freshwater,Beech,83,2023,0.232905257,0.097989606
Freshwater,Beech,84,2023,0.021661126,0.096965163
Freshwater,Beech,85,2023,0.040600264,0.094689978
Freshwater,Beech,86,2023,0.051145168,0.106754006
Freshwater,Beech,87,2023,0.057136113,0.10488098
Freshwater,Beech,88,2023,0.084255071,0.094659509
Freshwater,Beech,89,2023,0.139090336,0.114469382
Freshwater,Beech,90,2023,0.055161253,0.17258933
Freshwater,Beech,91,2023,0.222180823,0.390932795
Freshwater,Beech,92,2023,0.144674386,0.402113245
Freshwater,Beech,93,2023,0.130690547,0.42841398
Freshwater,Beech,94,2023,0.219759862,0.476777874
Freshwater,Beech,95,2023,0.621799736,0.595365863
Freshwater,Beech,96,2023,2.23457982,0.754012192
Freshwater,Beech,97,2023,0.168940619,0.967322447
Freshwater,Beech,98,2023,0.347262418,1.29912069
Freshwater,Beech,99,2023,0.622729276,1.647050625
Freshwater,Beech,100,2023,1.241041139,1.857390718
Freshwater,Beech,101,2023,1.808644123,2.106697592
Freshwater,Beech,102,2023,2.277776935,2.505950902
Freshwater,Beech,103,2023,3.448672975,2.982459771
Freshwater,Beech,104,2023,3.699059206,3.432629139
Freshwater,Beech,105,2023,2.725200671,3.809510279
Freshwater,Beech,106,2023,4.72764856,4.128657525
Freshwater,Beech,107,2023,4.161473721,4.308832007
Freshwater,Beech,108,2023,5.1123511,4.38919806
Freshwater,Beech,109,2023,5.124422958,4.440717132
Freshwater,Beech,110,2023,5.009852543,4.535894822
Freshwater,Beech,111,2023,5.000116585,4.520036628
Freshwater,Beech,112,2023,4.079521752,4.534883261
Freshwater,Beech,113,2023,4.2523335,4.038560318
Freshwater,Beech,114,2023,4.214249927,3.647768408
Freshwater,Beech,115,2023,3.676977569,3.154583742
Freshwater,Beech,116,2023,4.569066623,3.150339432
Freshwater,Beech,117,2023,4.30994005,2.929650062
Freshwater,Beech,118,2023,0.14912167,2.809119853
Freshwater,Beech,119,2023,1.216503857,2.757621598
Freshwater,Beech,120,2023,0.078005882,2.777866819
Freshwater,Beech,121,2023,4.957673488,2.829536922
Freshwater,Beech,122,2023,1.872628057,2.846218148
Freshwater,Beech,123,2023,3.047031406,3.422835817
Freshwater,Beech,124,2023,3.699267381,3.568248465
Freshwater,Beech,125,2023,3.879429778,4.111071456
Freshwater,Beech,126,2023,5.085767655,4.162935031
Freshwater,Beech,127,2023,4.476752301,4.52078885
Freshwater,Beech,128,2023,5.915298365,4.530362317
Freshwater,Beech,129,2023,2.670630338,4.729689248
Freshwater,Beech,130,2023,5.506235787,4.894735622
Freshwater,Beech,131,2023,5.476309238,4.911102363
Freshwater,Beech,132,2023,5.451166255,5.033596437
Freshwater,Beech,133,2023,3.142766071,4.939515013
Freshwater,Beech,134,2023,5.692536696,5.227766557
Freshwater,Beech,135,2023,5.529893516,5.041556193
Freshwater,Beech,136,2023,5.249435064,5.079178637
Freshwater,Beech,137,2023,5.701693042,5.158715171
Freshwater,Beech,138,2023,4.974484119,5.387269902
Freshwater,Beech,139,2023,5.553145777,5.406585917
Freshwater,Beech,140,2023,3.644132156,5.365926096
Freshwater,Beech,141,2023,5.852533672,5.413599602
Freshwater,Beech,142,2023,6.246531593,5.435187035
Freshwater,Beech,143,2023,5.428313388,5.421761106
Freshwater,Beech,144,2023,5.885696843,4.989444983
Freshwater,Beech,145,2023,5.123295309,5.130570371
Freshwater,Beech,146,2023,5.726170122,5.092644188
Freshwater,Beech,147,2023,5.917567373,5.025586958
Freshwater,Beech,148,2023,4.840224828,5.123275289
Freshwater,Beech,149,2023,1.229984545,5.119387386
Freshwater,Beech,150,2023,5.055386035,5.179030836
Freshwater,Beech,151,2023,5.473271845,5.158124353
Freshwater,Beech,152,2023,5.575959297,5.204337386
Freshwater,Beech,153,2023,6.405196692,5.295522729
Freshwater,Beech,154,2023,5.846817814,5.759506211
Freshwater,Beech,155,2023,5.719729808,5.810924161
Freshwater,Beech,156,2023,5.517105295,5.924017929
Freshwater,Beech,157,2023,6.379697704,5.975777268
Freshwater,Beech,158,2023,5.752078261,5.444546614
Freshwater,Beech,159,2023,5.869819361,5.427914917
Freshwater,Beech,160,2023,5.569565532,5.305455669
Freshwater,Beech,161,2023,6.60420953,5.378989315
Freshwater,Beech,162,2023,6.093552681,5.287768233
Freshwater,Beech,163,2023,1.092890156,5.357553298
Freshwater,Beech,164,2023,5.68050084,5.417570935
Freshwater,Beech,165,2023,4.495137325,5.444888655
Freshwater,Beech,166,2023,6.252441761,5.204592428
Freshwater,Beech,167,2023,5.46748688,4.608130326
Freshwater,Beech,168,2023,6.449928916,4.61133055
Freshwater,Beech,169,2023,6.469995731,4.066907284
Freshwater,Beech,170,2023,5.842742734,3.961315299
Freshwater,Beech,171,2023,4.201247256,3.851824443
Freshwater,Beech,172,2023,0.128931659,3.778740641
Freshwater,Beech,173,2023,1.1248924,3.649987499
Freshwater,Beech,174,2023,0.236268182,3.565836336
Freshwater,Beech,175,2023,3.439217471,3.592122282
Freshwater,Beech,176,2023,5.1575332,3.743677624
Freshwater,Beech,177,2023,4.736648858,4.199418726
Freshwater,Beech,178,2023,5.162397496,4.500137708
Freshwater,Beech,179,2023,5.628484109,5.083764539
Freshwater,Beech,180,2023,6.105602186,5.384369733
Freshwater,Beech,181,2023,5.71680068,5.503142996
Freshwater,Beech,182,2023,4.686342674,5.579875464
Freshwater,Beech,183,2023,4.132082226,5.494049421
Freshwater,Beech,184,2023,6.072536487,5.526763772
Freshwater,Beech,185,2023,6.445269416,5.251800564
Freshwater,Beech,186,2023,6.345265828,5.271507903
Freshwater,Beech,187,2023,5.503973534,5.433115957
Freshwater,Beech,188,2023,4.304137073,5.659659123
Freshwater,Beech,189,2023,5.955627619,5.734129352
Freshwater,Beech,190,2023,3.355970104,5.650358383
Freshwater,Beech,191,2023,5.913874071,5.521092731
Freshwater,Beech,192,2023,6.302423208,4.985237356
Freshwater,Beech,193,2023,6.397513893,5.158275149
Freshwater,Beech,194,2023,6.817238776,5.208945922
Freshwater,Beech,195,2023,5.607559727,5.186954613
Freshwater,Beech,196,2023,5.052609309,5.148253664
Freshwater,Beech,197,2023,0.14541978,5.097295997
Freshwater,Beech,198,2023,6.034515004,5.009895358
Freshwater,Beech,199,2023,6.462335346,4.978149701
Freshwater,Beech,200,2023,3.13605702,4.857859355
Freshwater,Beech,201,2023,5.526864581,4.611467751
Freshwater,Beech,202,2023,5.792846533,5.170906102
Freshwater,Beech,203,2023,5.523507502,5.188603793
Freshwater,Beech,204,2023,6.499782212,5.129626627
Freshwater,Beech,205,2023,4.404656258,5.439757238
Freshwater,Beech,206,2023,2.588693271,5.416869506
Freshwater,Beech,207,2023,5.739803289,5.399446715
Freshwater,Beech,208,2023,6.211491914,5.416224117
Freshwater,Beech,209,2023,5.872563685,5.371988011
Freshwater,Beech,210,2023,6.237363137,5.291981912
Freshwater,Beech,211,2023,5.297987257,5.309318134
Freshwater,Beech,212,2023,5.618618627,5.256447312
Freshwater,Beech,213,2023,5.691281523,5.220151887
Freshwater,Beech,214,2023,6.057421146,5.129214421
Freshwater,Beech,215,2023,3.604595276,5.101015685
Freshwater,Beech,216,2023,2.762055486,5.081411162
Freshwater,Beech,217,2023,5.211095069,4.827112251
Freshwater,Beech,218,2023,5.848537667,4.829099486
Freshwater,Beech,219,2023,4.963189024,4.776452323
Freshwater,Beech,220,2023,5.955375777,5.017555016
Freshwater,Beech,221,2023,5.101942028,5.339895902
Freshwater,Beech,222,2023,3.075629518,5.276937054
Freshwater,Beech,223,2023,5.711153874,5.28911377
Freshwater,Beech,224,2023,5.530949513,5.350880702
Freshwater,Beech,225,2023,6.015622203,5.373878964
Freshwater,Beech,226,2023,5.985464347,5.425927151
Freshwater,Beech,227,2023,4.581506589,5.721535502
Freshwater,Beech,228,2023,5.970304829,5.755522796
Freshwater,Beech,229,2023,5.580858338,5.782348978
Freshwater,Beech,230,2023,6.185358403,5.744541695
Freshwater,Beech,231,2023,5.622423899,5.468084579
Freshwater,Beech,232,2023,6.031713022,5.525858236
Freshwater,Beech,233,2023,6.051026822,5.455651908
Freshwater,Beech,234,2023,5.799211333,5.492284564
Freshwater,Beech,235,2023,5.63754937,5.093117567
Freshwater,Beech,236,2023,3.220893186,4.794014203
Freshwater,Beech,237,2023,5.159243153,4.755330447
Freshwater,Beech,238,2023,5.268241556,4.586119343
Freshwater,Beech,239,2023,5.9471849,4.543819725
Freshwater,Beech,240,2023,2.19368843,4.495667503
Freshwater,Beech,241,2023,2.631390257,4.730171852
Freshwater,Beech,242,2023,5.644875462,4.737498283
Freshwater,Beech,243,2023,4.358915782,4.672917287
Freshwater,Beech,244,2023,5.376215157,4.577283398
Freshwater,Beech,245,2023,5.156027143,4.871432096
Freshwater,Beech,246,2023,5.565936677,5.055103083
Freshwater,Beech,247,2023,5.232507462,4.759156571
Freshwater,Beech,248,2023,4.622431599,4.512161996
Freshwater,Beech,249,2023,4.990846013,4.275940469
Freshwater,Beech,250,2023,5.135175405,4.197748025
Freshwater,Beech,251,2023,4.468100128,4.156757916
Freshwater,Beech,252,2023,2.685410342,4.124990699
Freshwater,Beech,253,2023,1.888970034,4.07165467
Freshwater,Beech,254,2023,3.013999888,4.074055727
Freshwater,Beech,255,2023,4.374102698,3.870916414
Freshwater,Beech,256,2023,5.15603559,3.713053733
Freshwater,Beech,257,2023,4.914835289,3.942641288
Freshwater,Beech,258,2023,4.089071314,4.249052873
Freshwater,Beech,259,2023,5.014856578,4.434378184
Freshwater,Beech,260,2023,3.103782278,4.373036045
Freshwater,Beech,261,2023,2.889473322,3.870359127
Freshwater,Beech,262,2023,4.981285892,3.403205206
Freshwater,Beech,263,2023,4.95308588,3.299713985
Freshwater,Beech,264,2023,4.867252997,2.814830847
Freshwater,Beech,265,2023,3.76068131,2.847082085
Freshwater,Beech,266,2023,0.129266407,2.790465669
Freshwater,Beech,267,2023,0.243296084,2.479138588
Freshwater,Beech,268,2023,3.054159102,2.31220654
Freshwater,Beech,269,2023,0.166025197,2.387936679
Freshwater,Beech,270,2023,3.426294662,2.494807213
Freshwater,Beech,271,2023,2.323309159,2.941381306
Freshwater,Beech,272,2023,1.868015084,3.441252672
Freshwater,Beech,273,2023,3.283765395,3.614156324
Freshwater,Beech,274,2023,5.624554386,3.871096607
Freshwater,Beech,275,2023,4.829386651,3.689565413
Freshwater,Beech,276,2023,4.595007344,3.884892874
Freshwater,Beech,277,2023,5.242009741,4.167069736
Freshwater,Beech,278,2023,4.783195622,4.318751324
Freshwater,Beech,279,2023,2.735428022,4.252556951
Freshwater,Beech,280,2023,1.610982723,4.22802493
Freshwater,Beech,281,2023,4.276583774,4.204711155
Freshwater,Beech,282,2023,4.689783705,3.685420263
Freshwater,Beech,283,2023,4.80058127,3.547768496
Freshwater,Beech,284,2023,4.962610656,3.670993976
Freshwater,Beech,285,2023,4.58406644,3.823367042
Freshwater,Beech,286,2023,4.361869596,3.82876701
Freshwater,Beech,287,2023,0.049100824,3.775312717
Freshwater,Beech,288,2023,3.406677952,3.690661916
Freshwater,Beech,289,2023,3.967682816,3.621479407
Freshwater,Beech,290,2023,3.134713386,3.609894345
Freshwater,Beech,291,2023,4.330583453,3.552854458
Freshwater,Beech,292,2023,4.155240781,3.990975686
Freshwater,Beech,293,2023,3.954073259,4.115018304
Freshwater,Beech,294,2023,4.270785563,4.143669021
Freshwater,Beech,295,2023,4.46821582,4.267657329
Freshwater,Beech,296,2023,3.791470726,4.274551296
Freshwater,Beech,297,2023,4.430313101,4.167524977
Freshwater,Beech,298,2023,4.647104132,4.177626905
Freshwater,Beech,299,2023,4.254189986,3.963920003
Freshwater,Beech,300,2023,4.374596467,3.74906117
Freshwater,Beech,301,2023,4.399523125,3.562898622
Freshwater,Beech,302,2023,3.084977588,3.35952819
Freshwater,Beech,303,2023,4.055092544,3.150766228
Freshwater,Beech,304,2023,2.133716541,3.08751851
Freshwater,Beech,305,2023,2.319627492,2.814969022
Freshwater,Beech,306,2023,1.929845248,2.63403776
Freshwater,Beech,307,2023,2.39660878,2.42431372
Freshwater,Beech,308,2023,2.559484505,2.168158934
Freshwater,Beech,309,2023,3.621712808,1.973513035
Freshwater,Beech,310,2023,1.649101593,1.763181126
Freshwater,Beech,311,2023,2.590210502,1.583429288
Freshwater,Beech,312,2023,0.987737183,1.36613744
Freshwater,Beech,313,2023,1.493544689,1.121631126
Freshwater,Beech,315,2023,0.18725755,0.773758491
Freshwater,Beech,316,2023,0.216308404,0.619782152
Freshwater,Beech,317,2023,0.132326866,0.37774857
Freshwater,Beech,318,2023,0.223690298,0.309251059
Freshwater,Beech,319,2023,0.114421365,0.186162484
Freshwater,Beech,320,2023,0.142986461,0.181045222
Freshwater,Beech,321,2023,0.109338203,0.173358359
Freshwater,Beech,322,2023,0.169874686,0.169563647
Freshwater,Beech,323,2023,0.302762066,0.164963785
Freshwater,Beech,324,2023,0.262658938,0.161660289
Freshwater,Beech,325,2023,0.136084935,0.159886363
Freshwater,Beech,326,2023,0.139439771,0.160349048
Freshwater,Beech,327,2023,0.094379749,0.16285456
Freshwater,Beech,328,2023,0.177691674,0.146846289
Freshwater,Beech,329,2023,0.081386403,0.136731938
Freshwater,Beech,330,2023,0.125247201,0.128759462
Freshwater,Beech,331,2023,0.113965055,0.117440077
Freshwater,Beech,332,2023,0.194929809,0.112202619
Freshwater,Beech,333,2023,0.142679352,0.099868345
Freshwater,Beech,334,2023,0.161515427,0.110134969
Freshwater,Beech,335,2023,0.05636018,0.103839353
Freshwater,Beech,336,2023,0.026245924,0.105126124
Freshwater,Beech,337,2023,0.042005168,0.103674573
Freshwater,Beech,338,2023,0.054348936,0.111399842
Freshwater,Beech,339,2023,0.184052639,0.098681036
Freshwater,Beech,340,2023,0.062291038,0.105078131
Freshwater,Beech,341,2023,0.126832765,0.122584427
Freshwater,Beech,342,2023,0.180414298,0.135679573
Freshwater,Beech,343,2023,0.219932045,0.143966575
Freshwater,Beech,344,2023,0.034327366,0.153650395
Freshwater,Beech,345,2023,0.120331132,0.159814233
Freshwater,Beech,346,2023,0.201308887,0.159698389
Freshwater,Beech,347,2023,0.172956621,0.146398915
Freshwater,Beech,348,2023,0.137218957,0.134009672
Freshwater,Beech,349,2023,0.280890845,0.161045247
Freshwater,Beech,350,2023,0.123929417,0.171797091
Freshwater,Beech,351,2023,0.125674323,0.156206553
Freshwater,Beech,352,2023,0.047419559,0.143519716
Freshwater,Beech,353,2023,0.09603961,0.134117713
Freshwater,Beech,354,2023,0.304683114,0.115017893
Freshwater,Beech,355,2023,0.227849578,0.107864858
Freshwater,Beech,356,2023,0.0454035,0.101222421
Freshwater,Beech,357,2023,0.046088253,0.097278731
Freshwater,Beech,358,2023,0.04319893,0.096318633
Freshwater,Beech,359,2023,0.089892647,0.069988199
Freshwater,Beech,360,2023,0.052399062,0.053858661
Freshwater,Beech,361,2023,0.059249953,NA
Freshwater,Beech,362,2023,0.007982662,NA
Freshwater,Beech,363,2023,0.086438629,NA
Freshwater,Beech,364,2023,0.041378772,NA
Freshwater,Beech,365,2023,0.066554199,NA
Freshwater,Red Maple,1,2023,0.056182967,NA
Freshwater,Red Maple,2,2023,0.080602949,NA
Freshwater,Red Maple,3,2023,0.07809221,NA
Freshwater,Red Maple,4,2023,0.021017511,NA
Freshwater,Red Maple,5,2023,0.01215004,0.048910169
Freshwater,Red Maple,6,2023,0.045550797,0.100937195
Freshwater,Red Maple,7,2023,0.046630606,0.095758963
Freshwater,Red Maple,8,2023,0.056781674,0.093369324
Freshwater,Red Maple,9,2023,0.045456567,0.093442023
Freshwater,Red Maple,10,2023,0.046636372,0.137536869
Freshwater,Red Maple,11,2023,0.576453228,0.156883645
Freshwater,Red Maple,12,2023,0.028820631,0.154067274
Freshwater,Red Maple,13,2023,0.054195815,0.158731649
Freshwater,Red Maple,14,2023,0.021744503,0.157629152
Freshwater,Red Maple,15,2023,0.453098498,0.164009366
Freshwater,Red Maple,16,2023,0.239018557,0.109660266
Freshwater,Red Maple,17,2023,0.018466892,0.11701419
Freshwater,Red Maple,18,2023,0.103425422,0.125204786
Freshwater,Red Maple,19,2023,0.034431603,0.130084628
Freshwater,Red Maple,20,2023,0.110438512,0.094133206
Freshwater,Red Maple,21,2023,0.032962229,0.073603696
Freshwater,Red Maple,22,2023,0.102359867,0.078277169
Freshwater,Red Maple,23,2023,0.136101778,0.076356991
Freshwater,Red Maple,24,2023,0.070542918,0.076845362
Freshwater,Red Maple,25,2023,0.093584286,0.071356822
Freshwater,Red Maple,26,2023,0.033723452,0.079934089
Freshwater,Red Maple,27,2023,0.065201621,0.074971999
Freshwater,Red Maple,28,2023,0.084223646,0.112534319
Freshwater,Red Maple,29,2023,0.039315312,0.110857405
Freshwater,Red Maple,30,2023,0.05555311,0.106413756
Freshwater,Red Maple,31,2023,0.118734898,0.16441011
Freshwater,Red Maple,32,2023,0.05273897,0.172775907
Freshwater,Red Maple,33,2023,0.511724979,0.207152038
Freshwater,Red Maple,34,2023,0.053773771,0.212367678
Freshwater,Red Maple,35,2023,0.049147802,0.21221088
Freshwater,Red Maple,36,2023,0.613686987,0.205325531
Freshwater,Red Maple,37,2023,0.148859597,0.206383684
Freshwater,Red Maple,38,2023,0.427984953,0.17164786
Freshwater,Red Maple,39,2023,0.091471711,0.170189591
Freshwater,Red Maple,40,2023,0.053985132,0.175504587
Freshwater,Red Maple,41,2023,0.04988141,0.120241658
Freshwater,Red Maple,42,2023,0.063320503,0.109579629
Freshwater,Red Maple,43,2023,0.164366735,0.103999279
Freshwater,Red Maple,44,2023,0.039191081,0.138710296
Freshwater,Red Maple,45,2023,0.102297764,0.139897743
Freshwater,Red Maple,46,2023,0.061057696,0.145923884
Freshwater,Red Maple,47,2023,0.0422393,0.148082224
Freshwater,Red Maple,48,2023,0.372181461,0.138689985
Freshwater,Red Maple,49,2023,0.438581874,0.140798847
Freshwater,Red Maple,50,2023,0.065859605,0.138993332
Freshwater,Red Maple,51,2023,0.110142816,0.14072146
Freshwater,Red Maple,52,2023,0.084903912,0.141936172
Freshwater,Red Maple,53,2023,0.070444345,0.111772474
Freshwater,Red Maple,54,2023,0.060279693,0.076600879
Freshwater,Red Maple,55,2023,0.084242624,0.078363986
Freshwater,Red Maple,56,2023,0.07833897,0.073651648
Freshwater,Red Maple,57,2023,0.054386426,0.075569683
Freshwater,Red Maple,58,2023,0.070544474,0.071765701
Freshwater,Red Maple,59,2023,0.086865931,0.082378247
Freshwater,Red Maple,60,2023,0.08349067,0.086061299
Freshwater,Red Maple,61,2023,0.063019435,0.087619424
Freshwater,Red Maple,62,2023,0.104084264,0.093353493
Freshwater,Red Maple,63,2023,0.032404528,0.096727711
Freshwater,Red Maple,64,2023,0.166405153,0.093841206
Freshwater,Red Maple,65,2023,0.121073139,0.094407009
Freshwater,Red Maple,66,2023,0.093920218,0.092410211
Freshwater,Red Maple,67,2023,0.111727124,0.083357758
Freshwater,Red Maple,68,2023,0.104286645,0.09219717
Freshwater,Red Maple,69,2023,0.058000881,0.08855367
Freshwater,Red Maple,70,2023,0.089148704,0.091691097
Freshwater,Red Maple,71,2023,0.043051458,0.088286507
Freshwater,Red Maple,72,2023,0.013559726,0.085194159
Freshwater,Red Maple,73,2023,0.120798657,0.090891209
Freshwater,Red Maple,74,2023,0.129970148,0.10936194
Freshwater,Red Maple,75,2023,0.152447409,0.113409653
Freshwater,Red Maple,76,2023,0.059874315,0.119578838
Freshwater,Red Maple,77,2023,0.08080365,0.126614029
Freshwater,Red Maple,78,2023,0.161257139,0.130764851
Freshwater,Red Maple,79,2023,0.242708194,0.171131339
Freshwater,Red Maple,80,2023,0.129625837,0.164872057
Freshwater,Red Maple,81,2023,0.104743303,0.166401
Freshwater,Red Maple,82,2023,0.083911636,0.17072647
Freshwater,Red Maple,83,2023,0.16230688,0.167738485
Freshwater,Red Maple,84,2023,0.533635023,0.155359103
Freshwater,Red Maple,85,2023,0.089854594,0.149974871
Freshwater,Red Maple,86,2023,0.075163745,0.226910322
Freshwater,Red Maple,87,2023,0.124058354,0.233149512
Freshwater,Red Maple,88,2023,0.131377289,0.232178894
Freshwater,Red Maple,89,2023,0.11891437,0.191686778
Freshwater,Red Maple,90,2023,0.075783513,0.193816661
Freshwater,Red Maple,91,2023,0.874097819,0.194210277
Freshwater,Red Maple,92,2023,0.146303536,0.191022139
Freshwater,Red Maple,93,2023,0.152600702,0.192997828
Freshwater,Red Maple,94,2023,0.128713859,0.196658856
Freshwater,Red Maple,95,2023,0.111153422,0.20294399
Freshwater,Red Maple,96,2023,0.079099908,0.126468237
Freshwater,Red Maple,97,2023,0.092176974,0.133786656
Freshwater,Red Maple,98,2023,0.151134176,0.157957878
Freshwater,Red Maple,99,2023,0.155524655,0.18698792
Freshwater,Red Maple,100,2023,0.138634852,0.224642846
Freshwater,Red Maple,101,2023,0.109340282,0.279590182
Freshwater,Red Maple,102,2023,0.219487735,0.360937554
Freshwater,Red Maple,103,2023,0.394312915,0.473504288
Freshwater,Red Maple,104,2023,0.419014285,0.599648754
Freshwater,Red Maple,105,2023,0.487702684,0.738684908
Freshwater,Red Maple,106,2023,0.628573265,0.893130448
Freshwater,Red Maple,107,2023,0.905650696,1.01057148
Freshwater,Red Maple,108,2023,1.276801514,1.085998069
Freshwater,Red Maple,109,2023,1.416969308,1.202790187
Freshwater,Red Maple,110,2023,1.528996394,1.305352701
Freshwater,Red Maple,111,2023,1.65379568,1.417628001
Freshwater,Red Maple,112,2023,1.393898056,1.492881479
Freshwater,Red Maple,113,2023,1.148578804,1.521986849
Freshwater,Red Maple,114,2023,1.58693547,1.399585814
Freshwater,Red Maple,115,2023,1.513327818,1.313233205
Freshwater,Red Maple,116,2023,1.751326272,1.329403511
Freshwater,Red Maple,117,2023,1.658185471,1.247987093
Freshwater,Red Maple,118,2023,1.567855219,1.256061795
Freshwater,Red Maple,119,2023,0.19295896,1.243575126
Freshwater,Red Maple,120,2023,0.665470298,1.262292181
Freshwater,Red Maple,121,2023,1.815498747,1.302600019
Freshwater,Red Maple,122,2023,0.579733873,1.328257829
Freshwater,Red Maple,123,2023,1.229325824,1.439009464
Freshwater,Red Maple,124,2023,1.462068782,1.500279856
Freshwater,Red Maple,125,2023,1.700498363,1.672727836
Freshwater,Red Maple,126,2023,2.154404657,1.721341746
Freshwater,Red Maple,127,2023,1.914763564,1.905937849
Freshwater,Red Maple,128,2023,2.67537157,1.905168199
Freshwater,Red Maple,129,2023,0.805662886,2.005389653
Freshwater,Red Maple,130,2023,2.389950093,2.071700688
Freshwater,Red Maple,131,2023,2.301637851,2.106678626
Freshwater,Red Maple,132,2023,2.425694902,2.171905264
Freshwater,Red Maple,133,2023,1.221629323,2.118263079
Freshwater,Red Maple,134,2023,2.464283325,2.287044147
Freshwater,Red Maple,135,2023,2.363608708,2.134761382
Freshwater,Red Maple,136,2023,2.504184037,2.198146439
Freshwater,Red Maple,137,2023,2.567029941,2.281233779
Freshwater,Red Maple,138,2023,2.138949729,2.392916661
Freshwater,Red Maple,139,2023,2.493473558,2.443901426
Freshwater,Red Maple,140,2023,0.867122448,2.454034807
Freshwater,Red Maple,141,2023,2.935488419,2.501500022
Freshwater,Red Maple,142,2023,3.256568297,2.56054044
Freshwater,Red Maple,143,2023,2.338458148,2.561280304
Freshwater,Red Maple,144,2023,2.974130977,2.397511323
Freshwater,Red Maple,145,2023,2.464942519,2.498502046
Freshwater,Red Maple,146,2023,2.97883618,2.477382627
Freshwater,Red Maple,147,2023,3.157434127,2.451345093
Freshwater,Red Maple,148,2023,2.146348366,2.574948991
Freshwater,Red Maple,149,2023,0.855783752,2.59082711
Freshwater,Red Maple,150,2023,1.877029674,2.621236449
Freshwater,Red Maple,151,2023,2.724294234,2.603210721
Freshwater,Red Maple,152,2023,2.99619295,2.6356477
Freshwater,Red Maple,153,2023,3.574497127,2.737455151
Freshwater,Red Maple,154,2023,3.132912169,2.983716273
Freshwater,Red Maple,155,2023,2.769035913,3.083453475
Freshwater,Red Maple,156,2023,2.798578898,3.185947956
Freshwater,Red Maple,157,2023,3.481803919,3.232074789
Freshwater,Red Maple,158,2023,3.164422872,2.911095492
Freshwater,Red Maple,159,2023,3.318394977,2.906996808
Freshwater,Red Maple,160,2023,2.87440169,2.828394587
Freshwater,Red Maple,161,2023,3.749239044,2.886790891
Freshwater,Red Maple,162,2023,3.457461282,2.794487628
Freshwater,Red Maple,163,2023,0.36470416,2.836846221
Freshwater,Red Maple,164,2023,3.091925325,2.868936752
Freshwater,Red Maple,165,2023,1.9830137,2.865289853
Freshwater,Red Maple,166,2023,3.382541944,2.651340003
Freshwater,Red Maple,167,2023,2.558771281,2.408484153
Freshwater,Red Maple,168,2023,3.588008801,2.382559303
Freshwater,Red Maple,169,2023,3.639300289,2.125269474
Freshwater,Red Maple,170,2023,2.837932702,2.037306491
Freshwater,Red Maple,171,2023,1.609740542,1.944338025
Freshwater,Red Maple,172,2023,1.028902781,1.876756938
Freshwater,Red Maple,173,2023,0.105455668,1.800289108
Freshwater,Red Maple,174,2023,0.519027029,1.687620985
Freshwater,Red Maple,175,2023,1.103383872,1.689878312
Freshwater,Red Maple,176,2023,2.452857283,1.8015342
Freshwater,Red Maple,177,2023,1.882960414,1.895151167
Freshwater,Red Maple,178,2023,2.823330497,2.042244553
Freshwater,Red Maple,179,2023,2.512619062,2.305038519
Freshwater,Red Maple,180,2023,2.86050597,2.532437333
Freshwater,Red Maple,181,2023,2.72629942,2.614602468
Freshwater,Red Maple,182,2023,1.965072453,2.698712907
Freshwater,Red Maple,183,2023,1.57638953,2.641553634
Freshwater,Red Maple,184,2023,3.146966686,2.690056247
Freshwater,Red Maple,185,2023,3.377372016,2.5418249
Freshwater,Red Maple,186,2023,3.274508633,2.510873407
Freshwater,Red Maple,187,2023,2.724064802,2.628896451
Freshwater,Red Maple,188,2023,2.251737768,2.80204618
Freshwater,Red Maple,189,2023,2.997645191,2.852535418
Freshwater,Red Maple,190,2023,1.378192504,2.829459898
Freshwater,Red Maple,191,2023,2.41678449,2.693397276
Freshwater,Red Maple,192,2023,3.145302893,2.465838541
Freshwater,Red Maple,193,2023,3.307886816,2.508353426
Freshwater,Red Maple,194,2023,3.651859069,2.523431222
Freshwater,Red Maple,195,2023,3.146616812,2.504078412
Freshwater,Red Maple,196,2023,1.913882416,2.475780838
Freshwater,Red Maple,197,2023,0.448477455,2.429265274
Freshwater,Red Maple,198,2023,2.676886611,2.379753639
Freshwater,Red Maple,199,2023,3.148423156,2.350646975
Freshwater,Red Maple,200,2023,1.184664401,2.240740545
Freshwater,Red Maple,201,2023,2.133808748,2.199374755
Freshwater,Red Maple,202,2023,2.680147259,2.400590066
Freshwater,Red Maple,203,2023,2.812770465,2.438829297
Freshwater,Red Maple,204,2023,3.360792426,2.424198574
Freshwater,Red Maple,205,2023,2.047552516,2.620560841
Freshwater,Red Maple,206,2023,1.500224516,2.642178922
Freshwater,Red Maple,207,2023,2.460630556,2.624174128
Freshwater,Red Maple,208,2023,3.059278924,2.597685924
Freshwater,Red Maple,209,2023,3.002115923,2.558446423
Freshwater,Red Maple,210,2023,3.148287072,2.512477182
Freshwater,Red Maple,211,2023,2.349989566,2.393530051
Freshwater,Red Maple,212,2023,2.500099314,2.34830475
Freshwater,Red Maple,213,2023,2.547888423,2.295553109
Freshwater,Red Maple,214,2023,2.968397417,2.187517857
Freshwater,Red Maple,215,2023,1.587860106,2.104855699
Freshwater,Red Maple,216,2023,0.310753203,2.135119956
Freshwater,Red Maple,217,2023,2.008377556,1.964124429
Freshwater,Red Maple,218,2023,2.531762513,1.990329432
Freshwater,Red Maple,219,2023,1.921763396,1.949677511
Freshwater,Red Maple,220,2023,2.321665492,2.09826998
Freshwater,Red Maple,221,2023,2.652632143,2.351022324
Freshwater,Red Maple,222,2023,0.790144043,2.319724292
Freshwater,Red Maple,223,2023,2.809938452,2.310666563
Freshwater,Red Maple,224,2023,2.561878204,2.338145662
Freshwater,Red Maple,225,2023,3.073784801,2.391022124
Freshwater,Red Maple,226,2023,2.838276642,2.432117775
Freshwater,Red Maple,227,2023,1.695397236,2.659914569
Freshwater,Red Maple,228,2023,2.441185217,2.662765857
Freshwater,Red Maple,229,2023,2.196554391,2.688802045
Freshwater,Red Maple,230,2023,2.850430107,2.650300285
Freshwater,Red Maple,231,2023,3.063588661,2.486032319
Freshwater,Red Maple,232,2023,3.068111974,2.543174576
Freshwater,Red Maple,233,2023,2.838451335,2.506815123
Freshwater,Red Maple,234,2023,2.822240083,2.572094536
Freshwater,Red Maple,235,2023,2.6887672,2.337008089
Freshwater,Red Maple,236,2023,1.195596988,2.078070744
Freshwater,Red Maple,237,2023,2.266819799,2.034544295
Freshwater,Red Maple,238,2023,2.077590691,1.988857555
Freshwater,Red Maple,239,2023,2.849348524,1.959792354
Freshwater,Red Maple,240,2023,0.499565632,1.915532443
Freshwater,Red Maple,241,2023,0.474215209,2.081579805
Freshwater,Red Maple,242,2023,2.632847485,2.126830945
Freshwater,Red Maple,243,2023,2.381583942,2.167976995
Freshwater,Red Maple,244,2023,2.531588071,2.130257181
Freshwater,Red Maple,245,2023,2.24616809,2.317696733
Freshwater,Red Maple,246,2023,2.856070611,2.489072364
Freshwater,Red Maple,247,2023,2.719331199,2.324106514
Freshwater,Red Maple,248,2023,2.489051188,2.154298464
Freshwater,Red Maple,249,2023,2.472150381,1.985390121
Freshwater,Red Maple,250,2023,2.373961156,1.897823632
Freshwater,Red Maple,251,2023,2.187971518,1.822465191
Freshwater,Red Maple,252,2023,0.983188985,1.791953224
Freshwater,Red Maple,253,2023,0.683503442,1.764655
Freshwater,Red Maple,254,2023,0.842504643,1.762406154
Freshwater,Red Maple,255,2023,1.3705032,1.652783373
Freshwater,Red Maple,256,2023,2.102486196,1.524728923
Freshwater,Red Maple,257,2023,2.414211527,1.639283001
Freshwater,Red Maple,258,2023,2.216068956,1.803469032
Freshwater,Red Maple,259,2023,2.44966192,1.932924393
Freshwater,Red Maple,260,2023,1.277733344,1.953684145
Freshwater,Red Maple,261,2023,0.907427021,1.880141516
Freshwater,Red Maple,262,2023,2.128729759,1.644422538
Freshwater,Red Maple,263,2023,2.325363756,1.505330932
Freshwater,Red Maple,264,2023,2.137058247,1.284619124
Freshwater,Red Maple,265,2023,1.578100727,1.28789012
Freshwater,Red Maple,266,2023,1.3670599,1.235889911
Freshwater,Red Maple,267,2023,0.057021746,1.046645711
Freshwater,Red Maple,268,2023,0.825152898,0.899321183
Freshwater,Red Maple,269,2023,0.242543844,0.944649887
Freshwater,Red Maple,270,2023,1.310443302,1.019590434
Freshwater,Red Maple,271,2023,0.387424933,1.042228969
Freshwater,Red Maple,272,2023,0.236287754,1.249877508
Freshwater,Red Maple,273,2023,0.852118476,1.33921597
Freshwater,Red Maple,274,2023,2.590345293,1.368304876
Freshwater,Red Maple,275,2023,2.327506195,1.278323016
Freshwater,Red Maple,276,2023,1.593445245,1.427413302
Freshwater,Red Maple,277,2023,2.133507142,1.587612564
Freshwater,Red Maple,278,2023,1.718537521,1.697667845
Freshwater,Red Maple,279,2023,0.533432902,1.682769495
Freshwater,Red Maple,280,2023,0.410624695,1.644749712
Freshwater,Red Maple,281,2023,1.878327799,1.675173919
Freshwater,Red Maple,282,2023,1.838280372,1.484863463
Freshwater,Red Maple,283,2023,1.952671282,1.448945799
Freshwater,Red Maple,284,2023,2.441361795,1.531857003
Freshwater,Red Maple,285,2023,1.947308371,1.600427767
Freshwater,Red Maple,286,2023,1.897687316,1.595072314
Freshwater,Red Maple,287,2023,0.230402572,1.573698082
Freshwater,Red Maple,288,2023,1.359360882,1.524676811
Freshwater,Red Maple,289,2023,1.362544949,1.432692182
Freshwater,Red Maple,290,2023,1.096332331,1.421856547
Freshwater,Red Maple,291,2023,1.824773274,1.390456786
Freshwater,Red Maple,292,2023,1.62453805,1.559399677
Freshwater,Red Maple,293,2023,1.462458574,1.663250809
Freshwater,Red Maple,294,2023,1.521515505,1.731423863
Freshwater,Red Maple,295,2023,1.83895202,1.824790739
Freshwater,Red Maple,296,2023,1.583689699,1.842528104
Freshwater,Red Maple,297,2023,1.919831488,1.740000867
Freshwater,Red Maple,298,2023,2.397872204,1.72317194
Freshwater,Red Maple,299,2023,2.044275489,1.60921937
Freshwater,Red Maple,300,2023,2.030001084,1.474808004
Freshwater,Red Maple,301,2023,2.00214693,1.359775311
Freshwater,Red Maple,302,2023,0.59926568,1.221262836
Freshwater,Red Maple,303,2023,1.2941693,1.033500128
Freshwater,Red Maple,304,2023,0.381989807,0.921689304
Freshwater,Red Maple,305,2023,0.49483836,0.744003279
Freshwater,Red Maple,306,2023,0.433362765,0.588708541
Freshwater,Red Maple,307,2023,0.534706738,0.534585685
Freshwater,Red Maple,308,2023,0.520245127,0.411796267
Freshwater,Red Maple,309,2023,0.926167249,0.375347461
Freshwater,Red Maple,310,2023,0.25314083,0.329548144
Freshwater,Red Maple,311,2023,0.449199557,0.288358204
Freshwater,Red Maple,312,2023,0.058037117,0.23824776
Freshwater,Red Maple,313,2023,0.066275115,0.188453781
Freshwater,Red Maple,314,2023,0.017501747,0.100400743
Freshwater,Red Maple,315,2023,0.036845194,0.083679605
Freshwater,Red Maple,316,2023,0.021463362,0.043358774
Freshwater,Red Maple,317,2023,0.033602304,0.045273278
Freshwater,Red Maple,318,2023,0.022305339,0.049022855
Freshwater,Red Maple,319,2023,0.045636864,0.059026786
Freshwater,Red Maple,320,2023,0.08592945,0.090668307
Freshwater,Red Maple,321,2023,0.045991246,0.118245841
Freshwater,Red Maple,322,2023,0.07718216,0.118247943
Freshwater,Red Maple,323,2023,0.103770883,0.122957896
Freshwater,Red Maple,324,2023,0.117541057,0.123436314
Freshwater,Red Maple,325,2023,0.353260403,0.125570564
Freshwater,Red Maple,326,2023,0.297238706,0.126901837
Freshwater,Red Maple,327,2023,0.033623325,0.132595615
Freshwater,Red Maple,328,2023,0.069404868,0.14684046
Freshwater,Red Maple,329,2023,0.050421042,0.171190659
Freshwater,Red Maple,330,2023,0.107271951,0.138082804
Freshwater,Red Maple,331,2023,0.05930398,0.114246428
Freshwater,Red Maple,332,2023,0.134119935,0.139554325
Freshwater,Red Maple,333,2023,0.246219336,0.134117902
Freshwater,Red Maple,334,2023,0.36104304,0.132340823
Freshwater,Red Maple,335,2023,0.022181859,0.123121506
Freshwater,Red Maple,336,2023,0.058874946,0.119484964
Freshwater,Red Maple,337,2023,0.286702289,0.109966154
Freshwater,Red Maple,338,2023,0.015040644,0.091205958
Freshwater,Red Maple,339,2023,0.032650251,0.058080044
Freshwater,Red Maple,340,2023,0.015078779,0.172903832
Freshwater,Red Maple,341,2023,0.022938565,0.225121378
Freshwater,Red Maple,342,2023,0.038931832,0.199888466
Freshwater,Red Maple,343,2023,0.058617378,0.229185792
Freshwater,Red Maple,344,2023,0.029783894,0.234238944
Freshwater,Red Maple,345,2023,1.170419741,0.237266669
Freshwater,Red Maple,346,2023,0.581050402,0.2391031
Freshwater,Red Maple,347,2023,0.034373172,0.242609494
Freshwater,Red Maple,348,2023,0.308013909,0.329645762
Freshwater,Red Maple,349,2023,0.083181767,0.35387445
Freshwater,Red Maple,350,2023,0.04535603,0.240233811
Freshwater,Red Maple,351,2023,0.041302877,0.186294689
Freshwater,Red Maple,353,2023,0.073995768,0.186349866
Freshwater,Red Maple,354,2023,0.928980058,0.161050914
Freshwater,Red Maple,355,2023,0.272070775,0.157130789
Freshwater,Red Maple,356,2023,0.034013346,0.221396971
Freshwater,Red Maple,357,2023,0.041659184,0.218047242
Freshwater,Red Maple,358,2023,0.034924941,0.21532828
Freshwater,Red Maple,359,2023,0.055024392,0.127903743
Freshwater,Red Maple,360,2023,0.043980516,0.105360415
Freshwater,Red Maple,361,2023,0.688017857,NA
Freshwater,Red Maple,362,2023,0.007805588,NA
Freshwater,Red Maple,363,2023,0.046806144,NA
Freshwater,Red Maple,364,2023,0.054734691,NA
Freshwater,Red Maple,365,2023,0.046637492,NA
Freshwater,Tulip Poplar,1,2023,0.129867222,NA
Freshwater,Tulip Poplar,2,2023,0.11353609,NA
Freshwater,Tulip Poplar,3,2023,0.057055666,NA
Freshwater,Tulip Poplar,4,2023,0.923766098,NA
Freshwater,Tulip Poplar,5,2023,1.202307872,0.265442775
Freshwater,Tulip Poplar,6,2023,0.017943344,0.266979218
Freshwater,Tulip Poplar,7,2023,0.047502366,0.258070505
Freshwater,Tulip Poplar,8,2023,0.063859361,0.336082163
Freshwater,Tulip Poplar,9,2023,0.057311069,0.245215168
Freshwater,Tulip Poplar,10,2023,0.041278658,0.175145712
Freshwater,Tulip Poplar,11,2023,0.145231651,0.186011401
Freshwater,Tulip Poplar,12,2023,0.024448962,0.182536221
Freshwater,Tulip Poplar,13,2023,0.837172249,0.181678121
Freshwater,Tulip Poplar,14,2023,0.015096144,0.178706607
Freshwater,Tulip Poplar,15,2023,0.50161331,0.178872822
Freshwater,Tulip Poplar,16,2023,0.126600239,0.167368926
Freshwater,Tulip Poplar,17,2023,0.012750562,0.215182092
Freshwater,Tulip Poplar,18,2023,0.055278361,0.144890978
Freshwater,Tulip Poplar,19,2023,0.027595931,0.147634579
Freshwater,Tulip Poplar,20,2023,0.042940815,0.105225259
Freshwater,Tulip Poplar,21,2023,0.030192686,0.115356127
Freshwater,Tulip Poplar,22,2023,0.502580619,0.172488725
Freshwater,Tulip Poplar,23,2023,0.134261117,0.176135455
Freshwater,Tulip Poplar,24,2023,0.042532149,0.17752149
Freshwater,Tulip Poplar,25,2023,0.077520112,0.181204687
Freshwater,Tulip Poplar,26,2023,0.227908919,0.187707403
Freshwater,Tulip Poplar,27,2023,0.58407654,0.141543804
Freshwater,Tulip Poplar,28,2023,0.091745665,0.169805354
Freshwater,Tulip Poplar,29,2023,0.041456283,0.173394098
Freshwater,Tulip Poplar,30,2023,0.07977278,0.586950625
Freshwater,Tulip Poplar,31,2023,0.095219843,0.581037392
Freshwater,Tulip Poplar,32,2023,0.040944634,0.524040882
Freshwater,Tulip Poplar,33,2023,0.416876619,0.522862919
Freshwater,Tulip Poplar,34,2023,0.07841959,0.526495094
Freshwater,Tulip Poplar,35,2023,4.213085376,0.527683285
Freshwater,Tulip Poplar,36,2023,0.168776589,0.519487381
Freshwater,Tulip Poplar,37,2023,0.014111436,0.522444096
Freshwater,Tulip Poplar,38,2023,0.07996604,0.500490817
Freshwater,Tulip Poplar,39,2023,0.077778035,0.493380398
Freshwater,Tulip Poplar,40,2023,0.091654686,0.098740196
Freshwater,Tulip Poplar,41,2023,0.0132608,0.093894229
Freshwater,Tulip Poplar,42,2023,0.070511784,0.12975342
Freshwater,Tulip Poplar,43,2023,0.197343836,0.170467235
Freshwater,Tulip Poplar,44,2023,0.007315397,0.20431416
Freshwater,Tulip Poplar,45,2023,0.266683355,0.203560974
Freshwater,Tulip Poplar,46,2023,0.120316925,0.210815894
Freshwater,Tulip Poplar,47,2023,0.372703339,0.216497684
Freshwater,Tulip Poplar,48,2023,0.487104194,0.288663408
Freshwater,Tulip Poplar,49,2023,0.416247287,0.300159338
Freshwater,Tulip Poplar,50,2023,0.084122828,0.278318793
Freshwater,Tulip Poplar,51,2023,0.085809996,0.273948419
Freshwater,Tulip Poplar,52,2023,0.127329684,0.240930623
Freshwater,Tulip Poplar,53,2023,0.919001073,0.196623126
Freshwater,Tulip Poplar,54,2023,0.122274702,0.157204697
Freshwater,Tulip Poplar,55,2023,0.048277905,0.156044463
Freshwater,Tulip Poplar,56,2023,0.076613188,0.156049127
Freshwater,Tulip Poplar,57,2023,0.042525374,0.151367926
Freshwater,Tulip Poplar,58,2023,0.044029225,0.060875526
Freshwater,Tulip Poplar,59,2023,0.022062999,0.061947247
Freshwater,Tulip Poplar,60,2023,0.072520488,0.074955799
Freshwater,Tulip Poplar,61,2023,0.085856635,0.075859244
Freshwater,Tulip Poplar,62,2023,0.080517671,0.1016993
Freshwater,Tulip Poplar,63,2023,0.014077074,0.106778215
Freshwater,Tulip Poplar,64,2023,0.132991909,0.109544012
Freshwater,Tulip Poplar,65,2023,0.178363423,0.107209221
Freshwater,Tulip Poplar,66,2023,0.085647641,0.103012878
Freshwater,Tulip Poplar,67,2023,0.300925936,0.097939106
Freshwater,Tulip Poplar,68,2023,0.09481837,0.102575903
Freshwater,Tulip Poplar,69,2023,0.049720971,0.097563248
Freshwater,Tulip Poplar,70,2023,0.049172577,0.092640813
Freshwater,Tulip Poplar,71,2023,0.043893207,0.086679397
Freshwater,Tulip Poplar,72,2023,0.02977995,0.060681649
Freshwater,Tulip Poplar,73,2023,0.060445045,0.059317525
Freshwater,Tulip Poplar,74,2023,0.082865355,0.065269046
Freshwater,Tulip Poplar,75,2023,0.12913908,0.074097851
Freshwater,Tulip Poplar,76,2023,0.026033478,0.078005027
Freshwater,Tulip Poplar,77,2023,0.040948457,0.084383212
Freshwater,Tulip Poplar,78,2023,0.081177126,0.098992733
Freshwater,Tulip Poplar,79,2023,0.109236179,0.10077641
Freshwater,Tulip Poplar,80,2023,0.137460631,0.095571739
Freshwater,Tulip Poplar,81,2023,0.082964968,0.100359177
Freshwater,Tulip Poplar,82,2023,0.0935618,0.102803301
Freshwater,Tulip Poplar,83,2023,0.206540254,0.102262431
Freshwater,Tulip Poplar,84,2023,0.100702124,0.098793937
Freshwater,Tulip Poplar,85,2023,0.077092374,0.093589002
Freshwater,Tulip Poplar,86,2023,0.073907859,0.092152079
Freshwater,Tulip Poplar,87,2023,0.065389692,0.088172793
Freshwater,Tulip Poplar,88,2023,0.075768425,0.079415229
Freshwater,Tulip Poplar,89,2023,0.074551239,0.076465727
Freshwater,Tulip Poplar,90,2023,0.085411289,0.074893588
Freshwater,Tulip Poplar,91,2023,0.068595736,0.100924704
Freshwater,Tulip Poplar,92,2023,0.053768941,0.103451869
Freshwater,Tulip Poplar,93,2023,0.118964607,0.111902825
Freshwater,Tulip Poplar,94,2023,0.071207106,0.11616406
Freshwater,Tulip Poplar,95,2023,0.061370989,0.12435619
Freshwater,Tulip Poplar,96,2023,0.334219019,0.157729004
Freshwater,Tulip Poplar,97,2023,0.09066134,0.270810022
Freshwater,Tulip Poplar,98,2023,0.160277983,0.462098098
Freshwater,Tulip Poplar,99,2023,0.117163594,0.636915459
Freshwater,Tulip Poplar,100,2023,0.167332586,0.779869989
Freshwater,Tulip Poplar,101,2023,0.402323871,0.99290607
Freshwater,Tulip Poplar,102,2023,1.184579129,1.194626622
Freshwater,Tulip Poplar,103,2023,2.031845362,1.408445318
Freshwater,Tulip Poplar,104,2023,1.819380716,1.622165309
Freshwater,Tulip Poplar,105,2023,1.490916294,1.889902548
Freshwater,Tulip Poplar,106,2023,2.464579824,2.155377104
Freshwater,Tulip Poplar,107,2023,2.107866864,2.258973178
Freshwater,Tulip Poplar,108,2023,2.298464943,2.310756182
Freshwater,Tulip Poplar,109,2023,2.254363503,2.364736564
Freshwater,Tulip Poplar,110,2023,2.844704971,2.407699907
Freshwater,Tulip Poplar,111,2023,3.057069431,2.387881598
Freshwater,Tulip Poplar,112,2023,2.220539867,2.432772696
Freshwater,Tulip Poplar,113,2023,2.549675401,2.231942026
Freshwater,Tulip Poplar,114,2023,2.35918454,2.098747248
Freshwater,Tulip Poplar,115,2023,1.920549725,1.830094738
Freshwater,Tulip Poplar,116,2023,2.266396738,1.746068853
Freshwater,Tulip Poplar,117,2023,2.556777837,1.631461133
Freshwater,Tulip Poplar,118,2023,0.290158245,1.553223417
Freshwater,Tulip Poplar,119,2023,0.922415727,1.510038731
Freshwater,Tulip Poplar,120,2023,0.158179866,1.529860828
Freshwater,Tulip Poplar,121,2023,2.216810585,1.608525858
Freshwater,Tulip Poplar,122,2023,1.074462671,1.605774516
Freshwater,Tulip Poplar,123,2023,1.767298232,1.926323853
Freshwater,Tulip Poplar,124,2023,1.927337681,2.017264296
Freshwater,Tulip Poplar,125,2023,2.118770697,2.317409351
Freshwater,Tulip Poplar,126,2023,3.053047042,2.428841203
Freshwater,Tulip Poplar,127,2023,2.529264409,2.661314842
Freshwater,Tulip Poplar,128,2023,3.495651619,2.698564984
Freshwater,Tulip Poplar,129,2023,1.831820158,2.830306861
Freshwater,Tulip Poplar,130,2023,3.159630421,2.913868764
Freshwater,Tulip Poplar,131,2023,3.331129104,2.91853227
Freshwater,Tulip Poplar,132,2023,3.399199057,2.995996676
Freshwater,Tulip Poplar,133,2023,2.139799653,2.902325503
Freshwater,Tulip Poplar,134,2023,3.244756451,3.032479311
Freshwater,Tulip Poplar,135,2023,2.954389726,2.952058984
Freshwater,Tulip Poplar,136,2023,3.099682099,2.943478653
Freshwater,Tulip Poplar,137,2023,3.303908468,2.956206162
Freshwater,Tulip Poplar,138,2023,2.558939893,3.060545682
Freshwater,Tulip Poplar,139,2023,3.133358234,3.065051069
Freshwater,Tulip Poplar,140,2023,2.355427157,3.052049572
Freshwater,Tulip Poplar,141,2023,3.245325792,3.060439008
Freshwater,Tulip Poplar,142,2023,3.526474142,3.053865618
Freshwater,Tulip Poplar,143,2023,3.183194858,3.077369091
Freshwater,Tulip Poplar,144,2023,3.289810322,2.865508983
Freshwater,Tulip Poplar,145,2023,2.824374754,2.910710237
Freshwater,Tulip Poplar,146,2023,3.183576464,2.916916471
Freshwater,Tulip Poplar,147,2023,3.238174564,2.910048633
Freshwater,Tulip Poplar,148,2023,2.793974625,2.974413841
Freshwater,Tulip Poplar,149,2023,1.014757156,2.994926818
Freshwater,Tulip Poplar,150,2023,2.807439691,3.033961517
Freshwater,Tulip Poplar,151,2023,3.307388138,3.055306583
Freshwater,Tulip Poplar,152,2023,3.45779576,3.094909576
Freshwater,Tulip Poplar,153,2023,3.826846933,3.162144691
Freshwater,Tulip Poplar,154,2023,3.49494009,3.413265018
Freshwater,Tulip Poplar,155,2023,3.21472175,3.457139294
Freshwater,Tulip Poplar,156,2023,3.397027124,3.514157768
Freshwater,Tulip Poplar,157,2023,3.634204488,3.541727414
Freshwater,Tulip Poplar,158,2023,3.466325784,3.28611012
Freshwater,Tulip Poplar,159,2023,3.525960421,3.291147065
Freshwater,Tulip Poplar,160,2023,3.246182456,3.278007193
Freshwater,Tulip Poplar,161,2023,3.877572874,3.299800838
Freshwater,Tulip Poplar,162,2023,3.733492225,3.270407731
Freshwater,Tulip Poplar,163,2023,1.270673993,3.303262963
Freshwater,Tulip Poplar,164,2023,3.545309539,3.3144345
Freshwater,Tulip Poplar,165,2023,3.083323029,3.349916457
Freshwater,Tulip Poplar,166,2023,3.614963571,3.24609586
Freshwater,Tulip Poplar,167,2023,3.340273421,2.899286858
Freshwater,Tulip Poplar,168,2023,3.794878105,2.845104964
Freshwater,Tulip Poplar,169,2023,3.637675784,2.569402394
Freshwater,Tulip Poplar,170,2023,3.601002034,2.524575929
Freshwater,Tulip Poplar,171,2023,2.839366902,2.502682961
Freshwater,Tulip Poplar,172,2023,0.265402197,2.475936996
Freshwater,Tulip Poplar,173,2023,0.728855055,2.422937206
Freshwater,Tulip Poplar,174,2023,0.788283843,2.420554513
Freshwater,Tulip Poplar,175,2023,2.635058382,2.428610481
Freshwater,Tulip Poplar,176,2023,3.396033886,2.498206155
Freshwater,Tulip Poplar,177,2023,3.072813776,2.809754788
Freshwater,Tulip Poplar,178,2023,3.264880204,3.025579202
Freshwater,Tulip Poplar,179,2023,3.613848856,3.317117425
Freshwater,Tulip Poplar,180,2023,3.681561708,3.453465561
Freshwater,Tulip Poplar,181,2023,3.535323642,3.495509823
Freshwater,Tulip Poplar,182,2023,3.380888525,3.53116183
Freshwater,Tulip Poplar,183,2023,2.887099202,3.474689704
Freshwater,Tulip Poplar,184,2023,3.703666066,3.478918126
Freshwater,Tulip Poplar,185,2023,3.998539746,3.354887529
Freshwater,Tulip Poplar,186,2023,3.81647651,3.384653334
Freshwater,Tulip Poplar,187,2023,3.429333846,3.425660082
Freshwater,Tulip Poplar,188,2023,2.700158943,3.495374391
Freshwater,Tulip Poplar,189,2023,3.656133072,3.507264057
Freshwater,Tulip Poplar,190,2023,2.441255734,3.442467318
Freshwater,Tulip Poplar,191,2023,3.8329817,3.41069898
Freshwater,Tulip Poplar,192,2023,3.790955999,3.076004163
Freshwater,Tulip Poplar,193,2023,3.584242291,3.19607894
Freshwater,Tulip Poplar,194,2023,3.822562727,3.232721348
Freshwater,Tulip Poplar,195,2023,3.350572361,3.265732819
Freshwater,Tulip Poplar,196,2023,3.498793131,3.25878562
Freshwater,Tulip Poplar,197,2023,0.082385669,3.275787598
Freshwater,Tulip Poplar,198,2023,3.900906719,3.241946812
Freshwater,Tulip Poplar,199,2023,4.022557152,3.270280538
Freshwater,Tulip Poplar,200,2023,2.771370442,3.265180347
Freshwater,Tulip Poplar,201,2023,3.763509705,3.128333102
Freshwater,Tulip Poplar,202,2023,3.960975781,3.536764832
Freshwater,Tulip Poplar,203,2023,3.245834429,3.575096037
Freshwater,Tulip Poplar,204,2023,4.105899993,3.552117643
Freshwater,Tulip Poplar,205,2023,3.299570448,3.707536953
Freshwater,Tulip Poplar,206,2023,2.130320683,3.650499883
Freshwater,Tulip Poplar,207,2023,4.166702967,3.657440784
Freshwater,Tulip Poplar,208,2023,4.28421877,3.69157134
Freshwater,Tulip Poplar,209,2023,3.792773215,3.680036134
Freshwater,Tulip Poplar,210,2023,4.325563535,3.605395131
Freshwater,Tulip Poplar,211,2023,3.193139008,3.64323704
Freshwater,Tulip Poplar,212,2023,4.030384796,3.628049714
Freshwater,Tulip Poplar,213,2023,3.587139986,3.627222844
Freshwater,Tulip Poplar,214,2023,3.990547928,3.644485712
Freshwater,Tulip Poplar,215,2023,2.553160421,3.591849712
Freshwater,Tulip Poplar,216,2023,2.508739776,3.592176042
Freshwater,Tulip Poplar,217,2023,4.014829706,3.418205768
Freshwater,Tulip Poplar,218,2023,4.275950074,3.441260158
Freshwater,Tulip Poplar,219,2023,3.965401893,3.44032861
Freshwater,Tulip Poplar,220,2023,3.799203529,3.566481126
Freshwater,Tulip Poplar,221,2023,3.196402312,3.750773628
Freshwater,Tulip Poplar,222,2023,2.290682054,3.697031664
Freshwater,Tulip Poplar,223,2023,3.817683884,3.69337999
Freshwater,Tulip Poplar,224,2023,3.98123245,3.701022821
Freshwater,Tulip Poplar,225,2023,3.814685581,3.751152636
Freshwater,Tulip Poplar,226,2023,4.351664794,3.763997157
Freshwater,Tulip Poplar,227,2023,3.477410074,3.978966163
Freshwater,Tulip Poplar,228,2023,4.239433332,4.015837429
Freshwater,Tulip Poplar,229,2023,4.041830203,3.971497302
Freshwater,Tulip Poplar,230,2023,4.300501678,3.991798071
Freshwater,Tulip Poplar,231,2023,3.324847525,3.760602338
Freshwater,Tulip Poplar,232,2023,4.440372114,3.753730677
Freshwater,Tulip Poplar,233,2023,4.186396539,3.693644934
Freshwater,Tulip Poplar,234,2023,3.53783118,3.667009772
Freshwater,Tulip Poplar,235,2023,4.017693271,3.402537832
Freshwater,Tulip Poplar,236,2023,2.039707467,3.25677004
Freshwater,Tulip Poplar,237,2023,3.408693457,3.184722103
Freshwater,Tulip Poplar,238,2023,3.638575902,2.946738532
Freshwater,Tulip Poplar,239,2023,3.775478588,2.885088626
Freshwater,Tulip Poplar,240,2023,1.655782275,2.834416275
Freshwater,Tulip Poplar,241,2023,1.867169606,2.946502665
Freshwater,Tulip Poplar,242,2023,3.719892749,2.836657384
Freshwater,Tulip Poplar,243,2023,1.80656082,2.678464335
Freshwater,Tulip Poplar,244,2023,2.921332125,2.516926812
Freshwater,Tulip Poplar,245,2023,3.510969763,2.620349199
Freshwater,Tulip Poplar,246,2023,3.16057137,2.669073677
Freshwater,Tulip Poplar,247,2023,2.310240642,2.49374305
Freshwater,Tulip Poplar,248,2023,2.05664541,2.499951136
Freshwater,Tulip Poplar,249,2023,2.160103362,2.467284337
Freshwater,Tulip Poplar,250,2023,2.690006138,2.400570126
Freshwater,Tulip Poplar,251,2023,2.354414395,2.349838097
Freshwater,Tulip Poplar,252,2023,1.966586478,2.346499202
Freshwater,Tulip Poplar,253,2023,1.868641674,2.28438304
Freshwater,Tulip Poplar,254,2023,2.594664132,2.263249068
Freshwater,Tulip Poplar,255,2023,2.843827655,2.166907919
Freshwater,Tulip Poplar,256,2023,2.653251084,2.180726949
Freshwater,Tulip Poplar,257,2023,2.276851693,2.230376539
Freshwater,Tulip Poplar,258,2023,1.435483792,2.25870908
Freshwater,Tulip Poplar,259,2023,1.948763636,2.235320739
Freshwater,Tulip Poplar,260,2023,1.726594654,2.113877481
Freshwater,Tulip Poplar,261,2023,2.492604688,1.918755386
Freshwater,Tulip Poplar,262,2023,2.463082384,1.740698659
Freshwater,Tulip Poplar,263,2023,2.151967079,1.799914474
Freshwater,Tulip Poplar,264,2023,2.360780726,1.614483099
Freshwater,Tulip Poplar,265,2023,1.629395077,1.604929257
Freshwater,Tulip Poplar,266,2023,0.702030128,1.474400876
Freshwater,Tulip Poplar,267,2023,0.496284429,1.3460244
Freshwater,Tulip Poplar,268,2023,2.027641933,1.319937655
Freshwater,Tulip Poplar,269,2023,0.094449886,1.441132136
Freshwater,Tulip Poplar,270,2023,1.63105624,1.532385565
Freshwater,Tulip Poplar,271,2023,1.187320881,1.770953742
Freshwater,Tulip Poplar,272,2023,1.179317618,2.05473883
Freshwater,Tulip Poplar,273,2023,1.891099633,2.146355586
Freshwater,Tulip Poplar,274,2023,3.572725531,2.316596452
Freshwater,Tulip Poplar,275,2023,2.541929375,2.279575045
Freshwater,Tulip Poplar,276,2023,3.08771189,2.314364831
Freshwater,Tulip Poplar,277,2023,3.334135315,2.362582525
Freshwater,Tulip Poplar,278,2023,2.943809491,2.413828526
Freshwater,Tulip Poplar,279,2023,1.796858544,2.300183026
Freshwater,Tulip Poplar,280,2023,1.260842171,2.25955852
Freshwater,Tulip Poplar,281,2023,1.535218739,2.133533248
Freshwater,Tulip Poplar,282,2023,1.661494565,1.80649683
Freshwater,Tulip Poplar,283,2023,2.403559634,1.637628336
Freshwater,Tulip Poplar,284,2023,2.436270536,1.613133569
Freshwater,Tulip Poplar,285,2023,2.135684312,1.610960306
Freshwater,Tulip Poplar,286,2023,1.827459174,1.614435939
Freshwater,Tulip Poplar,287,2023,0.063771129,1.628181311
Freshwater,Tulip Poplar,288,2023,1.255124557,1.543462327
Freshwater,Tulip Poplar,289,2023,1.551910874,1.446400744
Freshwater,Tulip Poplar,290,2023,1.239109539,1.348496556
Freshwater,Tulip Poplar,291,2023,1.569975071,1.256988218
Freshwater,Tulip Poplar,292,2023,1.798948287,1.375551538
Freshwater,Tulip Poplar,293,2023,1.556369786,1.399076007
Freshwater,Tulip Poplar,294,2023,1.465654715,1.37046696
Freshwater,Tulip Poplar,295,2023,1.156642433,1.350019029
Freshwater,Tulip Poplar,296,2023,0.912375794,1.270456758
Freshwater,Tulip Poplar,297,2023,1.249404324,1.124545513
Freshwater,Tulip Poplar,298,2023,1.490369249,1.01066157
Freshwater,Tulip Poplar,299,2023,1.265820401,0.87326298
Freshwater,Tulip Poplar,300,2023,1.034630231,0.765213263
Freshwater,Tulip Poplar,301,2023,0.774352362,0.683109158
Freshwater,Tulip Poplar,302,2023,0.339835837,0.574293627
Freshwater,Tulip Poplar,303,2023,0.417530351,0.439412131
Freshwater,Tulip Poplar,304,2023,0.091668813,0.3290375
Freshwater,Tulip Poplar,305,2023,0.07614527,0.232250551
Freshwater,Tulip Poplar,306,2023,0.091334742,0.161084587
Freshwater,Tulip Poplar,307,2023,0.161249011,0.132538322
Freshwater,Tulip Poplar,308,2023,0.141554292,0.10118164
Freshwater,Tulip Poplar,309,2023,0.16207409,0.095264793
Freshwater,Tulip Poplar,310,2023,0.066760745,0.1002061
Freshwater,Tulip Poplar,311,2023,0.062692716,0.099747371
Freshwater,Tulip Poplar,312,2023,0.054373188,0.094688821
Freshwater,Tulip Poplar,313,2023,0.103963529,0.085104029
Freshwater,Tulip Poplar,314,2023,0.032500345,0.073952952
Freshwater,Tulip Poplar,315,2023,0.125558345,0.073541433
Freshwater,Tulip Poplar,316,2023,0.08674745,0.07256588
Freshwater,Tulip Poplar,317,2023,0.110663508,0.07030881
Freshwater,Tulip Poplar,318,2023,0.045706374,0.067001947
Freshwater,Tulip Poplar,319,2023,0.050563325,0.070176448
Freshwater,Tulip Poplar,320,2023,0.062645552,0.064188914
Freshwater,Tulip Poplar,321,2023,0.05293718,0.073904067
Freshwater,Tulip Poplar,322,2023,0.031802495,0.073359347
Freshwater,Tulip Poplar,323,2023,0.070894899,0.079725705
Freshwater,Tulip Poplar,324,2023,0.064245347,0.078326117
Freshwater,Tulip Poplar,325,2023,0.065683014,0.078984455
Freshwater,Tulip Poplar,326,2023,0.183898974,0.075467338
Freshwater,Tulip Poplar,327,2023,0.105216308,0.083968041
Freshwater,Tulip Poplar,328,2023,0.109369961,0.102008337
Freshwater,Tulip Poplar,329,2023,0.03656744,0.110038508
Freshwater,Tulip Poplar,330,2023,0.069228928,0.107170886
Freshwater,Tulip Poplar,331,2023,0.017766017,0.091984689
Freshwater,Tulip Poplar,332,2023,0.116809526,0.105925811
Freshwater,Tulip Poplar,333,2023,0.251297852,0.098411068
Freshwater,Tulip Poplar,334,2023,0.144547058,0.101049037
Freshwater,Tulip Poplar,335,2023,0.037006796,0.09970348
Freshwater,Tulip Poplar,336,2023,0.032037007,0.100553319
Freshwater,Tulip Poplar,337,2023,0.244627531,0.097212447
Freshwater,Tulip Poplar,338,2023,0.034222531,0.081605802
Freshwater,Tulip Poplar,339,2023,0.062947123,0.070057761
Freshwater,Tulip Poplar,340,2023,0.055773362,0.07083551
Freshwater,Tulip Poplar,341,2023,0.026264406,0.080989624
Freshwater,Tulip Poplar,342,2023,0.083400803,0.064308984
Freshwater,Tulip Poplar,343,2023,0.0952314,0.06716821
Freshwater,Tulip Poplar,344,2023,0.029066652,0.075326409
Freshwater,Tulip Poplar,345,2023,0.044784284,0.07809441
Freshwater,Tulip Poplar,346,2023,0.133578152,0.083628269
Freshwater,Tulip Poplar,347,2023,0.077821128,0.414901465
Freshwater,Tulip Poplar,348,2023,0.06281479,0.410429742
Freshwater,Tulip Poplar,349,2023,0.144529111,0.453921045
Freshwater,Tulip Poplar,350,2023,0.083453371,0.460283473
Freshwater,Tulip Poplar,351,2023,0.081603003,0.453423291
Freshwater,Tulip Poplar,352,2023,3.396132756,0.449303749
Freshwater,Tulip Poplar,353,2023,0.050514179,0.446880168
Freshwater,Tulip Poplar,354,2023,0.463979673,0.44198675
Freshwater,Tulip Poplar,355,2023,0.108408566,0.43923736
Freshwater,Tulip Poplar,356,2023,0.064976338,0.437372929
Freshwater,Tulip Poplar,357,2023,0.0366257,0.103427368
Freshwater,Tulip Poplar,358,2023,0.038578978,0.101131157
Freshwater,Tulip Poplar,359,2023,0.095594931,0.061100001
Freshwater,Tulip Poplar,360,2023,0.055959473,NA
Freshwater,Tulip Poplar,361,2023,0.062958695,NA
Freshwater,Tulip Poplar,363,2023,0.05667715,NA
Freshwater,Tulip Poplar,364,2023,0.02755207,NA
Freshwater,Tulip Poplar,365,2023,0.063668106,NA
Saltwater,Beech,1,2023,0.071696563,NA
Saltwater,Beech,2,2023,0.138988575,NA
Saltwater,Beech,3,2023,0.081745832,NA
Saltwater,Beech,4,2023,0.054308479,NA
Saltwater,Beech,5,2023,0.013419202,0.061807815
Saltwater,Beech,6,2023,0.051532646,0.076999571
Saltwater,Beech,7,2023,0.059264938,0.066536888
Saltwater,Beech,8,2023,0.048370648,0.0647994
Saltwater,Beech,9,2023,0.056355419,0.061866066
Saltwater,Beech,10,2023,0.042395852,0.07520292
Saltwater,Beech,11,2023,0.22361412,0.081710715
Saltwater,Beech,12,2023,0.034361744,0.078334519
Saltwater,Beech,13,2023,0.064370951,0.07979166
Saltwater,Beech,14,2023,0.02497514,0.077552298
Saltwater,Beech,15,2023,0.146787744,0.078133092
Saltwater,Beech,16,2023,0.116610592,0.059496332
Saltwater,Beech,17,2023,0.025502984,0.06448674
Saltwater,Beech,18,2023,0.062942056,0.061624204
Saltwater,Beech,19,2023,0.033961796,0.067210641
Saltwater,Beech,20,2023,0.048203789,0.059812042
Saltwater,Beech,21,2023,0.037246526,0.05075499
Saltwater,Beech,22,2023,0.084265819,0.054146431
Saltwater,Beech,23,2023,0.035745593,0.05395851
Saltwater,Beech,24,2023,0.080839512,0.054063693
Saltwater,Beech,25,2023,0.072801754,0.056135557
Saltwater,Beech,26,2023,0.026040065,0.062683026
Saltwater,Beech,27,2023,0.059417403,0.058836887
Saltwater,Beech,28,2023,0.061062843,0.078683058
Saltwater,Beech,29,2023,0.035013629,0.073872123
Saltwater,Beech,30,2023,0.068922423,0.069632169
Saltwater,Beech,31,2023,0.10272122,0.070157299
Saltwater,Beech,32,2023,0.045804424,0.076706188
Saltwater,Beech,33,2023,0.234207301,0.090792337
Saltwater,Beech,34,2023,0.032730168,0.093806963
Saltwater,Beech,35,2023,0.030402211,0.095502472
Saltwater,Beech,36,2023,0.031291372,0.088699493
Saltwater,Beech,37,2023,0.12490629,0.091630166
Saltwater,Beech,38,2023,0.201924336,0.080618138
Saltwater,Beech,39,2023,0.065159886,0.078946123
Saltwater,Beech,40,2023,0.085877508,0.086894109
Saltwater,Beech,41,2023,0.03469143,0.090539741
Saltwater,Beech,42,2023,0.075111158,0.082890097
Saltwater,Beech,43,2023,0.124087024,0.067772334
Saltwater,Beech,44,2023,0.016010012,0.081307177
Saltwater,Beech,45,2023,0.109882072,0.07505723
Saltwater,Beech,46,2023,0.067747693,0.0733361
Saltwater,Beech,47,2023,0.048409854,0.071575094
Saltwater,Beech,48,2023,0.050746698,0.072242099
Saltwater,Beech,49,2023,0.200508324,0.081877241
Saltwater,Beech,50,2023,0.023378032,0.077774247
Saltwater,Beech,51,2023,0.017480132,0.083675878
Saltwater,Beech,52,2023,0.0575011,0.084036657
Saltwater,Beech,53,2023,0.130757075,0.090777432
Saltwater,Beech,54,2023,0.112361423,0.074094846
Saltwater,Beech,55,2023,0.068852133,0.083766935
Saltwater,Beech,56,2023,0.126764002,0.09468406
Saltwater,Beech,57,2023,0.052017647,0.096709513
Saltwater,Beech,58,2023,0.118154449,0.089287006
Saltwater,Beech,59,2023,0.033682465,0.100349174
Saltwater,Beech,60,2023,0.120098921,0.112182522
Saltwater,Beech,61,2023,0.126651383,0.112674466
Saltwater,Beech,62,2023,0.077755627,0.122346313
Saltwater,Beech,63,2023,0.056532006,0.122677097
Saltwater,Beech,64,2023,0.222983102,0.134757861
Saltwater,Beech,65,2023,0.18718562,0.127306538
Saltwater,Beech,66,2023,0.131683435,0.127316297
Saltwater,Beech,67,2023,0.148736122,0.122176555
Saltwater,Beech,68,2023,0.121462284,0.128666014
Saltwater,Beech,69,2023,0.154490111,0.120253694
Saltwater,Beech,70,2023,0.045585694,0.115163184
Saltwater,Beech,71,2023,0.126748974,0.117106186
Saltwater,Beech,72,2023,0.026358202,0.112451621
Saltwater,Beech,73,2023,0.121426599,0.117119996
Saltwater,Beech,74,2023,0.138859904,0.122796588
Saltwater,Beech,75,2023,0.136280521,0.134750107
Saltwater,Beech,76,2023,0.15111345,0.13750745
Saltwater,Beech,77,2023,0.102190478,0.150015389
Saltwater,Beech,78,2023,0.168146033,0.141131729
Saltwater,Beech,79,2023,0.21125603,0.134099177
Saltwater,Beech,80,2023,0.165120876,0.125174048
Saltwater,Beech,81,2023,0.15432241,0.128019911
Saltwater,Beech,82,2023,0.151437592,0.133602381
Saltwater,Beech,83,2023,0.032589995,0.131076612
Saltwater,Beech,84,2023,0.068534387,0.123644515
Saltwater,Beech,85,2023,0.047029227,0.127704847
Saltwater,Beech,86,2023,0.179572079,0.125486247
Saltwater,Beech,87,2023,0.158015185,0.125331042
Saltwater,Beech,88,2023,0.142888342,0.145539674
Saltwater,Beech,89,2023,0.136935057,0.158389721
Saltwater,Beech,90,2023,0.205724201,0.199495756
Saltwater,Beech,91,2023,0.132136406,0.273309566
Saltwater,Beech,92,2023,0.14988554,0.271758282
Saltwater,Beech,93,2023,0.234676317,0.282977973
Saltwater,Beech,94,2023,0.19703486,0.316534443
Saltwater,Beech,95,2023,0.458089573,0.367134852
Saltwater,Beech,96,2023,0.917710178,0.463415175
Saltwater,Beech,97,2023,0.14250235,0.634938135
Saltwater,Beech,98,2023,0.255085245,0.870959319
Saltwater,Beech,99,2023,0.472499756,1.120694333
Saltwater,Beech,100,2023,0.711728295,1.251415234
Saltwater,Beech,101,2023,1.094939636,1.512860552
Saltwater,Beech,102,2023,1.865115136,1.797165492
Saltwater,Beech,103,2023,2.594888162,2.182354371
Saltwater,Beech,104,2023,2.694384998,2.575552681
Saltwater,Beech,105,2023,1.765298587,2.922038954
Saltwater,Beech,106,2023,3.532163356,3.246821468
Saltwater,Beech,107,2023,2.985551748,3.381757631
Saltwater,Beech,108,2023,4.106974033,3.475411116
Saltwater,Beech,109,2023,4.404482861,3.576465551
Saltwater,Beech,110,2023,4.176591022,3.725841083
Saltwater,Beech,111,2023,4.342764775,3.770743705
Saltwater,Beech,112,2023,3.214476765,3.850252302
Saltwater,Beech,113,2023,3.531423013,3.458075673
Saltwater,Beech,114,2023,3.704929349,3.124202033
Saltwater,Beech,115,2023,3.259053905,2.716614833
Saltwater,Beech,116,2023,3.981189581,2.705405739
Saltwater,Beech,117,2023,3.780637712,2.55207408
Saltwater,Beech,118,2023,0.185207743,2.478985414
Saltwater,Beech,119,2023,1.065746466,2.403887729
Saltwater,Beech,120,2023,0.100719022,2.409887408
Saltwater,Beech,121,2023,4.230673833,2.460311248
Saltwater,Beech,122,2023,1.681160174,2.463706673
Saltwater,Beech,123,2023,2.800536359,2.955407483
Saltwater,Beech,124,2023,2.953952493,3.048753948
Saltwater,Beech,125,2023,3.319050695,3.524641101
Saltwater,Beech,126,2023,4.485427986,3.579787168
Saltwater,Beech,127,2023,3.814591954,3.87983348
Saltwater,Beech,128,2023,5.102215842,3.830563562
Saltwater,Beech,129,2023,1.999211124,4.01984292
Saltwater,Beech,130,2023,4.859590545,4.176446541
Saltwater,Beech,131,2023,4.782134508,4.171574852
Saltwater,Beech,132,2023,4.681623291,4.280787757
Saltwater,Beech,133,2023,2.307837179,4.205800864
Saltwater,Beech,134,2023,4.846746075,4.429317795
Saltwater,Beech,135,2023,4.885086902,4.262800943
Saltwater,Beech,136,2023,4.4367111,4.250800067
Saltwater,Beech,137,2023,4.906721,4.282318242
Saltwater,Beech,138,2023,4.352346917,4.52319779
Saltwater,Beech,139,2023,4.23438043,4.580742715
Saltwater,Beech,140,2023,3.194422028,4.581503765
Saltwater,Beech,141,2023,4.662125745,4.638479082
Saltwater,Beech,142,2023,4.996805047,4.692514596
Saltwater,Beech,143,2023,4.716632653,4.6726716
Saltwater,Beech,144,2023,5.422195326,4.443623884
Saltwater,Beech,145,2023,4.892697401,4.515905525
Saltwater,Beech,146,2023,5.006464268,4.528435705
Saltwater,Beech,147,2023,5.447076148,4.502499435
Saltwater,Beech,148,2023,4.153916955,4.601381615
Saltwater,Beech,149,2023,1.943903265,4.559260827
Saltwater,Beech,150,2023,3.917238439,4.521043598
Saltwater,Beech,151,2023,4.787427545,4.512164802
Saltwater,Beech,152,2023,4.737442345,4.548049284
Saltwater,Beech,153,2023,5.705454461,4.648643968
Saltwater,Beech,154,2023,5.000987445,4.950515209
Saltwater,Beech,155,2023,4.51052511,5.029938273
Saltwater,Beech,156,2023,4.917676306,5.123502514
Saltwater,Beech,157,2023,5.805920966,5.159337869
Saltwater,Beech,158,2023,5.159863797,4.675496486
Saltwater,Beech,159,2023,4.962615679,4.652054359
Saltwater,Beech,160,2023,4.711469073,4.570726212
Saltwater,Beech,161,2023,5.723069955,4.604650503
Saltwater,Beech,162,2023,5.095795895,4.482941786
Saltwater,Beech,163,2023,0.867040632,4.516055232
Saltwater,Beech,164,2023,4.766566177,4.533165787
Saltwater,Beech,165,2023,3.697243642,4.533360382
Saltwater,Beech,166,2023,5.256919214,4.252878161
Saltwater,Beech,167,2023,4.588833794,3.770822949
Saltwater,Beech,168,2023,5.490998255,3.745143962
Saltwater,Beech,169,2023,5.133721228,3.27594197
Saltwater,Beech,170,2023,4.713415029,3.141311281
Saltwater,Beech,171,2023,2.918247744,3.002141239
Saltwater,Beech,172,2023,0.275243777,2.894031244
Saltwater,Beech,173,2023,0.610250756,2.742624907
Saltwater,Beech,174,2023,0.074546263,2.688934628
Saltwater,Beech,175,2023,2.350936748,2.709755796
Saltwater,Beech,176,2023,3.865218793,2.869190583
Saltwater,Beech,177,2023,3.507733846,3.19223565
Saltwater,Beech,178,2023,3.976934882,3.44659804
Saltwater,Beech,179,2023,4.596818444,3.959268306
Saltwater,Beech,180,2023,4.921626709,4.26618139
Saltwater,Beech,181,2023,4.512595614,4.403166482
Saltwater,Beech,182,2023,3.505694443,4.478452179
Saltwater,Beech,183,2023,3.153874662,4.401540933
Saltwater,Beech,184,2023,5.201248922,4.426931897
Saltwater,Beech,185,2023,5.420067586,4.175418403
Saltwater,Beech,186,2023,5.235069707,4.198061867
Saltwater,Beech,187,2023,4.260590821,4.375057414
Saltwater,Beech,188,2023,3.20782242,4.606069933
Saltwater,Beech,189,2023,4.850728083,4.660237186
Saltwater,Beech,190,2023,2.406491767,4.604645715
Saltwater,Beech,191,2023,4.739030262,4.491223433
Saltwater,Beech,192,2023,5.275649906,4.081864552
Saltwater,Beech,193,2023,5.463999854,4.240614314
Saltwater,Beech,194,2023,5.742921455,4.304381718
Saltwater,Beech,195,2023,4.864152872,4.2911563
Saltwater,Beech,196,2023,4.100846891,4.254435538
Saltwater,Beech,197,2023,0.16700201,4.159480957
Saltwater,Beech,198,2023,4.795320037,4.076538514
Saltwater,Beech,199,2023,5.488402123,4.030661692
Saltwater,Beech,200,2023,2.274237591,3.88596979
Saltwater,Beech,201,2023,4.371822636,3.678560749
Saltwater,Beech,202,2023,4.326104104,4.109107097
Saltwater,Beech,203,2023,4.63457542,4.146738852
Saltwater,Beech,204,2023,5.28415324,4.083223223
Saltwater,Beech,205,2023,3.417233849,4.355430995
Saltwater,Beech,206,2023,2.026756483,4.465349678
Saltwater,Beech,207,2023,4.472465484,4.459865075
Saltwater,Beech,208,2023,5.17163759,4.461555652
Saltwater,Beech,209,2023,4.853245829,4.428332599
Saltwater,Beech,210,2023,4.996315312,4.361262844
Saltwater,Beech,211,2023,5.471009471,4.359506293
Saltwater,Beech,212,2023,4.271258073,4.310681803
Saltwater,Beech,213,2023,4.651481187,4.246345721
Saltwater,Beech,214,2023,4.951922709,4.136681214
Saltwater,Beech,215,2023,2.746536303,4.100643362
Saltwater,Beech,216,2023,2.00919097,3.980585588
Saltwater,Beech,217,2023,3.984220588,3.772001881
Saltwater,Beech,218,2023,4.528276766,3.780179417
Saltwater,Beech,219,2023,3.75660076,3.724147836
Saltwater,Beech,220,2023,4.635936795,3.950604698
Saltwater,Beech,221,2023,4.270431729,4.237304554
Saltwater,Beech,222,2023,2.185421003,4.159171698
Saltwater,Beech,223,2023,4.733256553,4.178897539
Saltwater,Beech,224,2023,4.391606891,4.232918655
Saltwater,Beech,225,2023,5.011104931,4.274425041
Saltwater,Beech,226,2023,4.876189526,4.344864069
Saltwater,Beech,227,2023,3.202892023,4.637884757
Saltwater,Beech,228,2023,4.72553518,4.639031092
Saltwater,Beech,229,2023,4.296811921,4.685036413
Saltwater,Beech,230,2023,5.05100065,4.656584718
Saltwater,Beech,231,2023,4.974822008,4.423860687
Saltwater,Beech,232,2023,5.115627885,4.537238467
Saltwater,Beech,233,2023,4.744719905,4.439026888
Saltwater,Beech,234,2023,4.851660102,4.500485307
Saltwater,Beech,235,2023,4.726587983,4.123272751
Saltwater,Beech,236,2023,2.548949212,3.825209018
Saltwater,Beech,237,2023,4.33666982,3.79001203
Saltwater,Beech,238,2023,3.743419396,3.710880549
Saltwater,Beech,239,2023,4.911396115,3.714456659
Saltwater,Beech,240,2023,1.278875087,3.698521197
Saltwater,Beech,241,2023,1.994184679,3.961181641
Saltwater,Beech,242,2023,4.763658,4.038199455
Saltwater,Beech,243,2023,3.953405094,4.114872878
Saltwater,Beech,244,2023,4.887421204,4.113583703
Saltwater,Beech,245,2023,4.567233369,4.469620242
Saltwater,Beech,246,2023,5.175553646,4.730998936
Saltwater,Beech,247,2023,5.106847957,4.458286458
Saltwater,Beech,248,2023,4.510153627,4.165697869
Saltwater,Beech,249,2023,4.898504366,3.906254913
Saltwater,Beech,250,2023,4.839240476,3.799321277
Saltwater,Beech,251,2023,4.60797162,3.709690033
Saltwater,Beech,252,2023,2.036533218,3.655578762
Saltwater,Beech,253,2023,1.02751921,3.611667595
Saltwater,Beech,254,2023,2.292991646,3.60252183
Saltwater,Beech,255,2023,3.497897,3.397437406
Saltwater,Beech,256,2023,4.279241206,3.159627049
Saltwater,Beech,257,2023,4.565735246,3.41917026
Saltwater,Beech,258,2023,4.07104196,3.764543558
Saltwater,Beech,259,2023,4.807046717,3.964920039
Saltwater,Beech,260,2023,2.78839624,3.937165305
Saltwater,Beech,261,2023,2.229868049,3.526548521
Saltwater,Beech,262,2023,4.631965327,3.080527483
Saltwater,Beech,263,2023,4.481252186,2.89741626
Saltwater,Beech,264,2023,4.296756461,2.426002238
Saltwater,Beech,265,2023,3.220349653,2.44190963
Saltwater,Beech,266,2023,0.173073372,2.394039181
Saltwater,Beech,267,2023,0.105524866,2.074429521
Saltwater,Beech,268,2023,2.239929723,1.897480225
Saltwater,Beech,269,2023,0.092906502,1.941068666
Saltwater,Beech,270,2023,2.94747016,2.056373533
Saltwater,Beech,271,2023,1.751163561,2.433303342
Saltwater,Beech,272,2023,1.435868724,2.867149741
Saltwater,Beech,273,2023,2.711759225,3.061876054
Saltwater,Beech,274,2023,4.732640873,3.271357723
Saltwater,Beech,275,2023,4.373398326,3.127031992
Saltwater,Beech,276,2023,3.942371463,3.314251469
Saltwater,Beech,277,2023,4.443988851,3.569469288
Saltwater,Beech,278,2023,4.187192855,3.708398046
Saltwater,Beech,279,2023,2.187723192,3.677823791
Saltwater,Beech,280,2023,1.504212853,3.646704861
Saltwater,Beech,281,2023,3.623358329,3.635222064
Saltwater,Beech,282,2023,3.988046909,3.198399681
Saltwater,Beech,283,2023,4.101046811,3.06409662
Saltwater,Beech,284,2023,4.426898316,3.184720097
Saltwater,Beech,285,2023,4.062209035,3.292876334
Saltwater,Beech,286,2023,3.827543489,3.299950597
Saltwater,Beech,287,2023,0.075765019,3.243248177
Saltwater,Beech,288,2023,2.844162249,3.157083336
Saltwater,Beech,289,2023,3.393957963,3.051099025
Saltwater,Beech,290,2023,2.585775216,3.028045823
Saltwater,Beech,291,2023,3.694100958,2.95884708
Saltwater,Beech,292,2023,3.421022717,3.316015122
Saltwater,Beech,293,2023,3.2393984,3.426219044
Saltwater,Beech,294,2023,3.3670552,3.443340929
Saltwater,Beech,295,2023,3.83167702,3.534363449
Saltwater,Beech,296,2023,3.135556062,3.532840368
Saltwater,Beech,297,2023,3.647445433,3.393273875
Saltwater,Beech,298,2023,3.946201474,3.350478735
Saltwater,Beech,299,2023,3.565176814,3.140223284
Saltwater,Beech,300,2023,3.496000408,2.914579578
Saltwater,Beech,301,2023,3.678870147,2.746765223
Saltwater,Beech,302,2023,2.02535779,2.589040723
Saltwater,Beech,303,2023,2.811446997,2.398889194
Saltwater,Beech,304,2023,1.264500695,2.324049735
Saltwater,Beech,305,2023,1.575239963,2.127053375
Saltwater,Beech,306,2023,1.457412512,1.927733872
Saltwater,Beech,307,2023,2.070200432,1.786563253
Saltwater,Beech,308,2023,2.044686184,1.62335219
Saltwater,Beech,309,2023,2.816782221,1.502608851
Saltwater,Beech,310,2023,1.526036811,1.366697759
Saltwater,Beech,311,2023,1.685675118,1.247846402
Saltwater,Beech,312,2023,0.613651593,1.055857799
Saltwater,Beech,313,2023,1.179336371,0.8974146
Saltwater,Beech,314,2023,0.057067303,0.630014615
Saltwater,Beech,315,2023,0.21612905,0.499564553
Saltwater,Beech,316,2023,0.268898939,0.335573005
Saltwater,Beech,317,2023,0.150314403,0.274477387
Saltwater,Beech,318,2023,0.460254195,0.168581897
Saltwater,Beech,319,2023,0.142782366,0.168112842
Saltwater,Beech,320,2023,0.221536194,0.151328259
Saltwater,Beech,321,2023,0.045759638,0.13031212
Saltwater,Beech,322,2023,0.002695414,0.118958254
Saltwater,Beech,323,2023,0.120381468,0.079382828
Saltwater,Beech,324,2023,0.052376752,0.071790913
Saltwater,Beech,325,2023,0.048283216,0.060499721
Saltwater,Beech,326,2023,0.058737557,0.059690361
Saltwater,Beech,327,2023,0.036775742,0.069596579
Saltwater,Beech,328,2023,0.064499933,0.071931868
Saltwater,Beech,329,2023,0.066863219,0.077107192
Saltwater,Beech,330,2023,0.108624268,0.074757153
Saltwater,Beech,331,2023,0.037666039,0.070179127
Saltwater,Beech,332,2023,0.101757592,0.068989558
Saltwater,Beech,333,2023,0.14373436,0.071415952
Saltwater,Beech,334,2023,0.104129991,0.071645078
Saltwater,Beech,335,2023,0.024782834,0.06190849
Saltwater,Beech,336,2023,0.012957295,0.070195449
Saltwater,Beech,337,2023,0.024880051,0.076073401
Saltwater,Beech,338,2023,0.088763871,0.079563789
Saltwater,Beech,339,2023,0.069154479,0.078160862
Saltwater,Beech,340,2023,0.011258392,0.081983373
Saltwater,Beech,341,2023,0.120535629,0.100767433
Saltwater,Beech,342,2023,0.160537105,0.107529468
Saltwater,Beech,343,2023,0.178638245,0.11268828
Saltwater,Beech,344,2023,0.090100714,0.119040638
Saltwater,Beech,345,2023,0.063007954,0.130735401
Saltwater,Beech,346,2023,0.200797892,0.131757603
Saltwater,Beech,347,2023,0.092500397,0.115762131
Saltwater,Beech,348,2023,0.140351993,0.107940667
Saltwater,Beech,349,2023,0.132678057,0.126762166
Saltwater,Beech,350,2023,0.128206027,0.13772615
Saltwater,Beech,351,2023,0.130757649,0.122974896
Saltwater,Beech,352,2023,5.82E-04,0.123061833
Saltwater,Beech,353,2023,0.100423598,0.116880375
Saltwater,Beech,354,2023,0.278315713,0.113530841
Saltwater,Beech,355,2023,0.172647787,0.107841378
Saltwater,Beech,356,2023,0.053285356,0.104683708
Saltwater,Beech,357,2023,0.093369767,0.10483121
Saltwater,Beech,358,2023,0.078537409,0.102335104
Saltwater,Beech,359,2023,0.099182717,0.082455874
Saltwater,Beech,360,2023,0.071311404,0.075247104
Saltwater,Beech,361,2023,0.099180949,NA
Saltwater,Beech,362,2023,0.002057399,NA
Saltwater,Beech,363,2023,0.075462544,NA
Saltwater,Beech,364,2023,0.079523408,NA
Saltwater,Beech,365,2023,0.100560091,NA
Saltwater,Red Maple,1,2023,0.236050425,NA
Saltwater,Red Maple,2,2023,0.146326746,NA
Saltwater,Red Maple,3,2023,0.120900489,NA
Saltwater,Red Maple,4,2023,0.040674827,NA
Saltwater,Red Maple,5,2023,0.021501197,0.087541372
Saltwater,Red Maple,6,2023,0.05247995,0.117544776
Saltwater,Red Maple,7,2023,0.05266212,0.106721203
Saltwater,Red Maple,8,2023,0.077220982,0.106903718
Saltwater,Red Maple,9,2023,0.054512319,0.107133922
Saltwater,Red Maple,10,2023,0.073084671,0.137085355
Saltwater,Red Maple,11,2023,0.536084465,0.167745189
Saltwater,Red Maple,12,2023,0.038091012,0.169101286
Saltwater,Red Maple,13,2023,0.122725634,0.179869932
Saltwater,Red Maple,14,2023,0.042976871,0.181895072
Saltwater,Red Maple,15,2023,0.321015532,0.18385836
Saltwater,Red Maple,16,2023,0.35907829,0.13783786
Saltwater,Red Maple,17,2023,0.066223081,0.152032064
Saltwater,Red Maple,18,2023,0.184907443,0.187713267
Saltwater,Red Maple,19,2023,0.074763719,0.196220178
Saltwater,Red Maple,20,2023,0.092717557,0.187651012
Saltwater,Red Maple,21,2023,0.075879465,0.158323581
Saltwater,Red Maple,22,2023,0.180033044,0.160778783
Saltwater,Red Maple,23,2023,0.479537665,0.169704417
Saltwater,Red Maple,24,2023,0.128045987,0.176760248
Saltwater,Red Maple,25,2023,0.235323868,0.17923177
Saltwater,Red Maple,26,2023,0.065803984,0.200847552
Saltwater,Red Maple,27,2023,0.090775099,0.191572419
Saltwater,Red Maple,28,2023,0.274163778,0.191067377
Saltwater,Red Maple,29,2023,0.145322034,0.192332469
Saltwater,Red Maple,30,2023,0.117432775,0.189293807
Saltwater,Red Maple,31,2023,0.292037282,0.209005058
Saltwater,Red Maple,32,2023,0.087281718,0.216574156
Saltwater,Red Maple,33,2023,0.474487251,0.245466242
Saltwater,Red Maple,34,2023,0.140696899,0.247453645
Saltwater,Red Maple,35,2023,0.204937247,0.250933523
Saltwater,Red Maple,36,2023,0.262916499,0.230135986
Saltwater,Red Maple,37,2023,0.16646608,0.23213362
Saltwater,Red Maple,38,2023,0.563084639,0.225629304
Saltwater,Red Maple,39,2023,0.165196065,0.23108145
Saltwater,Red Maple,40,2023,0.152231553,0.241789004
Saltwater,Red Maple,41,2023,0.08406191,0.229871856
Saltwater,Red Maple,42,2023,0.107258057,0.232424765
Saltwater,Red Maple,43,2023,0.409444093,0.22881227
Saltwater,Red Maple,44,2023,0.19521836,0.239806111
Saltwater,Red Maple,45,2023,0.312012787,0.249316239
Saltwater,Red Maple,46,2023,0.14374502,0.252087494
Saltwater,Red Maple,47,2023,0.191995164,0.24963268
Saltwater,Red Maple,48,2023,0.526959686,0.21984393
Saltwater,Red Maple,49,2023,0.27513448,0.210736944
Saltwater,Red Maple,50,2023,0.24733283,0.192338466
Saltwater,Red Maple,51,2023,0.111774465,0.190135245
Saltwater,Red Maple,52,2023,0.082709914,0.177650352
Saltwater,Red Maple,53,2023,0.111556595,0.139638358
Saltwater,Red Maple,54,2023,0.104148493,0.114409124
Saltwater,Red Maple,55,2023,0.128028006,0.105354766
Saltwater,Red Maple,56,2023,0.121712818,0.106514941
Saltwater,Red Maple,57,2023,0.067146231,0.11400626
Saltwater,Red Maple,58,2023,0.146839749,0.111557824
Saltwater,Red Maple,59,2023,0.022842139,0.121878837
Saltwater,Red Maple,60,2023,0.156789248,0.125822138
Saltwater,Red Maple,61,2023,0.123376217,0.128126146
Saltwater,Red Maple,62,2023,0.157623106,0.136881331
Saltwater,Red Maple,63,2023,0.08707223,0.135942393
Saltwater,Red Maple,64,2023,0.207358626,0.144722033
Saltwater,Red Maple,65,2023,0.167461013,0.133302143
Saltwater,Red Maple,66,2023,0.144752902,0.129933658
Saltwater,Red Maple,67,2023,0.154698082,0.117005237
Saltwater,Red Maple,68,2023,0.137450366,0.120892088
Saltwater,Red Maple,69,2023,0.110638536,0.114185943
Saltwater,Red Maple,70,2023,0.042590347,0.11353542
Saltwater,Red Maple,71,2023,0.089691376,0.105679048
Saltwater,Red Maple,72,2023,0.028338896,0.101005901
Saltwater,Red Maple,73,2023,0.125940739,0.102145237
Saltwater,Red Maple,74,2023,0.140297175,0.122596073
Saltwater,Red Maple,75,2023,0.16095578,0.130308995
Saltwater,Red Maple,76,2023,0.066189186,0.133764528
Saltwater,Red Maple,77,2023,0.107966611,0.141074699
Saltwater,Red Maple,78,2023,0.148843724,0.159690169
Saltwater,Red Maple,79,2023,0.315146899,0.176196048
Saltwater,Red Maple,80,2023,0.119719566,0.173998888
Saltwater,Red Maple,81,2023,0.124246701,0.177285668
Saltwater,Red Maple,82,2023,0.101440605,0.176001954
Saltwater,Red Maple,83,2023,0.312095441,0.172295099
Saltwater,Red Maple,84,2023,0.305355964,0.152481488
Saltwater,Red Maple,85,2023,0.13898418,0.149827083
Saltwater,Red Maple,86,2023,0.099056993,0.187002903
Saltwater,Red Maple,87,2023,0.095129464,0.189216372
Saltwater,Red Maple,88,2023,0.111775178,0.174060799
Saltwater,Red Maple,89,2023,0.117010782,0.152149875
Saltwater,Red Maple,90,2023,0.093175525,0.147375802
Saltwater,Red Maple,91,2023,0.496004901,0.149353087
Saltwater,Red Maple,92,2023,0.123575291,0.149958059
Saltwater,Red Maple,93,2023,0.160539706,0.153805483
Saltwater,Red Maple,94,2023,0.086246732,0.155644827
Saltwater,Red Maple,95,2023,0.091243451,0.161551478
Saltwater,Red Maple,96,2023,0.118829841,0.12548836
Saltwater,Red Maple,97,2023,0.10117918,0.176449319
Saltwater,Red Maple,98,2023,0.150249424,0.31976791
Saltwater,Red Maple,99,2023,0.135404225,0.468195988
Saltwater,Red Maple,100,2023,0.15224203,0.558908955
Saltwater,Red Maple,101,2023,0.135373719,0.740419353
Saltwater,Red Maple,102,2023,0.633184887,0.920960382
Saltwater,Red Maple,103,2023,1.593725611,1.153315136
Saltwater,Red Maple,104,2023,1.570527511,1.407354507
Saltwater,Red Maple,105,2023,0.99837312,1.63803945
Saltwater,Red Maple,106,2023,1.933933822,1.869801246
Saltwater,Red Maple,107,2023,1.906589474,1.989468611
Saltwater,Red Maple,108,2023,2.47379696,1.988452231
Saltwater,Red Maple,109,2023,2.675797934,2.083126445
Saltwater,Red Maple,110,2023,2.459091457,2.20558769
Saltwater,Red Maple,111,2023,2.452991681,2.253473334
Saltwater,Red Maple,112,2023,1.829858539,2.275653123
Saltwater,Red Maple,113,2023,1.583561814,2.166521637
Saltwater,Red Maple,114,2023,2.517269651,1.921635941
Saltwater,Red Maple,115,2023,2.22298557,1.730294021
Saltwater,Red Maple,116,2023,2.412790262,1.725032292
Saltwater,Red Maple,117,2023,2.128387366,1.601990937
Saltwater,Red Maple,118,2023,1.382482092,1.590020206
Saltwater,Red Maple,119,2023,0.226940976,1.532473956
Saltwater,Red Maple,120,2023,0.54567226,1.515314244
Saltwater,Red Maple,121,2023,2.40037439,1.533874196
Saltwater,Red Maple,122,2023,0.599444993,1.526079811
Saltwater,Red Maple,123,2023,1.4638545,1.694770448
Saltwater,Red Maple,124,2023,1.941807152,1.742164468
Saltwater,Red Maple,125,2023,2.05138845,1.966835748
Saltwater,Red Maple,126,2023,2.598389787,2.000565326
Saltwater,Red Maple,127,2023,2.050443509,2.207098825
Saltwater,Red Maple,128,2023,3.069388468,2.180417208
Saltwater,Red Maple,129,2023,0.700881168,2.251572874
Saltwater,Red Maple,130,2023,2.79238506,2.330035224
Saltwater,Red Maple,131,2023,2.73767017,2.347365262
Saltwater,Red Maple,132,2023,2.664779984,2.447105163
Saltwater,Red Maple,133,2023,1.197038336,2.398535379
Saltwater,Red Maple,134,2023,2.653363812,2.615689018
Saltwater,Red Maple,135,2023,2.836011948,2.443855267
Saltwater,Red Maple,136,2023,2.771690169,2.491568005
Saltwater,Red Maple,137,2023,3.04784251,2.582401219
Saltwater,Red Maple,138,2023,2.583690635,2.734286401
Saltwater,Red Maple,139,2023,2.872417552,2.802083801
Saltwater,Red Maple,140,2023,1.074047552,2.782135878
Saltwater,Red Maple,141,2023,3.214797548,2.829347987
Saltwater,Red Maple,142,2023,3.573112127,2.879390787
Saltwater,Red Maple,143,2023,2.715890154,2.850968949
Saltwater,Red Maple,144,2023,3.331337819,2.678072902
Saltwater,Red Maple,145,2023,2.63653271,2.764940988
Saltwater,Red Maple,146,2023,3.24381126,2.739822447
Saltwater,Red Maple,147,2023,3.548270518,2.686708495
Saltwater,Red Maple,148,2023,2.29947225,2.80291819
Saltwater,Red Maple,149,2023,1.143457078,2.775293547
Saltwater,Red Maple,150,2023,1.942728418,2.773071953
Saltwater,Red Maple,151,2023,2.963612138,2.748115887
Saltwater,Red Maple,152,2023,3.041972604,2.764604336
Saltwater,Red Maple,153,2023,3.877987106,2.856861957
Saltwater,Red Maple,154,2023,3.055091384,3.060530152
Saltwater,Red Maple,155,2023,2.61431677,3.162083711
Saltwater,Red Maple,156,2023,2.994250607,3.250485736
Saltwater,Red Maple,157,2023,3.713155002,3.275354588
Saltwater,Red Maple,158,2023,3.222048461,2.921371385
Saltwater,Red Maple,159,2023,3.180139032,2.908901346
Saltwater,Red Maple,160,2023,2.958264004,2.852249419
Saltwater,Red Maple,161,2023,3.847632386,2.883955351
Saltwater,Red Maple,162,2023,3.290661123,2.756216524
Saltwater,Red Maple,163,2023,0.338155077,2.787590099
Saltwater,Red Maple,164,2023,2.930390999,2.826141041
Saltwater,Red Maple,165,2023,2.0477975,2.805195025
Saltwater,Red Maple,166,2023,3.311309929,2.561427709
Saltwater,Red Maple,167,2023,2.435766732,2.303008981
Saltwater,Red Maple,168,2023,3.535784212,2.279521652
Saltwater,Red Maple,169,2023,3.565648444,2.025748119
Saltwater,Red Maple,170,2023,2.748803846,1.930104372
Saltwater,Red Maple,171,2023,1.409959225,1.818754215
Saltwater,Red Maple,172,2023,0.706473848,1.749176993
Saltwater,Red Maple,173,2023,0.103281787,1.670850818
Saltwater,Red Maple,174,2023,0.392655669,1.546198925
Saltwater,Red Maple,175,2023,1.091360028,1.551736114
Saltwater,Red Maple,176,2023,2.19780836,1.670541064
Saltwater,Red Maple,177,2023,1.739994509,1.765854632
Saltwater,Red Maple,178,2023,2.752522463,1.899543688
Saltwater,Red Maple,179,2023,2.319129519,2.171273109
Saltwater,Red Maple,180,2023,2.804175729,2.399200118
Saltwater,Red Maple,181,2023,2.598008723,2.503267705
Saltwater,Red Maple,182,2023,1.65960953,2.58407732
Saltwater,Red Maple,183,2023,1.440172354,2.504853458
Saltwater,Red Maple,184,2023,3.109949872,2.558773746
Saltwater,Red Maple,185,2023,3.370630123,2.401434164
Saltwater,Red Maple,186,2023,3.238484233,2.351930828
Saltwater,Red Maple,187,2023,2.548090651,2.502773478
Saltwater,Red Maple,188,2023,1.960283844,2.695902824
Saltwater,Red Maple,189,2023,2.858332404,2.752400516
Saltwater,Red Maple,190,2023,1.230779906,2.72882694
Saltwater,Red Maple,191,2023,2.102975358,2.602050262
Saltwater,Red Maple,192,2023,3.168036036,2.382479592
Saltwater,Red Maple,193,2023,3.371465808,2.425705744
Saltwater,Red Maple,194,2023,3.674926798,2.46282124
Saltwater,Red Maple,195,2023,3.134894362,2.455507534
Saltwater,Red Maple,196,2023,1.970717448,2.440735805
Saltwater,Red Maple,197,2023,0.352383954,2.394621266
Saltwater,Red Maple,198,2023,2.392545367,2.334603371
Saltwater,Red Maple,199,2023,3.229487365,2.298661868
Saltwater,Red Maple,200,2023,1.15764284,2.162157736
Saltwater,Red Maple,201,2023,1.955258075,2.095044753
Saltwater,Red Maple,202,2023,2.706890638,2.284850411
Saltwater,Red Maple,203,2023,2.771286859,2.356314836
Saltwater,Red Maple,204,2023,3.31551177,2.324081522
Saltwater,Red Maple,205,2023,1.769853047,2.525329669
Saltwater,Red Maple,206,2023,1.299587614,2.604289402
Saltwater,Red Maple,207,2023,2.250440536,2.596079197
Saltwater,Red Maple,208,2023,3.107189615,2.57602757
Saltwater,Red Maple,209,2023,2.907154227,2.532709344
Saltwater,Red Maple,210,2023,3.170124306,2.494146538
Saltwater,Red Maple,211,2023,2.744855407,2.402440787
Saltwater,Red Maple,212,2023,2.624788592,2.36346614
Saltwater,Red Maple,213,2023,2.57077059,2.289798183
Saltwater,Red Maple,214,2023,2.882329505,2.169716801
Saltwater,Red Maple,215,2023,1.384224992,2.088620671
Saltwater,Red Maple,216,2023,0.3825301,2.080585287
Saltwater,Red Maple,217,2023,1.860694065,1.878556903
Saltwater,Red Maple,218,2023,2.370510041,1.88952471
Saltwater,Red Maple,219,2023,1.706340408,1.835032923
Saltwater,Red Maple,220,2023,2.359163008,1.994846635
Saltwater,Red Maple,221,2023,2.664501573,2.230488513
Saltwater,Red Maple,222,2023,0.60450475,2.193747028
Saltwater,Red Maple,223,2023,2.680448655,2.18499661
Saltwater,Red Maple,224,2023,2.337411636,2.211331656
Saltwater,Red Maple,225,2023,2.98236211,2.243777636
Saltwater,Red Maple,226,2023,2.73894888,2.276384149
Saltwater,Red Maple,227,2023,1.493279218,2.504659951
Saltwater,Red Maple,228,2023,2.283005857,2.497805262
Saltwater,Red Maple,229,2023,1.969690874,2.515899469
Saltwater,Red Maple,230,2023,2.683622807,2.45984024
Saltwater,Red Maple,231,2023,2.990566705,2.277268723
Saltwater,Red Maple,232,2023,2.887262767,2.332113452
Saltwater,Red Maple,233,2023,2.611901762,2.271145397
Saltwater,Red Maple,234,2023,2.518353708,2.334037903
Saltwater,Red Maple,235,2023,2.421769817,2.09205333
Saltwater,Red Maple,236,2023,0.913233712,1.826785978
Saltwater,Red Maple,237,2023,2.041726505,1.787210505
Saltwater,Red Maple,238,2023,1.673325315,1.748285691
Saltwater,Red Maple,239,2023,2.598615933,1.740885842
Saltwater,Red Maple,240,2023,0.263777072,1.711838458
Saltwater,Red Maple,241,2023,0.337893184,1.911849217
Saltwater,Red Maple,242,2023,2.491508046,1.98936846
Saltwater,Red Maple,243,2023,2.222653621,2.068622265
Saltwater,Red Maple,244,2023,2.444355212,2.057287396
Saltwater,Red Maple,245,2023,2.131295976,2.270963247
Saltwater,Red Maple,246,2023,2.913341307,2.460995899
Saltwater,Red Maple,247,2023,2.816918932,2.284866084
Saltwater,Red Maple,248,2023,2.465863366,2.099313593
Saltwater,Red Maple,249,2023,2.485267243,1.941661534
Saltwater,Red Maple,250,2023,2.40053558,1.84261552
Saltwater,Red Maple,251,2023,2.238219708,1.746565168
Saltwater,Red Maple,252,2023,0.730209892,1.68812956
Saltwater,Red Maple,253,2023,0.367128719,1.652378486
Saltwater,Red Maple,254,2023,0.867834623,1.652257167
Saltwater,Red Maple,255,2023,1.140835833,1.505884823
Saltwater,Red Maple,256,2023,1.952837782,1.372123494
Saltwater,Red Maple,257,2023,2.23256286,1.513607865
Saltwater,Red Maple,258,2023,2.108352625,1.706704037
Saltwater,Red Maple,259,2023,2.484054055,1.825895423
Saltwater,Red Maple,260,2023,0.936812132,1.845586429
Saltwater,Red Maple,261,2023,0.900606424,1.736683285
Saltwater,Red Maple,262,2023,2.1450536,1.535431551
Saltwater,Red Maple,263,2023,2.298090435,1.370052872
Saltwater,Red Maple,264,2023,2.059748485,1.135036614
Saltwater,Red Maple,265,2023,1.337745895,1.141798689
Saltwater,Red Maple,266,2023,0.863806343,1.083030887
Saltwater,Red Maple,267,2023,0.220045512,0.880524016
Saltwater,Red Maple,268,2023,0.454565838,0.719237594
Saltwater,Red Maple,269,2023,0.133891472,0.743935849
Saltwater,Red Maple,270,2023,1.004432883,0.822592511
Saltwater,Red Maple,271,2023,0.312928403,0.889622817
Saltwater,Red Maple,272,2023,0.119984895,1.071749008
Saltwater,Red Maple,273,2023,0.685226212,1.208434011
Saltwater,Red Maple,274,2023,2.306731042,1.23862968
Saltwater,Red Maple,275,2023,2.124312506,1.174600379
Saltwater,Red Maple,276,2023,1.53410941,1.32866632
Saltwater,Red Maple,277,2023,2.041307417,1.504967732
Saltwater,Red Maple,278,2023,1.821415868,1.643139542
Saltwater,Red Maple,279,2023,0.435848164,1.676435208
Saltwater,Red Maple,280,2023,0.364139872,1.661580462
Saltwater,Red Maple,281,2023,1.853587815,1.699675774
Saltwater,Red Maple,282,2023,1.882999017,1.522045961
Saltwater,Red Maple,283,2023,2.066944308,1.443336019
Saltwater,Red Maple,284,2023,2.6396877,1.541483802
Saltwater,Red Maple,285,2023,1.975765047,1.614523826
Saltwater,Red Maple,286,2023,1.915062536,1.616757868
Saltwater,Red Maple,287,2023,0.265009288,1.58158756
Saltwater,Red Maple,288,2023,1.034316439,1.516598146
Saltwater,Red Maple,289,2023,1.417325999,1.401088432
Saltwater,Red Maple,290,2023,1.094540115,1.396844644
Saltwater,Red Maple,291,2023,1.87592823,1.372418217
Saltwater,Red Maple,292,2023,1.531295941,1.531035008
Saltwater,Red Maple,293,2023,1.417050166,1.660760386
Saltwater,Red Maple,294,2023,1.484590554,1.711649234
Saltwater,Red Maple,295,2023,1.933327172,1.789838743
Saltwater,Red Maple,296,2023,1.670798263,1.794684803
Saltwater,Red Maple,297,2023,1.851177199,1.69529974
Saltwater,Red Maple,298,2023,2.331570219,1.664949182
Saltwater,Red Maple,299,2023,1.926214477,1.545397499
Saltwater,Red Maple,300,2023,1.876435203,1.382098062
Saltwater,Red Maple,301,2023,1.924388835,1.236415925
Saltwater,Red Maple,302,2023,0.537445307,1.074800998
Saltwater,Red Maple,303,2023,1.113544591,0.859884079
Saltwater,Red Maple,304,2023,0.289073722,0.716685041
Saltwater,Red Maple,305,2023,0.300332809,0.53725835
Saltwater,Red Maple,306,2023,0.213976887,0.349184061
Saltwater,Red Maple,307,2023,0.235027929,0.300674943
Saltwater,Red Maple,308,2023,0.182401033,0.191961023
Saltwater,Red Maple,309,2023,0.494224093,0.165873024
Saltwater,Red Maple,310,2023,0.082168297,0.141890695
Saltwater,Red Maple,311,2023,0.043645944,0.124687797
Saltwater,Red Maple,312,2023,0.052354123,0.108474995
Saltwater,Red Maple,313,2023,0.026405391,0.095901863
Saltwater,Red Maple,314,2023,0.028193739,0.052821695
Saltwater,Red Maple,315,2023,0.060509513,0.05072467
Saltwater,Red Maple,316,2023,0.041947906,0.050972228
Saltwater,Red Maple,317,2023,0.072899911,0.049004245
Saltwater,Red Maple,318,2023,0.056669712,0.055552997
Saltwater,Red Maple,319,2023,0.06342242,0.060433463
Saltwater,Red Maple,320,2023,0.061198037,0.093801129
Saltwater,Red Maple,321,2023,0.046121531,0.090841981
Saltwater,Red Maple,322,2023,0.032674295,0.08733275
Saltwater,Red Maple,323,2023,0.091892903,0.088546575
Saltwater,Red Maple,324,2023,0.076998408,0.094296884
Saltwater,Red Maple,325,2023,0.394186167,0.102799045
Saltwater,Red Maple,326,2023,0.012356426,0.101920828
Saltwater,Red Maple,327,2023,0.037807602,0.116381101
Saltwater,Red Maple,328,2023,0.068807964,0.141544629
Saltwater,Red Maple,329,2023,0.120925512,0.19322485
Saltwater,Red Maple,330,2023,0.146219644,0.157463294
Saltwater,Red Maple,331,2023,0.037339364,0.158819652
Saltwater,Red Maple,332,2023,0.17727702,0.176171917
Saltwater,Red Maple,333,2023,0.343528182,0.170348889
Saltwater,Red Maple,334,2023,0.593800623,0.164992126
Saltwater,Red Maple,335,2023,0.036570598,0.154234423
Saltwater,Red Maple,336,2023,0.025920013,0.180325353
Saltwater,Red Maple,337,2023,0.211330246,0.181740896
Saltwater,Red Maple,338,2023,0.010577684,0.170001002
Saltwater,Red Maple,339,2023,0.067357888,0.124577338
Saltwater,Red Maple,340,2023,0.038642608,0.122482981
Saltwater,Red Maple,341,2023,0.298248665,0.197108459
Saltwater,Red Maple,342,2023,0.191432452,0.196069737
Saltwater,Red Maple,343,2023,0.226129239,0.26199831
Saltwater,Red Maple,344,2023,0.139563987,0.287540121
Saltwater,Red Maple,345,2023,0.015627025,0.315598364
Saltwater,Red Maple,346,2023,0.772174798,0.30029255
Saltwater,Red Maple,347,2023,0.200943023,0.293216092
Saltwater,Red Maple,348,2023,0.669863416,0.354608957
Saltwater,Red Maple,349,2023,0.322775994,0.383242734
Saltwater,Red Maple,350,2023,0.319225037,0.388877662
Saltwater,Red Maple,351,2023,0.145190529,0.320609026
Saltwater,Red Maple,353,2023,0.120667877,0.307343127
Saltwater,Red Maple,354,2023,0.840057882,0.25140958
Saltwater,Red Maple,355,2023,0.425901755,0.228111831
Saltwater,Red Maple,356,2023,0.071976307,0.227043107
Saltwater,Red Maple,357,2023,0.089488441,0.215677666
Saltwater,Red Maple,358,2023,0.068284027,0.213194108
Saltwater,Red Maple,359,2023,0.11052795,0.13838862
Saltwater,Red Maple,360,2023,0.089798501,0.105316549
Saltwater,Red Maple,361,2023,0.308537802,NA
Saltwater,Red Maple,362,2023,0.031536116,NA
Saltwater,Red Maple,363,2023,0.095832296,NA
Saltwater,Red Maple,364,2023,0.092003003,NA
Saltwater,Red Maple,365,2023,0.095181049,NA
Saltwater,Tulip Poplar,1,2023,0.955995865,NA
Saltwater,Tulip Poplar,2,2023,0.098881312,NA
Saltwater,Tulip Poplar,3,2023,0.08766808,NA
Saltwater,Tulip Poplar,4,2023,0.021610156,NA
Saltwater,Tulip Poplar,5,2023,0.012373722,0.150861643
Saltwater,Tulip Poplar,6,2023,0.046690841,0.0659429
Saltwater,Tulip Poplar,7,2023,0.063755024,0.059929199
Saltwater,Tulip Poplar,8,2023,0.066151262,0.05515043
Saltwater,Tulip Poplar,9,2023,0.085710749,0.054344398
Saltwater,Tulip Poplar,10,2023,0.069779421,0.07005341
Saltwater,Tulip Poplar,11,2023,0.106808432,0.081548917
Saltwater,Tulip Poplar,12,2023,0.038744302,0.0771012
Saltwater,Tulip Poplar,13,2023,0.039880396,0.084412515
Saltwater,Tulip Poplar,14,2023,0.013549827,0.079124765
Saltwater,Tulip Poplar,15,2023,0.169463844,0.081221383
Saltwater,Tulip Poplar,16,2023,0.16164591,0.075046061
Saltwater,Tulip Poplar,17,2023,0.01927786,0.076262966
Saltwater,Tulip Poplar,18,2023,0.139264412,0.089944775
Saltwater,Tulip Poplar,19,2023,0.032833244,0.095913785
Saltwater,Tulip Poplar,20,2023,0.090745606,0.087622081
Saltwater,Tulip Poplar,21,2023,0.045055205,0.076910784
Saltwater,Tulip Poplar,22,2023,0.050913351,0.077643323
Saltwater,Tulip Poplar,23,2023,0.176698493,0.07448808
Saltwater,Tulip Poplar,24,2023,0.07323992,0.074794526
Saltwater,Tulip Poplar,25,2023,0.086546807,0.075823042
Saltwater,Tulip Poplar,26,2023,0.054532944,0.076293253
Saltwater,Tulip Poplar,27,2023,0.026603245,0.078037802
Saltwater,Tulip Poplar,28,2023,0.107711987,0.088197645
Saltwater,Tulip Poplar,29,2023,0.035897701,0.08799037
Saltwater,Tulip Poplar,30,2023,0.101030768,0.079335689
Saltwater,Tulip Poplar,31,2023,0.049757318,0.083841551
Saltwater,Tulip Poplar,32,2023,0.068358841,0.094006866
Saltwater,Tulip Poplar,33,2023,0.278296922,0.095200348
Saltwater,Tulip Poplar,34,2023,0.071167169,0.119559051
Saltwater,Tulip Poplar,35,2023,0,0.123719351
Saltwater,Tulip Poplar,36,2023,0.099591558,0.158738517
Saltwater,Tulip Poplar,37,2023,0.128256393,0.161545929
Saltwater,Tulip Poplar,38,2023,0.119646807,0.144031353
Saltwater,Tulip Poplar,39,2023,0.279484735,0.139401946
Saltwater,Tulip Poplar,40,2023,0.142633767,0.158686666
Saltwater,Tulip Poplar,41,2023,0.399948976,0.180372123
Saltwater,Tulip Poplar,42,2023,0.096432963,0.176486481
Saltwater,Tulip Poplar,43,2023,0.103151166,0.262702153
Saltwater,Tulip Poplar,44,2023,0.024873099,0.247635955
Saltwater,Tulip Poplar,45,2023,0.192847195,0.260324218
Saltwater,Tulip Poplar,46,2023,0.316446125,0.228367317
Saltwater,Tulip Poplar,47,2023,0.089399978,0.231839229
Saltwater,Tulip Poplar,48,2023,0.981803525,0.229546031
Saltwater,Tulip Poplar,49,2023,0.128822758,0.24825236
Saltwater,Tulip Poplar,50,2023,0.269516392,0.239254378
Saltwater,Tulip Poplar,51,2023,0.080379967,0.216080926
Saltwater,Tulip Poplar,52,2023,0.131152084,0.221680135
Saltwater,Tulip Poplar,53,2023,0.080219189,0.135014735
Saltwater,Tulip Poplar,54,2023,0.211936387,0.129176705
Saltwater,Tulip Poplar,55,2023,0.102867381,0.120437104
Saltwater,Tulip Poplar,56,2023,0.084711601,0.128436449
Saltwater,Tulip Poplar,57,2023,0.145392062,0.123274256
Saltwater,Tulip Poplar,58,2023,0.115149531,0.121311556
Saltwater,Tulip Poplar,59,2023,0.07044246,0.126090457
Saltwater,Tulip Poplar,60,2023,0.182120375,0.135642556
Saltwater,Tulip Poplar,61,2023,0.160373417,0.142902633
Saltwater,Tulip Poplar,62,2023,0.079530155,0.14446351
Saltwater,Tulip Poplar,63,2023,0.060592187,0.151139769
Saltwater,Tulip Poplar,64,2023,0.259725397,0.152305889
Saltwater,Tulip Poplar,65,2023,0.198388379,0.145718583
Saltwater,Tulip Poplar,66,2023,0.157312364,0.138465075
Saltwater,Tulip Poplar,67,2023,0.161000839,0.134544023
Saltwater,Tulip Poplar,68,2023,0.181912118,0.143490663
Saltwater,Tulip Poplar,69,2023,0.082103658,0.134287371
Saltwater,Tulip Poplar,70,2023,0.11624731,0.138312685
Saltwater,Tulip Poplar,71,2023,0.08783834,0.131397308
Saltwater,Tulip Poplar,72,2023,0.04031964,0.124841667
Saltwater,Tulip Poplar,73,2023,0.15005858,0.117409368
Saltwater,Tulip Poplar,74,2023,0.167692484,0.134201981
Saltwater,Tulip Poplar,75,2023,0.238641514,0.146971113
Saltwater,Tulip Poplar,76,2023,0.088158599,0.157987969
Saltwater,Tulip Poplar,77,2023,0.095444426,0.174344511
Saltwater,Tulip Poplar,78,2023,0.107589126,0.168233093
Saltwater,Tulip Poplar,79,2023,0.250029791,0.160728844
Saltwater,Tulip Poplar,80,2023,0.243938628,0.156026306
Saltwater,Tulip Poplar,81,2023,0.198006904,0.157983885
Saltwater,Tulip Poplar,82,2023,0.203885059,0.164344131
Saltwater,Tulip Poplar,83,2023,0.088944395,0.173164123
Saltwater,Tulip Poplar,84,2023,0.092649995,0.163272511
Saltwater,Tulip Poplar,85,2023,0.191616133,0.156719494
Saltwater,Tulip Poplar,86,2023,0.107734389,0.143061153
Saltwater,Tulip Poplar,87,2023,0.159046887,0.134120159
Saltwater,Tulip Poplar,88,2023,0.195789049,0.148692689
Saltwater,Tulip Poplar,89,2023,0.151113673,0.153562961
Saltwater,Tulip Poplar,90,2023,0.178408455,0.14688709
Saltwater,Tulip Poplar,91,2023,0.061423501,0.163017246
Saltwater,Tulip Poplar,92,2023,0.114475114,0.154770626
Saltwater,Tulip Poplar,93,2023,0.234669696,0.150822611
Saltwater,Tulip Poplar,94,2023,0.141352718,0.156204266
Saltwater,Tulip Poplar,95,2023,0.124857422,0.160341807
Saltwater,Tulip Poplar,96,2023,0.269035945,0.191539808
Saltwater,Tulip Poplar,97,2023,0.076580686,0.263163242
Saltwater,Tulip Poplar,98,2023,0.1563089,0.392698077
Saltwater,Tulip Poplar,99,2023,0.204930225,0.511879739
Saltwater,Tulip Poplar,100,2023,0.219783859,0.612769825
Saltwater,Tulip Poplar,101,2023,0.373403513,0.777952851
Saltwater,Tulip Poplar,102,2023,0.830709459,0.929570491
Saltwater,Tulip Poplar,103,2023,1.530018048,1.091174842
Saltwater,Tulip Poplar,104,2023,1.333169335,1.249902964
Saltwater,Tulip Poplar,105,2023,1.133758283,1.452277536
Saltwater,Tulip Poplar,106,2023,1.920866199,1.665580208
Saltwater,Tulip Poplar,107,2023,1.592757089,1.76337216
Saltwater,Tulip Poplar,108,2023,1.772352407,1.808660962
Saltwater,Tulip Poplar,109,2023,1.792211452,1.840128214
Saltwater,Tulip Poplar,110,2023,2.243529576,1.868132743
Saltwater,Tulip Poplar,111,2023,2.506430232,1.840392619
Saltwater,Tulip Poplar,112,2023,1.808628984,1.86982383
Saltwater,Tulip Poplar,113,2023,1.982906061,1.810722856
Saltwater,Tulip Poplar,114,2023,1.647841852,1.692761797
Saltwater,Tulip Poplar,115,2023,1.413803574,1.509492789
Saltwater,Tulip Poplar,116,2023,1.643464964,1.422203351
Saltwater,Tulip Poplar,117,2023,1.8870692,1.317971015
Saltwater,Tulip Poplar,118,2023,1.18134266,1.248193434
Saltwater,Tulip Poplar,119,2023,0.612600867,1.211172342
Saltwater,Tulip Poplar,120,2023,0.410839498,1.222860277
Saltwater,Tulip Poplar,121,2023,1.633535854,1.286885479
Saltwater,Tulip Poplar,122,2023,0.76630562,1.287640678
Saltwater,Tulip Poplar,123,2023,1.285130252,1.419172732
Saltwater,Tulip Poplar,124,2023,1.277630931,1.500680209
Saltwater,Tulip Poplar,125,2023,1.530682921,1.717277618
Saltwater,Tulip Poplar,126,2023,2.283716985,1.823533118
Saltwater,Tulip Poplar,127,2023,1.894621196,2.028983683
Saltwater,Tulip Poplar,128,2023,2.496663199,2.088542761
Saltwater,Tulip Poplar,129,2023,1.427675637,2.228039872
Saltwater,Tulip Poplar,130,2023,2.576813589,2.331013777
Saltwater,Tulip Poplar,131,2023,2.696090855,2.37261759
Saltwater,Tulip Poplar,132,2023,2.820811267,2.466402921
Saltwater,Tulip Poplar,133,2023,1.880721031,2.443349938
Saltwater,Tulip Poplar,134,2023,2.672602044,2.583651089
Saltwater,Tulip Poplar,135,2023,2.560421965,2.54528089
Saltwater,Tulip Poplar,136,2023,2.699755116,2.56418871
Saltwater,Tulip Poplar,137,2023,2.83247451,2.599875645
Saltwater,Tulip Poplar,138,2023,2.266133369,2.702068517
Saltwater,Tulip Poplar,139,2023,2.830687146,2.733976521
Saltwater,Tulip Poplar,140,2023,2.193111598,2.72225966
Saltwater,Tulip Poplar,141,2023,2.885169059,2.740633123
Saltwater,Tulip Poplar,142,2023,3.177680614,2.743707249
Saltwater,Tulip Poplar,143,2023,2.902649754,2.77342137
Saltwater,Tulip Poplar,144,2023,2.991682075,2.59998829
Saltwater,Tulip Poplar,145,2023,2.443253355,2.640086303
Saltwater,Tulip Poplar,146,2023,2.883489751,2.636034831
Saltwater,Tulip Poplar,147,2023,2.863215767,2.614173234
Saltwater,Tulip Poplar,148,2023,2.563274584,2.664412733
Saltwater,Tulip Poplar,149,2023,1.096356344,2.674859155
Saltwater,Tulip Poplar,150,2023,2.59409173,2.697242523
Saltwater,Tulip Poplar,151,2023,2.844654337,2.703897812
Saltwater,Tulip Poplar,152,2023,2.959064646,2.668238842
Saltwater,Tulip Poplar,153,2023,3.405044739,2.64447602
Saltwater,Tulip Poplar,154,2023,3.096146298,2.788410745
Saltwater,Tulip Poplar,155,2023,2.667087033,2.761002847
Saltwater,Tulip Poplar,156,2023,2.950042645,2.75709079
Saltwater,Tulip Poplar,157,2023,2.506626062,2.733470121
Saltwater,Tulip Poplar,158,2023,2.325646362,2.501338002
Saltwater,Tulip Poplar,159,2023,2.535703594,2.43354317
Saltwater,Tulip Poplar,160,2023,2.320012756,2.403294871
Saltwater,Tulip Poplar,161,2023,2.805533762,2.367918024
Saltwater,Tulip Poplar,162,2023,2.722857962,2.374563497
Saltwater,Tulip Poplar,163,2023,1.083723548,2.423778148
Saltwater,Tulip Poplar,164,2023,2.418197974,2.435787196
Saltwater,Tulip Poplar,165,2023,2.364604045,2.486076176
Saltwater,Tulip Poplar,166,2023,2.596274177,2.429804099
Saltwater,Tulip Poplar,167,2023,2.573080793,2.170174885
Saltwater,Tulip Poplar,168,2023,2.817792869,2.14994227
Saltwater,Tulip Poplar,169,2023,2.655794069,2.071990448
Saltwater,Tulip Poplar,170,2023,2.822902565,2.049789053
Saltwater,Tulip Poplar,171,2023,2.242812986,2.0631113
Saltwater,Tulip Poplar,172,2023,0.126565827,2.03886255
Saltwater,Tulip Poplar,173,2023,0.881397388,2.032522917
Saltwater,Tulip Poplar,174,2023,1.638679754,2.04180038
Saltwater,Tulip Poplar,175,2023,2.142590102,2.027068153
Saltwater,Tulip Poplar,176,2023,2.72949664,2.070940453
Saltwater,Tulip Poplar,177,2023,2.330593296,2.340304397
Saltwater,Tulip Poplar,178,2023,2.754396541,2.503196858
Saltwater,Tulip Poplar,179,2023,2.748568694,2.616669565
Saltwater,Tulip Poplar,180,2023,2.6755803,2.736704111
Saltwater,Tulip Poplar,181,2023,2.681535985,2.764849329
Saltwater,Tulip Poplar,182,2023,2.820205273,2.828385199
Saltwater,Tulip Poplar,183,2023,2.510321989,2.798423624
Saltwater,Tulip Poplar,184,2023,2.773406828,2.843591857
Saltwater,Tulip Poplar,185,2023,3.342935566,2.799064917
Saltwater,Tulip Poplar,186,2023,3.010948817,2.848500424
Saltwater,Tulip Poplar,187,2023,2.965952,2.833516244
Saltwater,Tulip Poplar,188,2023,2.454780788,2.84956373
Saltwater,Tulip Poplar,189,2023,3.200251028,2.871742896
Saltwater,Tulip Poplar,190,2023,2.230310896,2.788291393
Saltwater,Tulip Poplar,191,2023,3.175891056,2.798245759
Saltwater,Tulip Poplar,192,2023,2.670363474,2.545623897
Saltwater,Tulip Poplar,193,2023,2.670796844,2.626589611
Saltwater,Tulip Poplar,194,2023,2.995198488,2.621328667
Saltwater,Tulip Poplar,195,2023,2.508420544,2.690821087
Saltwater,Tulip Poplar,196,2023,3.110492474,2.706824403
Saltwater,Tulip Poplar,197,2023,0.439733377,2.788692299
Saltwater,Tulip Poplar,198,2023,3.264437926,2.745689592
Saltwater,Tulip Poplar,199,2023,3.147641596,2.750349602
Saltwater,Tulip Poplar,200,2023,2.925235092,2.757272284
Saltwater,Tulip Poplar,201,2023,3.335924211,2.646069182
Saltwater,Tulip Poplar,202,2023,3.48904244,2.924884297
Saltwater,Tulip Poplar,203,2023,2.240769775,2.941430626
Saltwater,Tulip Poplar,204,2023,3.041798586,2.895545666
Saltwater,Tulip Poplar,205,2023,2.57764736,2.99010226
Saltwater,Tulip Poplar,206,2023,1.998461458,2.918982813
Saltwater,Tulip Poplar,207,2023,3.227884521,2.913696974
Saltwater,Tulip Poplar,208,2023,3.429901217,2.93504863
Saltwater,Tulip Poplar,209,2023,2.688791998,2.912524361
Saltwater,Tulip Poplar,210,2023,3.870801035,2.831004371
Saltwater,Tulip Poplar,211,2023,2.624729738,2.850589011
Saltwater,Tulip Poplar,212,2023,3.436184052,2.847011878
Saltwater,Tulip Poplar,213,2023,2.454286336,2.843809225
Saltwater,Tulip Poplar,214,2023,2.816555896,2.889738973
Saltwater,Tulip Poplar,215,2023,1.762447462,2.718861929
Saltwater,Tulip Poplar,216,2023,2.194307853,2.650037386
Saltwater,Tulip Poplar,217,2023,3.192113191,2.473061862
Saltwater,Tulip Poplar,218,2023,3.397874686,2.44968111
Saltwater,Tulip Poplar,219,2023,3.148089485,2.418287172
Saltwater,Tulip Poplar,220,2023,2.162030594,2.490938723
Saltwater,Tulip Poplar,221,2023,1.936484303,2.595538904
Saltwater,Tulip Poplar,222,2023,1.666428815,2.536009147
Saltwater,Tulip Poplar,223,2023,2.220478811,2.471514214
Saltwater,Tulip Poplar,224,2023,2.502616523,2.442939034
Saltwater,Tulip Poplar,225,2023,2.488962969,2.514215181
Saltwater,Tulip Poplar,226,2023,3.24030966,2.529257679
Saltwater,Tulip Poplar,227,2023,2.596815627,2.66005619
Saltwater,Tulip Poplar,228,2023,2.752925355,2.780050943
Saltwater,Tulip Poplar,229,2023,2.862337678,2.762392654
Saltwater,Tulip Poplar,230,2023,2.874792065,2.808670254
Saltwater,Tulip Poplar,231,2023,2.086909288,2.634675774
Saltwater,Tulip Poplar,232,2023,2.974413926,2.632010742
Saltwater,Tulip Poplar,233,2023,3.420426343,2.649583747
Saltwater,Tulip Poplar,234,2023,2.326033634,2.656458687
Saltwater,Tulip Poplar,235,2023,2.951738963,2.490487349
Saltwater,Tulip Poplar,236,2023,1.500364861,2.426419522
Saltwater,Tulip Poplar,237,2023,2.57016531,2.408600881
Saltwater,Tulip Poplar,238,2023,2.928655406,2.248289384
Saltwater,Tulip Poplar,239,2023,2.931087077,2.24883915
Saltwater,Tulip Poplar,240,2023,1.215078682,2.223861929
Saltwater,Tulip Poplar,241,2023,1.446231014,2.35318957
Saltwater,Tulip Poplar,242,2023,2.796227524,2.321312381
Saltwater,Tulip Poplar,243,2023,1.81731137,2.260872628
Saltwater,Tulip Poplar,244,2023,2.331531293,2.221673
Saltwater,Tulip Poplar,245,2023,2.701966752,2.351167455
Saltwater,Tulip Poplar,246,2023,2.793641268,2.433873366
Saltwater,Tulip Poplar,247,2023,2.251393424,2.308261152
Saltwater,Tulip Poplar,248,2023,2.324257871,2.235707794
Saltwater,Tulip Poplar,249,2023,2.539090801,2.182230208
Saltwater,Tulip Poplar,250,2023,2.510023236,2.138807464
Saltwater,Tulip Poplar,251,2023,2.273290118,2.074874895
Saltwater,Tulip Poplar,252,2023,1.540105384,2.051325901
Saltwater,Tulip Poplar,253,2023,1.091777791,1.98999535
Saltwater,Tulip Poplar,254,2023,1.796755436,1.928583015
Saltwater,Tulip Poplar,255,2023,2.267739312,1.807137704
Saltwater,Tulip Poplar,256,2023,2.154315578,1.714097529
Saltwater,Tulip Poplar,257,2023,2.015903484,1.753780378
Saltwater,Tulip Poplar,258,2023,1.710952358,1.840506394
Saltwater,Tulip Poplar,259,2023,1.92496745,1.851040563
Saltwater,Tulip Poplar,260,2023,1.295570134,1.753322784
Saltwater,Tulip Poplar,261,2023,1.342888368,1.636181277
Saltwater,Tulip Poplar,262,2023,1.936933872,1.497757696
Saltwater,Tulip Poplar,263,2023,1.959037948,1.434265501
Saltwater,Tulip Poplar,264,2023,1.902097123,1.252428904
Saltwater,Tulip Poplar,265,2023,1.290561527,1.211992738
Saltwater,Tulip Poplar,266,2023,0.98290051,1.146264791
Saltwater,Tulip Poplar,267,2023,0.631667667,1.033817145
Saltwater,Tulip Poplar,268,2023,1.076030407,0.952749127
Saltwater,Tulip Poplar,269,2023,0.106601481,0.966334483
Saltwater,Tulip Poplar,270,2023,0.89120848,0.999287542
Saltwater,Tulip Poplar,271,2023,0.685608892,1.064082512
Saltwater,Tulip Poplar,272,2023,0.812457415,1.168992039
Saltwater,Tulip Poplar,273,2023,1.14835777,1.198371353
Saltwater,Tulip Poplar,274,2023,2.037950682,1.24825817
Saltwater,Tulip Poplar,275,2023,1.620092118,1.192932417
Saltwater,Tulip Poplar,276,2023,1.630850206,1.186362925
Saltwater,Tulip Poplar,277,2023,1.680762941,1.152422061
Saltwater,Tulip Poplar,278,2023,1.369823545,1.091516286
Saltwater,Tulip Poplar,279,2023,0.605469648,0.943287512
Saltwater,Tulip Poplar,280,2023,0.337950948,0.83385154
Saltwater,Tulip Poplar,281,2023,0.619913974,0.719367156
Saltwater,Tulip Poplar,282,2023,0.473048778,0.559338418
Saltwater,Tulip Poplar,283,2023,0.539300022,0.42682876
Saltwater,Tulip Poplar,284,2023,0.555662942,0.395554895
Saltwater,Tulip Poplar,285,2023,0.525732394,0.380126649
Saltwater,Tulip Poplar,286,2023,0.486006362,0.341396255
Saltwater,Tulip Poplar,287,2023,0.080475568,0.319623723
Saltwater,Tulip Poplar,288,2023,0.044726966,0.273652158
Saltwater,Tulip Poplar,289,2023,0.292730995,0.220147748
Saltwater,Tulip Poplar,290,2023,0.183668483,0.172937597
Saltwater,Tulip Poplar,291,2023,0.232610036,0.131329141
Saltwater,Tulip Poplar,292,2023,0.255323462,0.149542695
Saltwater,Tulip Poplar,293,2023,0.079584375,0.17211239
Saltwater,Tulip Poplar,294,2023,0.020618841,0.168319336
Saltwater,Tulip Poplar,295,2023,0.053630884,0.17865369
Saltwater,Tulip Poplar,296,2023,0.069921803,0.185511427
Saltwater,Tulip Poplar,297,2023,0.262611105,0.172465158
Saltwater,Tulip Poplar,298,2023,0.270423915,0.184962738
Saltwater,Tulip Poplar,299,2023,0.254800459,0.190568235
Saltwater,Tulip Poplar,300,2023,0.287012021,0.196634671
Saltwater,Tulip Poplar,301,2023,0.301187405,0.200208753
Saltwater,Tulip Poplar,302,2023,0.124860773,0.186021211
Saltwater,Tulip Poplar,303,2023,0.204560176,0.170459595
Saltwater,Tulip Poplar,304,2023,0.076673807,0.162695932
Saltwater,Tulip Poplar,305,2023,0.114295247,0.142853535
Saltwater,Tulip Poplar,306,2023,0.105662624,0.11942488
Saltwater,Tulip Poplar,307,2023,0.120735683,0.113977231
Saltwater,Tulip Poplar,308,2023,0.114807751,0.104610353
Saltwater,Tulip Poplar,309,2023,0.177163835,0.098321429
Saltwater,Tulip Poplar,310,2023,0.088588052,0.096990189
Saltwater,Tulip Poplar,311,2023,0.066900856,0.092952821
Saltwater,Tulip Poplar,312,2023,0.070384281,0.09176588
Saltwater,Tulip Poplar,313,2023,0.110891399,0.090601336
Saltwater,Tulip Poplar,314,2023,0.01378456,0.079589411
Saltwater,Tulip Poplar,315,2023,0.100982848,0.082986041
Saltwater,Tulip Poplar,316,2023,0.065288946,0.085607664
Saltwater,Tulip Poplar,317,2023,0.108866276,0.083235438
Saltwater,Tulip Poplar,318,2023,0.103162307,0.083994141
Saltwater,Tulip Poplar,319,2023,0.067044585,0.088268707
Saltwater,Tulip Poplar,320,2023,0.122554351,0.084879151
Saltwater,Tulip Poplar,321,2023,0.093117091,0.079384379
Saltwater,Tulip Poplar,322,2023,0.046662017,0.071464435
Saltwater,Tulip Poplar,323,2023,0.118478432,0.067907413
Saltwater,Tulip Poplar,324,2023,0.056530222,0.066587831
Saltwater,Tulip Poplar,325,2023,0.067087289,0.068528763
Saltwater,Tulip Poplar,326,2023,0.010341226,0.062709508
Saltwater,Tulip Poplar,327,2023,0.029666832,0.064497411
Saltwater,Tulip Poplar,328,2023,0.067592085,0.074400443
Saltwater,Tulip Poplar,329,2023,0.053848769,0.07926923
Saltwater,Tulip Poplar,330,2023,0.141963672,0.077246681
Saltwater,Tulip Poplar,331,2023,0.034924539,0.079998607
Saltwater,Tulip Poplar,332,2023,0.064541049,0.171192358
Saltwater,Tulip Poplar,333,2023,0.217508751,0.168155393
Saltwater,Tulip Poplar,334,2023,0.105218086,0.167376832
Saltwater,Tulip Poplar,335,2023,0.046861799,0.156264745
Saltwater,Tulip Poplar,336,2023,0.037860483,0.160364586
Saltwater,Tulip Poplar,337,2023,0.941604341,0.16200755
Saltwater,Tulip Poplar,338,2023,0.037222436,0.148504309
Saltwater,Tulip Poplar,339,2023,0.046063164,0.142801198
Saltwater,Tulip Poplar,340,2023,0.030842803,0.150825447
Saltwater,Tulip Poplar,341,2023,0.075922945,0.152973246
Saltwater,Tulip Poplar,342,2023,0.080970687,0.064519089
Saltwater,Tulip Poplar,343,2023,0.082476348,0.063599407
Saltwater,Tulip Poplar,344,2023,0.048186975,0.068207007
Saltwater,Tulip Poplar,345,2023,0.127104288,0.072148514
Saltwater,Tulip Poplar,346,2023,0.059338471,0.072112172
Saltwater,Tulip Poplar,347,2023,0.057062768,0.064359978
Saltwater,Tulip Poplar,348,2023,0.028025618,0.059950036
Saltwater,Tulip Poplar,349,2023,0.092139165,0.076988328
Saltwater,Tulip Poplar,350,2023,0.070257875,0.069915079
Saltwater,Tulip Poplar,351,2023,0.075559522,0.069173525
Saltwater,Tulip Poplar,352,2023,0.003448746,0.066626306
Saltwater,Tulip Poplar,353,2023,0.038376927,0.066705971
Saltwater,Tulip Poplar,354,2023,0.218569895,0.064808846
Saltwater,Tulip Poplar,355,2023,0.056371799,0.061635291
Saltwater,Tulip Poplar,356,2023,0.051922934,0.057210355
Saltwater,Tulip Poplar,357,2023,0.03159058,0.071591325
Saltwater,Tulip Poplar,358,2023,0.02882227,0.076505302
Saltwater,Tulip Poplar,359,2023,0.073167909,0.056788669
Saltwater,Tulip Poplar,360,2023,0.038522325,0.054417694
Saltwater,Tulip Poplar,361,2023,0.031310169,NA
Saltwater,Tulip Poplar,362,2023,0.147258439,NA
Saltwater,Tulip Poplar,363,2023,0.087516697,NA
Saltwater,Tulip Poplar,364,2023,0.021403566,NA
Saltwater,Tulip Poplar,365,2023,0.032662051,NA