datetime_est,plot,depth_cm,eh_mv
2023-06-05 17:40,Control,5,609.3551556
2023-06-05 17:40,Control,15,706.96694
2023-06-05 17:40,Control,30,738.4019
2023-06-05 17:40,Control,50,788.880225
2023-06-05 17:40,Saltwater,5,665.1051133
2023-06-05 17:40,Saltwater,15,710.50392
2023-06-05 17:40,Saltwater,30,737.02934
2023-06-05 17:40,Saltwater,50,757.12188
2023-06-05 17:40,Freshwater,5,790.8157317
2023-06-05 17:40,Freshwater,15,644.6066
2023-06-05 17:40,Freshwater,30,761.5946
2023-06-05 17:40,Freshwater,50,801.48602
2023-06-05 17:45,Control,5,609.638175
2023-06-05 17:45,Control,15,707.1719
2023-06-05 17:45,Control,30,738.12856
2023-06-05 17:45,Control,50,788.92295
2023-06-05 17:45,Saltwater,5,665.38194
2023-06-05 17:45,Saltwater,15,710.71102
2023-06-05 17:45,Saltwater,30,737.20246
2023-06-05 17:45,Saltwater,50,757.12448
2023-06-05 17:45,Freshwater,5,790.38447
2023-06-05 17:45,Freshwater,15,643.883225
2023-06-05 17:45,Freshwater,30,761.83086
2023-06-05 17:45,Freshwater,50,801.31434
2023-06-05 17:50,Control,5,609.9718472
2023-06-05 17:50,Control,15,707.3188067
2023-06-05 17:50,Control,30,737.99194
2023-06-05 17:50,Control,50,788.880225
2023-06-05 17:50,Saltwater,5,665.66748
2023-06-05 17:50,Saltwater,15,711.0854333
2023-06-05 17:50,Saltwater,30,737.4795
2023-06-05 17:50,Saltwater,50,757.26528
2023-06-05 17:50,Freshwater,5,790.0885333
2023-06-05 17:50,Freshwater,15,643.2034883
2023-06-05 17:50,Freshwater,30,761.5988
2023-06-05 17:50,Freshwater,50,801.55848
2023-06-05 17:55,Control,5,610.0919944
2023-06-05 17:55,Control,15,707.5682133
2023-06-05 17:55,Control,30,737.6161
2023-06-05 17:55,Control,50,788.965625
2023-06-05 17:55,Saltwater,5,665.7236533
2023-06-05 17:55,Saltwater,15,711.4919067
2023-06-05 17:55,Saltwater,30,737.61798
2023-06-05 17:55,Saltwater,50,757.26736
2023-06-05 17:55,Freshwater,5,789.6633717
2023-06-05 17:55,Freshwater,15,642.9046517
2023-06-05 17:55,Freshwater,30,761.3991
2023-06-05 17:55,Freshwater,50,801.12122
2023-06-05 18:00,Control,5,610.5537917
2023-06-05 18:00,Control,15,707.54424
2023-06-05 18:00,Control,30,737.3086
2023-06-05 18:00,Control,50,788.965625
2023-06-05 18:00,Saltwater,5,666.0074933
2023-06-05 18:00,Saltwater,15,711.72804
2023-06-05 18:00,Saltwater,30,737.72258
2023-06-05 18:00,Saltwater,50,757.3038
2023-06-05 18:00,Freshwater,5,788.96971
2023-06-05 18:00,Freshwater,15,641.958465
2023-06-05 18:00,Freshwater,30,761.08444
2023-06-05 18:00,Freshwater,50,801.51946
2023-06-05 18:05,Control,5,610.8794611
2023-06-05 18:05,Control,15,707.71508
2023-06-05 18:05,Control,30,737.06946
2023-06-05 18:05,Control,50,789.008325
2023-06-05 18:05,Saltwater,5,666.0541467
2023-06-05 18:05,Saltwater,15,712.0610333
2023-06-05 18:05,Saltwater,30,737.78726
2023-06-05 18:05,Saltwater,50,757.33424
2023-06-05 18:05,Freshwater,5,788.153375
2023-06-05 18:05,Freshwater,15,641.325115
2023-06-05 18:05,Freshwater,30,760.78344
2023-06-05 18:05,Freshwater,50,801.49066
2023-06-05 18:10,Control,5,611.2051306
2023-06-05 18:10,Control,15,707.95422
2023-06-05 18:10,Control,30,736.76202
2023-06-05 18:10,Control,50,789.093725
2023-06-05 18:10,Saltwater,5,666.1224667
2023-06-05 18:10,Saltwater,15,712.3155867
2023-06-05 18:10,Saltwater,30,738.08178
2023-06-05 18:10,Saltwater,50,757.4249
2023-06-05 18:10,Freshwater,5,789.379265
2023-06-05 18:10,Freshwater,15,640.736765
2023-06-05 18:10,Freshwater,30,760.65558
2023-06-05 18:10,Freshwater,50,801.5333
2023-06-05 18:15,Control,5,611.4027
2023-06-05 18:15,Control,15,708.12504
2023-06-05 18:15,Control,30,736.45452
2023-06-05 18:15,Control,50,789.179125
2023-06-05 18:15,Saltwater,5,666.3920867
2023-06-05 18:15,Saltwater,15,712.71192
2023-06-05 18:15,Saltwater,30,738.2778
2023-06-05 18:15,Saltwater,50,757.5182
2023-06-05 18:15,Freshwater,5,788.814505
2023-06-05 18:15,Freshwater,15,640.228415
2023-06-05 18:15,Freshwater,30,760.07962
2023-06-05 18:15,Freshwater,50,801.50112
2023-06-05 18:20,Control,5,611.70165
2023-06-05 18:20,Control,15,708.29588
2023-06-05 18:20,Control,30,736.14702
2023-06-05 18:20,Control,50,789.264525
2023-06-05 18:20,Saltwater,5,666.55938
2023-06-05 18:20,Saltwater,15,713.02592
2023-06-05 18:20,Saltwater,30,738.45566
2023-06-05 18:20,Saltwater,50,757.52582
2023-06-05 18:20,Freshwater,5,788.311855
2023-06-05 18:20,Freshwater,15,639.76639
2023-06-05 18:20,Freshwater,30,760.18822
2023-06-05 18:20,Freshwater,50,800.76074
2023-06-05 18:25,Control,5,612.128725
2023-06-05 18:25,Control,15,708.3642
2023-06-05 18:25,Control,30,735.7712
2023-06-05 18:25,Control,50,789.22185
2023-06-05 18:25,Saltwater,5,666.5398067
2023-06-05 18:25,Saltwater,15,713.21958
2023-06-05 18:25,Saltwater,30,738.47822
2023-06-05 18:25,Saltwater,50,757.47968
2023-06-05 18:25,Freshwater,5,786.86918
2023-06-05 18:25,Freshwater,15,639.002965
2023-06-05 18:25,Freshwater,30,759.7479
2023-06-05 18:25,Freshwater,50,801.47586
2023-06-05 18:30,Control,5,612.214125
2023-06-05 18:30,Control,15,708.46674
2023-06-05 18:30,Control,30,735.36126
2023-06-05 18:30,Control,50,789.30725
2023-06-05 18:30,Saltwater,5,666.7680333
2023-06-05 18:30,Saltwater,15,713.60626
2023-06-05 18:30,Saltwater,30,738.6949
2023-06-05 18:30,Saltwater,50,757.62858
2023-06-05 18:30,Freshwater,5,785.89173
2023-06-05 18:30,Freshwater,15,638.492865
2023-06-05 18:30,Freshwater,30,759.71346
2023-06-05 18:30,Freshwater,50,801.54332
2023-06-05 18:35,Control,5,612.5985
2023-06-05 18:35,Control,15,708.70586
2023-06-05 18:35,Control,30,734.9171
2023-06-05 18:35,Control,50,789.34995
2023-06-05 18:35,Saltwater,5,666.8821533
2023-06-05 18:35,Saltwater,15,713.8145333
2023-06-05 18:35,Saltwater,30,738.87424
2023-06-05 18:35,Saltwater,50,757.7059
2023-06-05 18:35,Freshwater,5,784.79708
2023-06-05 18:35,Freshwater,15,638.11779
2023-06-05 18:35,Freshwater,30,759.3489
2023-06-05 18:35,Freshwater,50,801.45134
2023-06-05 18:40,Control,5,612.812
2023-06-05 18:40,Control,15,708.80834
2023-06-05 18:40,Control,30,734.57546
2023-06-05 18:40,Control,50,789.4354
2023-06-05 18:40,Saltwater,5,667.0482067
2023-06-05 18:40,Saltwater,15,714.1538267
2023-06-05 18:40,Saltwater,30,738.87732
2023-06-05 18:40,Saltwater,50,757.64088
2023-06-05 18:40,Freshwater,5,784.22473
2023-06-05 18:40,Freshwater,15,637.709615
2023-06-05 18:40,Freshwater,30,758.35078
2023-06-05 18:40,Freshwater,50,801.54224
2023-06-05 18:45,Control,5,612.98285
2023-06-05 18:45,Control,15,708.97916
2023-06-05 18:45,Control,30,734.19962
2023-06-05 18:45,Control,50,789.34995
2023-06-05 18:45,Saltwater,5,667.2658933
2023-06-05 18:45,Saltwater,15,714.31676
2023-06-05 18:45,Saltwater,30,739.21546
2023-06-05 18:45,Saltwater,50,757.74008
2023-06-05 18:45,Freshwater,5,782.580905
2023-06-05 18:45,Freshwater,15,637.03949
2023-06-05 18:45,Freshwater,30,758.94074
2023-06-05 18:45,Freshwater,50,801.24964
2023-06-05 18:50,Control,5,613.3939444
2023-06-05 18:50,Control,15,709.01332
2023-06-05 18:50,Control,30,733.858
2023-06-05 18:50,Control,50,789.392675
2023-06-05 18:50,Saltwater,5,667.5089333
2023-06-05 18:50,Saltwater,15,714.3707
2023-06-05 18:50,Saltwater,30,739.33862
2023-06-05 18:50,Saltwater,50,757.86396
2023-06-05 18:50,Freshwater,5,781.38307
2023-06-05 18:50,Freshwater,15,636.6628667
2023-06-05 18:50,Freshwater,30,758.53188
2023-06-05 18:50,Freshwater,50,801.55166
2023-06-05 18:55,Control,5,613.4206889
2023-06-05 18:55,Control,15,709.01334
2023-06-05 18:55,Control,30,733.31134
2023-06-05 18:55,Control,50,789.478075
2023-06-05 18:55,Saltwater,5,667.67354
2023-06-05 18:55,Saltwater,15,714.77614
2023-06-05 18:55,Saltwater,30,739.47092
2023-06-05 18:55,Saltwater,50,757.82556
2023-06-05 18:55,Freshwater,5,780.335485
2023-06-05 18:55,Freshwater,15,636.3773433
2023-06-05 18:55,Freshwater,30,758.21958
2023-06-05 18:55,Freshwater,50,801.5474
2023-06-05 19:00,Control,5,613.6238083
2023-06-05 19:00,Control,15,709.08848
2023-06-05 19:00,Control,30,732.8402
2023-06-05 19:00,Control,50,789.52875
2023-06-05 19:00,Saltwater,5,667.8563133
2023-06-05 19:00,Saltwater,15,715.1675
2023-06-05 19:00,Saltwater,30,739.52192
2023-06-05 19:00,Saltwater,50,757.8771
2023-06-05 19:00,Freshwater,5,779.530325
2023-06-05 19:00,Freshwater,15,636.337445
2023-06-05 19:00,Freshwater,30,757.96334
2023-06-05 19:00,Freshwater,50,801.22442
2023-06-05 19:05,Control,5,614.0488833
2023-06-05 19:05,Control,15,709.3474333
2023-06-05 19:05,Control,30,732.42768
2023-06-05 19:05,Control,50,789.568625
2023-06-05 19:05,Saltwater,5,668.08536
2023-06-05 19:05,Saltwater,15,715.27686
2023-06-05 19:05,Saltwater,30,739.8022
2023-06-05 19:05,Saltwater,50,757.91884
2023-06-05 19:05,Freshwater,5,777.0756267
2023-06-05 19:05,Freshwater,15,635.76742
2023-06-05 19:05,Freshwater,30,757.19284
2023-06-05 19:05,Freshwater,50,801.57352
2023-06-05 19:10,Control,5,614.2296583
2023-06-05 19:10,Control,15,709.5527267
2023-06-05 19:10,Control,30,731.9622
2023-06-05 19:10,Control,50,789.58285
2023-06-05 19:10,Saltwater,5,668.18754
2023-06-05 19:10,Saltwater,15,715.44008
2023-06-05 19:10,Saltwater,30,739.89682
2023-06-05 19:10,Saltwater,50,757.94496
2023-06-05 19:10,Freshwater,5,771.8294283
2023-06-05 19:10,Freshwater,15,635.19587
2023-06-05 19:10,Freshwater,30,757.18856
2023-06-05 19:10,Freshwater,50,801.33378
2023-06-05 19:15,Control,5,614.4389333
2023-06-05 19:15,Control,15,709.63802
2023-06-05 19:15,Control,30,731.47844
2023-06-05 19:15,Control,50,789.5768
2023-06-05 19:15,Saltwater,5,668.3000533
2023-06-05 19:15,Saltwater,15,715.85346
2023-06-05 19:15,Saltwater,30,740.07156
2023-06-05 19:15,Saltwater,50,758.0175
2023-06-05 19:15,Freshwater,5,771.360255
2023-06-05 19:15,Freshwater,15,634.734345
2023-06-05 19:15,Freshwater,30,756.82226
2023-06-05 19:15,Freshwater,50,801.54582
2023-06-05 19:20,Control,5,614.7764556
2023-06-05 19:20,Control,15,709.81362
2023-06-05 19:20,Control,30,730.90258
2023-06-05 19:20,Control,50,789.75315
2023-06-05 19:20,Saltwater,5,668.3114
2023-06-05 19:20,Saltwater,15,715.8664333
2023-06-05 19:20,Saltwater,30,740.15838
2023-06-05 19:20,Saltwater,50,758.0026
2023-06-05 19:20,Freshwater,5,764.598755
2023-06-05 19:20,Freshwater,15,634.558995
2023-06-05 19:20,Freshwater,30,756.23752
2023-06-05 19:20,Freshwater,50,801.5722
2023-06-05 19:25,Control,5,614.9526778
2023-06-05 19:25,Control,15,709.9326
2023-06-05 19:25,Control,30,730.37308
2023-06-05 19:25,Control,50,789.64415
2023-06-05 19:25,Saltwater,5,668.42378
2023-06-05 19:25,Saltwater,15,716.1383867
2023-06-05 19:25,Saltwater,30,740.36708
2023-06-05 19:25,Saltwater,50,758.21142
2023-06-05 19:25,Freshwater,5,766.304555
2023-06-05 19:25,Freshwater,15,634.351645
2023-06-05 19:25,Freshwater,30,756.10804
2023-06-05 19:25,Freshwater,50,800.76358
2023-06-05 19:30,Control,5,615.12485
2023-06-05 19:30,Control,15,710.1676
2023-06-05 19:30,Control,30,729.85894
2023-06-05 19:30,Control,50,789.7186
2023-06-05 19:30,Saltwater,5,668.5890933
2023-06-05 19:30,Saltwater,15,716.47426
2023-06-05 19:30,Saltwater,30,740.4689
2023-06-05 19:30,Saltwater,50,758.3132
2023-06-05 19:30,Freshwater,5,766.00228
2023-06-05 19:30,Freshwater,15,633.71072
2023-06-05 19:30,Freshwater,30,755.5255
2023-06-05 19:30,Freshwater,50,801.43806
2023-06-05 19:35,Control,5,615.4632472
2023-06-05 19:35,Control,15,710.2759
2023-06-05 19:35,Control,30,729.35238
2023-06-05 19:35,Control,50,789.81065
2023-06-05 19:35,Saltwater,5,668.9917733
2023-06-05 19:35,Saltwater,15,716.8210733
2023-06-05 19:35,Saltwater,30,740.58212
2023-06-05 19:35,Saltwater,50,758.35856
2023-06-05 19:35,Freshwater,5,765.373305
2023-06-05 19:35,Freshwater,15,633.2873583
2023-06-05 19:35,Freshwater,30,755.36364
2023-06-05 19:35,Freshwater,50,801.54874
2023-06-05 19:40,Control,5,615.6290694
2023-06-05 19:40,Control,15,710.41616
2023-06-05 19:40,Control,30,728.6043
2023-06-05 19:40,Control,50,789.6867
2023-06-05 19:40,Saltwater,5,668.97092
2023-06-05 19:40,Saltwater,15,716.8668067
2023-06-05 19:40,Saltwater,30,740.8024
2023-06-05 19:40,Saltwater,50,758.3394
2023-06-05 19:40,Freshwater,5,764.177355
2023-06-05 19:40,Freshwater,15,633.0652467
2023-06-05 19:40,Freshwater,30,754.94948
2023-06-05 19:40,Freshwater,50,801.43994
2023-06-05 19:45,Control,5,615.7982167
2023-06-05 19:45,Control,15,710.62894
2023-06-05 19:45,Control,30,728.09974
2023-06-05 19:45,Control,50,789.823775
2023-06-05 19:45,Saltwater,5,669.0423
2023-06-05 19:45,Saltwater,15,717.08798
2023-06-05 19:45,Saltwater,30,740.89286
2023-06-05 19:45,Saltwater,50,758.39648
2023-06-05 19:45,Freshwater,5,763.75918
2023-06-05 19:45,Freshwater,15,632.598235
2023-06-05 19:45,Freshwater,30,753.76656
2023-06-05 19:45,Freshwater,50,801.44702
2023-06-05 19:50,Control,5,616.1037667
2023-06-05 19:50,Control,15,710.70536
2023-06-05 19:50,Control,30,727.4166622
2023-06-05 19:50,Control,50,789.8679222
2023-06-05 19:50,Saltwater,5,669.206
2023-06-05 19:50,Saltwater,15,717.35334
2023-06-05 19:50,Saltwater,30,741.15792
2023-06-05 19:50,Saltwater,50,758.49066
2023-06-05 19:50,Freshwater,5,762.995455
2023-06-05 19:50,Freshwater,15,632.174135
2023-06-05 19:50,Freshwater,30,754.20924
2023-06-05 19:50,Freshwater,50,801.54992
2023-06-05 19:55,Control,5,616.5080417
2023-06-05 19:55,Control,15,711.00316
2023-06-05 19:55,Control,30,726.9554444
2023-06-05 19:55,Control,50,789.7600444
2023-06-05 19:55,Saltwater,5,669.2741333
2023-06-05 19:55,Saltwater,15,717.60458
2023-06-05 19:55,Saltwater,30,741.27322
2023-06-05 19:55,Saltwater,50,758.43582
2023-06-05 19:55,Freshwater,5,761.253805
2023-06-05 19:55,Freshwater,15,632.00421
2023-06-05 19:55,Freshwater,30,753.6995
2023-06-05 19:55,Freshwater,50,801.14218
2023-06-05 20:00,Control,5,616.8004167
2023-06-05 20:00,Control,15,711.23426
2023-06-05 20:00,Control,30,726.2555467
2023-06-05 20:00,Control,50,789.8280917
2023-06-05 20:00,Saltwater,5,669.4667
2023-06-05 20:00,Saltwater,15,717.62892
2023-06-05 20:00,Saltwater,30,741.36692
2023-06-05 20:00,Saltwater,50,758.42794
2023-06-05 20:00,Freshwater,5,750.676055
2023-06-05 20:00,Freshwater,15,631.579435
2023-06-05 20:00,Freshwater,30,753.12178
2023-06-05 20:00,Freshwater,50,801.41402
2023-06-05 20:05,Control,5,617.1529167
2023-06-05 20:05,Control,15,711.34998
2023-06-05 20:05,Control,30,725.6198467
2023-06-05 20:05,Control,50,789.8860917
2023-06-05 20:05,Saltwater,5,669.7985467
2023-06-05 20:05,Saltwater,15,717.86262
2023-06-05 20:05,Saltwater,30,741.42982
2023-06-05 20:05,Saltwater,50,758.49066
2023-06-05 20:05,Freshwater,5,748.36772
2023-06-05 20:05,Freshwater,15,631.5746483
2023-06-05 20:05,Freshwater,30,752.88388
2023-06-05 20:05,Freshwater,50,801.10816
2023-06-05 20:10,Control,5,617.6742167
2023-06-05 20:10,Control,15,711.5657
2023-06-05 20:10,Control,30,725.0156467
2023-06-05 20:10,Control,50,789.8983917
2023-06-05 20:10,Saltwater,5,669.7868267
2023-06-05 20:10,Saltwater,15,718.02562
2023-06-05 20:10,Saltwater,30,741.69482
2023-06-05 20:10,Saltwater,50,758.31182
2023-06-05 20:10,Freshwater,5,747.588735
2023-06-05 20:10,Freshwater,15,631.0600867
2023-06-05 20:10,Freshwater,30,752.37412
2023-06-05 20:10,Freshwater,50,801.41404
2023-06-05 20:15,Control,5,617.7617167
2023-06-05 20:15,Control,15,711.70492
2023-06-05 20:15,Control,30,724.4372467
2023-06-05 20:15,Control,50,789.9013417
2023-06-05 20:15,Saltwater,5,670.19474
2023-06-05 20:15,Saltwater,15,718.45116
2023-06-05 20:15,Saltwater,30,741.71164
2023-06-05 20:15,Saltwater,50,758.53392
2023-06-05 20:15,Freshwater,5,746.852175
2023-06-05 20:15,Freshwater,15,630.92785
2023-06-05 20:15,Freshwater,30,751.59244
2023-06-05 20:15,Freshwater,50,801.24412
2023-06-05 20:20,Control,5,618.0847611
2023-06-05 20:20,Control,15,711.8604733
2023-06-05 20:20,Control,30,723.8528067
2023-06-05 20:20,Control,50,789.9401917
2023-06-05 20:20,Saltwater,5,670.2520667
2023-06-05 20:20,Saltwater,15,718.63288
2023-06-05 20:20,Saltwater,30,741.89386
2023-06-05 20:20,Saltwater,50,758.44352
2023-06-05 20:20,Freshwater,5,746.7624633
2023-06-05 20:20,Freshwater,15,630.3756
2023-06-05 20:20,Freshwater,30,751.49052
2023-06-05 20:20,Freshwater,50,801.31206
2023-06-05 20:25,Control,5,618.2345306
2023-06-05 20:25,Control,15,712.0471867
2023-06-05 20:25,Control,30,723.1286267
2023-06-05 20:25,Control,50,789.8473667
2023-06-05 20:25,Saltwater,5,670.41076
2023-06-05 20:25,Saltwater,15,718.86914
2023-06-05 20:25,Saltwater,30,742.16412
2023-06-05 20:25,Saltwater,50,758.57722
2023-06-05 20:25,Freshwater,5,746.9275267
2023-06-05 20:25,Freshwater,15,630.20565
2023-06-05 20:25,Freshwater,30,750.64088
2023-06-05 20:25,Freshwater,50,801.24412
2023-06-05 20:30,Control,5,618.52475
2023-06-05 20:30,Control,15,712.21486
2023-06-05 20:30,Control,30,722.5224067
2023-06-05 20:30,Control,50,789.9856667
2023-06-05 20:30,Saltwater,5,670.4655533
2023-06-05 20:30,Saltwater,15,719.08212
2023-06-05 20:30,Saltwater,30,742.20688
2023-06-05 20:30,Saltwater,50,758.62024
2023-06-05 20:30,Freshwater,5,747.05269
2023-06-05 20:30,Freshwater,15,629.9527
2023-06-05 20:30,Freshwater,30,750.7453
2023-06-05 20:30,Freshwater,50,801.14486
2023-06-05 20:35,Control,5,618.785575
2023-06-05 20:35,Control,15,712.45966
2023-06-05 20:35,Control,30,721.9049289
2023-06-05 20:35,Control,50,789.8559639
2023-06-05 20:35,Saltwater,5,670.5235867
2023-06-05 20:35,Saltwater,15,719.2786267
2023-06-05 20:35,Saltwater,30,742.31064
2023-06-05 20:35,Saltwater,50,758.72404
2023-06-05 20:35,Freshwater,5,747.2157533
2023-06-05 20:35,Freshwater,15,630.07855
2023-06-05 20:35,Freshwater,30,750.16556
2023-06-05 20:35,Freshwater,50,800.66684
2023-06-05 20:40,Control,5,618.871625
2023-06-05 20:40,Control,15,712.59712
2023-06-05 20:40,Control,30,721.3850711
2023-06-05 20:40,Control,50,789.9342861
2023-06-05 20:40,Saltwater,5,670.8689533
2023-06-05 20:40,Saltwater,15,719.4783733
2023-06-05 20:40,Saltwater,30,742.34952
2023-06-05 20:40,Saltwater,50,758.72896
2023-06-05 20:40,Freshwater,5,745.6055667
2023-06-05 20:40,Freshwater,15,629.618175
2023-06-05 20:40,Freshwater,30,749.69864
2023-06-05 20:40,Freshwater,50,801.39026
2023-06-05 20:45,Control,5,618.827775
2023-06-05 20:45,Control,15,712.80078
2023-06-05 20:45,Control,30,720.6921533
2023-06-05 20:45,Control,50,789.9246833
2023-06-05 20:45,Saltwater,5,670.9832867
2023-06-05 20:45,Saltwater,15,719.74246
2023-06-05 20:45,Saltwater,30,742.69144
2023-06-05 20:45,Saltwater,50,758.79792
2023-06-05 20:45,Freshwater,5,726.960555
2023-06-05 20:45,Freshwater,15,629.2858
2023-06-05 20:45,Freshwater,30,749.3684
2023-06-05 20:45,Freshwater,50,801.29882
2023-06-05 20:50,Control,5,618.957
2023-06-05 20:50,Control,15,712.9951533
2023-06-05 20:50,Control,30,720.1807933
2023-06-05 20:50,Control,50,790.0115833
2023-06-05 20:50,Saltwater,5,670.9216333
2023-06-05 20:50,Saltwater,15,719.8448
2023-06-05 20:50,Saltwater,30,742.65732
2023-06-05 20:50,Saltwater,50,758.86614
2023-06-05 20:50,Freshwater,5,727.56983
2023-06-05 20:50,Freshwater,15,629.2927383
2023-06-05 20:50,Freshwater,30,748.90768
2023-06-05 20:50,Freshwater,50,801.17946
2023-06-05 20:55,Control,5,619.252625
2023-06-05 20:55,Control,15,713.1157067
2023-06-05 20:55,Control,30,719.6639133
2023-06-05 20:55,Control,50,789.9213333
2023-06-05 20:55,Saltwater,5,670.9697467
2023-06-05 20:55,Saltwater,15,720.1134
2023-06-05 20:55,Saltwater,30,742.85748
2023-06-05 20:55,Saltwater,50,758.89558
2023-06-05 20:55,Freshwater,5,728.27823
2023-06-05 20:55,Freshwater,15,628.9369267
2023-06-05 20:55,Freshwater,30,747.7378
2023-06-05 20:55,Freshwater,50,801.1977
2023-06-05 21:00,Control,5,619.212975
2023-06-05 21:00,Control,15,713.14172
2023-06-05 21:00,Control,30,719.0184133
2023-06-05 21:00,Control,50,789.9257083
2023-06-05 21:00,Saltwater,5,671.3018933
2023-06-05 21:00,Saltwater,15,720.14274
2023-06-05 21:00,Saltwater,30,742.92074
2023-06-05 21:00,Saltwater,50,759.0269
2023-06-05 21:00,Freshwater,5,728.16318
2023-06-05 21:00,Freshwater,15,628.559815
2023-06-05 21:00,Freshwater,30,748.15852
2023-06-05 21:00,Freshwater,50,801.07594
2023-06-05 21:05,Control,5,619.4190472
2023-06-05 21:05,Control,15,713.31312
2023-06-05 21:05,Control,30,718.5404533
2023-06-05 21:05,Control,50,789.9263083
2023-06-05 21:05,Saltwater,5,671.36124
2023-06-05 21:05,Saltwater,15,720.3507533
2023-06-05 21:05,Saltwater,30,743.0315
2023-06-05 21:05,Saltwater,50,759.06966
2023-06-05 21:05,Freshwater,5,726.743655
2023-06-05 21:05,Freshwater,15,628.707365
2023-06-05 21:05,Freshwater,30,747.7425
2023-06-05 21:05,Freshwater,50,800.96836
2023-06-05 21:10,Control,5,619.7100944
2023-06-05 21:10,Control,15,713.51818
2023-06-05 21:10,Control,30,717.9252733
2023-06-05 21:10,Control,50,789.9263083
2023-06-05 21:10,Saltwater,5,671.4711533
2023-06-05 21:10,Saltwater,15,720.5176267
2023-06-05 21:10,Saltwater,30,743.16908
2023-06-05 21:10,Saltwater,50,759.07082
2023-06-05 21:10,Freshwater,5,727.99678
2023-06-05 21:10,Freshwater,15,628.52019
2023-06-05 21:10,Freshwater,30,747.14256
2023-06-05 21:10,Freshwater,50,801.28384
2023-06-05 21:15,Control,5,619.9584417
2023-06-05 21:15,Control,15,713.68904
2023-06-05 21:15,Control,30,717.4809733
2023-06-05 21:15,Control,50,790.0117583
2023-06-05 21:15,Saltwater,5,671.5801667
2023-06-05 21:15,Saltwater,15,720.82002
2023-06-05 21:15,Saltwater,30,743.3398
2023-06-05 21:15,Saltwater,50,759.13914
2023-06-05 21:15,Freshwater,5,728.70288
2023-06-05 21:15,Freshwater,15,628.498915
2023-06-05 21:15,Freshwater,30,746.89788
2023-06-05 21:15,Freshwater,50,800.872
2023-06-05 21:20,Control,5,619.9157167
2023-06-05 21:20,Control,15,713.85992
2023-06-05 21:20,Control,30,716.8999933
2023-06-05 21:20,Control,50,789.9263083
2023-06-05 21:20,Saltwater,5,671.8645333
2023-06-05 21:20,Saltwater,15,720.9517933
2023-06-05 21:20,Saltwater,30,743.51044
2023-06-05 21:20,Saltwater,50,759.2415
2023-06-05 21:20,Freshwater,5,727.64618
2023-06-05 21:20,Freshwater,15,628.1963167
2023-06-05 21:20,Freshwater,30,746.2917
2023-06-05 21:20,Freshwater,50,801.25206
2023-06-05 21:25,Control,5,620.0439167
2023-06-05 21:25,Control,15,713.99664
2023-06-05 21:25,Control,30,716.4898933
2023-06-05 21:25,Control,50,790.0117583
2023-06-05 21:25,Saltwater,5,671.8645333
2023-06-05 21:25,Saltwater,15,721.1858467
2023-06-05 21:25,Saltwater,30,743.54456
2023-06-05 21:25,Saltwater,50,759.17328
2023-06-05 21:25,Freshwater,5,728.335155
2023-06-05 21:25,Freshwater,15,627.8967683
2023-06-05 21:25,Freshwater,30,745.72342
2023-06-05 21:25,Freshwater,50,801.22862
2023-06-05 21:30,Control,5,619.9584667
2023-06-05 21:30,Control,15,714.06496
2023-06-05 21:30,Control,30,715.9088933
2023-06-05 21:30,Control,50,789.9690583
2023-06-05 21:30,Saltwater,5,672.1489
2023-06-05 21:30,Saltwater,15,721.18106
2023-06-05 21:30,Saltwater,30,743.74928
2023-06-05 21:30,Saltwater,50,759.17328
2023-06-05 21:30,Freshwater,5,725.79348
2023-06-05 21:30,Freshwater,15,627.68087
2023-06-05 21:30,Freshwater,30,745.45928
2023-06-05 21:30,Freshwater,50,801.20322
2023-06-05 21:35,Control,5,619.9988917
2023-06-05 21:35,Control,15,714.30148
2023-06-05 21:35,Control,30,715.4618533
2023-06-05 21:35,Control,50,789.9658333
2023-06-05 21:35,Saltwater,5,672.1489
2023-06-05 21:35,Saltwater,15,721.3127933
2023-06-05 21:35,Saltwater,30,743.71518
2023-06-05 21:35,Saltwater,50,759.30976
2023-06-05 21:35,Freshwater,5,726.6400183
2023-06-05 21:35,Freshwater,15,627.59717
2023-06-05 21:35,Freshwater,30,744.6063933
2023-06-05 21:35,Freshwater,50,801.1662333
2023-06-05 21:40,Control,5,620.0436167
2023-06-05 21:40,Control,15,714.50898
2023-06-05 21:40,Control,30,714.9858133
2023-06-05 21:40,Control,50,789.9259583
2023-06-05 21:40,Saltwater,5,672.4333
2023-06-05 21:40,Saltwater,15,721.3420867
2023-06-05 21:40,Saltwater,30,743.98816
2023-06-05 21:40,Saltwater,50,759.3439
2023-06-05 21:40,Freshwater,5,727.8529317
2023-06-05 21:40,Freshwater,15,627.37307
2023-06-05 21:40,Freshwater,30,744.4167467
2023-06-05 21:40,Freshwater,50,800.6351467
2023-06-05 21:45,Control,5,620.2519417
2023-06-05 21:45,Control,15,714.63916
2023-06-05 21:45,Control,30,714.5691933
2023-06-05 21:45,Control,50,790.0039083
2023-06-05 21:45,Saltwater,5,672.4333
2023-06-05 21:45,Saltwater,15,721.33732
2023-06-05 21:45,Saltwater,30,744.09052
2023-06-05 21:45,Saltwater,50,759.37802
2023-06-05 21:45,Freshwater,5,728.58542
2023-06-05 21:45,Freshwater,15,627.30017
2023-06-05 21:45,Freshwater,30,743.98556
2023-06-05 21:45,Freshwater,50,800.68142
2023-06-05 21:50,Control,5,620.0744417
2023-06-05 21:50,Control,15,714.76774
2023-06-05 21:50,Control,30,714.0484533
2023-06-05 21:50,Control,50,789.9518583
2023-06-05 21:50,Saltwater,5,672.6039
2023-06-05 21:50,Saltwater,15,721.4738
2023-06-05 21:50,Saltwater,30,744.09054
2023-06-05 21:50,Saltwater,50,759.44626
2023-06-05 21:50,Freshwater,5,729.52227
2023-06-05 21:50,Freshwater,15,626.83442
2023-06-05 21:50,Freshwater,30,743.4098
2023-06-05 21:50,Freshwater,50,801.09162
2023-06-05 21:55,Control,5,620.2046917
2023-06-05 21:55,Control,15,714.97536
2023-06-05 21:55,Control,30,713.6750533
2023-06-05 21:55,Control,50,789.8693583
2023-06-05 21:55,Saltwater,5,672.8314
2023-06-05 21:55,Saltwater,15,721.57616
2023-06-05 21:55,Saltwater,30,744.1929
2023-06-05 21:55,Saltwater,50,759.51454
2023-06-05 21:55,Freshwater,5,730.199395
2023-06-05 21:55,Freshwater,15,626.662345
2023-06-05 21:55,Freshwater,30,742.99922
2023-06-05 21:55,Freshwater,50,800.98668
2023-06-05 22:00,Control,5,619.2650167
2023-06-05 22:00,Control,15,715.07808
2023-06-05 22:00,Control,30,713.2993733
2023-06-05 22:00,Control,50,789.8695833
2023-06-05 22:00,Saltwater,5,673.002
2023-06-05 22:00,Saltwater,15,721.71268
2023-06-05 22:00,Saltwater,30,744.29526
2023-06-05 22:00,Saltwater,50,759.41216
2023-06-05 22:00,Freshwater,5,730.83737
2023-06-05 22:00,Freshwater,15,626.49297
2023-06-05 22:00,Freshwater,30,742.3881
2023-06-05 22:00,Freshwater,50,800.91944
2023-06-05 22:05,Control,5,619.1846667
2023-06-05 22:05,Control,15,715.11848
2023-06-05 22:05,Control,30,712.8612733
2023-06-05 22:05,Control,50,789.9621833
2023-06-05 22:05,Saltwater,5,673.0589
2023-06-05 22:05,Saltwater,15,721.81504
2023-06-05 22:05,Saltwater,30,744.4952333
2023-06-05 22:05,Saltwater,50,759.6121133
2023-06-05 22:05,Freshwater,5,731.9817333
2023-06-05 22:05,Freshwater,15,626.2348333
2023-06-05 22:05,Freshwater,30,741.2684
2023-06-05 22:05,Freshwater,50,801.02364
2023-06-05 22:10,Control,5,619.0571667
2023-06-05 22:10,Control,15,715.35856
2023-06-05 22:10,Control,30,712.5202933
2023-06-05 22:10,Control,50,789.8776833
2023-06-05 22:10,Saltwater,5,673.1726333
2023-06-05 22:10,Saltwater,15,721.95154
2023-06-05 22:10,Saltwater,30,744.4563267
2023-06-05 22:10,Saltwater,50,759.6073067
2023-06-05 22:10,Freshwater,5,732.4020467
2023-06-05 22:10,Freshwater,15,625.8902967
2023-06-05 22:10,Freshwater,30,741.54058
2023-06-05 22:10,Freshwater,50,800.786
2023-06-05 22:15,Control,5,619.0570667
2023-06-05 22:15,Control,15,715.22174
2023-06-05 22:15,Control,30,712.1101133
2023-06-05 22:15,Control,50,789.8348333
2023-06-05 22:15,Saltwater,5,673.3432333
2023-06-05 22:15,Saltwater,15,722.05392
2023-06-05 22:15,Saltwater,30,744.75864
2023-06-05 22:15,Saltwater,50,759.60252
2023-06-05 22:15,Freshwater,5,732.73491
2023-06-05 22:15,Freshwater,15,625.71376
2023-06-05 22:15,Freshwater,30,740.92644
2023-06-05 22:15,Freshwater,50,800.95334
2023-06-05 22:20,Control,5,619.2231167
2023-06-05 22:20,Control,15,715.3405133
2023-06-05 22:20,Control,30,711.7965733
2023-06-05 22:20,Control,50,790.0415833
2023-06-05 22:20,Saltwater,5,673.5042933
2023-06-05 22:20,Saltwater,15,722.1904
2023-06-05 22:20,Saltwater,30,744.75864
2023-06-05 22:20,Saltwater,50,759.6708
2023-06-05 22:20,Freshwater,5,733.6172983
2023-06-05 22:20,Freshwater,15,625.62481
2023-06-05 22:20,Freshwater,30,740.3387133
2023-06-05 22:20,Freshwater,50,800.9429133
2023-06-05 22:25,Control,5,619.3043917
2023-06-05 22:25,Control,15,715.3575667
2023-06-05 22:25,Control,30,711.3130333
2023-06-05 22:25,Control,50,789.9075583
2023-06-05 22:25,Saltwater,5,673.60852
2023-06-05 22:25,Saltwater,15,722.19042
2023-06-05 22:25,Saltwater,30,744.92928
2023-06-05 22:25,Saltwater,50,759.63668
2023-06-05 22:25,Freshwater,5,733.4065367
2023-06-05 22:25,Freshwater,15,625.75731
2023-06-05 22:25,Freshwater,30,739.7625867
2023-06-05 22:25,Freshwater,50,800.6054267
2023-06-05 22:30,Control,5,619.5722417
2023-06-05 22:30,Control,15,715.53074
2023-06-05 22:30,Control,30,711.0879333
2023-06-05 22:30,Control,50,789.8811583
2023-06-05 22:30,Saltwater,5,673.7695467
2023-06-05 22:30,Saltwater,15,722.39512
2023-06-05 22:30,Saltwater,30,744.92926
2023-06-05 22:30,Saltwater,50,759.73902
2023-06-05 22:30,Freshwater,5,734.20985
2023-06-05 22:30,Freshwater,15,625.37561
2023-06-05 22:30,Freshwater,30,739.11282
2023-06-05 22:30,Freshwater,50,800.9755
2023-06-05 22:35,Control,5,619.5656917
2023-06-05 22:35,Control,15,715.72768
2023-06-05 22:35,Control,30,710.7039533
2023-06-05 22:35,Control,50,789.9145833
2023-06-05 22:35,Saltwater,5,673.9401467
2023-06-05 22:35,Saltwater,15,722.39514
2023-06-05 22:35,Saltwater,30,745.13402
2023-06-05 22:35,Saltwater,50,759.77314
2023-06-05 22:35,Freshwater,5,734.2949
2023-06-05 22:35,Freshwater,15,625.248185
2023-06-05 22:35,Freshwater,30,738.50104
2023-06-05 22:35,Freshwater,50,800.90758
2023-06-05 22:40,Control,5,619.7392917
2023-06-05 22:40,Control,15,715.76526
2023-06-05 22:40,Control,30,710.3313933
2023-06-05 22:40,Control,50,789.7903333
2023-06-05 22:40,Saltwater,5,674.1676133
2023-06-05 22:40,Saltwater,15,722.53166
2023-06-05 22:40,Saltwater,30,745.30464
2023-06-05 22:40,Saltwater,50,759.7049
2023-06-05 22:40,Freshwater,5,734.838325
2023-06-05 22:40,Freshwater,15,624.81631
2023-06-05 22:40,Freshwater,30,737.98226
2023-06-05 22:40,Freshwater,50,800.79562
2023-06-05 22:45,Control,5,619.8260167
2023-06-05 22:45,Control,15,715.90352
2023-06-05 22:45,Control,30,710.0253533
2023-06-05 22:45,Control,50,789.8775583
2023-06-05 22:45,Saltwater,5,674.3382467
2023-06-05 22:45,Saltwater,15,722.83876
2023-06-05 22:45,Saltwater,30,745.2705
2023-06-05 22:45,Saltwater,50,759.77314
2023-06-05 22:45,Freshwater,5,735.695875
2023-06-05 22:45,Freshwater,15,624.864885
2023-06-05 22:45,Freshwater,30,737.0723
2023-06-05 22:45,Freshwater,50,800.8383
2023-06-05 22:50,Control,5,619.6519167
2023-06-05 22:50,Control,15,716.00204
2023-06-05 22:50,Control,30,709.6113133
2023-06-05 22:50,Control,50,789.7875333
2023-06-05 22:50,Saltwater,5,674.5088133
2023-06-05 22:50,Saltwater,15,722.8681133
2023-06-05 22:50,Saltwater,30,745.4022133
2023-06-05 22:50,Saltwater,50,759.8707133
2023-06-05 22:50,Freshwater,5,735.6119
2023-06-05 22:50,Freshwater,15,624.7759733
2023-06-05 22:50,Freshwater,30,736.86942
2023-06-05 22:50,Freshwater,50,800.56756
2023-06-05 22:55,Control,5,617.5595917
2023-06-05 22:55,Control,15,716.0716
2023-06-05 22:55,Control,30,709.3048733
2023-06-05 22:55,Control,50,789.9170333
2023-06-05 22:55,Saltwater,5,674.45198
2023-06-05 22:55,Saltwater,15,722.9656867
2023-06-05 22:55,Saltwater,30,745.4656867
2023-06-05 22:55,Saltwater,50,759.7977067
2023-06-05 22:55,Freshwater,5,735.102175
2023-06-05 22:55,Freshwater,15,624.8137117
2023-06-05 22:55,Freshwater,30,736.2577
2023-06-05 22:55,Freshwater,50,800.09182
2023-06-05 23:00,Control,5,616.9209167
2023-06-05 23:00,Control,15,716.24512
2023-06-05 23:00,Control,30,708.9315533
2023-06-05 23:00,Control,50,789.7064583
2023-06-05 23:00,Saltwater,5,674.6226133
2023-06-05 23:00,Saltwater,15,723.06328
2023-06-05 23:00,Saltwater,30,745.66564
2023-06-05 23:00,Saltwater,50,759.82704
2023-06-05 23:00,Freshwater,5,734.9747
2023-06-05 23:00,Freshwater,15,624.46905
2023-06-05 23:00,Freshwater,30,735.57788
2023-06-05 23:00,Freshwater,50,800.7376
2023-06-05 23:05,Control,5,616.5829667
2023-06-05 23:05,Control,15,716.28402
2023-06-05 23:05,Control,30,708.5944733
2023-06-05 23:05,Control,50,789.8400833
2023-06-05 23:05,Saltwater,5,674.9069467
2023-06-05 23:05,Saltwater,15,723.0974
2023-06-05 23:05,Saltwater,30,745.69976
2023-06-05 23:05,Saltwater,50,759.96352
2023-06-05 23:05,Freshwater,5,735.0597
2023-06-05 23:05,Freshwater,15,624.469075
2023-06-05 23:05,Freshwater,30,735.06804
2023-06-05 23:05,Freshwater,50,800.8396
2023-06-05 23:10,Control,5,615.8101417
2023-06-05 23:10,Control,15,716.38172
2023-06-05 23:10,Control,30,708.2479533
2023-06-05 23:10,Control,50,789.8772333
2023-06-05 23:10,Saltwater,5,675.02068
2023-06-05 23:10,Saltwater,15,723.13152
2023-06-05 23:10,Saltwater,30,745.73388
2023-06-05 23:10,Saltwater,50,759.92942
2023-06-05 23:10,Freshwater,5,735.187125
2023-06-05 23:10,Freshwater,15,624.554025
2023-06-05 23:10,Freshwater,30,734.35422
2023-06-05 23:10,Freshwater,50,800.66964
2023-06-05 23:15,Control,5,615.8085167
2023-06-05 23:15,Control,15,716.48224
2023-06-05 23:15,Control,30,707.9041933
2023-06-05 23:15,Control,50,789.8322333
2023-06-05 23:15,Saltwater,5,675.1913467
2023-06-05 23:15,Saltwater,15,723.19978
2023-06-05 23:15,Saltwater,30,745.9386
2023-06-05 23:15,Saltwater,50,759.92942
2023-06-05 23:15,Freshwater,5,735.229625
2023-06-05 23:15,Freshwater,15,624.2566
2023-06-05 23:15,Freshwater,30,732.9946
2023-06-05 23:15,Freshwater,50,800.66964
2023-06-05 23:20,Control,5,615.8565167
2023-06-05 23:20,Control,15,716.62554
2023-06-05 23:20,Control,30,707.5609156
2023-06-05 23:20,Control,50,789.8318056
2023-06-05 23:20,Saltwater,5,675.36198
2023-06-05 23:20,Saltwater,15,723.3314933
2023-06-05 23:20,Saltwater,30,746.14336
2023-06-05 23:20,Saltwater,50,759.8953
2023-06-05 23:20,Freshwater,5,735.569525
2023-06-05 23:20,Freshwater,15,623.959175
2023-06-05 23:20,Freshwater,30,733.02858
2023-06-05 23:20,Freshwater,50,800.66966
2023-06-05 23:25,Control,5,616.0236917
2023-06-05 23:25,Control,15,716.72344
2023-06-05 23:25,Control,30,707.3433978
2023-06-05 23:25,Control,50,789.8612278
2023-06-05 23:25,Saltwater,5,675.4757133
2023-06-05 23:25,Saltwater,15,723.4973067
2023-06-05 23:25,Saltwater,30,746.04098
2023-06-05 23:25,Saltwater,50,760.0659
2023-06-05 23:25,Freshwater,5,735.527025
2023-06-05 23:25,Freshwater,15,623.959175
2023-06-05 23:25,Freshwater,30,732.51872
2023-06-05 23:25,Freshwater,50,800.4317
2023-06-05 23:30,Control,5,615.9421667
2023-06-05 23:30,Control,15,716.83084
2023-06-05 23:30,Control,30,706.96422
2023-06-05 23:30,Control,50,789.687975
2023-06-05 23:30,Saltwater,5,675.53258
2023-06-05 23:30,Saltwater,15,723.45838
2023-06-05 23:30,Saltwater,30,746.10926
2023-06-05 23:30,Saltwater,50,759.92942
2023-06-05 23:30,Freshwater,5,735.52475
2023-06-05 23:30,Freshwater,15,623.829925
2023-06-05 23:30,Freshwater,30,731.7007
2023-06-05 23:30,Freshwater,50,800.56508
2023-06-05 23:35,Control,5,615.9854417
2023-06-05 23:35,Control,15,716.89988
2023-06-05 23:35,Control,30,706.6915
2023-06-05 23:35,Control,50,789.816975
2023-06-05 23:35,Saltwater,5,675.6463133
2023-06-05 23:35,Saltwater,15,723.76552
2023-06-05 23:35,Saltwater,30,746.38224
2023-06-05 23:35,Saltwater,50,760.10002
2023-06-05 23:35,Freshwater,5,735.606075
2023-06-05 23:35,Freshwater,15,623.82705
2023-06-05 23:35,Freshwater,30,731.11926
2023-06-05 23:35,Freshwater,50,800.49306
2023-06-05 23:40,Control,5,616.1972917
2023-06-05 23:40,Control,15,716.96604
2023-06-05 23:40,Control,30,706.31342
2023-06-05 23:40,Control,50,789.729
2023-06-05 23:40,Saltwater,5,675.8169467
2023-06-05 23:40,Saltwater,15,723.7655
2023-06-05 23:40,Saltwater,30,746.3822
2023-06-05 23:40,Saltwater,50,760.16828
2023-06-05 23:40,Freshwater,5,735.313825
2023-06-05 23:40,Freshwater,15,623.78865
2023-06-05 23:40,Freshwater,30,730.3766
2023-06-05 23:40,Freshwater,50,800.22696
2023-06-05 23:45,Control,5,614.7463667
2023-06-05 23:45,Control,15,717.07056
2023-06-05 23:45,Control,30,706.04194
2023-06-05 23:45,Control,50,789.688525
2023-06-05 23:45,Saltwater,5,675.8738467
2023-06-05 23:45,Saltwater,15,723.93612
2023-06-05 23:45,Saltwater,30,746.51872
2023-06-05 23:45,Saltwater,50,760.27068
2023-06-05 23:45,Freshwater,5,735.3552
2023-06-05 23:45,Freshwater,15,623.575325
2023-06-05 23:45,Freshwater,30,729.38974
2023-06-05 23:45,Freshwater,50,800.63354
2023-06-05 23:50,Control,5,614.2811194
2023-06-05 23:50,Control,15,717.2715
2023-06-05 23:50,Control,30,705.69616
2023-06-05 23:50,Control,50,789.7265
2023-06-05 23:50,Saltwater,5,676.05402
2023-06-05 23:50,Saltwater,15,724.1360933
2023-06-05 23:50,Saltwater,30,746.58696
2023-06-05 23:50,Saltwater,50,760.37302
2023-06-05 23:50,Freshwater,5,725.153825
2023-06-05 23:50,Freshwater,15,623.4396383
2023-06-05 23:50,Freshwater,30,729.07956
2023-06-05 23:50,Freshwater,50,800.45866
2023-06-05 23:55,Control,5,613.4804972
2023-06-05 23:55,Control,15,717.3437
2023-06-05 23:55,Control,30,705.35812
2023-06-05 23:55,Control,50,789.688175
2023-06-05 23:55,Saltwater,5,676.0635933
2023-06-05 23:55,Saltwater,15,724.1654267
2023-06-05 23:55,Saltwater,30,746.65522
2023-06-05 23:55,Saltwater,50,760.3389
2023-06-05 23:55,Freshwater,5,735.053675
2023-06-05 23:55,Freshwater,15,623.1801017
2023-06-05 23:55,Freshwater,30,728.43394
2023-06-05 23:55,Freshwater,50,800.56092
2023-06-06 00:00,Control,5,613.7007
2023-06-06 00:00,Control,15,717.30776
2023-06-06 00:00,Control,30,705.08304
2023-06-06 00:00,Control,50,789.81435
2023-06-06 00:00,Saltwater,5,676.3006667
2023-06-06 00:00,Saltwater,15,724.05828
2023-06-06 00:00,Saltwater,30,746.72346
2023-06-06 00:00,Saltwater,50,760.5095
2023-06-06 00:00,Freshwater,5,734.92695
2023-06-06 00:00,Freshwater,15,623.26089
2023-06-06 00:00,Freshwater,30,727.21104
2023-06-06 00:00,Freshwater,50,800.49378
2023-06-06 00:05,Control,5,613.825375
2023-06-06 00:05,Control,15,717.50846
2023-06-06 00:05,Control,30,704.87374
2023-06-06 00:05,Control,50,789.68125
2023-06-06 00:05,Saltwater,5,676.4191867
2023-06-06 00:05,Saltwater,15,724.3947333
2023-06-06 00:05,Saltwater,30,746.89412
2023-06-06 00:05,Saltwater,50,760.40716
2023-06-06 00:05,Freshwater,5,735.185025
2023-06-06 00:05,Freshwater,15,623.093415
2023-06-06 00:05,Freshwater,30,726.94222
2023-06-06 00:05,Freshwater,50,800.05544
2023-06-06 00:10,Control,5,614.212225
2023-06-06 00:10,Control,15,717.64812
2023-06-06 00:10,Control,30,704.56904
2023-06-06 00:10,Control,50,789.727325
2023-06-06 00:10,Saltwater,5,676.5945733
2023-06-06 00:10,Saltwater,15,724.4923067
2023-06-06 00:10,Saltwater,30,746.96234
2023-06-06 00:10,Saltwater,50,760.5095
2023-06-06 00:10,Freshwater,5,735.225775
2023-06-06 00:10,Freshwater,15,623.262015
2023-06-06 00:10,Freshwater,30,726.15872
2023-06-06 00:10,Freshwater,50,799.98552
2023-06-06 00:15,Control,5,614.34295
2023-06-06 00:15,Control,15,717.58302
2023-06-06 00:15,Control,30,704.33294
2023-06-06 00:15,Control,50,789.645575
2023-06-06 00:15,Saltwater,5,676.7699933
2023-06-06 00:15,Saltwater,15,724.5899
2023-06-06 00:15,Saltwater,30,746.99648
2023-06-06 00:15,Saltwater,50,760.50952
2023-06-06 00:15,Freshwater,5,735.310525
2023-06-06 00:15,Freshwater,15,622.70944
2023-06-06 00:15,Freshwater,30,725.27476
2023-06-06 00:15,Freshwater,50,800.5291
2023-06-06 00:20,Control,5,614.509825
2023-06-06 00:20,Control,15,717.7368933
2023-06-06 00:20,Control,30,703.95208
2023-06-06 00:20,Control,50,789.682525
2023-06-06 00:20,Saltwater,5,676.71788
2023-06-06 00:20,Saltwater,15,724.7264
2023-06-06 00:20,Saltwater,30,747.09884
2023-06-06 00:20,Saltwater,50,760.68012
2023-06-06 00:20,Freshwater,5,735.3949867
2023-06-06 00:20,Freshwater,15,622.83279
2023-06-06 00:20,Freshwater,30,724.6189933
2023-06-06 00:20,Freshwater,50,800.4164133
2023-06-06 00:25,Control,5,614.599025
2023-06-06 00:25,Control,15,717.7638267
2023-06-06 00:25,Control,30,703.64914
2023-06-06 00:25,Control,50,789.602525
2023-06-06 00:25,Saltwater,5,676.8364333
2023-06-06 00:25,Saltwater,15,724.86286
2023-06-06 00:25,Saltwater,30,747.26948
2023-06-06 00:25,Saltwater,50,760.74836
2023-06-06 00:25,Freshwater,5,735.5609733
2023-06-06 00:25,Freshwater,15,622.61349
2023-06-06 00:25,Freshwater,30,723.8238867
2023-06-06 00:25,Freshwater,50,800.3678067
2023-06-06 00:30,Control,5,614.941375
2023-06-06 00:30,Control,15,717.99182
2023-06-06 00:30,Control,30,703.41058
2023-06-06 00:30,Control,50,789.5179
2023-06-06 00:30,Saltwater,5,677.12562
2023-06-06 00:30,Saltwater,15,724.9311
2023-06-06 00:30,Saltwater,30,747.3036
2023-06-06 00:30,Saltwater,50,760.8166
2023-06-06 00:30,Freshwater,5,717.04271
2023-06-06 00:30,Freshwater,15,622.486915
2023-06-06 00:30,Freshwater,30,722.42664
2023-06-06 00:30,Freshwater,50,800.29634
2023-06-06 00:35,Control,5,615.0775028
2023-06-06 00:35,Control,15,718.06016
2023-06-06 00:35,Control,30,703.13716
2023-06-06 00:35,Control,50,789.6888
2023-06-06 00:35,Saltwater,5,677.3010067
2023-06-06 00:35,Saltwater,15,725.06762
2023-06-06 00:35,Saltwater,30,747.40594
2023-06-06 00:35,Saltwater,50,760.85072
2023-06-06 00:35,Freshwater,5,712.9592717
2023-06-06 00:35,Freshwater,15,622.39419
2023-06-06 00:35,Freshwater,30,722.24706
2023-06-06 00:35,Freshwater,50,800.11526
2023-06-06 00:40,Control,5,615.2563806
2023-06-06 00:40,Control,15,718.09436
2023-06-06 00:40,Control,30,702.96628
2023-06-06 00:40,Control,50,789.560625
2023-06-06 00:40,Saltwater,5,677.53326
2023-06-06 00:40,Saltwater,15,725.16998
2023-06-06 00:40,Saltwater,30,747.54244
2023-06-06 00:40,Saltwater,50,760.8166
2023-06-06 00:40,Freshwater,5,714.2167333
2023-06-06 00:40,Freshwater,15,622.368515
2023-06-06 00:40,Freshwater,30,721.48618
2023-06-06 00:40,Freshwater,50,800.07134
2023-06-06 00:45,Control,5,615.4779333
2023-06-06 00:45,Control,15,718.29942
2023-06-06 00:45,Control,30,702.69288
2023-06-06 00:45,Control,50,789.688775
2023-06-06 00:45,Saltwater,5,677.7086467
2023-06-06 00:45,Saltwater,15,725.10174
2023-06-06 00:45,Saltwater,30,747.5766
2023-06-06 00:45,Saltwater,50,760.85072
2023-06-06 00:45,Freshwater,5,714.215345
2023-06-06 00:45,Freshwater,15,622.32099
2023-06-06 00:45,Freshwater,30,720.63016
2023-06-06 00:45,Freshwater,50,800.26804
2023-06-06 00:50,Control,5,615.5713361
2023-06-06 00:50,Control,15,718.3216133
2023-06-06 00:50,Control,30,702.4456622
2023-06-06 00:50,Control,50,789.5526472
2023-06-06 00:50,Saltwater,5,677.7135
2023-06-06 00:50,Saltwater,15,725.34062
2023-06-06 00:50,Saltwater,30,747.57658
2023-06-06 00:50,Saltwater,50,760.91896
2023-06-06 00:50,Freshwater,5,715.7020183
2023-06-06 00:50,Freshwater,15,622.397865
2023-06-06 00:50,Freshwater,30,719.80442
2023-06-06 00:50,Freshwater,50,799.74664
2023-06-06 00:55,Control,5,615.6220389
2023-06-06 00:55,Control,15,718.5147067
2023-06-06 00:55,Control,30,702.1643044
2023-06-06 00:55,Control,50,789.5019444
2023-06-06 00:55,Saltwater,5,677.77512
2023-06-06 00:55,Saltwater,15,725.78422
2023-06-06 00:55,Saltwater,30,747.7813
2023-06-06 00:55,Saltwater,50,760.91898
2023-06-06 00:55,Freshwater,5,715.8507667
2023-06-06 00:55,Freshwater,15,622.19494
2023-06-06 00:55,Freshwater,30,719.00044
2023-06-06 00:55,Freshwater,50,800.3381
2023-06-06 01:00,Control,5,615.8037917
2023-06-06 01:00,Control,15,718.60884
2023-06-06 01:00,Control,30,701.8863467
2023-06-06 01:00,Control,50,789.5407667
2023-06-06 01:00,Saltwater,5,678.12114
2023-06-06 01:00,Saltwater,15,726.09134
2023-06-06 01:00,Saltwater,30,747.84954
2023-06-06 01:00,Saltwater,50,761.02138
2023-06-06 01:00,Freshwater,5,716.660215
2023-06-06 01:00,Freshwater,15,622.019015
2023-06-06 01:00,Freshwater,30,717.97332
2023-06-06 01:00,Freshwater,50,800.22754
2023-06-06 01:05,Control,5,615.9295417
2023-06-06 01:05,Control,15,718.64002
2023-06-06 01:05,Control,30,701.6100267
2023-06-06 01:05,Control,50,789.5373167
2023-06-06 01:05,Saltwater,5,678.1259267
2023-06-06 01:05,Saltwater,15,726.15958
2023-06-06 01:05,Saltwater,30,747.88368
2023-06-06 01:05,Saltwater,50,761.12376
2023-06-06 01:05,Freshwater,5,716.7595017
2023-06-06 01:05,Freshwater,15,621.8945283
2023-06-06 01:05,Freshwater,30,717.3662933
2023-06-06 01:05,Freshwater,50,800.0639333
2023-06-06 01:10,Control,5,616.0573917
2023-06-06 01:10,Control,15,718.84468
2023-06-06 01:10,Control,30,701.3704267
2023-06-06 01:10,Control,50,789.5368917
2023-06-06 01:10,Saltwater,5,678.3013467
2023-06-06 01:10,Saltwater,15,726.0231
2023-06-06 01:10,Saltwater,30,748.05428
2023-06-06 01:10,Saltwater,50,761.12374
2023-06-06 01:10,Freshwater,5,713.1504883
2023-06-06 01:10,Freshwater,15,621.7178167
2023-06-06 01:10,Freshwater,30,716.5093867
2023-06-06 01:10,Freshwater,50,800.2262867
2023-06-06 01:15,Control,5,616.1428167
2023-06-06 01:15,Control,15,718.77632
2023-06-06 01:15,Control,30,701.0970067
2023-06-06 01:15,Control,50,789.4514417
2023-06-06 01:15,Saltwater,5,678.363
2023-06-06 01:15,Saltwater,15,725.92072
2023-06-06 01:15,Saltwater,30,748.02016
2023-06-06 01:15,Saltwater,50,761.02134
2023-06-06 01:15,Freshwater,5,708.192775
2023-06-06 01:15,Freshwater,15,621.762605
2023-06-06 01:15,Freshwater,30,715.15362
2023-06-06 01:15,Freshwater,50,800.2316
2023-06-06 01:20,Control,5,616.1507944
2023-06-06 01:20,Control,15,718.98142
2023-06-06 01:20,Control,30,700.9944867
2023-06-06 01:20,Control,50,789.4087417
2023-06-06 01:20,Saltwater,5,678.5905
2023-06-06 01:20,Saltwater,15,726.09132
2023-06-06 01:20,Saltwater,30,748.2201133
2023-06-06 01:20,Saltwater,50,761.2213133
2023-06-06 01:20,Freshwater,5,701.65075
2023-06-06 01:20,Freshwater,15,621.763505
2023-06-06 01:20,Freshwater,30,714.78088
2023-06-06 01:20,Freshwater,50,799.7231
2023-06-06 01:25,Control,5,616.2069972
2023-06-06 01:25,Control,15,718.9541
2023-06-06 01:25,Control,30,700.7276867
2023-06-06 01:25,Control,50,789.4165417
2023-06-06 01:25,Saltwater,5,678.6473667
2023-06-06 01:25,Saltwater,15,726.22784
2023-06-06 01:25,Saltwater,30,748.2494667
2023-06-06 01:25,Saltwater,50,761.1141467
2023-06-06 01:25,Freshwater,5,697.529475
2023-06-06 01:25,Freshwater,15,621.84853
2023-06-06 01:25,Freshwater,30,713.89724
2023-06-06 01:25,Freshwater,50,799.45126
2023-06-06 01:30,Control,5,616.343875
2023-06-06 01:30,Control,15,719.02334
2023-06-06 01:30,Control,30,700.4551267
2023-06-06 01:30,Control,50,789.4602917
2023-06-06 01:30,Saltwater,5,678.7611333
2023-06-06 01:30,Saltwater,15,726.22782
2023-06-06 01:30,Saltwater,30,748.31292
2023-06-06 01:30,Saltwater,50,761.28
2023-06-06 01:30,Freshwater,5,696.0424
2023-06-06 01:30,Freshwater,15,621.636105
2023-06-06 01:30,Freshwater,30,712.9115
2023-06-06 01:30,Freshwater,50,800.19902
2023-06-06 01:35,Control,5,616.4318528
2023-06-06 01:35,Control,15,719.01652
2023-06-06 01:35,Control,30,700.3460667
2023-06-06 01:35,Control,50,789.4525417
2023-06-06 01:35,Saltwater,5,678.9461267
2023-06-06 01:35,Saltwater,15,726.3302
2023-06-06 01:35,Saltwater,30,748.4787533
2023-06-06 01:35,Saltwater,50,761.3093333
2023-06-06 01:35,Freshwater,5,695.5190617
2023-06-06 01:35,Freshwater,15,621.4129667
2023-06-06 01:35,Freshwater,30,712.07688
2023-06-06 01:35,Freshwater,50,800.0749
2023-06-06 01:40,Control,5,616.3963306
2023-06-06 01:40,Control,15,719.11814
2023-06-06 01:40,Control,30,700.1401067
2023-06-06 01:40,Control,50,789.3660417
2023-06-06 01:40,Saltwater,5,678.9604867
2023-06-06 01:40,Saltwater,15,726.4667
2023-06-06 01:40,Saltwater,30,748.5422067
2023-06-06 01:40,Saltwater,50,761.2363067
2023-06-06 01:40,Freshwater,5,695.3185983
2023-06-06 01:40,Freshwater,15,621.3388783
2023-06-06 01:40,Freshwater,30,711.06454
2023-06-06 01:40,Freshwater,50,800.01562
2023-06-06 01:45,Control,5,616.5736833
2023-06-06 01:45,Control,15,719.08208
2023-06-06 01:45,Control,30,699.8990267
2023-06-06 01:45,Control,50,789.4066167
2023-06-06 01:45,Saltwater,5,679.1454467
2023-06-06 01:45,Saltwater,15,726.53494
2023-06-06 01:45,Saltwater,30,748.53742
2023-06-06 01:45,Saltwater,50,761.36802
2023-06-06 01:45,Freshwater,5,695.58801
2023-06-06 01:45,Freshwater,15,621.266915
2023-06-06 01:45,Freshwater,30,709.44302
2023-06-06 01:45,Freshwater,50,800.06138
2023-06-06 01:50,Control,5,616.5481389
2023-06-06 01:50,Control,15,719.22028
2023-06-06 01:50,Control,30,699.7296467
2023-06-06 01:50,Control,50,789.3228667
2023-06-06 01:50,Saltwater,5,679.2118867
2023-06-06 01:50,Saltwater,15,726.70558
2023-06-06 01:50,Saltwater,30,748.63978
2023-06-06 01:50,Saltwater,50,761.40214
2023-06-06 01:50,Freshwater,5,694.51746
2023-06-06 01:50,Freshwater,15,621.004915
2023-06-06 01:50,Freshwater,30,708.95858
2023-06-06 01:50,Freshwater,50,799.98328
2023-06-06 01:55,Control,5,616.7395694
2023-06-06 01:55,Control,15,719.46524
2023-06-06 01:55,Control,30,699.4275267
2023-06-06 01:55,Control,50,789.4575917
2023-06-06 01:55,Saltwater,5,679.4489267
2023-06-06 01:55,Saltwater,15,726.80792
2023-06-06 01:55,Saltwater,30,748.67392
2023-06-06 01:55,Saltwater,50,761.5045
2023-06-06 01:55,Freshwater,5,692.17706
2023-06-06 01:55,Freshwater,15,620.789415
2023-06-06 01:55,Freshwater,30,708.20706
2023-06-06 01:55,Freshwater,50,799.57096
2023-06-06 02:00,Control,5,616.841575
2023-06-06 02:00,Control,15,719.36352
2023-06-06 02:00,Control,30,699.3599467
2023-06-06 02:00,Control,50,789.3303167
2023-06-06 02:00,Saltwater,5,679.5154
2023-06-06 02:00,Saltwater,15,726.91034
2023-06-06 02:00,Saltwater,30,748.7763
2023-06-06 02:00,Saltwater,50,761.53862
2023-06-06 02:00,Freshwater,5,691.59116
2023-06-06 02:00,Freshwater,15,620.83949
2023-06-06 02:00,Freshwater,30,707.19656
2023-06-06 02:00,Freshwater,50,800.05772
2023-06-06 02:05,Control,5,616.71465
2023-06-06 02:05,Control,15,719.43336
2023-06-06 02:05,Control,30,699.2247067
2023-06-06 02:05,Control,50,789.1611417
2023-06-06 02:05,Saltwater,5,679.686
2023-06-06 02:05,Saltwater,15,726.84208
2023-06-06 02:05,Saltwater,30,748.98104
2023-06-06 02:05,Saltwater,50,761.57274
2023-06-06 02:05,Freshwater,5,691.4270833
2023-06-06 02:05,Freshwater,15,620.66639
2023-06-06 02:05,Freshwater,30,706.13914
2023-06-06 02:05,Freshwater,50,799.81532
2023-06-06 02:10,Control,5,616.726125
2023-06-06 02:10,Control,15,719.51614
2023-06-06 02:10,Control,30,699.1018067
2023-06-06 02:10,Control,50,789.3484167
2023-06-06 02:10,Saltwater,5,679.9135333
2023-06-06 02:10,Saltwater,15,727.01268
2023-06-06 02:10,Saltwater,30,748.87868
2023-06-06 02:10,Saltwater,50,761.5045
2023-06-06 02:10,Freshwater,5,691.4270317
2023-06-06 02:10,Freshwater,15,620.91309
2023-06-06 02:10,Freshwater,30,705.24546
2023-06-06 02:10,Freshwater,50,799.46358
2023-06-06 02:15,Control,5,616.553175
2023-06-06 02:15,Control,15,719.58194
2023-06-06 02:15,Control,30,698.8942867
2023-06-06 02:15,Control,50,789.3027917
2023-06-06 02:15,Saltwater,5,679.9703667
2023-06-06 02:15,Saltwater,15,727.14918
2023-06-06 02:15,Saltwater,30,749.0493
2023-06-06 02:15,Saltwater,50,761.64102
2023-06-06 02:15,Freshwater,5,691.18968
2023-06-06 02:15,Freshwater,15,620.495065
2023-06-06 02:15,Freshwater,30,704.16602
2023-06-06 02:15,Freshwater,50,799.81332
2023-06-06 02:20,Control,5,616.2950028
2023-06-06 02:20,Control,15,719.5473667
2023-06-06 02:20,Control,30,698.7457467
2023-06-06 02:20,Control,50,789.2887667
2023-06-06 02:20,Saltwater,5,680.08892
2023-06-06 02:20,Saltwater,15,727.21742
2023-06-06 02:20,Saltwater,30,749.0834
2023-06-06 02:20,Saltwater,50,761.641
2023-06-06 02:20,Freshwater,5,689.5842167
2023-06-06 02:20,Freshwater,15,620.413715
2023-06-06 02:20,Freshwater,30,703.01474
2023-06-06 02:20,Freshwater,50,799.85254
2023-06-06 02:25,Control,5,616.6599806
2023-06-06 02:25,Control,15,719.7492733
2023-06-06 02:25,Control,30,698.6272867
2023-06-06 02:25,Control,50,789.2676917
2023-06-06 02:25,Saltwater,5,680.1506067
2023-06-06 02:25,Saltwater,15,727.35392
2023-06-06 02:25,Saltwater,30,749.11754
2023-06-06 02:25,Saltwater,50,761.70926
2023-06-06 02:25,Freshwater,5,690.1035533
2023-06-06 02:25,Freshwater,15,620.205315
2023-06-06 02:25,Freshwater,30,702.1698
2023-06-06 02:25,Freshwater,50,799.5864
2023-06-06 02:30,Control,5,616.5705583
2023-06-06 02:30,Control,15,719.74632
2023-06-06 02:30,Control,30,698.3737267
2023-06-06 02:30,Control,50,789.3788917
2023-06-06 02:30,Saltwater,5,680.3260267
2023-06-06 02:30,Saltwater,15,727.4563
2023-06-06 02:30,Saltwater,30,749.11754
2023-06-06 02:30,Saltwater,50,761.74336
2023-06-06 02:30,Freshwater,5,691.42344
2023-06-06 02:30,Freshwater,15,620.203565
2023-06-06 02:30,Freshwater,30,700.80814
2023-06-06 02:30,Freshwater,50,799.85584
2023-06-06 02:35,Control,5,616.5626583
2023-06-06 02:35,Control,15,719.90732
2023-06-06 02:35,Control,30,698.1933667
2023-06-06 02:35,Control,50,789.2394417
2023-06-06 02:35,Saltwater,5,680.5062
2023-06-06 02:35,Saltwater,15,727.6316867
2023-06-06 02:35,Saltwater,30,749.32228
2023-06-06 02:35,Saltwater,50,761.70926
2023-06-06 02:35,Freshwater,5,691.2590017
2023-06-06 02:35,Freshwater,15,620.11919
2023-06-06 02:35,Freshwater,30,699.85708
2023-06-06 02:35,Freshwater,50,799.8227
2023-06-06 02:40,Control,5,616.5651583
2023-06-06 02:40,Control,15,719.91044
2023-06-06 02:40,Control,30,698.2305667
2023-06-06 02:40,Control,50,789.2857167
2023-06-06 02:40,Saltwater,5,680.6863733
2023-06-06 02:40,Saltwater,15,727.8753733
2023-06-06 02:40,Saltwater,30,749.56114
2023-06-06 02:40,Saltwater,50,761.87988
2023-06-06 02:40,Freshwater,5,691.1805883
2023-06-06 02:40,Freshwater,15,620.29069
2023-06-06 02:40,Freshwater,30,699.04316
2023-06-06 02:40,Freshwater,50,799.0431
2023-06-06 02:45,Control,5,616.7463083
2023-06-06 02:45,Control,15,720.06
2023-06-06 02:45,Control,30,698.0719867
2023-06-06 02:45,Control,50,789.1294667
2023-06-06 02:45,Saltwater,5,680.8097133
2023-06-06 02:45,Saltwater,15,727.91428
2023-06-06 02:45,Saltwater,30,749.52702
2023-06-06 02:45,Saltwater,50,761.914
2023-06-06 02:45,Freshwater,5,690.97315
2023-06-06 02:45,Freshwater,15,620.035915
2023-06-06 02:45,Freshwater,30,697.9217
2023-06-06 02:45,Freshwater,50,799.45124
2023-06-06 02:50,Control,5,616.6224111
2023-06-06 02:50,Control,15,720.12368
2023-06-06 02:50,Control,30,697.9307867
2023-06-06 02:50,Control,50,789.1241667
2023-06-06 02:50,Saltwater,5,680.8761533
2023-06-06 02:50,Saltwater,15,727.98252
2023-06-06 02:50,Saltwater,30,749.527
2023-06-06 02:50,Saltwater,50,761.98224
2023-06-06 02:50,Freshwater,5,690.9354367
2023-06-06 02:50,Freshwater,15,619.95094
2023-06-06 02:50,Freshwater,30,696.90196
2023-06-06 02:50,Freshwater,50,799.6892
2023-06-06 02:55,Control,5,616.6742139
2023-06-06 02:55,Control,15,720.22762
2023-06-06 02:55,Control,30,697.6928867
2023-06-06 02:55,Control,50,789.0830667
2023-06-06 02:55,Saltwater,5,680.99946
2023-06-06 02:55,Saltwater,15,728.05078
2023-06-06 02:55,Saltwater,30,749.73178
2023-06-06 02:55,Saltwater,50,761.87986
2023-06-06 02:55,Freshwater,5,691.1951483
2023-06-06 02:55,Freshwater,15,619.95094
2023-06-06 02:55,Freshwater,30,695.88226
2023-06-06 02:55,Freshwater,50,799.65518
2023-06-06 03:00,Control,5,616.7259917
2023-06-06 03:00,Control,15,720.19476
2023-06-06 03:00,Control,30,697.6258467
2023-06-06 03:00,Control,50,789.1272667
2023-06-06 03:00,Saltwater,5,680.9521667
2023-06-06 03:00,Saltwater,15,728.25552
2023-06-06 03:00,Saltwater,30,749.7318
2023-06-06 03:00,Saltwater,50,761.87986
2023-06-06 03:00,Freshwater,5,690.77506
2023-06-06 03:00,Freshwater,15,619.78099
2023-06-06 03:00,Freshwater,30,694.59064
2023-06-06 03:00,Freshwater,50,799.62122
2023-06-06 03:05,Control,5,616.7032972
2023-06-06 03:05,Control,15,720.37078
2023-06-06 03:05,Control,30,697.5965467
2023-06-06 03:05,Control,50,789.0476667
2023-06-06 03:05,Saltwater,5,681.18924
2023-06-06 03:05,Saltwater,15,728.35788
2023-06-06 03:05,Saltwater,30,749.8683
2023-06-06 03:05,Saltwater,50,762.01638
2023-06-06 03:05,Freshwater,5,691.8043583
2023-06-06 03:05,Freshwater,15,619.611015
2023-06-06 03:05,Freshwater,30,692.8571
2023-06-06 03:05,Freshwater,50,799.6552
2023-06-06 03:10,Control,5,616.6935278
2023-06-06 03:10,Control,15,720.39216
2023-06-06 03:10,Control,30,697.4802067
2023-06-06 03:10,Control,50,789.1146167
2023-06-06 03:10,Saltwater,5,681.19878
2023-06-06 03:10,Saltwater,15,727.57304
2023-06-06 03:10,Saltwater,30,749.83418
2023-06-06 03:10,Saltwater,50,762.11872
2023-06-06 03:10,Freshwater,5,692.1538317
2023-06-06 03:10,Freshwater,15,619.398565
2023-06-06 03:10,Freshwater,30,692.61914
2023-06-06 03:10,Freshwater,50,799.6212
2023-06-06 03:15,Control,5,616.6578833
2023-06-06 03:15,Control,15,720.55184
2023-06-06 03:15,Control,30,697.3327867
2023-06-06 03:15,Control,50,789.1018917
2023-06-06 03:15,Saltwater,5,681.3220867
2023-06-06 03:15,Saltwater,15,727.16354
2023-06-06 03:15,Saltwater,30,750.00478
2023-06-06 03:15,Saltwater,50,762.0505
2023-06-06 03:15,Freshwater,5,692.800755
2023-06-06 03:15,Freshwater,15,619.10119
2023-06-06 03:15,Freshwater,30,691.3955
2023-06-06 03:15,Freshwater,50,799.38328
2023-06-06 03:20,Control,5,616.4598611
2023-06-06 03:20,Control,15,720.6298
2023-06-06 03:20,Control,30,697.2735867
2023-06-06 03:20,Control,50,789.0273167
2023-06-06 03:20,Saltwater,5,681.5022933
2023-06-06 03:20,Saltwater,15,727.6413
2023-06-06 03:20,Saltwater,30,750.07302
2023-06-06 03:20,Saltwater,50,762.11874
2023-06-06 03:20,Freshwater,5,693.3202033
2023-06-06 03:20,Freshwater,15,619.22864
2023-06-06 03:20,Freshwater,30,690.17186
2023-06-06 03:20,Freshwater,50,799.62118
2023-06-06 03:25,Control,5,616.4719389
2023-06-06 03:25,Control,15,720.60076
2023-06-06 03:25,Control,30,697.2101467
2023-06-06 03:25,Control,50,789.0331917
2023-06-06 03:25,Saltwater,5,681.5687667
2023-06-06 03:25,Saltwater,15,727.8119
2023-06-06 03:25,Saltwater,30,750.00478
2023-06-06 03:25,Saltwater,50,762.11872
2023-06-06 03:25,Freshwater,5,687.9337767
2023-06-06 03:25,Freshwater,15,619.186165
2023-06-06 03:25,Freshwater,30,689.11816
2023-06-06 03:25,Freshwater,50,799.38328
2023-06-06 03:30,Control,5,616.4022667
2023-06-06 03:30,Control,15,720.78148
2023-06-06 03:30,Control,30,697.1169267
2023-06-06 03:30,Control,50,789.0870167
2023-06-06 03:30,Saltwater,5,681.6920733
2023-06-06 03:30,Saltwater,15,727.9825
2023-06-06 03:30,Saltwater,30,750.14126
2023-06-06 03:30,Saltwater,50,762.28934
2023-06-06 03:30,Freshwater,5,688.999025
2023-06-06 03:30,Freshwater,15,619.223115
2023-06-06 03:30,Freshwater,30,687.92202
2023-06-06 03:30,Freshwater,50,799.23936
2023-06-06 03:35,Control,5,616.3169694
2023-06-06 03:35,Control,15,720.87416
2023-06-06 03:35,Control,30,697.0734067
2023-06-06 03:35,Control,50,789.0331417
2023-06-06 03:35,Saltwater,5,681.7537267
2023-06-06 03:35,Saltwater,15,728.1920467
2023-06-06 03:35,Saltwater,30,750.2095
2023-06-06 03:35,Saltwater,50,762.28938
2023-06-06 03:35,Freshwater,5,689.684525
2023-06-06 03:35,Freshwater,15,618.803065
2023-06-06 03:35,Freshwater,30,686.56804
2023-06-06 03:35,Freshwater,50,799.5522
2023-06-06 03:40,Control,5,616.2356972
2023-06-06 03:40,Control,15,720.97198
2023-06-06 03:40,Control,30,696.9663267
2023-06-06 03:40,Control,50,788.8995917
2023-06-06 03:40,Saltwater,5,681.9860467
2023-06-06 03:40,Saltwater,15,728.4698333
2023-06-06 03:40,Saltwater,30,750.2095
2023-06-06 03:40,Saltwater,50,762.39172
2023-06-06 03:40,Freshwater,5,666.7842
2023-06-06 03:40,Freshwater,15,618.676265
2023-06-06 03:40,Freshwater,30,685.34516
2023-06-06 03:40,Freshwater,50,799.41722
2023-06-06 03:45,Control,5,616.204175
2023-06-06 03:45,Control,15,720.90764
2023-06-06 03:45,Control,30,696.7992467
2023-06-06 03:45,Control,50,788.9041417
2023-06-06 03:45,Saltwater,5,682.3320333
2023-06-06 03:45,Saltwater,15,728.44052
2023-06-06 03:45,Saltwater,30,750.10714
2023-06-06 03:45,Saltwater,50,762.11874
2023-06-06 03:45,Freshwater,5,666.699275
2023-06-06 03:45,Freshwater,15,618.463865
2023-06-06 03:45,Freshwater,30,684.49546
2023-06-06 03:45,Freshwater,50,799.41728
2023-06-06 03:50,Control,5,616.1900278
2023-06-06 03:50,Control,15,721.0822467
2023-06-06 03:50,Control,30,696.6530667
2023-06-06 03:50,Control,50,789.0190167
2023-06-06 03:50,Saltwater,5,682.2230867
2023-06-06 03:50,Saltwater,15,728.64524
2023-06-06 03:50,Saltwater,30,750.51664
2023-06-06 03:50,Saltwater,50,762.32348
2023-06-06 03:50,Freshwater,5,667.2524617
2023-06-06 03:50,Freshwater,15,618.460315
2023-06-06 03:50,Freshwater,30,682.9278
2023-06-06 03:50,Freshwater,50,799.58212
2023-06-06 03:55,Control,5,616.1755306
2023-06-06 03:55,Control,15,721.1342933
2023-06-06 03:55,Control,30,696.6603067
2023-06-06 03:55,Control,50,788.9014417
2023-06-06 03:55,Saltwater,5,681.8297733
2023-06-06 03:55,Saltwater,15,728.40636
2023-06-06 03:55,Saltwater,30,750.31188
2023-06-06 03:55,Saltwater,50,762.52822
2023-06-06 03:55,Freshwater,5,667.8130233
2023-06-06 03:55,Freshwater,15,618.25099
2023-06-06 03:55,Freshwater,30,681.94568
2023-06-06 03:55,Freshwater,50,799.24674
2023-06-06 04:00,Control,5,615.9904083
2023-06-06 04:00,Control,15,721.2746
2023-06-06 04:00,Control,30,696.6165467
2023-06-06 04:00,Control,50,788.9307417
2023-06-06 04:00,Saltwater,5,682.57386
2023-06-06 04:00,Saltwater,15,728.91822
2023-06-06 04:00,Saltwater,30,750.58488
2023-06-06 04:00,Saltwater,50,762.56234
2023-06-06 04:00,Freshwater,5,668.540635
2023-06-06 04:00,Freshwater,15,618.421365
2023-06-06 04:00,Freshwater,30,680.7565
2023-06-06 04:00,Freshwater,50,798.60148
2023-06-06 04:05,Control,5,615.6275639
2023-06-06 04:05,Control,15,721.35024
2023-06-06 04:05,Control,30,696.5551067
2023-06-06 04:05,Control,50,788.8108167
2023-06-06 04:05,Saltwater,5,682.8774067
2023-06-06 04:05,Saltwater,15,728.9912667
2023-06-06 04:05,Saltwater,30,750.6531
2023-06-06 04:05,Saltwater,50,762.4941
2023-06-06 04:05,Freshwater,5,670.21202
2023-06-06 04:05,Freshwater,15,618.71879
2023-06-06 04:05,Freshwater,30,679.19292
2023-06-06 04:05,Freshwater,50,799.62122
2023-06-06 04:10,Control,5,610.6356194
2023-06-06 04:10,Control,15,721.44144
2023-06-06 04:10,Control,30,696.4075667
2023-06-06 04:10,Control,50,788.8833417
2023-06-06 04:10,Saltwater,5,682.8965533
2023-06-06 04:10,Saltwater,15,729.1325333
2023-06-06 04:10,Saltwater,30,750.7896
2023-06-06 04:10,Saltwater,50,762.59646
2023-06-06 04:10,Freshwater,5,690.83313
2023-06-06 04:10,Freshwater,15,617.99649
2023-06-06 04:10,Freshwater,30,678.34316
2023-06-06 04:10,Freshwater,50,799.28132
2023-06-06 04:15,Control,5,611.130975
2023-06-06 04:15,Control,15,721.48764
2023-06-06 04:15,Control,30,696.4531867
2023-06-06 04:15,Control,50,788.8543167
2023-06-06 04:15,Saltwater,5,682.9156667
2023-06-06 04:15,Saltwater,15,729.7857
2023-06-06 04:15,Saltwater,30,751.50622
2023-06-06 04:15,Saltwater,50,763.0742
2023-06-06 04:15,Freshwater,5,690.167665
2023-06-06 04:15,Freshwater,15,617.91149
2023-06-06 04:15,Freshwater,30,677.15348
2023-06-06 04:15,Freshwater,50,799.3153
2023-06-06 04:20,Control,5,603.912475
2023-06-06 04:20,Control,15,721.55908
2023-06-06 04:20,Control,30,696.4560667
2023-06-06 04:20,Control,50,788.8150167
2023-06-06 04:20,Saltwater,5,683.1479867
2023-06-06 04:20,Saltwater,15,729.41032
2023-06-06 04:20,Saltwater,30,750.72136
2023-06-06 04:20,Saltwater,50,762.6306
2023-06-06 04:20,Freshwater,5,688.4729267
2023-06-06 04:20,Freshwater,15,617.65659
2023-06-06 04:20,Freshwater,30,675.52196
2023-06-06 04:20,Freshwater,50,799.3493
2023-06-06 04:25,Control,5,609.018425
2023-06-06 04:25,Control,15,721.66844
2023-06-06 04:25,Control,30,696.3617467
2023-06-06 04:25,Control,50,788.7413417
2023-06-06 04:25,Saltwater,5,683.3824067
2023-06-06 04:25,Saltwater,15,729.41268
2023-06-06 04:25,Saltwater,30,750.92856
2023-06-06 04:25,Saltwater,50,762.66722
2023-06-06 04:25,Freshwater,5,688.0103633
2023-06-06 04:25,Freshwater,15,617.06174
2023-06-06 04:25,Freshwater,30,673.5505
2023-06-06 04:25,Freshwater,50,799.07736
2023-06-06 04:30,Control,5,610.53135
2023-06-06 04:30,Control,15,721.79346
2023-06-06 04:30,Control,30,696.3488667
2023-06-06 04:30,Control,50,788.7240417
2023-06-06 04:30,Saltwater,5,683.3285267
2023-06-06 04:30,Saltwater,15,729.58132
2023-06-06 04:30,Saltwater,30,750.9948
2023-06-06 04:30,Saltwater,50,762.7334
2023-06-06 04:30,Freshwater,5,688.397525
2023-06-06 04:30,Freshwater,15,617.35919
2023-06-06 04:30,Freshwater,30,673.65248
2023-06-06 04:30,Freshwater,50,798.90742
2023-06-06 04:35,Control,5,612.3386778
2023-06-06 04:35,Control,15,721.9482667
2023-06-06 04:35,Control,30,696.2863667
2023-06-06 04:35,Control,50,788.6882417
2023-06-06 04:35,Saltwater,5,683.3899467
2023-06-06 04:35,Saltwater,15,729.6882467
2023-06-06 04:35,Saltwater,30,751.02864
2023-06-06 04:35,Saltwater,50,762.76726
2023-06-06 04:35,Freshwater,5,691.159225
2023-06-06 04:35,Freshwater,15,617.52914
2023-06-06 04:35,Freshwater,30,672.63276
2023-06-06 04:35,Freshwater,50,800.53898
2023-06-06 04:40,Control,5,613.4940806
2023-06-06 04:40,Control,15,721.9865133
2023-06-06 04:40,Control,30,696.2788467
2023-06-06 04:40,Control,50,788.5938667
2023-06-06 04:40,Saltwater,5,683.6222667
2023-06-06 04:40,Saltwater,15,729.6589533
2023-06-06 04:40,Saltwater,30,751.0969
2023-06-06 04:40,Saltwater,50,762.86966
2023-06-06 04:40,Freshwater,5,689.842125
2023-06-06 04:40,Freshwater,15,617.65659
2023-06-06 04:40,Freshwater,30,671.30712
2023-06-06 04:40,Freshwater,50,799.55322
2023-06-06 04:45,Control,5,614.3161833
2023-06-06 04:45,Control,15,721.9331
2023-06-06 04:45,Control,30,696.2474867
2023-06-06 04:45,Control,50,788.6826417
2023-06-06 04:45,Saltwater,5,683.28582
2023-06-06 04:45,Saltwater,15,729.86846
2023-06-06 04:45,Saltwater,30,751.47226
2023-06-06 04:45,Saltwater,50,763.48388
2023-06-06 04:45,Freshwater,5,689.204775
2023-06-06 04:45,Freshwater,15,617.06174
2023-06-06 04:45,Freshwater,30,669.60762
2023-06-06 04:45,Freshwater,50,798.87342
2023-06-06 04:50,Control,5,610.5236639
2023-06-06 04:50,Control,15,722.06242
2023-06-06 04:50,Control,30,696.1720867
2023-06-06 04:50,Control,50,788.5461167
2023-06-06 04:50,Saltwater,5,683.4748467
2023-06-06 04:50,Saltwater,15,729.22458
2023-06-06 04:50,Saltwater,30,751.6768733
2023-06-06 04:50,Saltwater,50,763.8250933
2023-06-06 04:50,Freshwater,5,689.4267733
2023-06-06 04:50,Freshwater,15,616.934265
2023-06-06 04:50,Freshwater,30,668.248
2023-06-06 04:50,Freshwater,50,799.11136
2023-06-06 04:55,Control,5,610.7929944
2023-06-06 04:55,Control,15,722.12696
2023-06-06 04:55,Control,30,696.1684467
2023-06-06 04:55,Control,50,788.5417667
2023-06-06 04:55,Saltwater,5,687.2961733
2023-06-06 04:55,Saltwater,15,728.94764
2023-06-06 04:55,Saltwater,30,751.5656467
2023-06-06 04:55,Saltwater,50,765.5564667
2023-06-06 04:55,Freshwater,5,690.2861467
2023-06-06 04:55,Freshwater,15,616.636865
2023-06-06 04:55,Freshwater,30,666.71842
2023-06-06 04:55,Freshwater,50,799.07736
2023-06-06 05:00,Control,5,611.502075
2023-06-06 05:00,Control,15,722.20748
2023-06-06 05:00,Control,30,696.1458267
2023-06-06 05:00,Control,50,788.5982667
2023-06-06 05:00,Saltwater,5,686.0019333
2023-06-06 05:00,Saltwater,15,728.33286
2023-06-06 05:00,Saltwater,30,752.5499
2023-06-06 05:00,Saltwater,50,766.54068
2023-06-06 05:00,Freshwater,5,690.890545
2023-06-06 05:00,Freshwater,15,616.424415
2023-06-06 05:00,Freshwater,30,665.6647
2023-06-06 05:00,Freshwater,50,798.9754
2023-06-06 05:05,Control,5,605.481125
2023-06-06 05:05,Control,15,722.24626
2023-06-06 05:05,Control,30,696.0818067
2023-06-06 05:05,Control,50,788.5607167
2023-06-06 05:05,Saltwater,5,686.2910867
2023-06-06 05:05,Saltwater,15,728.4059267
2023-06-06 05:05,Saltwater,30,752.20866
2023-06-06 05:05,Saltwater,50,768.4175
2023-06-06 05:05,Freshwater,5,691.3627067
2023-06-06 05:05,Freshwater,15,616.169515
2023-06-06 05:05,Freshwater,30,664.47504
2023-06-06 05:05,Freshwater,50,798.97542
2023-06-06 05:10,Control,5,608.768975
2023-06-06 05:10,Control,15,722.38022
2023-06-06 05:10,Control,30,696.1133667
2023-06-06 05:10,Control,50,788.6002917
2023-06-06 05:10,Saltwater,5,685.78814
2023-06-06 05:10,Saltwater,15,727.8691733
2023-06-06 05:10,Saltwater,30,752.4863
2023-06-06 05:10,Saltwater,50,769.41186
2023-06-06 05:10,Freshwater,5,692.8528683
2023-06-06 05:10,Freshwater,15,616.04064
2023-06-06 05:10,Freshwater,30,662.73994
2023-06-06 05:10,Freshwater,50,799.0413
2023-06-06 05:15,Control,5,609.285675
2023-06-06 05:15,Control,15,722.38528
2023-06-06 05:15,Control,30,696.1523867
2023-06-06 05:15,Control,50,788.4778667
2023-06-06 05:15,Saltwater,5,685.2774267
2023-06-06 05:15,Saltwater,15,726.09562
2023-06-06 05:15,Saltwater,30,752.78932
2023-06-06 05:15,Saltwater,50,769.71478
2023-06-06 05:15,Freshwater,5,682.49208
2023-06-06 05:15,Freshwater,15,615.999415
2023-06-06 05:15,Freshwater,30,661.82362
2023-06-06 05:15,Freshwater,50,798.9072
2023-06-06 05:20,Control,5,609.6884306
2023-06-06 05:20,Control,15,722.55914
2023-06-06 05:20,Control,30,696.1209467
2023-06-06 05:20,Control,50,788.5666167
2023-06-06 05:20,Saltwater,5,684.31488
2023-06-06 05:20,Saltwater,15,725.3832667
2023-06-06 05:20,Saltwater,30,753.09586
2023-06-06 05:20,Saltwater,50,771.07914
2023-06-06 05:20,Freshwater,5,660.5354783
2023-06-06 05:20,Freshwater,15,615.9193767
2023-06-06 05:20,Freshwater,30,660.49816
2023-06-06 05:20,Freshwater,50,798.29558
2023-06-06 05:25,Control,5,609.6047861
2023-06-06 05:25,Control,15,722.57512
2023-06-06 05:25,Control,30,696.1379067
2023-06-06 05:25,Control,50,788.4606667
2023-06-06 05:25,Saltwater,5,682.6703667
2023-06-06 05:25,Saltwater,15,724.4325733
2023-06-06 05:25,Saltwater,30,752.95936
2023-06-06 05:25,Saltwater,50,771.96638
2023-06-06 05:25,Freshwater,5,662.4995017
2023-06-06 05:25,Freshwater,15,615.4142883
2023-06-06 05:25,Freshwater,30,658.93462
2023-06-06 05:25,Freshwater,50,798.9414
2023-06-06 05:30,Control,5,610.1873667
2023-06-06 05:30,Control,15,722.6578
2023-06-06 05:30,Control,30,696.1514867
2023-06-06 05:30,Control,50,788.4768417
2023-06-06 05:30,Saltwater,5,681.87892
2023-06-06 05:30,Saltwater,15,723.85724
2023-06-06 05:30,Saltwater,30,753.02762
2023-06-06 05:30,Saltwater,50,772.34176
2023-06-06 05:30,Freshwater,5,662.97645
2023-06-06 05:30,Freshwater,15,615.291625
2023-06-06 05:30,Freshwater,30,657.8129
2023-06-06 05:30,Freshwater,50,798.73748
2023-06-06 05:35,Control,5,610.6591667
2023-06-06 05:35,Control,15,722.72848
2023-06-06 05:35,Control,30,696.1194867
2023-06-06 05:35,Control,50,788.3939417
2023-06-06 05:35,Saltwater,5,680.29124
2023-06-06 05:35,Saltwater,15,723.17478
2023-06-06 05:35,Saltwater,30,753.02762
2023-06-06 05:35,Saltwater,50,772.75122
2023-06-06 05:35,Freshwater,5,666.3802867
2023-06-06 05:35,Freshwater,15,615.2964117
2023-06-06 05:35,Freshwater,30,656.31734
2023-06-06 05:35,Freshwater,50,798.66948
2023-06-06 05:40,Control,5,610.9157917
2023-06-06 05:40,Control,15,722.86554
2023-06-06 05:40,Control,30,696.1881467
2023-06-06 05:40,Control,50,788.4370417
2023-06-06 05:40,Saltwater,5,678.36236
2023-06-06 05:40,Saltwater,15,722.6288
2023-06-06 05:40,Saltwater,30,753.1982
2023-06-06 05:40,Saltwater,50,773.22896
2023-06-06 05:40,Freshwater,5,662.8585483
2023-06-06 05:40,Freshwater,15,614.8762983
2023-06-06 05:40,Freshwater,30,654.7198
2023-06-06 05:40,Freshwater,50,798.56752
2023-06-06 05:45,Control,5,611.6399417
2023-06-06 05:45,Control,15,722.96526
2023-06-06 05:45,Control,30,696.1855067
2023-06-06 05:45,Control,50,788.3056667
2023-06-06 05:45,Saltwater,5,676.2628467
2023-06-06 05:45,Saltwater,15,721.84394
2023-06-06 05:45,Saltwater,30,752.85698
2023-06-06 05:45,Saltwater,50,773.67258
2023-06-06 05:45,Freshwater,5,662.565935
2023-06-06 05:45,Freshwater,15,614.541185
2023-06-06 05:45,Freshwater,30,652.54442
2023-06-06 05:45,Freshwater,50,798.6015
2023-06-06 05:50,Control,5,611.9452944
2023-06-06 05:50,Control,15,723.06562
2023-06-06 05:50,Control,30,696.2859667
2023-06-06 05:50,Control,50,788.3886667
2023-06-06 05:50,Saltwater,5,674.63266
2023-06-06 05:50,Saltwater,15,721.33212
2023-06-06 05:50,Saltwater,30,752.95936
2023-06-06 05:50,Saltwater,50,774.04796
2023-06-06 05:50,Freshwater,5,660.5312967
2023-06-06 05:50,Freshwater,15,613.4837717
2023-06-06 05:50,Freshwater,30,651.1508
2023-06-06 05:50,Freshwater,50,797.9557
2023-06-06 05:55,Control,5,612.0005472
2023-06-06 05:55,Control,15,723.17396
2023-06-06 05:55,Control,30,696.2230867
2023-06-06 05:55,Control,50,788.3097667
2023-06-06 05:55,Saltwater,5,673.2868733
2023-06-06 05:55,Saltwater,15,719.96714
2023-06-06 05:55,Saltwater,30,752.82286
2023-06-06 05:55,Saltwater,50,774.45738
2023-06-06 05:55,Freshwater,5,660.3160333
2023-06-06 05:55,Freshwater,15,614.6714083
2023-06-06 05:55,Freshwater,30,649.85172
2023-06-06 05:55,Freshwater,50,798.3536
2023-06-06 06:00,Control,5,612.051875
2023-06-06 06:00,Control,15,723.24312
2023-06-06 06:00,Control,30,696.2238467
2023-06-06 06:00,Control,50,788.2679167
2023-06-06 06:00,Saltwater,5,671.4291867
2023-06-06 06:00,Saltwater,15,719.7624
2023-06-06 06:00,Saltwater,30,752.20864
2023-06-06 06:00,Saltwater,50,774.38916
2023-06-06 06:00,Freshwater,5,659.137795
2023-06-06 06:00,Freshwater,15,613.874895
2023-06-06 06:00,Freshwater,30,647.81872
2023-06-06 06:00,Freshwater,50,798.26032
2023-06-06 06:05,Control,5,612.1880278
2023-06-06 06:05,Control,15,723.2893067
2023-06-06 06:05,Control,30,696.2580667
2023-06-06 06:05,Control,50,788.3106917
2023-06-06 06:05,Saltwater,5,670.2917533
2023-06-06 06:05,Saltwater,15,719.5624267
2023-06-06 06:05,Saltwater,30,752.37928
2023-06-06 06:05,Saltwater,50,775.03752
2023-06-06 06:05,Freshwater,5,657.7461183
2023-06-06 06:05,Freshwater,15,611.9260067
2023-06-06 06:05,Freshwater,30,644.488558
2023-06-06 06:05,Freshwater,50,795.95012
2023-06-06 06:10,Control,5,612.1037806
2023-06-06 06:10,Control,15,723.3267333
2023-06-06 06:10,Control,30,696.2156267
2023-06-06 06:10,Control,50,788.3008667
2023-06-06 06:10,Saltwater,5,667.3911867
2023-06-06 06:10,Saltwater,15,718.6117333
2023-06-06 06:10,Saltwater,30,752.00388
2023-06-06 06:10,Saltwater,50,775.27638
2023-06-06 06:10,Freshwater,5,653.8043917
2023-06-06 06:10,Freshwater,15,609.4240433
2023-06-06 06:10,Freshwater,30,641.871382
2023-06-06 06:10,Freshwater,50,795.40638
2023-06-06 06:15,Control,5,612.1992333
2023-06-06 06:15,Control,15,723.54644
2023-06-06 06:15,Control,30,696.2864667
2023-06-06 06:15,Control,50,788.2611167
2023-06-06 06:15,Saltwater,5,667.0499867
2023-06-06 06:15,Saltwater,15,718.20706
2023-06-06 06:15,Saltwater,30,751.42378
2023-06-06 06:15,Saltwater,50,775.07162
2023-06-06 06:15,Freshwater,5,652.02199
2023-06-06 06:15,Freshwater,15,609.12468
2023-06-06 06:15,Freshwater,30,641.388252
2023-06-06 06:15,Freshwater,50,796.75608
2023-06-06 06:20,Control,5,612.6802389
2023-06-06 06:20,Control,15,723.54008
2023-06-06 06:20,Control,30,696.3146667
2023-06-06 06:20,Control,50,788.2112667
2023-06-06 06:20,Saltwater,5,665.9741733
2023-06-06 06:20,Saltwater,15,718.10468
2023-06-06 06:20,Saltwater,30,751.5603
2023-06-06 06:20,Saltwater,50,775.8906
2023-06-06 06:20,Freshwater,5,648.0379017
2023-06-06 06:20,Freshwater,15,606.91978
2023-06-06 06:20,Freshwater,30,639.557598
2023-06-06 06:20,Freshwater,50,796.28684
2023-06-06 06:25,Control,5,612.8921694
2023-06-06 06:25,Control,15,723.5859
2023-06-06 06:25,Control,30,696.3617067
2023-06-06 06:25,Control,50,788.1431167
2023-06-06 06:25,Saltwater,5,664.7277267
2023-06-06 06:25,Saltwater,15,717.59282
2023-06-06 06:25,Saltwater,30,751.56032
2023-06-06 06:25,Saltwater,50,776.06122
2023-06-06 06:25,Freshwater,5,634.9918133
2023-06-06 06:25,Freshwater,15,603.259255
2023-06-06 06:25,Freshwater,30,636.083446
2023-06-06 06:25,Freshwater,50,795.32528
2023-06-06 06:30,Control,5,612.814525
2023-06-06 06:30,Control,15,723.678
2023-06-06 06:30,Control,30,696.2834867
2023-06-06 06:30,Control,50,788.0031917
2023-06-06 06:30,Saltwater,5,663.4813133
2023-06-06 06:30,Saltwater,15,717.28568
2023-06-06 06:30,Saltwater,30,751.45792
2023-06-06 06:30,Saltwater,50,776.33424
2023-06-06 06:30,Freshwater,5,634.5784
2023-06-06 06:30,Freshwater,15,604.412655
2023-06-06 06:30,Freshwater,30,637.041884
2023-06-06 06:30,Freshwater,50,795.87838
2023-06-06 06:35,Control,5,612.943375
2023-06-06 06:35,Control,15,723.7131
2023-06-06 06:35,Control,30,696.3868867
2023-06-06 06:35,Control,50,788.0896917
2023-06-06 06:35,Saltwater,5,661.32972
2023-06-06 06:35,Saltwater,15,716.7397
2023-06-06 06:35,Saltwater,30,751.35554
2023-06-06 06:35,Saltwater,50,776.64134
2023-06-06 06:35,Freshwater,5,611.2172367
2023-06-06 06:35,Freshwater,15,600.0859417
2023-06-06 06:35,Freshwater,30,633.067488
2023-06-06 06:35,Freshwater,50,794.52216
2023-06-06 06:40,Control,5,613.10085
2023-06-06 06:40,Control,15,723.66176
2023-06-06 06:40,Control,30,696.5073267
2023-06-06 06:40,Control,50,788.0703417
2023-06-06 06:40,Saltwater,5,661.2254933
2023-06-06 06:40,Saltwater,15,716.80798
2023-06-06 06:40,Saltwater,30,752.1404
2023-06-06 06:40,Saltwater,50,776.94846
2023-06-06 06:40,Freshwater,5,600.7206983
2023-06-06 06:40,Freshwater,15,597.0673533
2023-06-06 06:40,Freshwater,30,630.612916
2023-06-06 06:40,Freshwater,50,793.9342
2023-06-06 06:45,Control,5,612.54785
2023-06-06 06:45,Control,15,723.93826
2023-06-06 06:45,Control,30,696.4760667
2023-06-06 06:45,Control,50,788.0311167
2023-06-06 06:45,Saltwater,5,659.9839
2023-06-06 06:45,Saltwater,15,716.05722
2023-06-06 06:45,Saltwater,30,751.18492
2023-06-06 06:45,Saltwater,50,777.05084
2023-06-06 06:45,Freshwater,5,605.78381
2023-06-06 06:45,Freshwater,15,593.88789
2023-06-06 06:45,Freshwater,30,628.406018
2023-06-06 06:45,Freshwater,50,794.17562
2023-06-06 06:50,Control,5,612.703925
2023-06-06 06:50,Control,15,724.05608
2023-06-06 06:50,Control,30,696.5265267
2023-06-06 06:50,Control,50,788.0952667
2023-06-06 06:50,Saltwater,5,658.6285067
2023-06-06 06:50,Saltwater,15,715.1844
2023-06-06 06:50,Saltwater,30,751.35556
2023-06-06 06:50,Saltwater,50,777.35794
2023-06-06 06:50,Freshwater,5,605.6653717
2023-06-06 06:50,Freshwater,15,591.172765
2023-06-06 06:50,Freshwater,30,627.118896
2023-06-06 06:50,Freshwater,50,793.87594
2023-06-06 06:55,Control,5,612.40265
2023-06-06 06:55,Control,15,724.0532
2023-06-06 06:55,Control,30,696.5238067
2023-06-06 06:55,Control,50,788.0493167
2023-06-06 06:55,Saltwater,5,658.7518467
2023-06-06 06:55,Saltwater,15,714.24324
2023-06-06 06:55,Saltwater,30,750.74132
2023-06-06 06:55,Saltwater,50,776.98256
2023-06-06 06:55,Freshwater,5,604.0909833
2023-06-06 06:55,Freshwater,15,588.53169
2023-06-06 06:55,Freshwater,30,625.139948
2023-06-06 06:55,Freshwater,50,793.42354
2023-06-06 07:00,Control,5,612.056225
2023-06-06 07:00,Control,15,724.08138
2023-06-06 07:00,Control,30,696.5523467
2023-06-06 07:00,Control,50,788.0426167
2023-06-06 07:00,Saltwater,5,657.4533533
2023-06-06 07:00,Saltwater,15,714.39414
2023-06-06 07:00,Saltwater,30,750.50244
2023-06-06 07:00,Saltwater,50,777.08496
2023-06-06 07:00,Freshwater,5,601.677545
2023-06-06 07:00,Freshwater,15,585.815865
2023-06-06 07:00,Freshwater,30,622.492506
2023-06-06 07:00,Freshwater,50,793.29288
2023-06-06 07:05,Control,5,612.0715556
2023-06-06 07:05,Control,15,724.2754133
2023-06-06 07:05,Control,30,696.7566467
2023-06-06 07:05,Control,50,787.9562917
2023-06-06 07:05,Saltwater,5,655.4627533
2023-06-06 07:05,Saltwater,15,714.1259467
2023-06-06 07:05,Saltwater,30,750.50246
2023-06-06 07:05,Saltwater,50,777.4603
2023-06-06 07:05,Freshwater,5,599.0564683
2023-06-06 07:05,Freshwater,15,583.185065
2023-06-06 07:05,Freshwater,30,621.272588
2023-06-06 07:05,Freshwater,50,793.29824
2023-06-06 07:10,Control,5,610.8058861
2023-06-06 07:10,Control,15,724.1626267
2023-06-06 07:10,Control,30,696.6199067
2023-06-06 07:10,Control,50,787.9989417
2023-06-06 07:10,Saltwater,5,656.60022
2023-06-06 07:10,Saltwater,15,714.2672333
2023-06-06 07:10,Saltwater,30,749.41046
2023-06-06 07:10,Saltwater,50,777.90392
2023-06-06 07:10,Freshwater,5,612.2249867
2023-06-06 07:10,Freshwater,15,609.48138
2023-06-06 07:10,Freshwater,30,619.297274
2023-06-06 07:10,Freshwater,50,792.71482
2023-06-06 07:15,Control,5,609.6683417
2023-06-06 07:15,Control,15,724.04986
2023-06-06 07:15,Control,30,696.6199067
2023-06-06 07:15,Control,50,787.9134917
2023-06-06 07:15,Saltwater,5,655.0646533
2023-06-06 07:15,Saltwater,15,712.66818
2023-06-06 07:15,Saltwater,30,748.79624
2023-06-06 07:15,Saltwater,50,778.00628
2023-06-06 07:15,Freshwater,5,610.26258
2023-06-06 07:15,Freshwater,15,607.71334
2023-06-06 07:15,Freshwater,30,617.359276
2023-06-06 07:15,Freshwater,50,793.05392
2023-06-06 07:20,Control,5,609.1984167
2023-06-06 07:20,Control,15,724.22072
2023-06-06 07:20,Control,30,696.6199067
2023-06-06 07:20,Control,50,787.9134917
2023-06-06 07:20,Saltwater,5,653.4297133
2023-06-06 07:20,Saltwater,15,712.08806
2023-06-06 07:20,Saltwater,30,747.8455467
2023-06-06 07:20,Saltwater,50,777.5333267
2023-06-06 07:20,Freshwater,5,609.1547533
2023-06-06 07:20,Freshwater,15,605.8189467
2023-06-06 07:20,Freshwater,30,614.4064722
2023-06-06 07:20,Freshwater,50,792.58432
2023-06-06 07:25,Control,5,609.5829417
2023-06-06 07:25,Control,15,724.35742
2023-06-06 07:25,Control,30,696.6882667
2023-06-06 07:25,Control,50,787.9134917
2023-06-06 07:25,Saltwater,5,652.0222067
2023-06-06 07:25,Saltwater,15,711.64446
2023-06-06 07:25,Saltwater,30,748.0550733
2023-06-06 07:25,Saltwater,50,777.6746333
2023-06-06 07:25,Freshwater,5,607.3251467
2023-06-06 07:25,Freshwater,15,604.0185133
2023-06-06 07:25,Freshwater,30,613.5189892
2023-06-06 07:25,Freshwater,50,792.71482
2023-06-06 07:30,Control,5,616.9272917
2023-06-06 07:30,Control,15,724.55796
2023-06-06 07:30,Control,30,696.9574067
2023-06-06 07:30,Control,50,787.9511167
2023-06-06 07:30,Saltwater,5,650.6716333
2023-06-06 07:30,Saltwater,15,710.9961
2023-06-06 07:30,Saltwater,30,747.88928
2023-06-06 07:30,Saltwater,50,777.98652
2023-06-06 07:30,Freshwater,5,605.26504
2023-06-06 07:30,Freshwater,15,603.07532
2023-06-06 07:30,Freshwater,30,612.1631104
2023-06-06 07:30,Freshwater,50,792.65234
2023-06-06 07:35,Control,5,611.3418694
2023-06-06 07:35,Control,15,724.69848
2023-06-06 07:35,Control,30,697.1660867
2023-06-06 07:35,Control,50,787.9981417
2023-06-06 07:35,Saltwater,5,648.9086
2023-06-06 07:35,Saltwater,15,710.7961267
2023-06-06 07:35,Saltwater,30,747.95752
2023-06-06 07:35,Saltwater,50,778.4643
2023-06-06 07:35,Freshwater,5,602.9829
2023-06-06 07:35,Freshwater,15,601.1718667
2023-06-06 07:35,Freshwater,30,609.778918
2023-06-06 07:35,Freshwater,50,792.74724
2023-06-06 07:40,Control,5,610.2394972
2023-06-06 07:40,Control,15,724.90404
2023-06-06 07:40,Control,30,697.1665667
2023-06-06 07:40,Control,50,787.9560167
2023-06-06 07:40,Saltwater,5,646.6905
2023-06-06 07:40,Saltwater,15,709.9819533
2023-06-06 07:40,Saltwater,30,747.88928
2023-06-06 07:40,Saltwater,50,778.73724
2023-06-06 07:40,Freshwater,5,600.37032
2023-06-06 07:40,Freshwater,15,599.5157333
2023-06-06 07:40,Freshwater,30,607.676242
2023-06-06 07:40,Freshwater,50,792.82212
2023-06-06 07:45,Control,5,609.9858
2023-06-06 07:45,Control,15,724.86294
2023-06-06 07:45,Control,30,697.0916067
2023-06-06 07:45,Control,50,787.9481917
2023-06-06 07:45,Saltwater,5,644.9274667
2023-06-06 07:45,Saltwater,15,708.963
2023-06-06 07:45,Saltwater,30,747.85514
2023-06-06 07:45,Saltwater,50,779.01024
2023-06-06 07:45,Freshwater,5,596.22412
2023-06-06 07:45,Freshwater,15,597.44776
2023-06-06 07:45,Freshwater,30,604.71975
2023-06-06 07:45,Freshwater,50,792.99302
2023-06-06 07:50,Control,5,610.0339528
2023-06-06 07:50,Control,15,724.89386
2023-06-06 07:50,Control,30,697.1911067
2023-06-06 07:50,Control,50,787.8591417
2023-06-06 07:50,Saltwater,5,642.6004533
2023-06-06 07:50,Saltwater,15,708.38292
2023-06-06 07:50,Saltwater,30,747.44566
2023-06-06 07:50,Saltwater,50,779.01022
2023-06-06 07:50,Freshwater,5,596.5688267
2023-06-06 07:50,Freshwater,15,595.7483
2023-06-06 07:50,Freshwater,30,603.258182
2023-06-06 07:50,Freshwater,50,791.8714
2023-06-06 07:55,Control,5,612.3123806
2023-06-06 07:55,Control,15,725.17534
2023-06-06 07:55,Control,30,697.2670467
2023-06-06 07:55,Control,50,787.9963167
2023-06-06 07:55,Saltwater,5,641.63834
2023-06-06 07:55,Saltwater,15,708.0758
2023-06-06 07:55,Saltwater,30,747.75278
2023-06-06 07:55,Saltwater,50,779.72684
2023-06-06 07:55,Freshwater,5,595.2819933
2023-06-06 07:55,Freshwater,15,594.18472
2023-06-06 07:55,Freshwater,30,601.21874
2023-06-06 07:55,Freshwater,50,792.51722
2023-06-06 08:00,Control,5,610.0562583
2023-06-06 08:00,Control,15,724.97038
2023-06-06 08:00,Control,30,697.2671467
2023-06-06 08:00,Control,50,787.9536917
2023-06-06 08:00,Freshwater,5,593.55156
2023-06-06 08:00,Freshwater,15,592.51752
2023-06-06 08:00,Freshwater,30,599.211618
2023-06-06 08:00,Freshwater,50,792.65062
2023-06-06 08:05,Control,5,609.6732333
2023-06-06 08:05,Control,15,725.0406
2023-06-06 08:05,Control,30,697.4135844
2023-06-06 08:05,Control,50,787.7928944
2023-06-06 08:05,Saltwater,5,637.6715333
2023-06-06 08:05,Saltwater,15,705.92592
2023-06-06 08:05,Saltwater,30,747.75268
2023-06-06 08:05,Saltwater,50,779.55614
2023-06-06 08:05,Freshwater,5,591.4813467
2023-06-06 08:05,Freshwater,15,589.9034467
2023-06-06 08:05,Freshwater,30,597.340538
2023-06-06 08:05,Freshwater,50,791.90042
2023-06-06 08:10,Control,5,609.4170333
2023-06-06 08:10,Control,15,725.17748
2023-06-06 08:10,Control,30,697.3534022
2023-06-06 08:10,Control,50,787.8010722
2023-06-06 08:10,Saltwater,5,635.9749067
2023-06-06 08:10,Saltwater,15,705.34582
2023-06-06 08:10,Saltwater,30,747.41144
2023-06-06 08:10,Saltwater,50,780.13624
2023-06-06 08:10,Freshwater,5,589.9254533
2023-06-06 08:10,Freshwater,15,587.5317533
2023-06-06 08:10,Freshwater,30,594.65819
2023-06-06 08:10,Freshwater,50,791.15698
2023-06-06 08:15,Control,5,609.5024583
2023-06-06 08:15,Control,15,725.24584
2023-06-06 08:15,Control,30,697.4639
2023-06-06 08:15,Control,50,787.766325
2023-06-06 08:15,Saltwater,5,634.1077133
2023-06-06 08:15,Saltwater,15,704.86808
2023-06-06 08:15,Saltwater,30,746.83132
2023-06-06 08:15,Saltwater,50,780.61398
2023-06-06 08:15,Freshwater,5,588.39974
2023-06-06 08:15,Freshwater,15,586.75384
2023-06-06 08:15,Freshwater,30,593.059704
2023-06-06 08:15,Freshwater,50,791.83534
2023-06-06 08:20,Control,5,610.5437389
2023-06-06 08:20,Control,15,725.2236267
2023-06-06 08:20,Control,30,697.49806
2023-06-06 08:20,Control,50,787.851775
2023-06-06 08:20,Saltwater,5,632.75232
2023-06-06 08:20,Saltwater,15,704.8728667
2023-06-06 08:20,Saltwater,30,747.3432
2023-06-06 08:20,Saltwater,50,781.43294
2023-06-06 08:20,Freshwater,5,586.9132733
2023-06-06 08:20,Freshwater,15,586.82136
2023-06-06 08:20,Freshwater,30,592.2482367
2023-06-06 08:20,Freshwater,50,792.8251667
2023-06-06 08:25,Control,5,609.9188694
2023-06-06 08:25,Control,15,725.4406533
2023-06-06 08:25,Control,30,697.63476
2023-06-06 08:25,Control,50,787.80905
2023-06-06 08:25,Saltwater,5,631.96566
2023-06-06 08:25,Saltwater,15,705.1847733
2023-06-06 08:25,Saltwater,30,748.02564
2023-06-06 08:25,Saltwater,50,782.35428
2023-06-06 08:25,Freshwater,5,585.6604467
2023-06-06 08:25,Freshwater,15,584.81122
2023-06-06 08:25,Freshwater,30,590.2088313
2023-06-06 08:25,Freshwater,50,791.7348933
2023-06-06 08:30,Control,5,609.593075
2023-06-06 08:30,Control,15,725.41844
2023-06-06 08:30,Control,30,697.63476
2023-06-06 08:30,Control,50,787.766325
2023-06-06 08:30,Saltwater,5,631.5771
2023-06-06 08:30,Saltwater,15,705.15544
2023-06-06 08:30,Saltwater,30,750.75558
2023-06-06 08:30,Saltwater,50,784.12872
2023-06-06 08:30,Freshwater,5,583.8648
2023-06-06 08:30,Freshwater,15,583.9237
2023-06-06 08:30,Freshwater,30,588.272386
2023-06-06 08:30,Freshwater,50,792.48158
2023-06-06 08:35,Control,5,609.33675
2023-06-06 08:35,Control,15,725.48678
2023-06-06 08:35,Control,30,697.70314
2023-06-06 08:35,Control,50,787.7236
2023-06-06 08:35,Saltwater,5,629.6434333
2023-06-06 08:35,Saltwater,15,704.9848
2023-06-06 08:35,Saltwater,30,750.82382
2023-06-06 08:35,Saltwater,50,784.98182
2023-06-06 08:35,Freshwater,5,581.9542267
2023-06-06 08:35,Freshwater,15,582.2123
2023-06-06 08:35,Freshwater,30,586.59482
2023-06-06 08:35,Freshwater,50,792.49684
2023-06-06 08:40,Control,5,608.90815
2023-06-06 08:40,Control,15,725.5875
2023-06-06 08:40,Control,30,697.66726
2023-06-06 08:40,Control,50,787.72165
2023-06-06 08:40,Saltwater,5,628.8472
2023-06-06 08:40,Saltwater,15,705.8379
2023-06-06 08:40,Saltwater,30,749.8001
2023-06-06 08:40,Saltwater,50,787.54112
2023-06-06 08:40,Freshwater,5,579.7366333
2023-06-06 08:40,Freshwater,15,581.1454
2023-06-06 08:40,Freshwater,30,584.57618
2023-06-06 08:40,Freshwater,50,792.40808
2023-06-06 08:45,Control,5,608.78125
2023-06-06 08:45,Control,15,725.69168
2023-06-06 08:45,Control,30,697.77132
2023-06-06 08:45,Control,50,787.766125
2023-06-06 08:45,Saltwater,5,628.6766
2023-06-06 08:45,Saltwater,15,708.05596
2023-06-06 08:45,Saltwater,30,752.76888
2023-06-06 08:45,Saltwater,50,791.29476
2023-06-06 08:45,Freshwater,5,577.28792
2023-06-06 08:45,Freshwater,15,580.3233
2023-06-06 08:45,Freshwater,30,582.08866
2023-06-06 08:45,Freshwater,50,792.39794
2023-06-06 08:50,Control,5,608.5735306
2023-06-06 08:50,Control,15,725.78116
2023-06-06 08:50,Control,30,697.89572
2023-06-06 08:50,Control,50,787.75155
2023-06-06 08:50,Saltwater,5,629.9924067
2023-06-06 08:50,Saltwater,15,710.7543267
2023-06-06 08:50,Saltwater,30,757.2756067
2023-06-06 08:50,Saltwater,50,793.5832467
2023-06-06 08:50,Freshwater,5,575.1778707
2023-06-06 08:50,Freshwater,15,579.1015933
2023-06-06 08:50,Freshwater,30,580.65342
2023-06-06 08:50,Freshwater,50,792.28372
2023-06-06 08:55,Control,5,608.2524111
2023-06-06 08:55,Control,15,725.82138
2023-06-06 08:55,Control,30,697.96978
2023-06-06 08:55,Control,50,787.6729
2023-06-06 08:55,Saltwater,5,630.7429133
2023-06-06 08:55,Saltwater,15,715.1971333
2023-06-06 08:55,Saltwater,30,761.5479333
2023-06-06 08:55,Saltwater,50,800.4150333
2023-06-06 08:55,Freshwater,5,572.9377973
2023-06-06 08:55,Freshwater,15,578.1237267
2023-06-06 08:55,Freshwater,30,578.98628
2023-06-06 08:55,Freshwater,50,792.00896
2023-06-06 09:00,Control,5,608.0033417
2023-06-06 09:00,Control,15,725.91256
2023-06-06 09:00,Control,30,697.99326
2023-06-06 09:00,Control,50,787.70295
2023-06-06 09:00,Saltwater,5,628.0227533
2023-06-06 09:00,Saltwater,15,714.11014
2023-06-06 09:00,Saltwater,30,761.7577
2023-06-06 09:00,Saltwater,50,798.4409
2023-06-06 09:00,Freshwater,5,570.048232
2023-06-06 09:00,Freshwater,15,576.22446
2023-06-06 09:00,Freshwater,30,577.1794
2023-06-06 09:00,Freshwater,50,792.23786
2023-06-06 09:05,Control,5,607.9564917
2023-06-06 09:05,Control,15,725.90726
2023-06-06 09:05,Control,30,697.91984
2023-06-06 09:05,Control,50,787.6115
2023-06-06 09:05,Saltwater,5,625.01078
2023-06-06 09:05,Saltwater,15,713.2519733
2023-06-06 09:05,Saltwater,30,761.87818
2023-06-06 09:05,Saltwater,50,798.0484
2023-06-06 09:05,Freshwater,5,567.9763487
2023-06-06 09:05,Freshwater,15,575.5798667
2023-06-06 09:05,Freshwater,30,575.57844
2023-06-06 09:05,Freshwater,50,791.92616
2023-06-06 09:10,Control,5,607.7616917
2023-06-06 09:10,Control,15,725.97868
2023-06-06 09:10,Control,30,698.06128
2023-06-06 09:10,Control,50,787.53395
2023-06-06 09:10,Saltwater,5,622.18644
2023-06-06 09:10,Saltwater,15,716.4409667
2023-06-06 09:10,Saltwater,30,761.47518
2023-06-06 09:10,Saltwater,50,797.61176
2023-06-06 09:10,Freshwater,5,565.0924693
2023-06-06 09:10,Freshwater,15,573.9534333
2023-06-06 09:10,Freshwater,30,573.74332
2023-06-06 09:10,Freshwater,50,791.72236
2023-06-06 09:15,Control,5,609.3311667
2023-06-06 09:15,Control,15,726.27198
2023-06-06 09:15,Control,30,698.2529
2023-06-06 09:15,Control,50,787.51805
2023-06-06 09:15,Saltwater,5,618.6042333
2023-06-06 09:15,Saltwater,15,720.56244
2023-06-06 09:15,Saltwater,30,761.08146
2023-06-06 09:15,Saltwater,50,797.35328
2023-06-06 09:15,Freshwater,5,562.44492
2023-06-06 09:15,Freshwater,15,573.31094
2023-06-06 09:15,Freshwater,30,571.83858
2023-06-06 09:15,Freshwater,50,792.12762
2023-06-06 09:20,Control,5,610.5271944
2023-06-06 09:20,Control,15,726.4445467
2023-06-06 09:20,Control,30,698.37988
2023-06-06 09:20,Control,50,787.591975
2023-06-06 09:20,Saltwater,5,615.6976333
2023-06-06 09:20,Saltwater,15,719.6381267
2023-06-06 09:20,Saltwater,30,760.59532
2023-06-06 09:20,Saltwater,50,797.10544
2023-06-06 09:20,Freshwater,5,559.9346487
2023-06-06 09:20,Freshwater,15,572.1940467
2023-06-06 09:20,Freshwater,30,570.54698
2023-06-06 09:20,Freshwater,50,791.9574
2023-06-06 09:25,Control,5,607.3275222
2023-06-06 09:25,Control,15,726.2461133
2023-06-06 09:25,Control,30,698.40898
2023-06-06 09:25,Control,50,787.585975
2023-06-06 09:25,Saltwater,5,612.9628667
2023-06-06 09:25,Saltwater,15,719.7729133
2023-06-06 09:25,Saltwater,30,760.75896
2023-06-06 09:25,Saltwater,50,796.89326
2023-06-06 09:25,Freshwater,5,557.3566153
2023-06-06 09:25,Freshwater,15,570.8734133
2023-06-06 09:25,Freshwater,30,568.9837
2023-06-06 09:25,Freshwater,50,792.19528
2023-06-06 09:30,Control,5,607.371375
2023-06-06 09:30,Control,15,726.28334
2023-06-06 09:30,Control,30,698.36638
2023-06-06 09:30,Control,50,787.618675
2023-06-06 09:30,Saltwater,5,609.5892667
2023-06-06 09:30,Saltwater,15,717.70712
2023-06-06 09:30,Saltwater,30,759.7783
2023-06-06 09:30,Saltwater,50,796.5251
2023-06-06 09:30,Freshwater,5,553.72502
2023-06-06 09:30,Freshwater,15,569.7227
2023-06-06 09:30,Freshwater,30,566.60476
2023-06-06 09:30,Freshwater,50,791.68552
2023-06-06 09:35,Control,5,607.5032528
2023-06-06 09:35,Control,15,726.312
2023-06-06 09:35,Control,30,698.36116
2023-06-06 09:35,Control,50,787.441675
2023-06-06 09:35,Saltwater,5,606.74902
2023-06-06 09:35,Saltwater,15,716.51068
2023-06-06 09:35,Saltwater,30,759.22994
2023-06-06 09:35,Saltwater,50,796.11306
2023-06-06 09:35,Freshwater,5,552.5111335
2023-06-06 09:35,Freshwater,15,568.39732
2023-06-06 09:35,Freshwater,30,566.06102
2023-06-06 09:35,Freshwater,50,791.65154
2023-06-06 09:40,Control,5,607.4918056
2023-06-06 09:40,Control,15,726.38924
2023-06-06 09:40,Control,30,698.4056
2023-06-06 09:40,Control,50,787.4561
2023-06-06 09:40,Saltwater,5,604.5981733
2023-06-06 09:40,Saltwater,15,714.67504
2023-06-06 09:40,Saltwater,30,759.91974
2023-06-06 09:40,Saltwater,50,796.76922
2023-06-06 09:40,Freshwater,5,549.6659971
2023-06-06 09:40,Freshwater,15,567.20786
2023-06-06 09:40,Freshwater,30,564.36178
2023-06-06 09:40,Freshwater,50,792.02536
2023-06-06 09:45,Control,5,608.2004833
2023-06-06 09:45,Control,15,726.56132
2023-06-06 09:45,Control,30,698.44278
2023-06-06 09:45,Control,50,787.5047
2023-06-06 09:45,Saltwater,5,603.2961267
2023-06-06 09:45,Saltwater,15,714.67644
2023-06-06 09:45,Saltwater,30,758.5906
2023-06-06 09:45,Saltwater,50,795.95198
2023-06-06 09:45,Freshwater,5,546.616922
2023-06-06 09:45,Freshwater,15,566.15434
2023-06-06 09:45,Freshwater,30,563.07034
2023-06-06 09:45,Freshwater,50,792.12732
2023-06-06 09:50,Control,5,608.5729083
2023-06-06 09:50,Control,15,726.6260867
2023-06-06 09:50,Control,30,698.66728
2023-06-06 09:50,Control,50,787.44465
2023-06-06 09:50,Saltwater,5,609.77446
2023-06-06 09:50,Saltwater,15,719.0046133
2023-06-06 09:50,Saltwater,30,761.3870467
2023-06-06 09:50,Saltwater,50,798.4409467
2023-06-06 09:50,Freshwater,5,544.354318
2023-06-06 09:50,Freshwater,15,564.5666333
2023-06-06 09:50,Freshwater,30,561.643
2023-06-06 09:50,Freshwater,50,792.1273
2023-06-06 09:55,Control,5,609.2119583
2023-06-06 09:55,Control,15,726.7044133
2023-06-06 09:55,Control,30,698.59708
2023-06-06 09:55,Control,50,787.357025
2023-06-06 09:55,Saltwater,5,608.74656
2023-06-06 09:55,Saltwater,15,718.1808267
2023-06-06 09:55,Saltwater,30,760.9764733
2023-06-06 09:55,Saltwater,50,798.4734933
2023-06-06 09:55,Freshwater,5,542.057748
2023-06-06 09:55,Freshwater,15,563.8965067
2023-06-06 09:55,Freshwater,30,559.87578
2023-06-06 09:55,Freshwater,50,792.33122
2023-06-06 10:00,Control,5,609.8096083
2023-06-06 10:00,Control,15,726.75026
2023-06-06 10:00,Control,30,698.69934
2023-06-06 10:00,Control,50,787.52755
2023-06-06 10:00,Saltwater,5,608.51856
2023-06-06 10:00,Saltwater,15,717.22542
2023-06-06 10:00,Saltwater,30,760.63928
2023-06-06 10:00,Saltwater,50,798.341
2023-06-06 10:00,Freshwater,5,539.693188
2023-06-06 10:00,Freshwater,15,562.47872
2023-06-06 10:00,Freshwater,30,558.7203
2023-06-06 10:00,Freshwater,50,792.19528
2023-06-06 10:05,Control,5,610.2019861
2023-06-06 10:05,Control,15,726.95526
2023-06-06 10:05,Control,30,698.87016
2023-06-06 10:05,Control,50,787.442125
2023-06-06 10:05,Saltwater,5,608.25152
2023-06-06 10:05,Saltwater,15,716.7071067
2023-06-06 10:05,Saltwater,30,760.7625533
2023-06-06 10:05,Saltwater,50,798.3271733
2023-06-06 10:05,Freshwater,5,536.9011207
2023-06-06 10:05,Freshwater,15,560.88566
2023-06-06 10:05,Freshwater,30,557.4092067
2023-06-06 10:05,Freshwater,50,791.9709867
2023-06-06 10:10,Control,5,610.6797389
2023-06-06 10:10,Control,15,726.98942
2023-06-06 10:10,Control,30,698.87016
2023-06-06 10:10,Control,50,787.442125
2023-06-06 10:10,Saltwater,5,607.2512467
2023-06-06 10:10,Saltwater,15,713.6716733
2023-06-06 10:10,Saltwater,30,757.4481267
2023-06-06 10:10,Saltwater,50,797.8104867
2023-06-06 10:10,Freshwater,5,533.8979973
2023-06-06 10:10,Freshwater,15,559.55664
2023-06-06 10:10,Freshwater,30,555.8524733
2023-06-06 10:10,Freshwater,50,792.1414333
2023-06-06 10:15,Control,5,610.8585167
2023-06-06 10:15,Control,15,726.98944
2023-06-06 10:15,Control,30,699.00682
2023-06-06 10:15,Control,50,787.44215
2023-06-06 10:15,Saltwater,5,606.3036733
2023-06-06 10:15,Saltwater,15,714.96404
2023-06-06 10:15,Saltwater,30,759.62112
2023-06-06 10:15,Saltwater,50,797.86772
2023-06-06 10:15,Freshwater,5,531.477286
2023-06-06 10:15,Freshwater,15,557.65502
2023-06-06 10:15,Freshwater,30,554.64056
2023-06-06 10:15,Freshwater,50,791.64054
2023-06-06 10:20,Control,5,610.7810944
2023-06-06 10:20,Control,15,727.05776
2023-06-06 10:20,Control,30,699.04098
2023-06-06 10:20,Control,50,787.442125
2023-06-06 10:20,Saltwater,5,604.6721867
2023-06-06 10:20,Saltwater,15,713.9957733
2023-06-06 10:20,Saltwater,30,760.36232
2023-06-06 10:20,Saltwater,50,797.17492
2023-06-06 10:20,Freshwater,5,529.1263487
2023-06-06 10:20,Freshwater,15,556.49718
2023-06-06 10:20,Freshwater,30,553.3420933
2023-06-06 10:20,Freshwater,50,792.2058333
2023-06-06 10:25,Control,5,610.8317972
2023-06-06 10:25,Control,15,727.22858
2023-06-06 10:25,Control,30,699.10932
2023-06-06 10:25,Control,50,787.39945
2023-06-06 10:25,Saltwater,5,600.7084
2023-06-06 10:25,Saltwater,15,713.4355267
2023-06-06 10:25,Saltwater,30,758.50906
2023-06-06 10:25,Saltwater,50,796.68524
2023-06-06 10:25,Freshwater,5,526.7179193
2023-06-06 10:25,Freshwater,15,555.41868
2023-06-06 10:25,Freshwater,30,551.7150267
2023-06-06 10:25,Freshwater,50,792.0086667
2023-06-06 10:30,Control,5,608.875275
2023-06-06 10:30,Control,15,727.26276
2023-06-06 10:30,Control,30,699.2118
2023-06-06 10:30,Control,50,787.442125
2023-06-06 10:30,Saltwater,5,602.8359467
2023-06-06 10:30,Saltwater,15,712.1682
2023-06-06 10:30,Saltwater,30,758.713
2023-06-06 10:30,Saltwater,50,797.1958
2023-06-06 10:30,Freshwater,5,529.046158
2023-06-06 10:30,Freshwater,15,558.8031
2023-06-06 10:30,Freshwater,30,554.48322
2023-06-06 10:30,Freshwater,50,793.87998
2023-06-06 10:35,Control,5,638.5635528
2023-06-06 10:35,Control,15,735.2228
2023-06-06 10:35,Control,30,701.6793178
2023-06-06 10:35,Control,50,788.0476028
2023-06-06 10:35,Saltwater,5,603.0773067
2023-06-06 10:35,Saltwater,15,710.6748
2023-06-06 10:35,Saltwater,30,758.1545533
2023-06-06 10:35,Saltwater,50,796.0223533
2023-06-06 10:35,Freshwater,5,527.122122
2023-06-06 10:35,Freshwater,15,556.4954133
2023-06-06 10:35,Freshwater,30,553.1753333
2023-06-06 10:35,Freshwater,50,793.4914133
2023-06-06 10:40,Control,5,617.9446806
2023-06-06 10:40,Control,15,730.4398
2023-06-06 10:40,Control,30,701.3457156
2023-06-06 10:40,Control,50,788.0556556
2023-06-06 10:40,Saltwater,5,600.0125
2023-06-06 10:40,Saltwater,15,711.79738
2023-06-06 10:40,Saltwater,30,756.7314267
2023-06-06 10:40,Saltwater,50,796.3714067
2023-06-06 10:40,Freshwater,5,524.85232
2023-06-06 10:40,Freshwater,15,555.7103467
2023-06-06 10:40,Freshwater,30,551.7250667
2023-06-06 10:40,Freshwater,50,793.7714067
2023-06-06 10:45,Control,5,619.2764833
2023-06-06 10:45,Control,15,728.7657
2023-06-06 10:45,Control,30,700.1920533
2023-06-06 10:45,Control,50,787.5511333
2023-06-06 10:45,Saltwater,5,601.5068933
2023-06-06 10:45,Saltwater,15,709.38592
2023-06-06 10:45,Saltwater,30,757.81364
2023-06-06 10:45,Saltwater,50,795.13318
2023-06-06 10:45,Freshwater,5,522.79166
2023-06-06 10:45,Freshwater,15,554.14954
2023-06-06 10:45,Freshwater,30,550.72226
2023-06-06 10:45,Freshwater,50,793.61946
2023-06-06 10:50,Control,5,567.6024083
2023-06-06 10:50,Control,15,720.4295
2023-06-06 10:50,Control,30,696.9122333
2023-06-06 10:50,Control,50,786.4834333
2023-06-06 10:50,Saltwater,5,599.08324
2023-06-06 10:50,Saltwater,15,709.39656
2023-06-06 10:50,Saltwater,30,756.97062
2023-06-06 10:50,Saltwater,50,795.961
2023-06-06 10:50,Freshwater,5,520.56416
2023-06-06 10:50,Freshwater,15,552.5179067
2023-06-06 10:50,Freshwater,30,549.5272267
2023-06-06 10:50,Freshwater,50,793.7420867
2023-06-06 10:55,Control,5,564.3568333
2023-06-06 10:55,Control,15,719.40458
2023-06-06 10:55,Control,30,695.6823533
2023-06-06 10:55,Control,50,785.7575083
2023-06-06 10:55,Saltwater,5,597.9733533
2023-06-06 10:55,Saltwater,15,708.25532
2023-06-06 10:55,Saltwater,30,756.54562
2023-06-06 10:55,Saltwater,50,795.7747
2023-06-06 10:55,Freshwater,5,517.82768
2023-06-06 10:55,Freshwater,15,551.0568733
2023-06-06 10:55,Freshwater,30,548.0610533
2023-06-06 10:55,Freshwater,50,793.7298533
2023-06-06 11:00,Control,5,564.3568333
2023-06-06 11:00,Control,15,719.40458
2023-06-06 11:00,Control,30,695.6823533
2023-06-06 11:00,Control,50,785.7575083
2023-06-06 11:00,Saltwater,5,597.0349
2023-06-06 11:00,Saltwater,15,707.62682
2023-06-06 11:00,Saltwater,30,756.36056
2023-06-06 11:00,Saltwater,50,795.65788
2023-06-06 11:00,Freshwater,5,516.2544
2023-06-06 11:00,Freshwater,15,549.1628
2023-06-06 11:00,Freshwater,30,547.28302
2023-06-06 11:00,Freshwater,50,793.08676
2023-06-06 11:05,Control,5,563.2544611
2023-06-06 11:05,Control,15,719.2799067
2023-06-06 11:05,Control,30,695.2040533
2023-06-06 11:05,Control,50,785.7148083
2023-06-06 11:05,Saltwater,5,582.4651867
2023-06-06 11:05,Saltwater,15,696.6240067
2023-06-06 11:05,Saltwater,30,749.2177933
2023-06-06 11:05,Saltwater,50,790.0505533
2023-06-06 11:05,Freshwater,5,513.7838667
2023-06-06 11:05,Freshwater,15,547.9139111
2023-06-06 11:05,Freshwater,30,546.1907933
2023-06-06 11:05,Freshwater,50,793.7613933
2023-06-06 11:10,Control,5,563.1770139
2023-06-06 11:10,Control,15,719.1551933
2023-06-06 11:10,Control,30,694.7940733
2023-06-06 11:10,Control,50,785.5439833
2023-06-06 11:10,Saltwater,5,582.44604
2023-06-06 11:10,Saltwater,15,696.6000733
2023-06-06 11:10,Saltwater,30,749.1986467
2023-06-06 11:10,Saltwater,50,790.0314067
2023-06-06 11:10,Freshwater,5,511.2794733
2023-06-06 11:10,Freshwater,15,545.8156622
2023-06-06 11:10,Freshwater,30,545.3025467
2023-06-06 11:10,Freshwater,50,793.6886267
2023-06-06 11:15,Control,5,563.0141667
2023-06-06 11:15,Control,15,719.20134
2023-06-06 11:15,Control,30,694.4865733
2023-06-06 11:15,Control,50,785.4158833
2023-06-06 11:15,Saltwater,5,580.14926
2023-06-06 11:15,Saltwater,15,695.10474
2023-06-06 11:15,Saltwater,30,748.15106
2023-06-06 11:15,Saltwater,50,789.1881
2023-06-06 11:15,Freshwater,5,508.57122
2023-06-06 11:15,Freshwater,15,544.4309933
2023-06-06 11:15,Freshwater,30,544.04056
2023-06-06 11:15,Freshwater,50,793.64988
2023-06-06 11:20,Control,5,562.5443917
2023-06-06 11:20,Control,15,719.20132
2023-06-06 11:20,Control,30,694.5549133
2023-06-06 11:20,Control,50,785.3304583
2023-06-06 11:20,Saltwater,5,578.6514133
2023-06-06 11:20,Saltwater,15,693.6815267
2023-06-06 11:20,Saltwater,30,747.2538067
2023-06-06 11:20,Saltwater,50,788.9730867
2023-06-06 11:20,Freshwater,5,506.0036133
2023-06-06 11:20,Freshwater,15,542.5610311
2023-06-06 11:20,Freshwater,30,542.7105933
2023-06-06 11:20,Freshwater,50,794.2227533
2023-06-06 11:25,Control,5,562.0319167
2023-06-06 11:25,Control,15,719.16716
2023-06-06 11:25,Control,30,694.3840933
2023-06-06 11:25,Control,50,785.3304833
2023-06-06 11:25,Saltwater,5,577.4951667
2023-06-06 11:25,Saltwater,15,692.8388733
2023-06-06 11:25,Saltwater,30,746.9713333
2023-06-06 11:25,Saltwater,50,788.1106933
2023-06-06 11:25,Freshwater,5,502.9546067
2023-06-06 11:25,Freshwater,15,541.1263089
2023-06-06 11:25,Freshwater,30,542.3595667
2023-06-06 11:25,Freshwater,50,793.4250467
2023-06-06 11:30,Control,5,561.4767667
2023-06-06 11:30,Control,15,719.16716
2023-06-06 11:30,Control,30,694.3840933
2023-06-06 11:30,Control,50,785.2877583
2023-06-06 11:30,Saltwater,5,576.2252533
2023-06-06 11:30,Saltwater,15,691.72336
2023-06-06 11:30,Saltwater,30,746.4842
2023-06-06 11:30,Saltwater,50,787.82824
2023-06-06 11:30,Freshwater,5,499.45672
2023-06-06 11:30,Freshwater,15,539.2416067
2023-06-06 11:30,Freshwater,30,541.35454
2023-06-06 11:30,Freshwater,50,793.59784
2023-06-06 11:35,Control,5,560.9642917
2023-06-06 11:35,Control,15,719.3158067
2023-06-06 11:35,Control,30,694.3157533
2023-06-06 11:35,Control,50,785.1596583
2023-06-06 11:35,Saltwater,5,574.90326
2023-06-06 11:35,Saltwater,15,690.9292267
2023-06-06 11:35,Saltwater,30,746.0993667
2023-06-06 11:35,Saltwater,50,787.5116467
2023-06-06 11:35,Freshwater,5,496.7396933
2023-06-06 11:35,Freshwater,15,536.8125444
2023-06-06 11:35,Freshwater,30,540.50372
2023-06-06 11:35,Freshwater,50,793.14262
2023-06-06 11:40,Control,5,560.5799167
2023-06-06 11:40,Control,15,719.4644333
2023-06-06 11:40,Control,30,694.2815933
2023-06-06 11:40,Control,50,785.3304583
2023-06-06 11:40,Saltwater,5,573.4107
2023-06-06 11:40,Saltwater,15,690.0668533
2023-06-06 11:40,Saltwater,30,745.6463333
2023-06-06 11:40,Saltwater,50,787.0585933
2023-06-06 11:40,Freshwater,5,493.5262667
2023-06-06 11:40,Freshwater,15,535.6555222
2023-06-06 11:40,Freshwater,30,539.60004
2023-06-06 11:40,Freshwater,50,793.49546
2023-06-06 11:45,Control,5,560.1955917
2023-06-06 11:45,Control,15,719.44222
2023-06-06 11:45,Control,30,694.3157533
2023-06-06 11:45,Control,50,785.2023583
2023-06-06 11:45,Saltwater,5,571.06534
2023-06-06 11:45,Saltwater,15,689.10212
2023-06-06 11:45,Saltwater,30,745.02274
2023-06-06 11:45,Saltwater,50,787.04902
2023-06-06 11:45,Freshwater,5,490.67634
2023-06-06 11:45,Freshwater,15,533.8072
2023-06-06 11:45,Freshwater,30,538.82024
2023-06-06 11:45,Freshwater,50,793.4192
2023-06-06 11:50,Control,5,559.8192194
2023-06-06 11:50,Control,15,719.57888
2023-06-06 11:50,Control,30,694.2815933
2023-06-06 11:50,Control,50,785.2023583
2023-06-06 11:50,Saltwater,5,569.85226
2023-06-06 11:50,Saltwater,15,688.8394067
2023-06-06 11:50,Saltwater,30,745.23282
2023-06-06 11:50,Saltwater,50,786.71332
2023-06-06 11:50,Freshwater,5,487.3608933
2023-06-06 11:50,Freshwater,15,531.6859533
2023-06-06 11:50,Freshwater,30,538.22204
2023-06-06 11:50,Freshwater,50,793.6016
2023-06-06 11:55,Control,5,574.2703022
2023-06-06 11:55,Control,15,719.68138
2023-06-06 11:55,Control,30,694.3157733
2023-06-06 11:55,Control,50,785.2877583
2023-06-06 11:55,Saltwater,5,568.7529133
2023-06-06 11:55,Saltwater,15,687.7238533
2023-06-06 11:55,Saltwater,30,744.5901
2023-06-06 11:55,Saltwater,50,786.4117
2023-06-06 11:55,Freshwater,5,483.5372067
2023-06-06 11:55,Freshwater,15,529.7701067
2023-06-06 11:55,Freshwater,30,537.2178
2023-06-06 11:55,Freshwater,50,793.48116
2023-06-06 12:00,Control,5,574.00496
2023-06-06 12:00,Control,15,719.68136
2023-06-06 12:00,Control,30,694.3157533
2023-06-06 12:00,Control,50,785.2023333
2023-06-06 12:00,Saltwater,5,567.8241
2023-06-06 12:00,Saltwater,15,686.81302
2023-06-06 12:00,Saltwater,30,744.11788
2023-06-06 12:00,Saltwater,50,786.04186
2023-06-06 12:00,Freshwater,5,481.14012
2023-06-06 12:00,Freshwater,15,527.41226
2023-06-06 12:00,Freshwater,30,536.68886
2023-06-06 12:00,Freshwater,50,792.91848
2023-06-06 12:05,Control,5,573.79996
2023-06-06 12:05,Control,15,719.64722
2023-06-06 12:05,Control,30,694.2554111
2023-06-06 12:05,Control,50,785.2530111
2023-06-06 12:05,Saltwater,5,567.5206867
2023-06-06 12:05,Saltwater,15,685.7459867
2023-06-06 12:05,Saltwater,30,743.7917333
2023-06-06 12:05,Saltwater,50,785.8862533
2023-06-06 12:05,Freshwater,5,477.93162
2023-06-06 12:05,Freshwater,15,525.4851467
2023-06-06 12:05,Freshwater,30,535.9162933
2023-06-06 12:05,Freshwater,50,793.5043333
2023-06-06 12:10,Control,5,573.62914
2023-06-06 12:10,Control,15,719.6814
2023-06-06 12:10,Control,30,694.4342289
2023-06-06 12:10,Control,50,785.2610139
2023-06-06 12:10,Saltwater,5,596.7129867
2023-06-06 12:10,Saltwater,15,685.0541733
2023-06-06 12:10,Saltwater,30,743.8749267
2023-06-06 12:10,Saltwater,50,784.8096267
2023-06-06 12:10,Freshwater,5,475.44522
2023-06-06 12:10,Freshwater,15,523.0925533
2023-06-06 12:10,Freshwater,30,535.4261067
2023-06-06 12:10,Freshwater,50,793.5315467
2023-06-06 12:15,Control,5,573.2875
2023-06-06 12:15,Control,15,719.88638
2023-06-06 12:15,Control,30,694.3396867
2023-06-06 12:15,Control,50,785.2689917
2023-06-06 12:15,Saltwater,5,595.87516
2023-06-06 12:15,Saltwater,15,683.03196
2023-06-06 12:15,Saltwater,30,742.5254
2023-06-06 12:15,Saltwater,50,784.79046
2023-06-06 12:15,Freshwater,5,472.40312
2023-06-06 12:15,Freshwater,15,521.2292
2023-06-06 12:15,Freshwater,30,534.2756
2023-06-06 12:15,Freshwater,50,793.46426
2023-06-06 12:20,Control,5,573.25334
2023-06-06 12:20,Control,15,719.9325067
2023-06-06 12:20,Control,30,694.4421867
2023-06-06 12:20,Control,50,785.2262667
2023-06-06 12:20,Saltwater,5,594.5255933
2023-06-06 12:20,Saltwater,15,685.0739133
2023-06-06 12:20,Saltwater,30,741.7019133
2023-06-06 12:20,Saltwater,50,784.9562533
2023-06-06 12:20,Freshwater,5,469.9792467
2023-06-06 12:20,Freshwater,15,518.9016467
2023-06-06 12:20,Freshwater,30,534.1418267
2023-06-06 12:20,Freshwater,50,793.4982667
2023-06-06 12:25,Control,5,573.11668
2023-06-06 12:25,Control,15,719.9444733
2023-06-06 12:25,Control,30,694.4080467
2023-06-06 12:25,Control,50,785.1408917
2023-06-06 12:25,Saltwater,5,594.1312267
2023-06-06 12:25,Saltwater,15,683.1588467
2023-06-06 12:25,Saltwater,30,741.1513267
2023-06-06 12:25,Saltwater,50,784.5421467
2023-06-06 12:25,Freshwater,5,467.3853933
2023-06-06 12:25,Freshwater,15,516.7776733
2023-06-06 12:25,Freshwater,30,533.6341533
2023-06-06 12:25,Freshwater,50,793.3959133
2023-06-06 12:30,Control,5,572.94584
2023-06-06 12:30,Control,15,720.05892
2023-06-06 12:30,Control,30,694.4763667
2023-06-06 12:30,Control,50,785.1835667
2023-06-06 12:30,Saltwater,5,592.44058
2023-06-06 12:30,Saltwater,15,681.312
2023-06-06 12:30,Saltwater,30,743.46618
2023-06-06 12:30,Saltwater,50,784.7079
2023-06-06 12:30,Freshwater,5,464.53606
2023-06-06 12:30,Freshwater,15,514.33352
2023-06-06 12:30,Freshwater,30,533.04518
2023-06-06 12:30,Freshwater,50,793.50082
2023-06-06 12:35,Control,5,572.8403
2023-06-06 12:35,Control,15,720.19128
2023-06-06 12:35,Control,30,694.4722467
2023-06-06 12:35,Control,50,785.1786917
2023-06-06 12:35,Saltwater,5,591.4621
2023-06-06 12:35,Saltwater,15,682.4718
2023-06-06 12:35,Saltwater,30,741.4637667
2023-06-06 12:35,Saltwater,50,784.3769667
2023-06-06 12:35,Freshwater,5,462.0586667
2023-06-06 12:35,Freshwater,15,511.2427133
2023-06-06 12:35,Freshwater,30,532.5894933
2023-06-06 12:35,Freshwater,50,793.3094133
2023-06-06 12:40,Control,5,572.60382
2023-06-06 12:40,Control,15,720.22922
2023-06-06 12:40,Control,30,694.6466867
2023-06-06 12:40,Control,50,785.1829667
2023-06-06 12:40,Saltwater,5,589.93784
2023-06-06 12:40,Saltwater,15,681.10734
2023-06-06 12:40,Saltwater,30,741.7809133
2023-06-06 12:40,Saltwater,50,783.8413533
2023-06-06 12:40,Freshwater,5,459.3841933
2023-06-06 12:40,Freshwater,15,509.4509667
2023-06-06 12:40,Freshwater,30,531.5987267
2023-06-06 12:40,Freshwater,50,793.4732467
2023-06-06 12:45,Control,5,572.57
2023-06-06 12:45,Control,15,720.33218
2023-06-06 12:45,Control,30,694.5445867
2023-06-06 12:45,Control,50,785.1407417
2023-06-06 12:45,Saltwater,5,589.02762
2023-06-06 12:45,Saltwater,15,680.11806
2023-06-06 12:45,Saltwater,30,741.10886
2023-06-06 12:45,Saltwater,50,783.74918
2023-06-06 12:45,Freshwater,5,456.98412
2023-06-06 12:45,Freshwater,15,506.4733
2023-06-06 12:45,Freshwater,30,531.9024
2023-06-06 12:45,Freshwater,50,793.57526
2023-06-06 12:50,Control,5,572.43332
2023-06-06 12:50,Control,15,720.36636
2023-06-06 12:50,Control,30,694.5525844
2023-06-06 12:50,Control,50,785.1060194
2023-06-06 12:50,Saltwater,5,587.7229733
2023-06-06 12:50,Saltwater,15,679.4262467
2023-06-06 12:50,Saltwater,30,740.6414667
2023-06-06 12:50,Saltwater,50,783.4523067
2023-06-06 12:50,Freshwater,5,453.7191933
2023-06-06 12:50,Freshwater,15,504.4153267
2023-06-06 12:50,Freshwater,30,530.7178333
2023-06-06 12:50,Freshwater,50,793.5077133
2023-06-06 12:55,Control,5,572.4675
2023-06-06 12:55,Control,15,720.4005
2023-06-06 12:55,Control,30,694.6630422
2023-06-06 12:55,Control,50,785.1139972
2023-06-06 12:55,Saltwater,5,586.3842267
2023-06-06 12:55,Saltwater,15,678.8367733
2023-06-06 12:55,Saltwater,30,740.5493133
2023-06-06 12:55,Saltwater,50,783.2578533
2023-06-06 12:55,Freshwater,5,451.8241067
2023-06-06 12:55,Freshwater,15,501.4872333
2023-06-06 12:55,Freshwater,30,530.4648867
2023-06-06 12:55,Freshwater,50,792.9226867
2023-06-06 13:00,Control,5,572.50168
2023-06-06 13:00,Control,15,720.53718
2023-06-06 13:00,Control,30,694.63686
2023-06-06 13:00,Control,50,785.121975
2023-06-06 13:00,Saltwater,5,585.38662
2023-06-06 13:00,Saltwater,15,678.14492
2023-06-06 13:00,Saltwater,30,740.11606
2023-06-06 13:00,Saltwater,50,783.02922
2023-06-06 13:00,Freshwater,5,449.0057
2023-06-06 13:00,Freshwater,15,498.78964
2023-06-06 13:00,Freshwater,30,529.72844
2023-06-06 13:00,Freshwater,50,793.34256
2023-06-06 13:05,Control,5,572.5198644
2023-06-06 13:05,Control,15,720.53718
2023-06-06 13:05,Control,30,694.7052
2023-06-06 13:05,Control,50,785.079275
2023-06-06 13:05,Saltwater,5,584.0766133
2023-06-06 13:05,Saltwater,15,677.65304
2023-06-06 13:05,Saltwater,30,740.0238867
2023-06-06 13:05,Saltwater,50,783.1076267
2023-06-06 13:05,Freshwater,5,446.8348667
2023-06-06 13:05,Freshwater,15,496.2384447
2023-06-06 13:05,Freshwater,30,529.3704467
2023-06-06 13:05,Freshwater,50,793.0792067
2023-06-06 13:10,Control,5,572.6405489
2023-06-06 13:10,Control,15,720.6738
2023-06-06 13:10,Control,30,694.671
2023-06-06 13:10,Control,50,785.036575
2023-06-06 13:10,Saltwater,5,582.5618867
2023-06-06 13:10,Saltwater,15,676.8882
2023-06-06 13:10,Saltwater,30,739.4882533
2023-06-06 13:10,Saltwater,50,782.7084733
2023-06-06 13:10,Freshwater,5,444.5028333
2023-06-06 13:10,Freshwater,15,493.2220933
2023-06-06 13:10,Freshwater,30,528.9220533
2023-06-06 13:10,Freshwater,50,793.1768733
2023-06-06 13:15,Control,5,572.6578333
2023-06-06 13:15,Control,15,720.74082
2023-06-06 13:15,Control,30,694.80642
2023-06-06 13:15,Control,50,785.120475
2023-06-06 13:15,Saltwater,5,581.593
2023-06-06 13:15,Saltwater,15,676.19158
2023-06-06 13:15,Saltwater,30,739.19142
2023-06-06 13:15,Saltwater,50,782.44578
2023-06-06 13:15,Freshwater,5,442.40572
2023-06-06 13:15,Freshwater,15,490.47409
2023-06-06 13:15,Freshwater,30,527.72242
2023-06-06 13:15,Freshwater,50,793.16554
2023-06-06 13:20,Control,5,572.6576933
2023-06-06 13:20,Control,15,720.84314
2023-06-06 13:20,Control,30,694.84042
2023-06-06 13:20,Control,50,785.0776
2023-06-06 13:20,Saltwater,5,580.5708667
2023-06-06 13:20,Saltwater,15,675.5243133
2023-06-06 13:20,Saltwater,30,738.87006
2023-06-06 13:20,Saltwater,50,782.22674
2023-06-06 13:20,Freshwater,5,440.7306667
2023-06-06 13:20,Freshwater,15,487.6920967
2023-06-06 13:20,Freshwater,30,528.23104
2023-06-06 13:20,Freshwater,50,793.0618
2023-06-06 13:25,Control,5,572.7954333
2023-06-06 13:25,Control,15,720.7763
2023-06-06 13:25,Control,30,694.87602
2023-06-06 13:25,Control,50,784.908475
2023-06-06 13:25,Saltwater,5,579.5487133
2023-06-06 13:25,Saltwater,15,674.9934667
2023-06-06 13:25,Saltwater,30,739.26506
2023-06-06 13:25,Saltwater,50,782.75816
2023-06-06 13:25,Freshwater,5,438.5210933
2023-06-06 13:25,Freshwater,15,484.9210053
2023-06-06 13:25,Freshwater,30,527.733
2023-06-06 13:25,Freshwater,50,793.21896
2023-06-06 13:30,Control,5,572.8283933
2023-06-06 13:30,Control,15,720.91126
2023-06-06 13:30,Control,30,694.87442
2023-06-06 13:30,Control,50,785.03465
2023-06-06 13:30,Saltwater,5,578.39008
2023-06-06 13:30,Saltwater,15,674.49676
2023-06-06 13:30,Saltwater,30,737.1016
2023-06-06 13:30,Saltwater,50,781.00408
2023-06-06 13:30,Freshwater,5,436.97462
2023-06-06 13:30,Freshwater,15,481.280824
2023-06-06 13:30,Freshwater,30,527.31412
2023-06-06 13:30,Freshwater,50,792.79068
2023-06-06 13:35,Control,5,572.8955533
2023-06-06 13:35,Control,15,720.97792
2023-06-06 13:35,Control,30,694.8807978
2023-06-06 13:35,Control,50,785.0407528
2023-06-06 13:35,Saltwater,5,578.1034333
2023-06-06 13:35,Saltwater,15,673.69782
2023-06-06 13:35,Saltwater,30,733.8172867
2023-06-06 13:35,Saltwater,50,779.7323267
2023-06-06 13:35,Freshwater,5,435.2211733
2023-06-06 13:35,Freshwater,15,478.9055407
2023-06-06 13:35,Freshwater,30,526.8654533
2023-06-06 13:35,Freshwater,50,793.2234933
2023-06-06 13:40,Control,5,573.0255933
2023-06-06 13:40,Control,15,721.0711
2023-06-06 13:40,Control,30,694.9823956
2023-06-06 13:40,Control,50,784.9955556
2023-06-06 13:40,Saltwater,5,576.6228467
2023-06-06 13:40,Saltwater,15,674.161
2023-06-06 13:40,Saltwater,30,733.9441333
2023-06-06 13:40,Saltwater,50,779.8592333
2023-06-06 13:40,Freshwater,5,433.7145667
2023-06-06 13:40,Freshwater,15,475.9972813
2023-06-06 13:40,Freshwater,30,526.2935467
2023-06-06 13:40,Freshwater,50,793.1360267
2023-06-06 13:45,Control,5,573.0580733
2023-06-06 13:45,Control,15,721.1029
2023-06-06 13:45,Control,30,695.0222933
2023-06-06 13:45,Control,50,785.0862333
2023-06-06 13:45,Saltwater,5,574.80118
2023-06-06 13:45,Saltwater,15,673.87376
2023-06-06 13:45,Saltwater,30,734.44626
2023-06-06 13:45,Saltwater,50,779.9861
2023-06-06 13:45,Freshwater,5,432.26912
2023-06-06 13:45,Freshwater,15,472.911106
2023-06-06 13:45,Freshwater,30,526.08582
2023-06-06 13:45,Freshwater,50,793.13302
2023-06-06 13:50,Control,5,573.0827556
2023-06-06 13:50,Control,15,721.16906
2023-06-06 13:50,Control,30,695.1569733
2023-06-06 13:50,Control,50,785.0411333
2023-06-06 13:50,Saltwater,5,575.1967333
2023-06-06 13:50,Saltwater,15,673.2890933
2023-06-06 13:50,Saltwater,30,734.7826133
2023-06-06 13:50,Saltwater,50,780.0495533
2023-06-06 13:50,Freshwater,5,430.14338
2023-06-06 13:50,Freshwater,15,470.017424
2023-06-06 13:50,Freshwater,30,525.46726
2023-06-06 13:50,Freshwater,50,793.18798
2023-06-06 13:55,Control,5,573.1162978
2023-06-06 13:55,Control,15,721.24776
2023-06-06 13:55,Control,30,695.1667933
2023-06-06 13:55,Control,50,784.9674083
2023-06-06 13:55,Saltwater,5,571.6694267
2023-06-06 13:55,Saltwater,15,673.0796067
2023-06-06 13:55,Saltwater,30,734.4708267
2023-06-06 13:55,Saltwater,50,780.9657867
2023-06-06 13:55,Freshwater,5,429.62312
2023-06-06 13:55,Freshwater,15,466.8621116
2023-06-06 13:55,Freshwater,30,525.50656
2023-06-06 13:55,Freshwater,50,792.31452
2023-06-06 14:00,Control,5,573.3104
2023-06-06 14:00,Control,15,721.38032
2023-06-06 14:00,Control,30,695.0604133
2023-06-06 14:00,Control,50,785.0055083
2023-06-06 14:00,Saltwater,5,571.07576
2023-06-06 14:00,Saltwater,15,671.74444
2023-06-06 14:00,Saltwater,30,734.87536
2023-06-06 14:00,Saltwater,50,779.97174
2023-06-06 14:00,Freshwater,5,428.3095
2023-06-06 14:00,Freshwater,15,463.9986758
2023-06-06 14:00,Freshwater,30,524.84926
2023-06-06 14:00,Freshwater,50,792.90418
2023-06-06 14:05,Control,5,573.31466
2023-06-06 14:05,Control,15,721.4666867
2023-06-06 14:05,Control,30,695.2711333
2023-06-06 14:05,Control,50,785.0123083
2023-06-06 14:05,Saltwater,5,570.4964733
2023-06-06 14:05,Saltwater,15,670.2536667
2023-06-06 14:05,Saltwater,30,733.08716
2023-06-06 14:05,Saltwater,50,780.46906
2023-06-06 14:05,Freshwater,5,426.8487333
2023-06-06 14:05,Freshwater,15,460.3983193
2023-06-06 14:05,Freshwater,30,524.4534667
2023-06-06 14:05,Freshwater,50,793.1940067
2023-06-06 14:10,Control,5,573.39648
2023-06-06 14:10,Control,15,721.4836133
2023-06-06 14:10,Control,30,695.3117733
2023-06-06 14:10,Control,50,784.9367583
2023-06-06 14:10,Saltwater,5,567.5634467
2023-06-06 14:10,Saltwater,15,669.2063733
2023-06-06 14:10,Saltwater,30,734.23262
2023-06-06 14:10,Saltwater,50,780.72764
2023-06-06 14:10,Freshwater,5,425.5147067
2023-06-06 14:10,Freshwater,15,457.4668167
2023-06-06 14:10,Freshwater,30,523.7725933
2023-06-06 14:10,Freshwater,50,792.8135533
2023-06-06 14:15,Control,5,573.60766
2023-06-06 14:15,Control,15,721.53854
2023-06-06 14:15,Control,30,695.4225933
2023-06-06 14:15,Control,50,784.9039333
2023-06-06 14:15,Saltwater,5,569.03086
2023-06-06 14:15,Saltwater,15,669.2848
2023-06-06 14:15,Saltwater,30,734.5935
2023-06-06 14:15,Saltwater,50,779.21232
2023-06-06 14:15,Freshwater,5,424.72762
2023-06-06 14:15,Freshwater,15,454.165556
2023-06-06 14:15,Freshwater,30,523.946
2023-06-06 14:15,Freshwater,50,792.8839
2023-06-06 14:20,Control,5,573.3200822
2023-06-06 14:20,Control,15,721.6098867
2023-06-06 14:20,Control,30,695.3799933
2023-06-06 14:20,Control,50,784.8512583
2023-06-06 14:20,Saltwater,5,567.4958
2023-06-06 14:20,Saltwater,15,669.2213867
2023-06-06 14:20,Saltwater,30,734.3936067
2023-06-06 14:20,Saltwater,50,778.7395067
2023-06-06 14:20,Freshwater,5,423.5770267
2023-06-06 14:20,Freshwater,15,451.3209973
2023-06-06 14:20,Freshwater,30,523.8048733
2023-06-06 14:20,Freshwater,50,792.8104133
2023-06-06 14:25,Control,5,573.1818844
2023-06-06 14:25,Control,15,721.8017933
2023-06-06 14:25,Control,30,695.3886133
2023-06-06 14:25,Control,50,784.8614333
2023-06-06 14:25,Saltwater,5,566.57478
2023-06-06 14:25,Saltwater,15,668.4756533
2023-06-06 14:25,Saltwater,30,733.7843733
2023-06-06 14:25,Saltwater,50,779.1877733
2023-06-06 14:25,Freshwater,5,422.1906533
2023-06-06 14:25,Freshwater,15,448.1050327
2023-06-06 14:25,Freshwater,30,523.3610667
2023-06-06 14:25,Freshwater,50,792.5387067
2023-06-06 14:30,Control,5,573.0697667
2023-06-06 14:30,Control,15,721.8114
2023-06-06 14:30,Control,30,695.4888733
2023-06-06 14:30,Control,50,784.8161083
2023-06-06 14:30,Saltwater,5,565.41496
2023-06-06 14:30,Saltwater,15,668.24164
2023-06-06 14:30,Saltwater,30,733.78914
2023-06-06 14:30,Saltwater,50,779.05608
2023-06-06 14:30,Freshwater,5,421.07052
2023-06-06 14:30,Freshwater,15,444.407256
2023-06-06 14:30,Freshwater,30,523.31672
2023-06-06 14:30,Freshwater,50,792.72734
2023-06-06 14:35,Control,5,573.0597533
2023-06-06 14:35,Control,15,721.93356
2023-06-06 14:35,Control,30,695.4391733
2023-06-06 14:35,Control,50,784.9235833
2023-06-06 14:35,Saltwater,5,564.3921933
2023-06-06 14:35,Saltwater,15,667.4181733
2023-06-06 14:35,Saltwater,30,733.34572
2023-06-06 14:35,Saltwater,50,778.78322
2023-06-06 14:35,Freshwater,5,419.8456333
2023-06-06 14:35,Freshwater,15,442.032326
2023-06-06 14:35,Freshwater,30,522.5397
2023-06-06 14:35,Freshwater,50,792.97334
2023-06-06 14:40,Control,5,572.93308
2023-06-06 14:40,Control,15,722.00156
2023-06-06 14:40,Control,30,695.6096533
2023-06-06 14:40,Control,50,784.8805083
2023-06-06 14:40,Saltwater,5,563.6423267
2023-06-06 14:40,Saltwater,15,666.8676067
2023-06-06 14:40,Saltwater,30,733.0728
2023-06-06 14:40,Saltwater,50,778.71496
2023-06-06 14:40,Freshwater,5,418.8633867
2023-06-06 14:40,Freshwater,15,438.881262
2023-06-06 14:40,Freshwater,30,522.68718
2023-06-06 14:40,Freshwater,50,792.92712
2023-06-06 14:45,Control,5,573.0352067
2023-06-06 14:45,Control,15,722.15744
2023-06-06 14:45,Control,30,695.5955333
2023-06-06 14:45,Control,50,784.8637333
2023-06-06 14:45,Saltwater,5,562.142
2023-06-06 14:45,Saltwater,15,666.24882
2023-06-06 14:45,Saltwater,30,732.5952
2023-06-06 14:45,Saltwater,50,778.27152
2023-06-06 14:45,Freshwater,5,416.914
2023-06-06 14:45,Freshwater,15,435.067342
2023-06-06 14:45,Freshwater,30,521.38414
2023-06-06 14:45,Freshwater,50,792.39498
2023-06-06 14:50,Control,5,573.3187267
2023-06-06 14:50,Control,15,722.17184
2023-06-06 14:50,Control,30,695.6091333
2023-06-06 14:50,Control,50,784.8799083
2023-06-06 14:50,Saltwater,5,561.4896467
2023-06-06 14:50,Saltwater,15,665.6497533
2023-06-06 14:50,Saltwater,30,732.615
2023-06-06 14:50,Saltwater,50,778.29128
2023-06-06 14:50,Freshwater,5,416.56526
2023-06-06 14:50,Freshwater,15,432.76288
2023-06-06 14:50,Freshwater,30,522.0961467
2023-06-06 14:50,Freshwater,50,792.2987067
2023-06-06 14:55,Control,5,573.1830067
2023-06-06 14:55,Control,15,722.24146
2023-06-06 14:55,Control,30,695.7470733
2023-06-06 14:55,Control,50,784.7959833
2023-06-06 14:55,Saltwater,5,560.6668133
2023-06-06 14:55,Saltwater,15,665.0506867
2023-06-06 14:55,Saltwater,30,732.12306
2023-06-06 14:55,Saltwater,50,778.1405
2023-06-06 14:55,Freshwater,5,414.9192
2023-06-06 14:55,Freshwater,15,430.00994
2023-06-06 14:55,Freshwater,30,521.6434933
2023-06-06 14:55,Freshwater,50,793.0679333
2023-06-06 15:00,Control,5,573.2201667
2023-06-06 15:00,Control,15,722.24576
2023-06-06 15:00,Control,30,695.7511133
2023-06-06 15:00,Control,50,784.7580833
2023-06-06 15:00,Saltwater,5,560.42386
2023-06-06 15:00,Saltwater,15,664.31518
2023-06-06 15:00,Saltwater,30,731.73346
2023-06-06 15:00,Saltwater,50,777.95558
2023-06-06 15:00,Freshwater,5,413.0689
2023-06-06 15:00,Freshwater,15,426.3053
2023-06-06 15:00,Freshwater,30,521.46206
2023-06-06 15:00,Freshwater,50,792.81678
2023-06-06 15:05,Control,5,573.3493089
2023-06-06 15:05,Control,15,722.34884
2023-06-06 15:05,Control,30,695.8542133
2023-06-06 15:05,Control,50,784.7587583
2023-06-06 15:05,Saltwater,5,560.361
2023-06-06 15:05,Saltwater,15,663.448
2023-06-06 15:05,Saltwater,30,730.64186
2023-06-06 15:05,Saltwater,50,777.51208
2023-06-06 15:05,Freshwater,5,410.28556
2023-06-06 15:05,Freshwater,15,423.94382
2023-06-06 15:05,Freshwater,30,520.8754933
2023-06-06 15:05,Freshwater,50,792.7701133
2023-06-06 15:10,Control,5,573.2368111
2023-06-06 15:10,Control,15,722.3802
2023-06-06 15:10,Control,30,695.7148333
2023-06-06 15:10,Control,50,784.7128833
2023-06-06 15:10,Saltwater,5,559.68416
2023-06-06 15:10,Saltwater,15,663.91126
2023-06-06 15:10,Saltwater,30,731.3241
2023-06-06 15:10,Saltwater,50,777.64852
2023-06-06 15:10,Freshwater,5,407.7066
2023-06-06 15:10,Freshwater,15,420.59768
2023-06-06 15:10,Freshwater,30,519.7801467
2023-06-06 15:10,Freshwater,50,792.4191867
2023-06-06 15:15,Control,5,573.4371733
2023-06-06 15:15,Control,15,722.45322
2023-06-06 15:15,Control,30,695.8217733
2023-06-06 15:15,Control,50,784.7181333
2023-06-06 15:15,Saltwater,5,557.94982
2023-06-06 15:15,Saltwater,15,662.87354
2023-06-06 15:15,Saltwater,30,731.52876
2023-06-06 15:15,Saltwater,50,777.37564
2023-06-06 15:15,Freshwater,5,406.35398
2023-06-06 15:15,Freshwater,15,418.10438
2023-06-06 15:15,Freshwater,30,520.18476
2023-06-06 15:15,Freshwater,50,792.3497
2023-06-06 15:20,Control,5,573.3612956
2023-06-06 15:20,Control,15,722.59052
2023-06-06 15:20,Control,30,696.0353511
2023-06-06 15:20,Control,50,784.7268361
2023-06-06 15:20,Saltwater,5,556.5524067
2023-06-06 15:20,Saltwater,15,661.6658333
2023-06-06 15:20,Saltwater,30,730.9440733
2023-06-06 15:20,Saltwater,50,776.1087133
2023-06-06 15:20,Freshwater,5,404.4694733
2023-06-06 15:20,Freshwater,15,415.8946533
2023-06-06 15:20,Freshwater,30,520.0879
2023-06-06 15:20,Freshwater,50,792.83486
2023-06-06 15:25,Control,5,573.7291178
2023-06-06 15:25,Control,15,722.69302
2023-06-06 15:25,Control,30,696.0091489
2023-06-06 15:25,Control,50,784.8202139
2023-06-06 15:25,Saltwater,5,555.3255933
2023-06-06 15:25,Saltwater,15,661.2086067
2023-06-06 15:25,Saltwater,30,730.4276067
2023-06-06 15:25,Saltwater,50,776.9908467
2023-06-06 15:25,Freshwater,5,403.1647267
2023-06-06 15:25,Freshwater,15,412.3282467
2023-06-06 15:25,Freshwater,30,519.9267
2023-06-06 15:25,Freshwater,50,792.51148
2023-06-06 15:30,Control,5,573.72022
2023-06-06 15:30,Control,15,722.72582
2023-06-06 15:30,Control,30,696.0500467
2023-06-06 15:30,Control,50,784.6985667
2023-06-06 15:30,Saltwater,5,553.51886
2023-06-06 15:30,Saltwater,15,660.58084
2023-06-06 15:30,Saltwater,30,730.28636
2023-06-06 15:30,Saltwater,50,776.91784
2023-06-06 15:30,Freshwater,5,401.33446
2023-06-06 15:30,Freshwater,15,410.30804
2023-06-06 15:30,Freshwater,30,519.50222
2023-06-06 15:30,Freshwater,50,792.8195
2023-06-06 15:35,Control,5,573.4909267
2023-06-06 15:35,Control,15,722.82778
2023-06-06 15:35,Control,30,696.0495267
2023-06-06 15:35,Control,50,784.7833917
2023-06-06 15:35,Saltwater,5,551.0059333
2023-06-06 15:35,Saltwater,15,660.4252533
2023-06-06 15:35,Saltwater,30,729.0828867
2023-06-06 15:35,Saltwater,50,776.6353867
2023-06-06 15:35,Freshwater,5,400.0994133
2023-06-06 15:35,Freshwater,15,407.27742
2023-06-06 15:35,Freshwater,30,518.8927067
2023-06-06 15:35,Freshwater,50,792.3222067
2023-06-06 15:40,Control,5,573.4682333
2023-06-06 15:40,Control,15,722.69292
2023-06-06 15:40,Control,30,696.1195467
2023-06-06 15:40,Control,50,784.6999917
2023-06-06 15:40,Saltwater,5,549.9939867
2023-06-06 15:40,Saltwater,15,658.7686867
2023-06-06 15:40,Saltwater,30,728.4592933
2023-06-06 15:40,Saltwater,50,775.7388533
2023-06-06 15:40,Freshwater,5,397.2910267
2023-06-06 15:40,Freshwater,15,406.03648
2023-06-06 15:40,Freshwater,30,520.5083933
2023-06-06 15:40,Freshwater,50,792.1324933
2023-06-06 15:45,Control,5,573.54688
2023-06-06 15:45,Control,15,722.93216
2023-06-06 15:45,Control,30,696.2221467
2023-06-06 15:45,Control,50,784.6573667
2023-06-06 15:45,Saltwater,5,546.28712
2023-06-06 15:45,Saltwater,15,658.6131
2023-06-06 15:45,Saltwater,30,728.34736
2023-06-06 15:45,Saltwater,50,775.89984
2023-06-06 15:45,Freshwater,5,397.54338
2023-06-06 15:45,Freshwater,15,403.23594
2023-06-06 15:45,Freshwater,30,518.56184
2023-06-06 15:45,Freshwater,50,792.59758
2023-06-06 15:50,Control,5,573.6413822
2023-06-06 15:50,Control,15,722.8860133
2023-06-06 15:50,Control,30,696.1919756
2023-06-06 15:50,Control,50,784.6613806
2023-06-06 15:50,Saltwater,5,546.05374
2023-06-06 15:50,Saltwater,15,659.2714067
2023-06-06 15:50,Saltwater,30,727.5041533
2023-06-06 15:50,Saltwater,50,776.3528533
2023-06-06 15:50,Freshwater,5,396.2628867
2023-06-06 15:50,Freshwater,15,399.0820267
2023-06-06 15:50,Freshwater,30,517.6065533
2023-06-06 15:50,Freshwater,50,792.0507533
2023-06-06 15:55,Control,5,573.5992444
2023-06-06 15:55,Control,15,722.9765467
2023-06-06 15:55,Control,30,696.1617844
2023-06-06 15:55,Control,50,784.6226694
2023-06-06 15:55,Saltwater,5,544.45586
2023-06-06 15:55,Saltwater,15,656.5867533
2023-06-06 15:55,Saltwater,30,728.1618467
2023-06-06 15:55,Saltwater,50,775.0661667
2023-06-06 15:55,Freshwater,5,395.4627533
2023-06-06 15:55,Freshwater,15,396.3257733
2023-06-06 15:55,Freshwater,30,517.8142867
2023-06-06 15:55,Freshwater,50,793.0477067
2023-06-06 16:00,Control,5,573.5571067
2023-06-06 16:00,Control,15,723.13538
2023-06-06 16:00,Control,30,696.3366133
2023-06-06 16:00,Control,50,784.6266583
2023-06-06 16:00,Saltwater,5,540.84536
2023-06-06 16:00,Saltwater,15,656.05112
2023-06-06 16:00,Saltwater,30,728.54668
2023-06-06 16:00,Saltwater,50,775.62154
2023-06-06 16:00,Freshwater,5,392.65632
2023-06-06 16:00,Freshwater,15,393.26186
2023-06-06 16:00,Freshwater,30,517.88324
2023-06-06 16:00,Freshwater,50,792.952
2023-06-06 16:05,Control,5,573.6777911
2023-06-06 16:05,Control,15,723.1234133
2023-06-06 16:05,Control,30,696.3747622
2023-06-06 16:05,Control,50,784.6733472
2023-06-06 16:05,Saltwater,5,539.43238
2023-06-06 16:05,Saltwater,15,656.1780067
2023-06-06 16:05,Saltwater,30,728.00088
2023-06-06 16:05,Saltwater,50,775.62156
2023-06-06 16:05,Freshwater,5,390.5714067
2023-06-06 16:05,Freshwater,15,391.3516333
2023-06-06 16:05,Freshwater,30,518.2086867
2023-06-06 16:05,Freshwater,50,794.1905067
2023-06-06 16:10,Control,5,573.6276956
2023-06-06 16:10,Control,15,723.1456067
2023-06-06 16:10,Control,30,696.5154111
2023-06-06 16:10,Control,50,784.6773111
2023-06-06 16:10,Saltwater,5,543.64794
2023-06-06 16:10,Saltwater,15,655.3496933
2023-06-06 16:10,Saltwater,30,727.93264
2023-06-06 16:10,Saltwater,50,775.41688
2023-06-06 16:10,Freshwater,5,389.2070733
2023-06-06 16:10,Freshwater,15,388.1913667
2023-06-06 16:10,Freshwater,30,517.4589733
2023-06-06 16:10,Freshwater,50,793.2095533
2023-06-06 16:15,Control,5,573.6117
2023-06-06 16:15,Control,15,723.30448
2023-06-06 16:15,Control,30,696.4169
2023-06-06 16:15,Control,50,784.724
2023-06-06 16:15,Saltwater,5,544.07704
2023-06-06 16:15,Saltwater,15,654.79432
2023-06-06 16:15,Saltwater,30,727.62562
2023-06-06 16:15,Saltwater,50,775.21222
2023-06-06 16:15,Freshwater,5,387.80658
2023-06-06 16:15,Freshwater,15,386.42188
2023-06-06 16:15,Freshwater,30,518.94798
2023-06-06 16:15,Freshwater,50,792.83312
2023-06-06 16:20,Control,5,573.5616244
2023-06-06 16:20,Control,15,723.2703
2023-06-06 16:20,Control,30,696.48522
2023-06-06 16:20,Control,50,784.5959
2023-06-06 16:20,Saltwater,5,542.8783533
2023-06-06 16:20,Saltwater,15,654.06362
2023-06-06 16:20,Saltwater,30,727.38684
2023-06-06 16:20,Saltwater,50,774.9734
2023-06-06 16:20,Freshwater,5,387.3431467
2023-06-06 16:20,Freshwater,15,384.37104
2023-06-06 16:20,Freshwater,30,518.6607533
2023-06-06 16:20,Freshwater,50,793.6365133
2023-06-06 16:25,Control,5,573.4431689
2023-06-06 16:25,Control,15,723.33864
2023-06-06 16:25,Control,30,696.58774
2023-06-06 16:25,Control,50,784.5532
2023-06-06 16:25,Saltwater,5,542.7370867
2023-06-06 16:25,Saltwater,15,653.60582
2023-06-06 16:25,Saltwater,30,727.04572
2023-06-06 16:25,Saltwater,50,774.90516
2023-06-06 16:25,Freshwater,5,386.2268933
2023-06-06 16:25,Freshwater,15,380.81822
2023-06-06 16:25,Freshwater,30,518.0892267
2023-06-06 16:25,Freshwater,50,794.0764067
2023-06-06 16:30,Control,5,573.3930533
2023-06-06 16:30,Control,15,723.5095
2023-06-06 16:30,Control,30,696.58772
2023-06-06 16:30,Control,50,784.724025
2023-06-06 16:30,Saltwater,5,541.94772
2023-06-06 16:30,Saltwater,15,653.01158
2023-06-06 16:30,Saltwater,30,726.87516
2023-06-06 16:30,Saltwater,50,774.76872
2023-06-06 16:30,Freshwater,5,384.57756
2023-06-06 16:30,Freshwater,15,378.02306
2023-06-06 16:30,Freshwater,30,516.5167
2023-06-06 16:30,Freshwater,50,792.41056
2023-06-06 16:35,Control,5,573.3509156
2023-06-06 16:35,Control,15,723.44116
2023-06-06 16:35,Control,30,696.62188
2023-06-06 16:35,Control,50,784.5532
2023-06-06 16:35,Saltwater,5,541.6551
2023-06-06 16:35,Saltwater,15,652.0468467
2023-06-06 16:35,Saltwater,30,726.53404
2023-06-06 16:35,Saltwater,50,774.3594
2023-06-06 16:35,Freshwater,5,384.7399067
2023-06-06 16:35,Freshwater,15,375.91842
2023-06-06 16:35,Freshwater,30,516.7628667
2023-06-06 16:35,Freshwater,50,794.0531067
2023-06-06 16:40,Control,5,573.3087578
2023-06-06 16:40,Control,15,723.64614
2023-06-06 16:40,Control,30,696.6902
2023-06-06 16:40,Control,50,784.5105
2023-06-06 16:40,Saltwater,5,542.24936
2023-06-06 16:40,Saltwater,15,652.0372533
2023-06-06 16:40,Saltwater,30,726.227
2023-06-06 16:40,Saltwater,50,775.07576
2023-06-06 16:40,Freshwater,5,384.4230133
2023-06-06 16:40,Freshwater,15,374.2181
2023-06-06 16:40,Freshwater,30,516.0854733
2023-06-06 16:40,Freshwater,50,792.8635933
2023-06-06 16:45,Control,5,573.2666
2023-06-06 16:45,Control,15,723.54364
2023-06-06 16:45,Control,30,696.69022
2023-06-06 16:45,Control,50,784.467775
2023-06-06 16:45,Saltwater,5,542.43426
2023-06-06 16:45,Saltwater,15,651.61834
2023-06-06 16:45,Saltwater,30,725.88592
2023-06-06 16:45,Saltwater,50,774.39354
2023-06-06 16:45,Freshwater,5,386.11514
2023-06-06 16:45,Freshwater,15,370.75502
2023-06-06 16:45,Freshwater,30,516.16316
2023-06-06 16:45,Freshwater,50,791.75658
2023-06-06 16:50,Control,5,573.3189644
2023-06-06 16:50,Control,15,723.61196
2023-06-06 16:50,Control,30,696.79272
2023-06-06 16:50,Control,50,784.5959
2023-06-06 16:50,Saltwater,5,540.9482733
2023-06-06 16:50,Saltwater,15,650.9361
2023-06-06 16:50,Saltwater,30,725.5837067
2023-06-06 16:50,Saltwater,50,774.0571867
2023-06-06 16:50,Freshwater,5,388.1994667
2023-06-06 16:50,Freshwater,15,369.17912
2023-06-06 16:50,Freshwater,30,515.3408667
2023-06-06 16:50,Freshwater,50,792.6696267
2023-06-06 16:55,Control,5,573.3713289
2023-06-06 16:55,Control,15,723.61196
2023-06-06 16:55,Control,30,696.75856
2023-06-06 16:55,Control,50,784.4678
2023-06-06 16:55,Saltwater,5,540.2127867
2023-06-06 16:55,Saltwater,15,650.28796
2023-06-06 16:55,Saltwater,30,725.4520133
2023-06-06 16:55,Saltwater,50,773.9596333
2023-06-06 16:55,Freshwater,5,390.5836133
2023-06-06 16:55,Freshwater,15,367.66596
2023-06-06 16:55,Freshwater,30,515.4259133
2023-06-06 16:55,Freshwater,50,792.3402733
2023-06-06 17:00,Control,5,573.3895733
2023-06-06 17:00,Control,15,723.74864
2023-06-06 17:00,Control,30,696.82686
2023-06-06 17:00,Control,50,784.425075
2023-06-06 17:00,Saltwater,5,540.22776
2023-06-06 17:00,Saltwater,15,649.70808
2023-06-06 17:00,Saltwater,30,725.04748
2023-06-06 17:00,Saltwater,50,773.69152
2023-06-06 17:00,Freshwater,5,388.76218
2023-06-06 17:00,Freshwater,15,365.37798
2023-06-06 17:00,Freshwater,30,514.64048
2023-06-06 17:00,Freshwater,50,791.93376
2023-06-06 17:05,Control,5,573.5524356
2023-06-06 17:05,Control,15,723.88528
2023-06-06 17:05,Control,30,696.72438
2023-06-06 17:05,Control,50,784.425075
2023-06-06 17:05,Saltwater,5,542.3235733
2023-06-06 17:05,Saltwater,15,649.1915933
2023-06-06 17:05,Saltwater,30,724.74048
2023-06-06 17:05,Saltwater,50,773.55506
2023-06-06 17:05,Freshwater,5,388.5690267
2023-06-06 17:05,Freshwater,15,363.8059467
2023-06-06 17:05,Freshwater,30,516.2969267
2023-06-06 17:05,Freshwater,50,793.2514067
2023-06-06 17:10,Control,5,573.5102778
2023-06-06 17:10,Control,15,723.81694
2023-06-06 17:10,Control,30,696.7927
2023-06-06 17:10,Control,50,784.467775
2023-06-06 17:10,Saltwater,5,542.9184467
2023-06-06 17:10,Saltwater,15,649.0844667
2023-06-06 17:10,Saltwater,30,724.29698
2023-06-06 17:10,Saltwater,50,773.0775
2023-06-06 17:10,Freshwater,5,386.6777133
2023-06-06 17:10,Freshwater,15,359.7202133
2023-06-06 17:10,Freshwater,30,514.2510933
2023-06-06 17:10,Freshwater,50,792.1931133
2023-06-06 17:15,Control,5,573.57062
2023-06-06 17:15,Control,15,724.02194
2023-06-06 17:15,Control,30,696.75854
2023-06-06 17:15,Control,50,784.38235
2023-06-06 17:15,Saltwater,5,542.55816
2023-06-06 17:15,Saltwater,15,648.12452
2023-06-06 17:15,Saltwater,30,724.05822
2023-06-06 17:15,Saltwater,50,773.38452
2023-06-06 17:15,Freshwater,5,387.57096
2023-06-06 17:15,Freshwater,15,357.26402
2023-06-06 17:15,Freshwater,30,514.0712
2023-06-06 17:15,Freshwater,50,792.18274
2023-06-06 17:20,Control,5,573.4863244
2023-06-06 17:20,Control,15,723.9878
2023-06-06 17:20,Control,30,696.8269
2023-06-06 17:20,Control,50,784.425075
2023-06-06 17:20,Saltwater,5,543.9717533
2023-06-06 17:20,Saltwater,15,647.40818
2023-06-06 17:20,Saltwater,30,724.1898733
2023-06-06 17:20,Saltwater,50,773.5161333
2023-06-06 17:20,Freshwater,5,384.9963933
2023-06-06 17:20,Freshwater,15,354.35576
2023-06-06 17:20,Freshwater,30,515.8162467
2023-06-06 17:20,Freshwater,50,793.2370867
2023-06-06 17:25,Control,5,573.4361889
2023-06-06 17:25,Control,15,724.05614
2023-06-06 17:25,Control,30,696.92938
2023-06-06 17:25,Control,50,784.382375
2023-06-06 17:25,Saltwater,5,554.2545067
2023-06-06 17:25,Saltwater,15,647.13526
2023-06-06 17:25,Saltwater,30,722.7864667
2023-06-06 17:25,Saltwater,50,774.0912667
2023-06-06 17:25,Freshwater,5,384.9516467
2023-06-06 17:25,Freshwater,15,353.3289
2023-06-06 17:25,Freshwater,30,514.7679133
2023-06-06 17:25,Freshwater,50,794.2747533
2023-06-06 17:30,Control,5,573.3519333
2023-06-06 17:30,Control,15,724.12446
2023-06-06 17:30,Control,30,696.96352
2023-06-06 17:30,Control,50,784.382375
2023-06-06 17:30,Saltwater,5,557.2031
2023-06-06 17:30,Saltwater,15,646.24836
2023-06-06 17:30,Saltwater,30,722.81582
2023-06-06 17:30,Saltwater,50,773.43834
2023-06-06 17:30,Freshwater,5,386.46302
2023-06-06 17:30,Freshwater,15,353.04392
2023-06-06 17:30,Freshwater,30,513.5717
2023-06-06 17:30,Freshwater,50,792.02758
2023-06-06 17:35,Control,5,573.3359578
2023-06-06 17:35,Control,15,724.1466533
2023-06-06 17:35,Control,30,696.96354
2023-06-06 17:35,Control,50,784.42505
2023-06-06 17:35,Saltwater,5,558.3533467
2023-06-06 17:35,Saltwater,15,645.2154267
2023-06-06 17:35,Saltwater,30,723.5614733
2023-06-06 17:35,Saltwater,50,773.0924533
2023-06-06 17:35,Freshwater,5,385.3194333
2023-06-06 17:35,Freshwater,15,350.2795467
2023-06-06 17:35,Freshwater,30,512.6732667
2023-06-06 17:35,Freshwater,50,792.4832867
2023-06-06 17:40,Control,5,573.3883422
2023-06-06 17:40,Control,15,724.1346867
2023-06-06 17:40,Control,30,697.06604
2023-06-06 17:40,Control,50,784.339675
2023-06-06 17:40,Saltwater,5,558.2755333
2023-06-06 17:40,Saltwater,15,645.2058533
2023-06-06 17:40,Saltwater,30,723.4543467
2023-06-06 17:40,Saltwater,50,771.0409467
2023-06-06 17:40,Freshwater,5,384.5223067
2023-06-06 17:40,Freshwater,15,346.6030913
2023-06-06 17:40,Freshwater,30,512.3299533
2023-06-06 17:40,Freshwater,50,791.6698733
2023-06-06 17:45,Control,5,573.3382267
2023-06-06 17:45,Control,15,724.19104
2023-06-06 17:45,Control,30,697.13438
2023-06-06 17:45,Control,50,784.25425
2023-06-06 17:45,Saltwater,5,558.573
2023-06-06 17:45,Saltwater,15,644.44582
2023-06-06 17:45,Saltwater,30,723.2108
2023-06-06 17:45,Saltwater,50,771.20672
2023-06-06 17:45,Freshwater,5,384.26154
2023-06-06 17:45,Freshwater,15,345.06155
2023-06-06 17:45,Freshwater,30,512.65364
2023-06-06 17:45,Freshwater,50,793.55048
2023-06-06 17:50,Control,5,573.3724067
2023-06-06 17:50,Control,15,724.25938
2023-06-06 17:50,Control,30,697.13436
2023-06-06 17:50,Control,50,784.29695
2023-06-06 17:50,Saltwater,5,558.04694
2023-06-06 17:50,Saltwater,15,644.27522
2023-06-06 17:50,Saltwater,30,722.4651067
2023-06-06 17:50,Saltwater,50,771.6549467
2023-06-06 17:50,Freshwater,5,384.7304467
2023-06-06 17:50,Freshwater,15,342.67083
2023-06-06 17:50,Freshwater,30,514.0080267
2023-06-06 17:50,Freshwater,50,792.1571667
2023-06-06 17:55,Control,5,573.3382467
2023-06-06 17:55,Control,15,724.36186
2023-06-06 17:55,Control,30,697.2027
2023-06-06 17:55,Control,50,784.339675
2023-06-06 17:55,Saltwater,5,557.75966
2023-06-06 17:55,Saltwater,15,643.9341
2023-06-06 17:55,Saltwater,30,722.1628933
2023-06-06 17:55,Saltwater,50,771.9667333
2023-06-06 17:55,Freshwater,5,385.1978933
2023-06-06 17:55,Freshwater,15,342.861326
2023-06-06 17:55,Freshwater,30,511.8940533
2023-06-06 17:55,Freshwater,50,792.1519533
2023-06-06 18:00,Control,5,573.3040667
2023-06-06 18:00,Control,15,724.4302
2023-06-06 18:00,Control,30,697.16852
2023-06-06 18:00,Control,50,784.29695
2023-06-06 18:00,Saltwater,5,556.89254
2023-06-06 18:00,Saltwater,15,643.42244
2023-06-06 18:00,Saltwater,30,721.7242
2023-06-06 18:00,Saltwater,50,771.66452
2023-06-06 18:00,Freshwater,5,385.11884
2023-06-06 18:00,Freshwater,15,339.617856
2023-06-06 18:00,Freshwater,30,510.96442
2023-06-06 18:00,Freshwater,50,793.93812
2023-06-06 18:05,Control,5,573.2118133
2023-06-06 18:05,Control,15,724.36186
2023-06-06 18:05,Control,30,697.23686
2023-06-06 18:05,Control,50,784.211525
2023-06-06 18:05,Saltwater,5,556.4640333
2023-06-06 18:05,Saltwater,15,643.0082933
2023-06-06 18:05,Saltwater,30,721.3537867
2023-06-06 18:05,Saltwater,50,771.5669667
2023-06-06 18:05,Freshwater,5,386.1349333
2023-06-06 18:05,Freshwater,15,337.6725787
2023-06-06 18:05,Freshwater,30,511.8116733
2023-06-06 18:05,Freshwater,50,793.0209133
2023-06-06 18:10,Control,5,573.2562
2023-06-06 18:10,Control,15,724.36186
2023-06-06 18:10,Control,30,697.33934
2023-06-06 18:10,Control,50,784.21155
2023-06-06 18:10,Saltwater,5,555.9672867
2023-06-06 18:10,Saltwater,15,642.4236067
2023-06-06 18:10,Saltwater,30,721.0515533
2023-06-06 18:10,Saltwater,50,771.4353133
2023-06-06 18:10,Freshwater,5,388.2370267
2023-06-06 18:10,Freshwater,15,335.2845933
2023-06-06 18:10,Freshwater,30,512.9285067
2023-06-06 18:10,Freshwater,50,792.7109267
2023-06-06 18:15,Control,5,573.2664267
2023-06-06 18:15,Control,15,724.49852
2023-06-06 18:15,Control,30,697.30518
2023-06-06 18:15,Control,50,784.25425
2023-06-06 18:15,Saltwater,5,555.12946
2023-06-06 18:15,Saltwater,15,641.53188
2023-06-06 18:15,Saltwater,30,720.85164
2023-06-06 18:15,Saltwater,50,771.13308
2023-06-06 18:15,Freshwater,5,390.13504
2023-06-06 18:15,Freshwater,15,334.119764
2023-06-06 18:15,Freshwater,30,512.1762
2023-06-06 18:15,Freshwater,50,792.33238
2023-06-06 18:20,Control,5,573.1297867
2023-06-06 18:20,Control,15,724.63518
2023-06-06 18:20,Control,30,697.40768
2023-06-06 18:20,Control,50,784.25425
2023-06-06 18:20,Saltwater,5,554.9349667
2023-06-06 18:20,Saltwater,15,641.42958
2023-06-06 18:20,Saltwater,30,720.68108
2023-06-06 18:20,Saltwater,50,771.03078
2023-06-06 18:20,Freshwater,5,388.7323267
2023-06-06 18:20,Freshwater,15,332.7170787
2023-06-06 18:20,Freshwater,30,510.7151
2023-06-06 18:20,Freshwater,50,792.50228
2023-06-06 18:25,Control,5,573.1298067
2023-06-06 18:25,Control,15,724.66934
2023-06-06 18:25,Control,30,697.37352
2023-06-06 18:25,Control,50,784.254225
2023-06-06 18:25,Saltwater,5,554.5017133
2023-06-06 18:25,Saltwater,15,640.952
2023-06-06 18:25,Saltwater,30,720.57878
2023-06-06 18:25,Saltwater,50,770.75786
2023-06-06 18:25,Freshwater,5,389.0965333
2023-06-06 18:25,Freshwater,15,330.8046673
2023-06-06 18:25,Freshwater,30,511.0549
2023-06-06 18:25,Freshwater,50,792.12848
2023-06-06 18:30,Control,5,572.9931267
2023-06-06 18:30,Control,15,724.77184
2023-06-06 18:30,Control,30,697.51018
2023-06-06 18:30,Control,50,784.21155
2023-06-06 18:30,Saltwater,5,553.86372
2023-06-06 18:30,Saltwater,15,640.33796
2023-06-06 18:30,Saltwater,30,720.03296
2023-06-06 18:30,Saltwater,50,770.75788
2023-06-06 18:30,Freshwater,5,387.99964
2023-06-06 18:30,Freshwater,15,329.164106
2023-06-06 18:30,Freshwater,30,510.06948
2023-06-06 18:30,Freshwater,50,791.8567
2023-06-06 18:35,Control,5,572.9168089
2023-06-06 18:35,Control,15,724.6573733
2023-06-06 18:35,Control,30,697.40768
2023-06-06 18:35,Control,50,784.126125
2023-06-06 18:35,Saltwater,5,553.1378067
2023-06-06 18:35,Saltwater,15,639.6509533
2023-06-06 18:35,Saltwater,30,718.9024533
2023-06-06 18:35,Saltwater,50,769.4908933
2023-06-06 18:35,Freshwater,5,386.1939533
2023-06-06 18:35,Freshwater,15,327.1545613
2023-06-06 18:35,Freshwater,30,510.0307333
2023-06-06 18:35,Freshwater,50,792.0557533
2023-06-06 18:40,Control,5,572.9088311
2023-06-06 18:40,Control,15,724.8162467
2023-06-06 18:40,Control,30,697.61266
2023-06-06 18:40,Control,50,784.126125
2023-06-06 18:40,Saltwater,5,553.9469333
2023-06-06 18:40,Saltwater,15,639.7144067
2023-06-06 18:40,Saltwater,30,720.1598467
2023-06-06 18:40,Saltwater,50,770.4753867
2023-06-06 18:40,Freshwater,5,388.2279067
2023-06-06 18:40,Freshwater,15,325.7906327
2023-06-06 18:40,Freshwater,30,510.5356067
2023-06-06 18:40,Freshwater,50,791.4393467
2023-06-06 18:45,Control,5,572.8325333
2023-06-06 18:45,Control,15,724.77012
2023-06-06 18:45,Control,30,697.68098
2023-06-06 18:45,Control,50,784.126125
2023-06-06 18:45,Saltwater,5,553.18984
2023-06-06 18:45,Saltwater,15,639.78152
2023-06-06 18:45,Saltwater,30,719.13606
2023-06-06 18:45,Saltwater,50,770.7142
2023-06-06 18:45,Freshwater,5,388.69882
2023-06-06 18:45,Freshwater,15,324.732502
2023-06-06 18:45,Freshwater,30,510.70072
2023-06-06 18:45,Freshwater,50,792.25008
2023-06-06 18:50,Control,5,572.7482578
2023-06-06 18:50,Control,15,724.8606333
2023-06-06 18:50,Control,30,697.54434
2023-06-06 18:50,Control,50,784.168825
2023-06-06 18:50,Saltwater,5,552.5779867
2023-06-06 18:50,Saltwater,15,638.0971667
2023-06-06 18:50,Saltwater,30,719.7366467
2023-06-06 18:50,Saltwater,50,771.1097267
2023-06-06 18:50,Freshwater,5,387.71344
2023-06-06 18:50,Freshwater,15,322.0433533
2023-06-06 18:50,Freshwater,30,509.5406533
2023-06-06 18:50,Freshwater,50,791.3958333
2023-06-06 18:55,Control,5,572.7664422
2023-06-06 18:55,Control,15,724.9169867
2023-06-06 18:55,Control,30,697.64682
2023-06-06 18:55,Control,50,784.12615
2023-06-06 18:55,Saltwater,5,551.7417733
2023-06-06 18:55,Saltwater,15,637.6247333
2023-06-06 18:55,Saltwater,30,718.3459333
2023-06-06 18:55,Saltwater,50,769.8572133
2023-06-06 18:55,Freshwater,5,387.40762
2023-06-06 18:55,Freshwater,15,321.2230807
2023-06-06 18:55,Freshwater,30,509.0601867
2023-06-06 18:55,Freshwater,50,792.0705867
2023-06-06 19:00,Control,5,572.5454867
2023-06-06 19:00,Control,15,724.97334
2023-06-06 19:00,Control,30,697.71514
2023-06-06 19:00,Control,50,784.126125
2023-06-06 19:00,Saltwater,5,550.95814
2023-06-06 19:00,Saltwater,15,637.23512
2023-06-06 19:00,Saltwater,30,717.95542
2023-06-06 19:00,Saltwater,50,769.5344
2023-06-06 19:00,Freshwater,5,387.91732
2023-06-06 19:00,Freshwater,15,319.621312
2023-06-06 19:00,Freshwater,30,508.47772
2023-06-06 19:00,Freshwater,50,792.0658
2023-06-06 19:05,Control,5,572.5716889
2023-06-06 19:05,Control,15,724.90504
2023-06-06 19:05,Control,30,697.68098
2023-06-06 19:05,Control,50,784.04075
2023-06-06 19:05,Saltwater,5,550.9687867
2023-06-06 19:05,Saltwater,15,636.12976
2023-06-06 19:05,Saltwater,30,717.8585867
2023-06-06 19:05,Saltwater,50,768.7553667
2023-06-06 19:05,Freshwater,5,388.5443133
2023-06-06 19:05,Freshwater,15,317.854728
2023-06-06 19:05,Freshwater,30,508.85248
2023-06-06 19:05,Freshwater,50,791.76182
2023-06-06 19:10,Control,5,572.5978911
2023-06-06 19:10,Control,15,725.00752
2023-06-06 19:10,Control,30,697.71514
2023-06-06 19:10,Control,50,783.99805
2023-06-06 19:10,Saltwater,5,548.9451133
2023-06-06 19:10,Saltwater,15,636.06342
2023-06-06 19:10,Saltwater,30,716.4157733
2023-06-06 19:10,Saltwater,50,770.7259533
2023-06-06 19:10,Freshwater,5,391.1751067
2023-06-06 19:10,Freshwater,15,316.461314
2023-06-06 19:10,Freshwater,30,508.61386
2023-06-06 19:10,Freshwater,50,792.0662
2023-06-06 19:15,Control,5,572.4874133
2023-06-06 19:15,Control,15,725.07586
2023-06-06 19:15,Control,30,697.74932
2023-06-06 19:15,Control,50,783.912625
2023-06-06 19:15,Saltwater,5,549.84148
2023-06-06 19:15,Saltwater,15,634.8881
2023-06-06 19:15,Saltwater,30,718.36384
2023-06-06 19:15,Saltwater,50,768.44368
2023-06-06 19:15,Freshwater,5,393.5005
2023-06-06 19:15,Freshwater,15,314.388592
2023-06-06 19:15,Freshwater,30,508.376
2023-06-06 19:15,Freshwater,50,791.69244
2023-06-06 19:20,Control,5,572.4190933
2023-06-06 19:20,Control,15,725.07584
2023-06-06 19:20,Control,30,697.81764
2023-06-06 19:20,Control,50,783.912625
2023-06-06 19:20,Saltwater,5,547.2900667
2023-06-06 19:20,Saltwater,15,634.6748533
2023-06-06 19:20,Saltwater,30,718.4568733
2023-06-06 19:20,Saltwater,50,767.8539933
2023-06-06 19:20,Freshwater,5,395.57382
2023-06-06 19:20,Freshwater,15,313.2968293
2023-06-06 19:20,Freshwater,30,508.1003533
2023-06-06 19:20,Freshwater,50,792.0633733
2023-06-06 19:25,Control,5,572.3507333
2023-06-06 19:25,Control,15,725.17834
2023-06-06 19:25,Control,30,697.88596
2023-06-06 19:25,Control,50,783.9126
2023-06-06 19:25,Saltwater,5,546.5681333
2023-06-06 19:25,Saltwater,15,633.7038667
2023-06-06 19:25,Saltwater,30,716.1258067
2023-06-06 19:25,Saltwater,50,767.8796067
2023-06-06 19:25,Freshwater,5,398.05372
2023-06-06 19:25,Freshwater,15,311.8306347
2023-06-06 19:25,Freshwater,30,507.5170467
2023-06-06 19:25,Freshwater,50,791.9208067
2023-06-06 19:30,Control,5,572.2934133
2023-06-06 19:30,Control,15,725.19398
2023-06-06 19:30,Control,30,697.90078
2023-06-06 19:30,Control,50,783.93005
2023-06-06 19:30,Saltwater,5,546.19956
2023-06-06 19:30,Saltwater,15,634.64992
2023-06-06 19:30,Saltwater,30,716.18398
2023-06-06 19:30,Saltwater,50,768.72196
2023-06-06 19:30,Freshwater,5,400.43298
2023-06-06 19:30,Freshwater,15,310.127276
2023-06-06 19:30,Freshwater,30,507.51342
2023-06-06 19:30,Freshwater,50,792.02034
2023-06-06 19:35,Control,5,572.2877756
2023-06-06 19:35,Control,15,725.1853933
2023-06-06 19:35,Control,30,697.97228
2023-06-06 19:35,Control,50,783.933775
2023-06-06 19:35,Saltwater,5,546.1217867
2023-06-06 19:35,Saltwater,15,633.12346
2023-06-06 19:35,Saltwater,30,716.0939133
2023-06-06 19:35,Saltwater,50,768.3642133
2023-06-06 19:35,Freshwater,5,399.9177933
2023-06-06 19:35,Freshwater,15,308.637104
2023-06-06 19:35,Freshwater,30,506.76476
2023-06-06 19:35,Freshwater,50,791.81422
2023-06-06 19:40,Control,5,572.2610378
2023-06-06 19:40,Control,15,725.2636667
2023-06-06 19:40,Control,30,697.95886
2023-06-06 19:40,Control,50,783.915475
2023-06-06 19:40,Saltwater,5,546.0030133
2023-06-06 19:40,Saltwater,15,632.80776
2023-06-06 19:40,Saltwater,30,715.9423867
2023-06-06 19:40,Saltwater,50,768.3480867
2023-06-06 19:40,Freshwater,5,403.9669467
2023-06-06 19:40,Freshwater,15,306.812632
2023-06-06 19:40,Freshwater,30,506.84858
2023-06-06 19:40,Freshwater,50,791.13186
2023-06-06 19:45,Control,5,572.12376
2023-06-06 19:45,Control,15,725.36464
2023-06-06 19:45,Control,30,698.0371
2023-06-06 19:45,Control,50,783.92715
2023-06-06 19:45,Saltwater,5,545.17804
2023-06-06 19:45,Saltwater,15,632.57332
2023-06-06 19:45,Saltwater,30,715.6016
2023-06-06 19:45,Saltwater,50,768.21258
2023-06-06 19:45,Freshwater,5,405.18148
2023-06-06 19:45,Freshwater,15,305.524694
2023-06-06 19:45,Freshwater,30,506.5707
2023-06-06 19:45,Freshwater,50,791.69766
2023-06-06 19:50,Control,5,572.0526644
2023-06-06 19:50,Control,15,725.3493
2023-06-06 19:50,Control,30,698.08906
2023-06-06 19:50,Control,50,783.99085
2023-06-06 19:50,Saltwater,5,545.4699667
2023-06-06 19:50,Saltwater,15,631.9217
2023-06-06 19:50,Saltwater,30,715.5758533
2023-06-06 19:50,Saltwater,50,768.1199733
2023-06-06 19:50,Freshwater,5,405.73318
2023-06-06 19:50,Freshwater,15,304.169308
2023-06-06 19:50,Freshwater,30,506.0343133
2023-06-06 19:50,Freshwater,50,791.9885933
2023-06-06 19:55,Control,5,571.9374089
2023-06-06 19:55,Control,15,725.4222
2023-06-06 19:55,Control,30,698.16172
2023-06-06 19:55,Control,50,783.82505
2023-06-06 19:55,Saltwater,5,544.7923933
2023-06-06 19:55,Saltwater,15,631.14996
2023-06-06 19:55,Saltwater,30,715.1535667
2023-06-06 19:55,Saltwater,50,767.7650867
2023-06-06 19:55,Freshwater,5,406.8199
2023-06-06 19:55,Freshwater,15,302.401948
2023-06-06 19:55,Freshwater,30,506.1984267
2023-06-06 19:55,Freshwater,50,791.6418867
2023-06-06 20:00,Control,5,571.8444533
2023-06-06 20:00,Control,15,725.52686
2023-06-06 20:00,Control,30,698.19612
2023-06-06 20:00,Control,50,783.86545
2023-06-06 20:00,Saltwater,5,544.56022
2023-06-06 20:00,Saltwater,15,630.7559
2023-06-06 20:00,Saltwater,30,714.9388
2023-06-06 20:00,Saltwater,50,767.61798
2023-06-06 20:00,Freshwater,5,407.234038
2023-06-06 20:00,Freshwater,15,301.453394
2023-06-06 20:00,Freshwater,30,505.18364
2023-06-06 20:00,Freshwater,50,791.72376
2023-06-06 20:05,Control,5,571.8769333
2023-06-06 20:05,Control,15,725.59282
2023-06-06 20:05,Control,30,698.22802
2023-06-06 20:05,Control,50,783.7347
2023-06-06 20:05,Saltwater,5,544.1917333
2023-06-06 20:05,Saltwater,15,630.1515133
2023-06-06 20:05,Saltwater,30,714.5857067
2023-06-06 20:05,Saltwater,50,767.5055467
2023-06-06 20:05,Freshwater,5,410.4294527
2023-06-06 20:05,Freshwater,15,299.91725
2023-06-06 20:05,Freshwater,30,505.7510933
2023-06-06 20:05,Freshwater,50,791.6063333
2023-06-06 20:10,Control,5,571.9294933
2023-06-06 20:10,Control,15,725.61904
2023-06-06 20:10,Control,30,698.25284
2023-06-06 20:10,Control,50,783.8066
2023-06-06 20:10,Saltwater,5,543.9671267
2023-06-06 20:10,Saltwater,15,629.7183667
2023-06-06 20:10,Saltwater,30,714.7384133
2023-06-06 20:10,Saltwater,50,767.5876133
2023-06-06 20:10,Freshwater,5,410.3334433
2023-06-06 20:10,Freshwater,15,298.451292
2023-06-06 20:10,Freshwater,30,505.6460467
2023-06-06 20:10,Freshwater,50,791.1630867
2023-06-06 20:15,Control,5,571.8008533
2023-06-06 20:15,Control,15,725.76718
2023-06-06 20:15,Control,30,698.29784
2023-06-06 20:15,Control,50,783.90475
2023-06-06 20:15,Saltwater,5,543.5271
2023-06-06 20:15,Saltwater,15,629.17808
2023-06-06 20:15,Saltwater,30,714.48268
2023-06-06 20:15,Saltwater,50,767.33324
2023-06-06 20:15,Freshwater,5,410.20759
2023-06-06 20:15,Freshwater,15,296.715202
2023-06-06 20:15,Freshwater,30,504.96936
2023-06-06 20:15,Freshwater,50,791.5814
2023-06-06 20:20,Control,5,571.7846778
2023-06-06 20:20,Control,15,725.7327
2023-06-06 20:20,Control,30,698.2895622
2023-06-06 20:20,Control,50,783.8109972
2023-06-06 20:20,Saltwater,5,543.3978067
2023-06-06 20:20,Saltwater,15,628.6029933
2023-06-06 20:20,Saltwater,30,714.07062
2023-06-06 20:20,Saltwater,50,767.12714
2023-06-06 20:20,Freshwater,5,411.1426347
2023-06-06 20:20,Freshwater,15,294.9717965
2023-06-06 20:20,Freshwater,30,504.98132
2023-06-06 20:20,Freshwater,50,791.3531
2023-06-06 20:25,Control,5,571.8155822
2023-06-06 20:25,Control,15,725.81914
2023-06-06 20:25,Control,30,698.3329244
2023-06-06 20:25,Control,50,783.8659194
2023-06-06 20:25,Saltwater,5,542.8091333
2023-06-06 20:25,Saltwater,15,628.1105067
2023-06-06 20:25,Saltwater,30,713.80538
2023-06-06 20:25,Saltwater,50,766.92882
2023-06-06 20:25,Freshwater,5,411.0305973
2023-06-06 20:25,Freshwater,15,294.2505379
2023-06-06 20:25,Freshwater,30,504.49288
2023-06-06 20:25,Freshwater,50,791.68706
2023-06-06 20:30,Control,5,572.0004467
2023-06-06 20:30,Control,15,725.94982
2023-06-06 20:30,Control,30,698.2850067
2023-06-06 20:30,Control,50,783.7657417
2023-06-06 20:30,Saltwater,5,542.54964
2023-06-06 20:30,Saltwater,15,627.54332
2023-06-06 20:30,Saltwater,30,713.53928
2023-06-06 20:30,Saltwater,50,766.6991
2023-06-06 20:30,Freshwater,5,411.622842
2023-06-06 20:30,Freshwater,15,292.8118162
2023-06-06 20:30,Freshwater,30,504.33058
2023-06-06 20:30,Freshwater,50,791.58616
2023-06-06 20:35,Control,5,572.0712067
2023-06-06 20:35,Control,15,726.0216
2023-06-06 20:35,Control,30,698.3224667
2023-06-06 20:35,Control,50,783.8550167
2023-06-06 20:35,Saltwater,5,542.20108
2023-06-06 20:35,Saltwater,15,627.0206533
2023-06-06 20:35,Saltwater,30,713.17344
2023-06-06 20:35,Saltwater,50,766.63772
2023-06-06 20:35,Freshwater,5,413.2359173
2023-06-06 20:35,Freshwater,15,292.4793016
2023-06-06 20:35,Freshwater,30,505.22328
2023-06-06 20:35,Freshwater,50,791.2644
2023-06-06 20:40,Control,5,572.1466267
2023-06-06 20:40,Control,15,726.06588
2023-06-06 20:40,Control,30,698.4345267
2023-06-06 20:40,Control,50,783.8235417
2023-06-06 20:40,Saltwater,5,541.70514
2023-06-06 20:40,Saltwater,15,626.3905867
2023-06-06 20:40,Saltwater,30,712.80856
2023-06-06 20:40,Saltwater,50,766.27396
2023-06-06 20:40,Freshwater,5,412.7011147
2023-06-06 20:40,Freshwater,15,290.1389388
2023-06-06 20:40,Freshwater,30,503.59114
2023-06-06 20:40,Freshwater,50,791.6024
2023-06-06 20:45,Control,5,572.0447667
2023-06-06 20:45,Control,15,725.99846
2023-06-06 20:45,Control,30,698.4354467
2023-06-06 20:45,Control,50,783.7818667
2023-06-06 20:45,Saltwater,5,541.68596
2023-06-06 20:45,Saltwater,15,626.1688
2023-06-06 20:45,Saltwater,30,712.71518
2023-06-06 20:45,Saltwater,50,766.28386
2023-06-06 20:45,Freshwater,5,414.714942
2023-06-06 20:45,Freshwater,15,288.6821534
2023-06-06 20:45,Freshwater,30,503.65802
2023-06-06 20:45,Freshwater,50,791.19242
2023-06-06 20:50,Control,5,572.1440467
2023-06-06 20:50,Control,15,726.1065667
2023-06-06 20:50,Control,30,698.3968867
2023-06-06 20:50,Control,50,783.8621167
2023-06-06 20:50,Saltwater,5,541.34478
2023-06-06 20:50,Saltwater,15,625.6159133
2023-06-06 20:50,Saltwater,30,712.5664867
2023-06-06 20:50,Saltwater,50,766.1349067
2023-06-06 20:50,Freshwater,5,417.3066047
2023-06-06 20:50,Freshwater,15,287.1931771
2023-06-06 20:50,Freshwater,30,503.3483667
2023-06-06 20:50,Freshwater,50,791.2963067
2023-06-06 20:55,Control,5,572.1785667
2023-06-06 20:55,Control,15,726.1173333
2023-06-06 20:55,Control,30,698.4998867
2023-06-06 20:55,Control,50,783.7345917
2023-06-06 20:55,Saltwater,5,540.52984
2023-06-06 20:55,Saltwater,15,626.1938667
2023-06-06 20:55,Saltwater,30,711.8095333
2023-06-06 20:55,Saltwater,50,765.7195333
2023-06-06 20:55,Freshwater,5,420.5742633
2023-06-06 20:55,Freshwater,15,286.0766379
2023-06-06 20:55,Freshwater,30,502.9655533
2023-06-06 20:55,Freshwater,50,791.5597733
2023-06-06 21:00,Control,5,572.2852867
2023-06-06 21:00,Control,15,726.16772
2023-06-06 21:00,Control,30,698.5397067
2023-06-06 21:00,Control,50,783.6557667
2023-06-06 21:00,Saltwater,5,541.22602
2023-06-06 21:00,Saltwater,15,624.0886
2023-06-06 21:00,Saltwater,30,711.57924
2023-06-06 21:00,Saltwater,50,766.20772
2023-06-06 21:00,Freshwater,5,423.432736
2023-06-06 21:00,Freshwater,15,284.24593
2023-06-06 21:00,Freshwater,30,502.81868
2023-06-06 21:00,Freshwater,50,791.5815
2023-06-06 21:05,Control,5,572.3039489
2023-06-06 21:05,Control,15,726.1912
2023-06-06 21:05,Control,30,698.5295867
2023-06-06 21:05,Control,50,783.6438917
2023-06-06 21:05,Saltwater,5,540.30172
2023-06-06 21:05,Saltwater,15,625.3013667
2023-06-06 21:05,Saltwater,30,710.6880311
2023-06-06 21:05,Saltwater,50,765.2474311
2023-06-06 21:05,Freshwater,5,426.644452
2023-06-06 21:05,Freshwater,15,283.3197367
2023-06-06 21:05,Freshwater,30,501.8077267
2023-06-06 21:05,Freshwater,50,791.4918267
2023-06-06 21:10,Control,5,572.4005511
2023-06-06 21:10,Control,15,726.26242
2023-06-06 21:10,Control,30,698.6348067
2023-06-06 21:10,Control,50,783.8606417
2023-06-06 21:10,Saltwater,5,539.64712
2023-06-06 21:10,Saltwater,15,624.6333733
2023-06-06 21:10,Saltwater,30,711.1566622
2023-06-06 21:10,Saltwater,50,764.8959022
2023-06-06 21:10,Freshwater,5,430.15788
2023-06-06 21:10,Freshwater,15,281.8483733
2023-06-06 21:10,Freshwater,30,502.2186133
2023-06-06 21:10,Freshwater,50,791.5951533
2023-06-06 21:15,Control,5,572.3636933
2023-06-06 21:15,Control,15,726.40672
2023-06-06 21:15,Control,30,698.6077867
2023-06-06 21:15,Control,50,783.7408667
2023-06-06 21:15,Saltwater,5,539.24162
2023-06-06 21:15,Saltwater,15,623.77346
2023-06-06 21:15,Saltwater,30,710.5830533
2023-06-06 21:15,Saltwater,50,765.4827333
2023-06-06 21:15,Freshwater,5,435.537726
2023-06-06 21:15,Freshwater,15,280.410242
2023-06-06 21:15,Freshwater,30,502.04826
2023-06-06 21:15,Freshwater,50,791.35162
2023-06-06 21:20,Control,5,572.3866556
2023-06-06 21:20,Control,15,726.40208
2023-06-06 21:20,Control,30,698.7401467
2023-06-06 21:20,Control,50,783.7784917
2023-06-06 21:20,Saltwater,5,539.3028067
2023-06-06 21:20,Saltwater,15,622.9208067
2023-06-06 21:20,Saltwater,30,710.9687978
2023-06-06 21:20,Saltwater,50,765.4603578
2023-06-06 21:20,Freshwater,5,433.567712
2023-06-06 21:20,Freshwater,15,279.187154
2023-06-06 21:20,Freshwater,30,501.6709933
2023-06-06 21:20,Freshwater,50,791.4854733
2023-06-06 21:25,Control,5,572.2796978
2023-06-06 21:25,Control,15,726.47546
2023-06-06 21:25,Control,30,698.7790667
2023-06-06 21:25,Control,50,783.6558917
2023-06-06 21:25,Saltwater,5,539.2866733
2023-06-06 21:25,Saltwater,15,622.2273333
2023-06-06 21:25,Saltwater,30,710.9313022
2023-06-06 21:25,Saltwater,50,764.5696422
2023-06-06 21:25,Freshwater,5,429.999552
2023-06-06 21:25,Freshwater,15,277.114164
2023-06-06 21:25,Freshwater,30,501.4625067
2023-06-06 21:25,Freshwater,50,791.0732867
2023-06-06 21:30,Control,5,572.3356
2023-06-06 21:30,Control,15,726.46914
2023-06-06 21:30,Control,30,698.8756067
2023-06-06 21:30,Control,50,783.6061667
2023-06-06 21:30,Saltwater,5,539.03606
2023-06-06 21:30,Saltwater,15,621.91468
2023-06-06 21:30,Saltwater,30,710.6957467
2023-06-06 21:30,Saltwater,50,764.7440667
2023-06-06 21:30,Freshwater,5,426.058946
2023-06-06 21:30,Freshwater,15,276.332974
2023-06-06 21:30,Freshwater,30,501.1199
2023-06-06 21:30,Freshwater,50,791.54834
2023-06-06 21:35,Control,5,572.3963622
2023-06-06 21:35,Control,15,726.53802
2023-06-06 21:35,Control,30,698.9023089
2023-06-06 21:35,Control,50,783.5987889
2023-06-06 21:35,Saltwater,5,538.6058
2023-06-06 21:35,Saltwater,15,621.1579533
2023-06-06 21:35,Saltwater,30,710.4537111
2023-06-06 21:35,Saltwater,50,764.6042311
2023-06-06 21:35,Freshwater,5,424.2340053
2023-06-06 21:35,Freshwater,15,275.0709573
2023-06-06 21:35,Freshwater,30,500.7517267
2023-06-06 21:35,Freshwater,50,791.4529467
2023-06-06 21:40,Control,5,572.3849644
2023-06-06 21:40,Control,15,726.63564
2023-06-06 21:40,Control,30,698.8213511
2023-06-06 21:40,Control,50,783.6280361
2023-06-06 21:40,Saltwater,5,538.25202
2023-06-06 21:40,Saltwater,15,620.7526867
2023-06-06 21:40,Saltwater,30,706.8119956
2023-06-06 21:40,Saltwater,50,764.4100156
2023-06-06 21:40,Freshwater,5,422.8849667
2023-06-06 21:40,Freshwater,15,273.6391067
2023-06-06 21:40,Freshwater,30,500.7915133
2023-06-06 21:40,Freshwater,50,791.4597533
2023-06-06 21:45,Control,5,572.6915667
2023-06-06 21:45,Control,15,726.61142
2023-06-06 21:45,Control,30,698.9936933
2023-06-06 21:45,Control,50,783.6311583
2023-06-06 21:45,Saltwater,5,538.0305
2023-06-06 21:45,Saltwater,15,620.37626
2023-06-06 21:45,Saltwater,30,709.23758
2023-06-06 21:45,Saltwater,50,764.24278
2023-06-06 21:45,Freshwater,5,422.386682
2023-06-06 21:45,Freshwater,15,272.547362
2023-06-06 21:45,Freshwater,30,500.18718
2023-06-06 21:45,Freshwater,50,791.63966
2023-06-06 21:50,Control,5,572.7266267
2023-06-06 21:50,Control,15,726.6811
2023-06-06 21:50,Control,30,698.9948933
2023-06-06 21:50,Control,50,783.5898833
2023-06-06 21:50,Saltwater,5,537.6533
2023-06-06 21:50,Saltwater,15,619.5161333
2023-06-06 21:50,Saltwater,30,709.4688133
2023-06-06 21:50,Saltwater,50,763.9619133
2023-06-06 21:50,Freshwater,5,423.5103127
2023-06-06 21:50,Freshwater,15,270.8181747
2023-06-06 21:50,Freshwater,30,500.01368
2023-06-06 21:50,Freshwater,50,790.54494
2023-06-06 21:55,Control,5,572.8634467
2023-06-06 21:55,Control,15,726.71542
2023-06-06 21:55,Control,30,699.0975533
2023-06-06 21:55,Control,50,783.6754583
2023-06-06 21:55,Saltwater,5,536.55418
2023-06-06 21:55,Saltwater,15,619.3658667
2023-06-06 21:55,Saltwater,30,709.4189667
2023-06-06 21:55,Saltwater,50,763.9449867
2023-06-06 21:55,Freshwater,5,425.7938073
2023-06-06 21:55,Freshwater,15,269.6000273
2023-06-06 21:55,Freshwater,30,499.77818
2023-06-06 21:55,Freshwater,50,791.02556
2023-06-06 22:00,Control,5,573.0327267
2023-06-06 22:00,Control,15,726.84988
2023-06-06 22:00,Control,30,699.0954533
2023-06-06 22:00,Control,50,783.5875333
2023-06-06 22:00,Saltwater,5,536.76918
2023-06-06 22:00,Saltwater,15,618.99852
2023-06-06 22:00,Saltwater,30,709.36154
2023-06-06 22:00,Saltwater,50,763.7869
2023-06-06 22:00,Freshwater,5,428.076578
2023-06-06 22:00,Freshwater,15,268.687484
2023-06-06 22:00,Freshwater,30,499.57558
2023-06-06 22:00,Freshwater,50,791.63994
2023-06-06 22:05,Control,5,573.0993867
2023-06-06 22:05,Control,15,726.8354133
2023-06-06 22:05,Control,30,699.1272933
2023-06-06 22:05,Control,50,783.5420833
2023-06-06 22:05,Saltwater,5,536.7613333
2023-06-06 22:05,Saltwater,15,618.2488267
2023-06-06 22:05,Saltwater,30,709.22042
2023-06-06 22:05,Saltwater,50,763.50878
2023-06-06 22:05,Freshwater,5,430.4944087
2023-06-06 22:05,Freshwater,15,267.192194
2023-06-06 22:05,Freshwater,30,499.2991133
2023-06-06 22:05,Freshwater,50,791.4656133
2023-06-06 22:10,Control,5,573.2315067
2023-06-06 22:10,Control,15,726.9194867
2023-06-06 22:10,Control,30,699.0869733
2023-06-06 22:10,Control,50,783.5348583
2023-06-06 22:10,Saltwater,5,535.6652467
2023-06-06 22:10,Saltwater,15,619.4827533
2023-06-06 22:10,Saltwater,30,710.14262
2023-06-06 22:10,Saltwater,50,764.39694
2023-06-06 22:10,Freshwater,5,433.7277593
2023-06-06 22:10,Freshwater,15,266.138676
2023-06-06 22:10,Freshwater,30,498.4107067
2023-06-06 22:10,Freshwater,50,791.3588667
2023-06-06 22:15,Control,5,573.2041867
2023-06-06 22:15,Control,15,726.98568
2023-06-06 22:15,Control,30,699.1645533
2023-06-06 22:15,Control,50,783.5457083
2023-06-06 22:15,Saltwater,5,536.3146
2023-06-06 22:15,Saltwater,15,617.68634
2023-06-06 22:15,Saltwater,30,709.60552
2023-06-06 22:15,Saltwater,50,763.92908
2023-06-06 22:15,Freshwater,5,436.246174
2023-06-06 22:15,Freshwater,15,264.099282
2023-06-06 22:15,Freshwater,30,497.72466
2023-06-06 22:15,Freshwater,50,790.97704
2023-06-06 22:20,Control,5,573.2703067
2023-06-06 22:20,Control,15,727.05084
2023-06-06 22:20,Control,30,699.2298933
2023-06-06 22:20,Control,50,783.5422083
2023-06-06 22:20,Saltwater,5,534.9471733
2023-06-06 22:20,Saltwater,15,616.5014867
2023-06-06 22:20,Saltwater,30,707.9396267
2023-06-06 22:20,Saltwater,50,763.1483067
2023-06-06 22:20,Freshwater,5,439.744554
2023-06-06 22:20,Freshwater,15,262.263694
2023-06-06 22:20,Freshwater,30,497.9212733
2023-06-06 22:20,Freshwater,50,790.8651933
2023-06-06 22:25,Control,5,573.2048267
2023-06-06 22:25,Control,15,727.02074
2023-06-06 22:25,Control,30,699.2679733
2023-06-06 22:25,Control,50,783.5894333
2023-06-06 22:25,Saltwater,5,535.1982267
2023-06-06 22:25,Saltwater,15,616.5634333
2023-06-06 22:25,Saltwater,30,707.2175133
2023-06-06 22:25,Saltwater,50,761.8465733
2023-06-06 22:25,Freshwater,5,444.063464
2023-06-06 22:25,Freshwater,15,262.468248
2023-06-06 22:25,Freshwater,30,498.1579467
2023-06-06 22:25,Freshwater,50,791.4114667
2023-06-06 22:30,Control,5,573.3419267
2023-06-06 22:30,Control,15,727.15798
2023-06-06 22:30,Control,30,699.3367933
2023-06-06 22:30,Control,50,783.6327333
2023-06-06 22:30,Saltwater,5,535.4489
2023-06-06 22:30,Saltwater,15,616.38602
2023-06-06 22:30,Saltwater,30,708.3715
2023-06-06 22:30,Saltwater,50,762.69386
2023-06-06 22:30,Freshwater,5,448.242674
2023-06-06 22:30,Freshwater,15,261.176618
2023-06-06 22:30,Freshwater,30,497.84624
2023-06-06 22:30,Freshwater,50,791.0306
2023-06-06 22:35,Control,5,573.4786267
2023-06-06 22:35,Control,15,727.1801933
2023-06-06 22:35,Control,30,699.4393133
2023-06-06 22:35,Control,50,783.6327333
2023-06-06 22:35,Saltwater,5,535.2564667
2023-06-06 22:35,Saltwater,15,615.9177
2023-06-06 22:35,Saltwater,30,708.0806867
2023-06-06 22:35,Saltwater,50,762.4725067
2023-06-06 22:35,Freshwater,5,499.6722653
2023-06-06 22:35,Freshwater,15,259.9921927
2023-06-06 22:35,Freshwater,30,497.6485267
2023-06-06 22:35,Freshwater,50,791.4121067
2023-06-06 22:40,Control,5,573.4444467
2023-06-06 22:40,Control,15,727.2024067
2023-06-06 22:40,Control,30,699.4393133
2023-06-06 22:40,Control,50,783.5900083
2023-06-06 22:40,Saltwater,5,535.2312533
2023-06-06 22:40,Saltwater,15,615.6157
2023-06-06 22:40,Saltwater,30,707.6139933
2023-06-06 22:40,Saltwater,50,762.1771133
2023-06-06 22:40,Freshwater,5,506.5809147
2023-06-06 22:40,Freshwater,15,259.2153473
2023-06-06 22:40,Freshwater,30,497.1437133
2023-06-06 22:40,Freshwater,50,791.4512533
2023-06-06 22:45,Control,5,573.4747067
2023-06-06 22:45,Control,15,727.18486
2023-06-06 22:45,Control,30,699.4682333
2023-06-06 22:45,Control,50,783.5411583
2023-06-06 22:45,Saltwater,5,534.52066
2023-06-06 22:45,Saltwater,15,614.69596
2023-06-06 22:45,Saltwater,30,708.06426
2023-06-06 22:45,Saltwater,50,761.77454
2023-06-06 22:45,Freshwater,5,513.895492
2023-06-06 22:45,Freshwater,15,258.03042
2023-06-06 22:45,Freshwater,30,497.011
2023-06-06 22:45,Freshwater,50,791.35086
2023-06-06 22:50,Control,5,573.4781267
2023-06-06 22:50,Control,15,727.29224
2023-06-06 22:50,Control,30,699.5411733
2023-06-06 22:50,Control,50,783.4610583
2023-06-06 22:50,Saltwater,5,533.7798667
2023-06-06 22:50,Saltwater,15,615.43508
2023-06-06 22:50,Saltwater,30,707.0557333
2023-06-06 22:50,Saltwater,50,760.7985733
2023-06-06 22:50,Freshwater,5,514.6834187
2023-06-06 22:50,Freshwater,15,257.011118
2023-06-06 22:50,Freshwater,30,496.43464
2023-06-06 22:50,Freshwater,50,791.3877
2023-06-06 22:55,Control,5,573.6787067
2023-06-06 22:55,Control,15,727.32008
2023-06-06 22:55,Control,30,699.5693933
2023-06-06 22:55,Control,50,783.4967833
2023-06-06 22:55,Saltwater,5,532.5343333
2023-06-06 22:55,Saltwater,15,614.57934
2023-06-06 22:55,Saltwater,30,706.3652667
2023-06-06 22:55,Saltwater,50,762.8375067
2023-06-06 22:55,Freshwater,5,524.9517713
2023-06-06 22:55,Freshwater,15,255.685732
2023-06-06 22:55,Freshwater,30,495.95906
2023-06-06 22:55,Freshwater,50,791.32012
2023-06-06 23:00,Control,5,573.6146667
2023-06-06 23:00,Control,15,727.42876
2023-06-06 23:00,Control,30,699.6093733
2023-06-06 23:00,Control,50,783.3327583
2023-06-06 23:00,Saltwater,5,532.63124
2023-06-06 23:00,Saltwater,15,614.31828
2023-06-06 23:00,Saltwater,30,706.37506
2023-06-06 23:00,Saltwater,50,762.4054
2023-06-06 23:00,Freshwater,5,532.637124
2023-06-06 23:00,Freshwater,15,254.224398
2023-06-06 23:00,Freshwater,30,495.92504
2023-06-06 23:00,Freshwater,50,790.60642
2023-06-06 23:05,Control,5,573.7178267
2023-06-06 23:05,Control,15,727.5663
2023-06-06 23:05,Control,30,699.7127133
2023-06-06 23:05,Control,50,783.5472833
2023-06-06 23:05,Saltwater,5,533.04482
2023-06-06 23:05,Saltwater,15,614.45986
2023-06-06 23:05,Saltwater,30,706.65432
2023-06-06 23:05,Saltwater,50,761.25216
2023-06-06 23:05,Freshwater,5,533.8653727
2023-06-06 23:05,Freshwater,15,253.306818
2023-06-06 23:05,Freshwater,30,495.5124533
2023-06-06 23:05,Freshwater,50,791.3493133
2023-06-06 23:10,Control,5,573.9229067
2023-06-06 23:10,Control,15,727.49802
2023-06-06 23:10,Control,30,699.7810933
2023-06-06 23:10,Control,50,783.5472833
2023-06-06 23:10,Saltwater,5,533.51986
2023-06-06 23:10,Saltwater,15,613.09162
2023-06-06 23:10,Saltwater,30,707.43502
2023-06-06 23:10,Saltwater,50,761.0429
2023-06-06 23:10,Freshwater,5,534.3459273
2023-06-06 23:10,Freshwater,15,252.151326
2023-06-06 23:10,Freshwater,30,495.4057267
2023-06-06 23:10,Freshwater,50,791.2765667
2023-06-06 23:15,Control,5,574.0254667
2023-06-06 23:15,Control,15,727.60052
2023-06-06 23:15,Control,30,699.7810933
2023-06-06 23:15,Control,50,783.5045583
2023-06-06 23:15,Saltwater,5,532.56734
2023-06-06 23:15,Saltwater,15,612.85634
2023-06-06 23:15,Saltwater,30,706.79114
2023-06-06 23:15,Saltwater,50,761.35494
2023-06-06 23:15,Freshwater,5,534.5886
2023-06-06 23:15,Freshwater,15,250.656004
2023-06-06 23:15,Freshwater,30,495.02712
2023-06-06 23:15,Freshwater,50,791.20378
2023-06-06 23:20,Control,5,574.1200089
2023-06-06 23:20,Control,15,727.6910733
2023-06-06 23:20,Control,30,699.8414956
2023-06-06 23:20,Control,50,783.4966056
2023-06-06 23:20,Saltwater,5,532.70994
2023-06-06 23:20,Saltwater,15,612.64136
2023-06-06 23:20,Saltwater,30,706.60792
2023-06-06 23:20,Saltwater,50,761.0338
2023-06-06 23:20,Freshwater,5,540.9145607
2023-06-06 23:20,Freshwater,15,249.8791327
2023-06-06 23:20,Freshwater,30,493.7988533
2023-06-06 23:20,Freshwater,50,791.1990133
2023-06-06 23:25,Control,5,574.2487311
2023-06-06 23:25,Control,15,727.6107667
2023-06-06 23:25,Control,30,699.8335178
2023-06-06 23:25,Control,50,783.4458778
2023-06-06 23:25,Saltwater,5,532.63062
2023-06-06 23:25,Saltwater,15,612.31092
2023-06-06 23:25,Saltwater,30,706.45056
2023-06-06 23:25,Saltwater,50,760.8779
2023-06-06 23:25,Freshwater,5,544.7935893
2023-06-06 23:25,Freshwater,15,248.6944593
2023-06-06 23:25,Freshwater,30,494.0659467
2023-06-06 23:25,Freshwater,50,791.0922467
2023-06-06 23:30,Control,5,574.2407533
2023-06-06 23:30,Control,15,727.5988
2023-06-06 23:30,Control,30,699.8597
2023-06-06 23:30,Control,50,783.352475
2023-06-06 23:30,Saltwater,5,532.5041
2023-06-06 23:30,Saltwater,15,611.93014
2023-06-06 23:30,Saltwater,30,706.30742
2023-06-06 23:30,Saltwater,50,760.3587
2023-06-06 23:30,Freshwater,5,545.4100916
2023-06-06 23:30,Freshwater,15,247.475798
2023-06-06 23:30,Freshwater,30,493.8233
2023-06-06 23:30,Freshwater,50,791.01948
2023-06-06 23:35,Control,5,574.3432733
2023-06-06 23:35,Control,15,727.70132
2023-06-06 23:35,Control,30,699.89388
2023-06-06 23:35,Control,50,783.3952
2023-06-06 23:35,Saltwater,5,532.3408667
2023-06-06 23:35,Saltwater,15,611.5627667
2023-06-06 23:35,Saltwater,30,706.1114267
2023-06-06 23:35,Saltwater,50,760.5043667
2023-06-06 23:35,Freshwater,5,546.0945911
2023-06-06 23:35,Freshwater,15,246.626186
2023-06-06 23:35,Freshwater,30,493.5514
2023-06-06 23:35,Freshwater,50,791.15546
2023-06-06 23:40,Control,5,574.2040533
2023-06-06 23:40,Control,15,727.80034
2023-06-06 23:40,Control,30,699.92468
2023-06-06 23:40,Control,50,783.3486
2023-06-06 23:40,Saltwater,5,532.0070933
2023-06-06 23:40,Saltwater,15,611.1955333
2023-06-06 23:40,Saltwater,30,706.0179733
2023-06-06 23:40,Saltwater,50,760.3430933
2023-06-06 23:40,Freshwater,5,546.6431189
2023-06-06 23:40,Freshwater,15,245.436728
2023-06-06 23:40,Freshwater,30,493.24554
2023-06-06 23:40,Freshwater,50,790.84958
2023-06-06 23:45,Control,5,574.0353933
2023-06-06 23:45,Control,15,727.76928
2023-06-06 23:45,Control,30,699.99604
2023-06-06 23:45,Control,50,783.35205
2023-06-06 23:45,Saltwater,5,531.86622
2023-06-06 23:45,Saltwater,15,610.81358
2023-06-06 23:45,Saltwater,30,705.83804
2023-06-06 23:45,Saltwater,50,760.16164
2023-06-06 23:45,Freshwater,5,546.6478894
2023-06-06 23:45,Freshwater,15,244.858988
2023-06-06 23:45,Freshwater,30,492.93966
2023-06-06 23:45,Freshwater,50,791.15544
2023-06-06 23:50,Control,5,574.2699733
2023-06-06 23:50,Control,15,727.83104
2023-06-06 23:50,Control,30,700.02396
2023-06-06 23:50,Control,50,783.30205
2023-06-06 23:50,Saltwater,5,531.4477667
2023-06-06 23:50,Saltwater,15,610.27506
2023-06-06 23:50,Saltwater,30,705.5402
2023-06-06 23:50,Saltwater,50,759.8989
2023-06-06 23:50,Freshwater,5,546.2544634
2023-06-06 23:50,Freshwater,15,245.470716
2023-06-06 23:50,Freshwater,30,492.32794
2023-06-06 23:50,Freshwater,50,790.50974
2023-06-06 23:55,Control,5,574.0643133
2023-06-06 23:55,Control,15,727.86432
2023-06-06 23:55,Control,30,700.05728
2023-06-06 23:55,Control,50,783.34375
2023-06-06 23:55,Saltwater,5,531.6933133
2023-06-06 23:55,Saltwater,15,610.4984
2023-06-06 23:55,Saltwater,30,705.69162
2023-06-06 23:55,Saltwater,50,760.08234
2023-06-06 23:55,Freshwater,5,546.4387376
2023-06-06 23:55,Freshwater,15,270.31353
2023-06-06 23:55,Freshwater,30,492.90566
2023-06-06 23:55,Freshwater,50,791.80114
2023-06-07 00:00,Control,5,574.3084333
2023-06-07 00:00,Control,15,727.90544
2023-06-07 00:00,Control,30,700.1322
2023-06-07 00:00,Control,50,783.3514
2023-06-07 00:00,Saltwater,5,531.3486
2023-06-07 00:00,Saltwater,15,609.8985
2023-06-07 00:00,Saltwater,30,705.12918
2023-06-07 00:00,Saltwater,50,759.76074
2023-06-07 00:00,Freshwater,5,545.8073858
2023-06-07 00:00,Freshwater,15,282.174186
2023-06-07 00:00,Freshwater,30,491.92014
2023-06-07 00:00,Freshwater,50,791.4613
2023-06-07 00:05,Control,5,574.2748933
2023-06-07 00:05,Control,15,728.04306
2023-06-07 00:05,Control,30,700.2014
2023-06-07 00:05,Control,50,783.395175
2023-06-07 00:05,Saltwater,5,531.2105
2023-06-07 00:05,Saltwater,15,609.5600867
2023-06-07 00:05,Saltwater,30,705.0926
2023-06-07 00:05,Saltwater,50,759.55328
2023-06-07 00:05,Freshwater,5,545.9433424
2023-06-07 00:05,Freshwater,15,287.5341807
2023-06-07 00:05,Freshwater,30,491.68222
2023-06-07 00:05,Freshwater,50,791.4613
2023-06-07 00:10,Control,5,574.1972533
2023-06-07 00:10,Control,15,727.96148
2023-06-07 00:10,Control,30,700.2231
2023-06-07 00:10,Control,50,783.337825
2023-06-07 00:10,Saltwater,5,530.80102
2023-06-07 00:10,Saltwater,15,609.2577533
2023-06-07 00:10,Saltwater,30,705.02436
2023-06-07 00:10,Saltwater,50,759.34854
2023-06-07 00:10,Freshwater,5,546.860907
2023-06-07 00:10,Freshwater,15,297.3462153
2023-06-07 00:10,Freshwater,30,492.32798
2023-06-07 00:10,Freshwater,50,791.05348
2023-06-07 00:15,Control,5,574.2395333
2023-06-07 00:15,Control,15,728.07558
2023-06-07 00:15,Control,30,700.2682
2023-06-07 00:15,Control,50,783.26515
2023-06-07 00:15,Saltwater,5,530.59692
2023-06-07 00:15,Saltwater,15,608.64912
2023-06-07 00:15,Saltwater,30,704.61588
2023-06-07 00:15,Saltwater,50,758.8719
2023-06-07 00:15,Freshwater,5,544.7538706
2023-06-07 00:15,Freshwater,15,304.541362
2023-06-07 00:15,Freshwater,30,490.83262
2023-06-07 00:15,Freshwater,50,791.12146
2023-06-07 00:20,Control,5,574.2024733
2023-06-07 00:20,Control,15,728.2082
2023-06-07 00:20,Control,30,700.40102
2023-06-07 00:20,Control,50,783.26065
2023-06-07 00:20,Saltwater,5,531.67386
2023-06-07 00:20,Saltwater,15,610.0588467
2023-06-07 00:20,Saltwater,30,704.79376
2023-06-07 00:20,Saltwater,50,759.5966
2023-06-07 00:20,Freshwater,5,544.8946067
2023-06-07 00:20,Freshwater,15,312.9404047
2023-06-07 00:20,Freshwater,30,490.5995067
2023-06-07 00:20,Freshwater,50,790.9903067
2023-06-07 00:25,Control,5,574.1376933
2023-06-07 00:25,Control,15,728.21328
2023-06-07 00:25,Control,30,700.37164
2023-06-07 00:25,Control,50,783.223525
2023-06-07 00:25,Saltwater,5,530.15182
2023-06-07 00:25,Saltwater,15,608.2881733
2023-06-07 00:25,Saltwater,30,704.41714
2023-06-07 00:25,Saltwater,50,758.81034
2023-06-07 00:25,Freshwater,5,544.5898953
2023-06-07 00:25,Freshwater,15,322.6636053
2023-06-07 00:25,Freshwater,30,490.3973733
2023-06-07 00:25,Freshwater,50,790.9547933
2023-06-07 00:30,Control,5,574.1723933
2023-06-07 00:30,Control,15,728.3165
2023-06-07 00:30,Control,30,700.50904
2023-06-07 00:30,Control,50,783.309775
2023-06-07 00:30,Saltwater,5,530.09496
2023-06-07 00:30,Saltwater,15,608.05036
2023-06-07 00:30,Saltwater,30,704.34426
2023-06-07 00:30,Saltwater,50,758.66868
2023-06-07 00:30,Freshwater,5,544.156039
2023-06-07 00:30,Freshwater,15,328.58275
2023-06-07 00:30,Freshwater,30,488.97742
2023-06-07 00:30,Freshwater,50,790.9311
2023-06-07 00:35,Control,5,574.1793511
2023-06-07 00:35,Control,15,728.24672
2023-06-07 00:35,Control,30,700.5338822
2023-06-07 00:35,Control,50,783.2147472
2023-06-07 00:35,Saltwater,5,529.9330467
2023-06-07 00:35,Saltwater,15,607.74816
2023-06-07 00:35,Saltwater,30,704.3113933
2023-06-07 00:35,Saltwater,50,758.6364933
2023-06-07 00:35,Freshwater,5,544.0253573
2023-06-07 00:35,Freshwater,15,332.966956
2023-06-07 00:35,Freshwater,30,489.38562
2023-06-07 00:35,Freshwater,50,790.99988
2023-06-07 00:40,Control,5,574.1882489
2023-06-07 00:40,Control,15,728.38472
2023-06-07 00:40,Control,30,700.5954844
2023-06-07 00:40,Control,50,783.1655444
2023-06-07 00:40,Saltwater,5,529.2205933
2023-06-07 00:40,Saltwater,15,606.99666
2023-06-07 00:40,Saltwater,30,703.8620867
2023-06-07 00:40,Saltwater,50,758.0847067
2023-06-07 00:40,Freshwater,5,543.3164511
2023-06-07 00:40,Freshwater,15,334.496264
2023-06-07 00:40,Freshwater,30,489.18172
2023-06-07 00:40,Freshwater,50,790.76198
2023-06-07 00:45,Control,5,574.2294867
2023-06-07 00:45,Control,15,728.34924
2023-06-07 00:45,Control,30,700.5862867
2023-06-07 00:45,Control,50,783.2415167
2023-06-07 00:45,Saltwater,5,529.1241
2023-06-07 00:45,Saltwater,15,607.30508
2023-06-07 00:45,Saltwater,30,703.82482
2023-06-07 00:45,Saltwater,50,758.2182
2023-06-07 00:45,Freshwater,5,542.70952
2023-06-07 00:45,Freshwater,15,337.316982
2023-06-07 00:45,Freshwater,30,488.70594
2023-06-07 00:45,Freshwater,50,790.89794
2023-06-07 00:50,Control,5,574.2304067
2023-06-07 00:50,Control,15,728.55562
2023-06-07 00:50,Control,30,700.6820489
2023-06-07 00:50,Control,50,783.1495889
2023-06-07 00:50,Saltwater,5,528.7338467
2023-06-07 00:50,Saltwater,15,606.9346267
2023-06-07 00:50,Saltwater,30,703.7519333
2023-06-07 00:50,Saltwater,50,758.0771333
2023-06-07 00:50,Freshwater,5,542.5831499
2023-06-07 00:50,Freshwater,15,339.322094
2023-06-07 00:50,Freshwater,30,488.3613133
2023-06-07 00:50,Freshwater,50,790.6552333
2023-06-07 00:55,Control,5,574.2646667
2023-06-07 00:55,Control,15,728.48742
2023-06-07 00:55,Control,30,700.7083711
2023-06-07 00:55,Control,50,783.1417111
2023-06-07 00:55,Saltwater,5,528.8536133
2023-06-07 00:55,Saltwater,15,606.4936533
2023-06-07 00:55,Saltwater,30,703.5055667
2023-06-07 00:55,Saltwater,50,757.7280867
2023-06-07 00:55,Freshwater,5,542.0150107
2023-06-07 00:55,Freshwater,15,344.011978
2023-06-07 00:55,Freshwater,30,488.0166467
2023-06-07 00:55,Freshwater,50,790.8883267
2023-06-07 01:00,Control,5,574.3936067
2023-06-07 01:00,Control,15,728.40798
2023-06-07 01:00,Control,30,700.6899533
2023-06-07 01:00,Control,50,783.2497083
2023-06-07 01:00,Saltwater,5,528.2601
2023-06-07 01:00,Saltwater,15,606.19326
2023-06-07 01:00,Saltwater,30,703.26432
2023-06-07 01:00,Saltwater,50,757.55536
2023-06-07 01:00,Freshwater,5,541.514802
2023-06-07 01:00,Freshwater,15,346.017086
2023-06-07 01:00,Freshwater,30,487.36618
2023-06-07 01:00,Freshwater,50,790.88354
2023-06-07 01:05,Control,5,574.3400044
2023-06-07 01:05,Control,15,728.65686
2023-06-07 01:05,Control,30,700.8357533
2023-06-07 01:05,Control,50,783.1748583
2023-06-07 01:05,Saltwater,5,528.0253467
2023-06-07 01:05,Saltwater,15,605.8265933
2023-06-07 01:05,Saltwater,30,703.1219533
2023-06-07 01:05,Saltwater,50,757.4811333
2023-06-07 01:05,Freshwater,5,540.9418347
2023-06-07 01:05,Freshwater,15,348.531936
2023-06-07 01:05,Freshwater,30,487.29818
2023-06-07 01:05,Freshwater,50,790.78162
2023-06-07 01:10,Control,5,574.3047022
2023-06-07 01:10,Control,15,728.67808
2023-06-07 01:10,Control,30,700.7892933
2023-06-07 01:10,Control,50,783.2032583
2023-06-07 01:10,Saltwater,5,527.7920533
2023-06-07 01:10,Saltwater,15,605.5300667
2023-06-07 01:10,Saltwater,30,703.0501867
2023-06-07 01:10,Saltwater,50,757.2388867
2023-06-07 01:10,Freshwater,5,540.0970133
2023-06-07 01:10,Freshwater,15,349.99328
2023-06-07 01:10,Freshwater,30,486.48258
2023-06-07 01:10,Freshwater,50,790.88356
2023-06-07 01:15,Control,5,574.2873
2023-06-07 01:15,Control,15,728.65644
2023-06-07 01:15,Control,30,700.9378933
2023-06-07 01:15,Control,50,783.1744583
2023-06-07 01:15,Saltwater,5,527.79692
2023-06-07 01:15,Saltwater,15,605.5056
2023-06-07 01:15,Saltwater,30,702.87492
2023-06-07 01:15,Saltwater,50,757.06362
2023-06-07 01:15,Freshwater,5,539.774526
2023-06-07 01:15,Freshwater,15,350.236482
2023-06-07 01:15,Freshwater,30,486.3571
2023-06-07 01:15,Freshwater,50,790.76974
2023-06-07 01:20,Control,5,574.2019356
2023-06-07 01:20,Control,15,728.6803333
2023-06-07 01:20,Control,30,700.9053133
2023-06-07 01:20,Control,50,783.1335333
2023-06-07 01:20,Saltwater,5,527.4359
2023-06-07 01:20,Saltwater,15,605.06202
2023-06-07 01:20,Saltwater,30,702.7479933
2023-06-07 01:20,Saltwater,50,756.9025533
2023-06-07 01:20,Freshwater,5,539.5069573
2023-06-07 01:20,Freshwater,15,350.778046
2023-06-07 01:20,Freshwater,30,486.2119933
2023-06-07 01:20,Freshwater,50,789.9740533
2023-06-07 01:25,Control,5,574.1496311
2023-06-07 01:25,Control,15,728.7368867
2023-06-07 01:25,Control,30,701.0079733
2023-06-07 01:25,Control,50,783.1764583
2023-06-07 01:25,Saltwater,5,527.45028
2023-06-07 01:25,Saltwater,15,604.75488
2023-06-07 01:25,Saltwater,30,702.6210667
2023-06-07 01:25,Saltwater,50,756.7756667
2023-06-07 01:25,Freshwater,5,538.8985167
2023-06-07 01:25,Freshwater,15,352.10079
2023-06-07 01:25,Freshwater,30,485.6242467
2023-06-07 01:25,Freshwater,50,790.8078467
2023-06-07 01:30,Control,5,574.2339467
2023-06-07 01:30,Control,15,728.89578
2023-06-07 01:30,Control,30,701.0421733
2023-06-07 01:30,Control,50,783.0910333
2023-06-07 01:30,Saltwater,5,527.1234
2023-06-07 01:30,Saltwater,15,604.37954
2023-06-07 01:30,Saltwater,30,702.35764
2023-06-07 01:30,Saltwater,50,756.54634
2023-06-07 01:30,Freshwater,5,538.40105
2023-06-07 01:30,Freshwater,15,354.039112
2023-06-07 01:30,Freshwater,30,485.31586
2023-06-07 01:30,Freshwater,50,790.73992
2023-06-07 01:35,Control,5,574.3022867
2023-06-07 01:35,Control,15,728.8616
2023-06-07 01:35,Control,30,701.1446933
2023-06-07 01:35,Control,50,783.0483083
2023-06-07 01:35,Saltwater,5,526.96712
2023-06-07 01:35,Saltwater,15,604.20888
2023-06-07 01:35,Saltwater,30,702.25526
2023-06-07 01:35,Saltwater,50,756.44398
2023-06-07 01:35,Freshwater,5,539.3272893
2023-06-07 01:35,Freshwater,15,352.98518
2023-06-07 01:35,Freshwater,30,484.8393
2023-06-07 01:35,Freshwater,50,790.73828
2023-06-07 01:40,Control,5,574.2339667
2023-06-07 01:40,Control,15,728.82744
2023-06-07 01:40,Control,30,701.1105133
2023-06-07 01:40,Control,50,783.1337333
2023-06-07 01:40,Saltwater,5,526.7085
2023-06-07 01:40,Saltwater,15,603.83354
2023-06-07 01:40,Saltwater,30,701.9823
2023-06-07 01:40,Saltwater,50,756.10272
2023-06-07 01:40,Freshwater,5,538.1508487
2023-06-07 01:40,Freshwater,15,353.258562
2023-06-07 01:40,Freshwater,30,483.75466
2023-06-07 01:40,Freshwater,50,790.64242
2023-06-07 01:45,Control,5,574.2290267
2023-06-07 01:45,Control,15,728.95716
2023-06-07 01:45,Control,30,701.1722333
2023-06-07 01:45,Control,50,783.0832833
2023-06-07 01:45,Saltwater,5,526.41576
2023-06-07 01:45,Saltwater,15,603.62882
2023-06-07 01:45,Saltwater,30,701.84578
2023-06-07 01:45,Saltwater,50,756.0686
2023-06-07 01:45,Freshwater,5,537.888738
2023-06-07 01:45,Freshwater,15,354.312162
2023-06-07 01:45,Freshwater,30,484.09468
2023-06-07 01:45,Freshwater,50,790.64274
2023-06-07 01:50,Control,5,574.3622267
2023-06-07 01:50,Control,15,728.9059733
2023-06-07 01:50,Control,30,701.0991533
2023-06-07 01:50,Control,50,783.1631833
2023-06-07 01:50,Saltwater,5,525.8793133
2023-06-07 01:50,Saltwater,15,603.3947267
2023-06-07 01:50,Saltwater,30,701.67518
2023-06-07 01:50,Saltwater,50,755.7956
2023-06-07 01:50,Freshwater,5,536.597284
2023-06-07 01:50,Freshwater,15,354.8947007
2023-06-07 01:50,Freshwater,30,483.6432867
2023-06-07 01:50,Freshwater,50,790.2593267
2023-06-07 01:55,Control,5,574.2670667
2023-06-07 01:55,Control,15,729.0411867
2023-06-07 01:55,Control,30,701.1774533
2023-06-07 01:55,Control,50,783.2175083
2023-06-07 01:55,Saltwater,5,525.8206667
2023-06-07 01:55,Saltwater,15,603.0582533
2023-06-07 01:55,Saltwater,30,701.60692
2023-06-07 01:55,Saltwater,50,755.69324
2023-06-07 01:55,Freshwater,5,535.70314
2023-06-07 01:55,Freshwater,15,354.9098713
2023-06-07 01:55,Freshwater,30,483.3134533
2023-06-07 01:55,Freshwater,50,790.6994333
2023-06-07 02:00,Control,5,574.2680067
2023-06-07 02:00,Control,15,729.13316
2023-06-07 02:00,Control,30,701.1445733
2023-06-07 02:00,Control,50,782.9627333
2023-06-07 02:00,Saltwater,5,525.86434
2023-06-07 02:00,Saltwater,15,602.79006
2023-06-07 02:00,Saltwater,30,701.33396
2023-06-07 02:00,Saltwater,50,755.38614
2023-06-07 02:00,Freshwater,5,534.97576
2023-06-07 02:00,Freshwater,15,354.09294
2023-06-07 02:00,Freshwater,30,482.88462
2023-06-07 02:00,Freshwater,50,790.25762
2023-06-07 02:05,Control,5,574.3706467
2023-06-07 02:05,Control,15,729.09912
2023-06-07 02:05,Control,30,701.2130733
2023-06-07 02:05,Control,50,783.1337583
2023-06-07 02:05,Saltwater,5,525.53748
2023-06-07 02:05,Saltwater,15,602.4194867
2023-06-07 02:05,Saltwater,30,700.95856
2023-06-07 02:05,Saltwater,50,755.24964
2023-06-07 02:05,Freshwater,5,530.5104313
2023-06-07 02:05,Freshwater,15,354.4766187
2023-06-07 02:05,Freshwater,30,482.3552067
2023-06-07 02:05,Freshwater,50,790.6567467
2023-06-07 02:10,Control,5,574.3706467
2023-06-07 02:10,Control,15,729.09912
2023-06-07 02:10,Control,30,701.2472333
2023-06-07 02:10,Control,50,783.0055833
2023-06-07 02:10,Saltwater,5,525.62012
2023-06-07 02:10,Saltwater,15,602.3560333
2023-06-07 02:10,Saltwater,30,700.78794
2023-06-07 02:10,Saltwater,50,755.11314
2023-06-07 02:10,Freshwater,5,530.1985887
2023-06-07 02:10,Freshwater,15,356.5476013
2023-06-07 02:10,Freshwater,30,481.8030133
2023-06-07 02:10,Freshwater,50,790.6333733
2023-06-07 02:15,Control,5,574.1304067
2023-06-07 02:15,Control,15,729.20024
2023-06-07 02:15,Control,30,701.2458533
2023-06-07 02:15,Control,50,783.1321583
2023-06-07 02:15,Saltwater,5,531.7085
2023-06-07 02:15,Saltwater,15,601.91722
2023-06-07 02:15,Saltwater,30,700.7197
2023-06-07 02:15,Saltwater,50,754.87428
2023-06-07 02:15,Freshwater,5,529.87281
2023-06-07 02:15,Freshwater,15,356.55445
2023-06-07 02:15,Freshwater,30,481.64172
2023-06-07 02:15,Freshwater,50,790.47642
2023-06-07 02:20,Control,5,574.2668844
2023-06-07 02:20,Control,15,729.29104
2023-06-07 02:20,Control,30,701.2689533
2023-06-07 02:20,Control,50,783.0338083
2023-06-07 02:20,Saltwater,5,535.3986467
2023-06-07 02:20,Saltwater,15,601.81484
2023-06-07 02:20,Saltwater,30,700.4760533
2023-06-07 02:20,Saltwater,50,754.8353533
2023-06-07 02:20,Freshwater,5,529.3139213
2023-06-07 02:20,Freshwater,15,357.102498
2023-06-07 02:20,Freshwater,30,481.00384
2023-06-07 02:20,Freshwater,50,790.69724
2023-06-07 02:25,Control,5,574.3108622
2023-06-07 02:25,Control,15,729.29364
2023-06-07 02:25,Control,30,701.3055933
2023-06-07 02:25,Control,50,783.0366833
2023-06-07 02:25,Saltwater,5,536.3248133
2023-06-07 02:25,Saltwater,15,601.43946
2023-06-07 02:25,Saltwater,30,700.3006467
2023-06-07 02:25,Saltwater,50,754.4893467
2023-06-07 02:25,Freshwater,5,529.7698707
2023-06-07 02:25,Freshwater,15,356.866652
2023-06-07 02:25,Freshwater,30,480.46384
2023-06-07 02:25,Freshwater,50,790.56952
2023-06-07 02:30,Control,5,574.4278
2023-06-07 02:30,Control,15,729.26868
2023-06-07 02:30,Control,30,701.4168533
2023-06-07 02:30,Control,50,783.0041333
2023-06-07 02:30,Saltwater,5,537.18268
2023-06-07 02:30,Saltwater,15,601.23474
2023-06-07 02:30,Saltwater,30,700.32996
2023-06-07 02:30,Saltwater,50,754.34806
2023-06-07 02:30,Freshwater,5,529.800924
2023-06-07 02:30,Freshwater,15,356.758972
2023-06-07 02:30,Freshwater,30,480.31736
2023-06-07 02:30,Freshwater,50,789.90108
2023-06-07 02:35,Control,5,574.59854
2023-06-07 02:35,Control,15,729.4735
2023-06-07 02:35,Control,30,701.4849733
2023-06-07 02:35,Control,50,783.0893083
2023-06-07 02:35,Saltwater,5,537.2629067
2023-06-07 02:35,Saltwater,15,600.9324067
2023-06-07 02:35,Saltwater,30,699.8474533
2023-06-07 02:35,Saltwater,50,754.1385333
2023-06-07 02:35,Freshwater,5,529.4360487
2023-06-07 02:35,Freshwater,15,358.1931447
2023-06-07 02:35,Freshwater,30,479.74312
2023-06-07 02:35,Freshwater,50,790.45246
2023-06-07 02:40,Control,5,574.72968
2023-06-07 02:40,Control,15,729.53392
2023-06-07 02:40,Control,30,701.4433133
2023-06-07 02:40,Control,50,783.0805583
2023-06-07 02:40,Saltwater,5,537.6843533
2023-06-07 02:40,Saltwater,15,600.6641933
2023-06-07 02:40,Saltwater,30,699.8426467
2023-06-07 02:40,Saltwater,50,753.9972267
2023-06-07 02:40,Freshwater,5,594.1475533
2023-06-07 02:40,Freshwater,15,356.6796713
2023-06-07 02:40,Freshwater,30,479.52578
2023-06-07 02:40,Freshwater,50,790.66682
2023-06-07 02:45,Control,5,574.79864
2023-06-07 02:45,Control,15,729.53476
2023-06-07 02:45,Control,30,701.5124533
2023-06-07 02:45,Control,50,782.9960333
2023-06-07 02:45,Saltwater,5,537.83284
2023-06-07 02:45,Saltwater,15,600.49838
2023-06-07 02:45,Saltwater,30,699.66726
2023-06-07 02:45,Saltwater,50,753.7877
2023-06-07 02:45,Freshwater,5,602.3685
2023-06-07 02:45,Freshwater,15,357.1568028
2023-06-07 02:45,Freshwater,30,478.90756
2023-06-07 02:45,Freshwater,50,790.44908
2023-06-07 02:50,Control,5,574.90648
2023-06-07 02:50,Control,15,729.50818
2023-06-07 02:50,Control,30,701.4512733
2023-06-07 02:50,Control,50,783.0043833
2023-06-07 02:50,Saltwater,5,537.84
2023-06-07 02:50,Saltwater,15,600.25952
2023-06-07 02:50,Saltwater,30,699.5696867
2023-06-07 02:50,Saltwater,50,753.4853867
2023-06-07 02:50,Freshwater,5,604.58048
2023-06-07 02:50,Freshwater,15,360.2896031
2023-06-07 02:50,Freshwater,30,478.16164
2023-06-07 02:50,Freshwater,50,790.62302
2023-06-07 02:55,Control,5,575.02914
2023-06-07 02:55,Control,15,729.65906
2023-06-07 02:55,Control,30,701.6374333
2023-06-07 02:55,Control,50,782.9823583
2023-06-07 02:55,Saltwater,5,537.84716
2023-06-07 02:55,Saltwater,15,600.12302
2023-06-07 02:55,Saltwater,30,699.5062333
2023-06-07 02:55,Saltwater,50,753.3878133
2023-06-07 02:55,Freshwater,5,605.837096
2023-06-07 02:55,Freshwater,15,361.3476743
2023-06-07 02:55,Freshwater,30,477.65118
2023-06-07 02:55,Freshwater,50,790.65562
2023-06-07 03:00,Control,5,575.20474
2023-06-07 03:00,Control,15,729.6658
2023-06-07 03:00,Control,30,701.6096133
2023-06-07 03:00,Control,50,782.9898083
2023-06-07 03:00,Saltwater,5,537.85436
2023-06-07 03:00,Saltwater,15,599.6453
2023-06-07 03:00,Saltwater,30,699.40864
2023-06-07 03:00,Saltwater,50,753.18784
2023-06-07 03:00,Freshwater,5,606.224064
2023-06-07 03:00,Freshwater,15,361.493393
2023-06-07 03:00,Freshwater,30,477.7279
2023-06-07 03:00,Freshwater,50,790.33484
2023-06-07 03:05,Control,5,575.3582178
2023-06-07 03:05,Control,15,729.84918
2023-06-07 03:05,Control,30,701.6214333
2023-06-07 03:05,Control,50,783.0035583
2023-06-07 03:05,Saltwater,5,538.1662467
2023-06-07 03:05,Saltwater,15,599.2746867
2023-06-07 03:05,Saltwater,30,699.3404
2023-06-07 03:05,Saltwater,50,753.2561
2023-06-07 03:05,Freshwater,5,606.39413
2023-06-07 03:05,Freshwater,15,361.6266688
2023-06-07 03:05,Freshwater,30,477.24736
2023-06-07 03:05,Freshwater,50,790.63038
2023-06-07 03:10,Control,5,575.2964556
2023-06-07 03:10,Control,15,729.81304
2023-06-07 03:10,Control,30,701.7563133
2023-06-07 03:10,Control,50,783.0441583
2023-06-07 03:10,Saltwater,5,537.9321933
2023-06-07 03:10,Saltwater,15,599.1771333
2023-06-07 03:10,Saltwater,30,698.9309
2023-06-07 03:10,Saltwater,50,752.77834
2023-06-07 03:10,Freshwater,5,606.71732
2023-06-07 03:10,Freshwater,15,361.0526658
2023-06-07 03:10,Freshwater,30,476.71024
2023-06-07 03:10,Freshwater,50,790.30522
2023-06-07 03:15,Control,5,575.3052133
2023-06-07 03:15,Control,15,729.77992
2023-06-07 03:15,Control,30,701.6547933
2023-06-07 03:15,Control,50,783.0880583
2023-06-07 03:15,Saltwater,5,538.00522
2023-06-07 03:15,Saltwater,15,598.8748
2023-06-07 03:15,Saltwater,30,698.86264
2023-06-07 03:15,Saltwater,50,752.81248
2023-06-07 03:15,Freshwater,5,606.555892
2023-06-07 03:15,Freshwater,15,360.5093162
2023-06-07 03:15,Freshwater,30,476.23526
2023-06-07 03:15,Freshwater,50,790.23926
2023-06-07 03:20,Control,5,575.3109111
2023-06-07 03:20,Control,15,729.9476
2023-06-07 03:20,Control,30,701.8909533
2023-06-07 03:20,Control,50,782.9990083
2023-06-07 03:20,Saltwater,5,539.9352867
2023-06-07 03:20,Saltwater,15,598.4700667
2023-06-07 03:20,Saltwater,30,698.69202
2023-06-07 03:20,Saltwater,50,752.23236
2023-06-07 03:20,Freshwater,5,606.4320267
2023-06-07 03:20,Freshwater,15,360.747321
2023-06-07 03:20,Freshwater,30,475.48756
2023-06-07 03:20,Freshwater,50,790.51138
2023-06-07 03:25,Control,5,575.3512089
2023-06-07 03:25,Control,15,729.94496
2023-06-07 03:25,Control,30,701.9226533
2023-06-07 03:25,Control,50,782.9534333
2023-06-07 03:25,Saltwater,5,540.6027933
2023-06-07 03:25,Saltwater,15,598.3724933
2023-06-07 03:25,Saltwater,30,698.58966
2023-06-07 03:25,Saltwater,50,752.3006
2023-06-07 03:25,Freshwater,5,605.8948133
2023-06-07 03:25,Freshwater,15,360.1334599
2023-06-07 03:25,Freshwater,30,474.97414
2023-06-07 03:25,Freshwater,50,790.09562
2023-06-07 03:30,Control,5,575.6013267
2023-06-07 03:30,Control,15,729.94912
2023-06-07 03:30,Control,30,701.9607533
2023-06-07 03:30,Control,50,782.9579833
2023-06-07 03:30,Saltwater,5,541.06554
2023-06-07 03:30,Saltwater,15,598.07014
2023-06-07 03:30,Saltwater,30,698.3508
2023-06-07 03:30,Saltwater,50,752.13002
2023-06-07 03:30,Freshwater,5,605.435552
2023-06-07 03:30,Freshwater,15,360.3051844
2023-06-07 03:30,Freshwater,30,474.53536
2023-06-07 03:30,Freshwater,50,790.34042
2023-06-07 03:35,Control,5,575.7296067
2023-06-07 03:35,Control,15,730.00546
2023-06-07 03:35,Control,30,701.9755756
2023-06-07 03:35,Control,50,782.9794806
2023-06-07 03:35,Saltwater,5,540.93622
2023-06-07 03:35,Saltwater,15,598.0455933
2023-06-07 03:35,Saltwater,30,698.3214667
2023-06-07 03:35,Saltwater,50,751.9300267
2023-06-07 03:35,Freshwater,5,604.926342
2023-06-07 03:35,Freshwater,15,358.9797914
2023-06-07 03:35,Freshwater,30,473.5161
2023-06-07 03:35,Freshwater,50,789.9335
2023-06-07 03:40,Control,5,575.7246467
2023-06-07 03:40,Control,15,730.06676
2023-06-07 03:40,Control,30,702.1318378
2023-06-07 03:40,Control,50,782.8356278
2023-06-07 03:40,Saltwater,5,541.14814
2023-06-07 03:40,Saltwater,15,597.7480667
2023-06-07 03:40,Saltwater,30,698.0191133
2023-06-07 03:40,Saltwater,50,751.7641933
2023-06-07 03:40,Freshwater,5,605.402272
2023-06-07 03:40,Freshwater,15,359.1497664
2023-06-07 03:40,Freshwater,30,473.65208
2023-06-07 03:40,Freshwater,50,789.52564
2023-06-07 03:45,Control,5,575.7687067
2023-06-07 03:45,Control,15,730.14918
2023-06-07 03:45,Control,30,702.13716
2023-06-07 03:45,Control,50,782.885825
2023-06-07 03:45,Saltwater,5,541.01884
2023-06-07 03:45,Saltwater,15,597.45054
2023-06-07 03:45,Saltwater,30,697.81916
2023-06-07 03:45,Saltwater,50,751.56426
2023-06-07 03:45,Freshwater,5,604.450534
2023-06-07 03:45,Freshwater,15,358.333993
2023-06-07 03:45,Freshwater,30,473.2442
2023-06-07 03:45,Freshwater,50,788.6759
2023-06-07 03:50,Control,5,575.6799244
2023-06-07 03:50,Control,15,730.22578
2023-06-07 03:50,Control,30,702.28166
2023-06-07 03:50,Control,50,782.894925
2023-06-07 03:50,Saltwater,5,540.9966867
2023-06-07 03:50,Saltwater,15,597.00692
2023-06-07 03:50,Saltwater,30,697.75092
2023-06-07 03:50,Saltwater,50,751.3595
2023-06-07 03:50,Freshwater,5,604.5933573
2023-06-07 03:50,Freshwater,15,359.7653163
2023-06-07 03:50,Freshwater,30,472.56258
2023-06-07 03:50,Freshwater,50,790.23548
2023-06-07 03:55,Control,5,575.5746822
2023-06-07 03:55,Control,15,730.27888
2023-06-07 03:55,Control,30,702.33556
2023-06-07 03:55,Control,50,782.96355
2023-06-07 03:55,Saltwater,5,541.0768933
2023-06-07 03:55,Saltwater,15,597.10932
2023-06-07 03:55,Saltwater,30,698.7064
2023-06-07 03:55,Saltwater,50,751.0865
2023-06-07 03:55,Freshwater,5,603.9594967
2023-06-07 03:55,Freshwater,15,358.7853287
2023-06-07 03:55,Freshwater,30,471.91838
2023-06-07 03:55,Freshwater,50,790.06906
2023-06-07 04:00,Control,5,575.9953
2023-06-07 04:00,Control,15,730.38502
2023-06-07 04:00,Control,30,702.37314
2023-06-07 04:00,Control,50,782.8821
2023-06-07 04:00,Saltwater,5,540.33814
2023-06-07 04:00,Saltwater,15,596.46092
2023-06-07 04:00,Saltwater,30,699.15
2023-06-07 04:00,Saltwater,50,751.53014
2023-06-07 04:00,Freshwater,5,603.456134
2023-06-07 04:00,Freshwater,15,358.9928694
2023-06-07 04:00,Freshwater,30,471.27052
2023-06-07 04:00,Freshwater,50,790.13248
2023-06-07 04:05,Control,5,576.0098378
2023-06-07 04:05,Control,15,730.42854
2023-06-07 04:05,Control,30,702.45036
2023-06-07 04:05,Control,50,782.892375
2023-06-07 04:05,Saltwater,5,540.9619533
2023-06-07 04:05,Saltwater,15,596.5387533
2023-06-07 04:05,Saltwater,30,699.423
2023-06-07 04:05,Saltwater,50,750.81352
2023-06-07 04:05,Freshwater,5,603.269522
2023-06-07 04:05,Freshwater,15,358.17824
2023-06-07 04:05,Freshwater,30,470.4227
2023-06-07 04:05,Freshwater,50,790.1369
2023-06-07 04:10,Control,5,576.2250156
2023-06-07 04:10,Control,15,730.46578
2023-06-07 04:10,Control,30,702.5558
2023-06-07 04:10,Control,50,782.981225
2023-06-07 04:10,Saltwater,5,540.1866467
2023-06-07 04:10,Saltwater,15,595.6610867
2023-06-07 04:10,Saltwater,30,699.76422
2023-06-07 04:10,Saltwater,50,750.50642
2023-06-07 04:10,Freshwater,5,601.856712
2023-06-07 04:10,Freshwater,15,357.430586
2023-06-07 04:10,Freshwater,30,469.6752
2023-06-07 04:10,Freshwater,50,788.91382
2023-06-07 04:15,Control,5,576.3700133
2023-06-07 04:15,Control,15,730.56872
2023-06-07 04:15,Control,30,702.72704
2023-06-07 04:15,Control,50,782.93895
2023-06-07 04:15,Saltwater,5,540.94696
2023-06-07 04:15,Saltwater,15,596.18254
2023-06-07 04:15,Saltwater,30,699.52536
2023-06-07 04:15,Saltwater,50,749.0732
2023-06-07 04:15,Freshwater,5,599.966256
2023-06-07 04:15,Freshwater,15,355.254698
2023-06-07 04:15,Freshwater,30,471.57774
2023-06-07 04:15,Freshwater,50,792.0389
2023-06-07 04:20,Control,5,576.5409133
2023-06-07 04:20,Control,15,730.67122
2023-06-07 04:20,Control,30,702.72706
2023-06-07 04:20,Control,50,782.93895
2023-06-07 04:20,Saltwater,5,540.6835533
2023-06-07 04:20,Saltwater,15,595.7096267
2023-06-07 04:20,Saltwater,30,699.52534
2023-06-07 04:20,Saltwater,50,749.7898
2023-06-07 04:20,Freshwater,5,600.001466
2023-06-07 04:20,Freshwater,15,354.6481127
2023-06-07 04:20,Freshwater,30,466.85388
2023-06-07 04:20,Freshwater,50,787.11212
2023-06-07 04:25,Control,5,576.4042133
2023-06-07 04:25,Control,15,730.5687
2023-06-07 04:25,Control,30,702.76122
2023-06-07 04:25,Control,50,782.981675
2023-06-07 04:25,Saltwater,5,541.1367267
2023-06-07 04:25,Saltwater,15,595.8167333
2023-06-07 04:25,Saltwater,30,700.10548
2023-06-07 04:25,Saltwater,50,750.3017
2023-06-07 04:25,Freshwater,5,600.951624
2023-06-07 04:25,Freshwater,15,356.1479013
2023-06-07 04:25,Freshwater,30,468.7903
2023-06-07 04:25,Freshwater,50,789.5911
2023-06-07 04:30,Control,5,576.3358733
2023-06-07 04:30,Control,15,730.67122
2023-06-07 04:30,Control,30,702.72706
2023-06-07 04:30,Control,50,782.85355
2023-06-07 04:30,Saltwater,5,541.2828
2023-06-07 04:30,Saltwater,15,595.27558
2023-06-07 04:30,Saltwater,30,700.03722
2023-06-07 04:30,Saltwater,50,749.65334
2023-06-07 04:30,Freshwater,5,600.438022
2023-06-07 04:30,Freshwater,15,356.28727
2023-06-07 04:30,Freshwater,30,468.00608
2023-06-07 04:30,Freshwater,50,789.89144
2023-06-07 04:35,Control,5,576.6092533
2023-06-07 04:35,Control,15,730.7857267
2023-06-07 04:35,Control,30,702.96628
2023-06-07 04:35,Control,50,782.98165
2023-06-07 04:35,Saltwater,5,540.7122533
2023-06-07 04:35,Saltwater,15,595.1097067
2023-06-07 04:35,Saltwater,30,699.45712
2023-06-07 04:35,Saltwater,50,750.0628
2023-06-07 04:35,Freshwater,5,599.964772
2023-06-07 04:35,Freshwater,15,355.778374
2023-06-07 04:35,Freshwater,30,467.32798
2023-06-07 04:35,Freshwater,50,789.82738
2023-06-07 04:40,Control,5,576.7851133
2023-06-07 04:40,Control,15,730.8731533
2023-06-07 04:40,Control,30,702.93884
2023-06-07 04:40,Control,50,782.989475
2023-06-07 04:40,Saltwater,5,542.5303867
2023-06-07 04:40,Saltwater,15,594.8074133
2023-06-07 04:40,Saltwater,30,699.59364
2023-06-07 04:40,Saltwater,50,747.8789
2023-06-07 04:40,Freshwater,5,599.287488
2023-06-07 04:40,Freshwater,15,355.133508
2023-06-07 04:40,Freshwater,30,467.09176
2023-06-07 04:40,Freshwater,50,789.76312
2023-06-07 04:45,Control,5,576.6161933
2023-06-07 04:45,Control,15,730.88794
2023-06-07 04:45,Control,30,703.07816
2023-06-07 04:45,Control,50,782.94985
2023-06-07 04:45,Saltwater,5,540.45842
2023-06-07 04:45,Saltwater,15,594.77806
2023-06-07 04:45,Saltwater,30,700.37846
2023-06-07 04:45,Saltwater,50,748.90262
2023-06-07 04:45,Freshwater,5,598.02377
2023-06-07 04:45,Freshwater,15,354.82534
2023-06-07 04:45,Freshwater,30,466.10204
2023-06-07 04:45,Freshwater,50,789.78806
2023-06-07 04:50,Control,5,576.5976111
2023-06-07 04:50,Control,15,730.93294
2023-06-07 04:50,Control,30,703.15674
2023-06-07 04:50,Control,50,782.9617
2023-06-07 04:50,Saltwater,5,539.46882
2023-06-07 04:50,Saltwater,15,593.54962
2023-06-07 04:50,Saltwater,30,699.9300533
2023-06-07 04:50,Saltwater,50,748.7613133
2023-06-07 04:50,Freshwater,5,597.881514
2023-06-07 04:50,Freshwater,15,354.44909
2023-06-07 04:50,Freshwater,30,465.8211733
2023-06-07 04:50,Freshwater,50,789.6718933
2023-06-07 04:55,Control,5,577.1551889
2023-06-07 04:55,Control,15,731.03938
2023-06-07 04:55,Control,30,703.19464
2023-06-07 04:55,Control,50,782.923325
2023-06-07 04:55,Saltwater,5,540.79966
2023-06-07 04:55,Saltwater,15,594.53918
2023-06-07 04:55,Saltwater,30,699.2086667
2023-06-07 04:55,Saltwater,50,749.0977667
2023-06-07 04:55,Freshwater,5,597.447122
2023-06-07 04:55,Freshwater,15,354.077986
2023-06-07 04:55,Freshwater,30,465.2774667
2023-06-07 04:55,Freshwater,50,789.1684267
2023-06-07 05:00,Control,5,577.0658867
2023-06-07 05:00,Control,15,731.14938
2023-06-07 05:00,Control,30,703.30426
2023-06-07 05:00,Control,50,782.931525
2023-06-07 05:00,Saltwater,5,540.69728
2023-06-07 05:00,Saltwater,15,594.12972
2023-06-07 05:00,Saltwater,30,699.16976
2023-06-07 05:00,Saltwater,50,748.88824
2023-06-07 05:00,Freshwater,5,592.720522
2023-06-07 05:00,Freshwater,15,354.587112
2023-06-07 05:00,Freshwater,30,464.42162
2023-06-07 05:00,Freshwater,50,789.67048
2023-06-07 05:05,Control,5,577.4450267
2023-06-07 05:05,Control,15,731.22226
2023-06-07 05:05,Control,30,703.3689022
2023-06-07 05:05,Control,50,782.9712222
2023-06-07 05:05,Saltwater,5,541.76948
2023-06-07 05:05,Saltwater,15,593.7591667
2023-06-07 05:05,Saltwater,30,699.13564
2023-06-07 05:05,Saltwater,50,748.20576
2023-06-07 05:05,Freshwater,5,593.2522419
2023-06-07 05:05,Freshwater,15,357.206274
2023-06-07 05:05,Freshwater,30,463.5024333
2023-06-07 05:05,Freshwater,50,789.2655333
2023-06-07 05:10,Control,5,577.4555267
2023-06-07 05:10,Control,15,731.33966
2023-06-07 05:10,Control,30,703.5117244
2023-06-07 05:10,Control,50,782.8941944
2023-06-07 05:10,Saltwater,5,541.64734
2023-06-07 05:10,Saltwater,15,593.7639133
2023-06-07 05:10,Saltwater,30,699.06736
2023-06-07 05:10,Saltwater,50,748.17164
2023-06-07 05:10,Freshwater,5,590.5515015
2023-06-07 05:10,Freshwater,15,359.314366
2023-06-07 05:10,Freshwater,30,463.8387667
2023-06-07 05:10,Freshwater,50,788.9575067
2023-06-07 05:15,Control,5,577.9191267
2023-06-07 05:15,Control,15,731.28432
2023-06-07 05:15,Control,30,703.4495467
2023-06-07 05:15,Control,50,782.8629167
2023-06-07 05:15,Saltwater,5,540.91098
2023-06-07 05:15,Saltwater,15,593.39334
2023-06-07 05:15,Saltwater,30,698.82852
2023-06-07 05:15,Saltwater,50,748.00102
2023-06-07 05:15,Freshwater,5,579.4536198
2023-06-07 05:15,Freshwater,15,355.371538
2023-06-07 05:15,Freshwater,30,461.14886
2023-06-07 05:15,Freshwater,50,788.47722
2023-06-07 05:20,Control,5,578.2379467
2023-06-07 05:20,Control,15,731.33438
2023-06-07 05:20,Control,30,703.7038267
2023-06-07 05:20,Control,50,783.0085667
2023-06-07 05:20,Saltwater,5,540.7840733
2023-06-07 05:20,Saltwater,15,593.2616267
2023-06-07 05:20,Saltwater,30,698.35076
2023-06-07 05:20,Saltwater,50,748.00102
2023-06-07 05:20,Freshwater,5,572.999024
2023-06-07 05:20,Freshwater,15,353.908544
2023-06-07 05:20,Freshwater,30,460.1994667
2023-06-07 05:20,Freshwater,50,788.4762867
2023-06-07 05:25,Control,5,578.0742267
2023-06-07 05:25,Control,15,731.44714
2023-06-07 05:25,Control,30,703.7476867
2023-06-07 05:25,Control,50,782.9770667
2023-06-07 05:25,Saltwater,5,540.8277667
2023-06-07 05:25,Saltwater,15,592.9251933
2023-06-07 05:25,Saltwater,30,698.00954
2023-06-07 05:25,Saltwater,50,747.96692
2023-06-07 05:25,Freshwater,5,564.574932
2023-06-07 05:25,Freshwater,15,351.902414
2023-06-07 05:25,Freshwater,30,460.2710333
2023-06-07 05:25,Freshwater,50,788.1724133
2023-06-07 05:30,Control,5,577.5668867
2023-06-07 05:30,Control,15,731.45474
2023-06-07 05:30,Control,30,703.7890667
2023-06-07 05:30,Control,50,782.8999917
2023-06-07 05:30,Saltwater,5,539.60888
2023-06-07 05:30,Saltwater,15,592.14512
2023-06-07 05:30,Saltwater,30,697.94128
2023-06-07 05:30,Saltwater,50,747.62566
2023-06-07 05:30,Freshwater,5,538.92391
2023-06-07 05:30,Freshwater,15,345.65003
2023-06-07 05:30,Freshwater,30,460.07506
2023-06-07 05:30,Freshwater,50,788.55852
2023-06-07 05:35,Control,5,577.1258267
2023-06-07 05:35,Control,15,731.56196
2023-06-07 05:35,Control,30,703.9985467
2023-06-07 05:35,Control,50,782.9050917
2023-06-07 05:35,Saltwater,5,538.6923467
2023-06-07 05:35,Saltwater,15,592.38396
2023-06-07 05:35,Saltwater,30,698.31666
2023-06-07 05:35,Saltwater,50,747.72802
2023-06-07 05:35,Freshwater,5,539.194288
2023-06-07 05:35,Freshwater,15,337.083858
2023-06-07 05:35,Freshwater,30,459.02022
2023-06-07 05:35,Freshwater,50,788.28392
2023-06-07 05:40,Control,5,576.6817267
2023-06-07 05:40,Control,15,731.69902
2023-06-07 05:40,Control,30,704.1356267
2023-06-07 05:40,Control,50,782.9909167
2023-06-07 05:40,Saltwater,5,539.8231733
2023-06-07 05:40,Saltwater,15,592.00862
2023-06-07 05:40,Saltwater,30,698.62378
2023-06-07 05:40,Saltwater,50,747.65978
2023-06-07 05:40,Freshwater,5,537.052974
2023-06-07 05:40,Freshwater,15,327.668566
2023-06-07 05:40,Freshwater,30,458.68036
2023-06-07 05:40,Freshwater,50,788.0121
2023-06-07 05:45,Control,5,576.7797067
2023-06-07 05:45,Control,15,731.65838
2023-06-07 05:45,Control,30,704.0953067
2023-06-07 05:45,Control,50,782.8983667
2023-06-07 05:45,Saltwater,5,541.1247
2023-06-07 05:45,Saltwater,15,591.59914
2023-06-07 05:45,Saltwater,30,698.58966
2023-06-07 05:45,Saltwater,50,747.42092
2023-06-07 05:45,Freshwater,5,533.65081
2023-06-07 05:45,Freshwater,15,320.019682
2023-06-07 05:45,Freshwater,30,457.99816
2023-06-07 05:45,Freshwater,50,788.48234
2023-06-07 05:50,Control,5,576.8574667
2023-06-07 05:50,Control,15,731.67174
2023-06-07 05:50,Control,30,704.2105067
2023-06-07 05:50,Control,50,782.9130667
2023-06-07 05:50,Saltwater,5,539.02336
2023-06-07 05:50,Saltwater,15,591.7110933
2023-06-07 05:50,Saltwater,30,698.86264
2023-06-07 05:50,Saltwater,50,747.28442
2023-06-07 05:50,Freshwater,5,529.63909
2023-06-07 05:50,Freshwater,15,313.1290073
2023-06-07 05:50,Freshwater,30,457.07972
2023-06-07 05:50,Freshwater,50,788.27672
2023-06-07 05:55,Control,5,576.9911267
2023-06-07 05:55,Control,15,731.70156
2023-06-07 05:55,Control,30,704.2747467
2023-06-07 05:55,Control,50,783.0364167
2023-06-07 05:55,Saltwater,5,537.1268
2023-06-07 05:55,Saltwater,15,591.3794067
2023-06-07 05:55,Saltwater,30,698.04366
2023-06-07 05:55,Saltwater,50,746.8749
2023-06-07 05:55,Freshwater,5,525.327534
2023-06-07 05:55,Freshwater,15,306.4101867
2023-06-07 05:55,Freshwater,30,456.03006
2023-06-07 05:55,Freshwater,50,787.81036
2023-06-07 06:00,Control,5,577.3527867
2023-06-07 06:00,Control,15,731.8179
2023-06-07 06:00,Control,30,704.3579867
2023-06-07 06:00,Control,50,782.9286667
2023-06-07 06:00,Saltwater,5,537.41416
2023-06-07 06:00,Saltwater,15,591.25248
2023-06-07 06:00,Saltwater,30,698.6579
2023-06-07 06:00,Saltwater,50,747.31854
2023-06-07 06:00,Freshwater,5,521.110052
2023-06-07 06:00,Freshwater,15,300.980506
2023-06-07 06:00,Freshwater,30,455.45014
2023-06-07 06:00,Freshwater,50,787.60148
2023-06-07 06:05,Control,5,577.5077422
2023-06-07 06:05,Control,15,731.92372
2023-06-07 06:05,Control,30,704.3268867
2023-06-07 06:05,Control,50,782.9322167
2023-06-07 06:05,Saltwater,5,536.9070667
2023-06-07 06:05,Saltwater,15,591.2914067
2023-06-07 06:05,Saltwater,30,699.0428333
2023-06-07 06:05,Saltwater,50,746.5773733
2023-06-07 06:05,Freshwater,5,516.706986
2023-06-07 06:05,Freshwater,15,297.0427987
2023-06-07 06:05,Freshwater,30,455.11122
2023-06-07 06:05,Freshwater,50,788.58956
2023-06-07 06:10,Control,5,577.7743978
2023-06-07 06:10,Control,15,731.90574
2023-06-07 06:10,Control,30,704.5131267
2023-06-07 06:10,Control,50,782.9072917
2023-06-07 06:10,Saltwater,5,536.8094933
2023-06-07 06:10,Saltwater,15,591.5009333
2023-06-07 06:10,Saltwater,30,699.7690467
2023-06-07 06:10,Saltwater,50,746.3139467
2023-06-07 06:10,Freshwater,5,511.182768
2023-06-07 06:10,Freshwater,15,293.0712293
2023-06-07 06:10,Freshwater,30,455.04472
2023-06-07 06:10,Freshwater,50,788.38916
2023-06-07 06:15,Control,5,577.8531933
2023-06-07 06:15,Control,15,732.00048
2023-06-07 06:15,Control,30,704.6082667
2023-06-07 06:15,Control,50,782.9414167
2023-06-07 06:15,Saltwater,5,535.9953
2023-06-07 06:15,Saltwater,15,590.00426
2023-06-07 06:15,Saltwater,30,698.10652
2023-06-07 06:15,Saltwater,50,746.28942
2023-06-07 06:15,Freshwater,5,508.75006
2023-06-07 06:15,Freshwater,15,289.201146
2023-06-07 06:15,Freshwater,30,454.29714
2023-06-07 06:15,Freshwater,50,788.04972
2023-06-07 06:20,Control,5,577.7953533
2023-06-07 06:20,Control,15,732.00094
2023-06-07 06:20,Control,30,704.6105667
2023-06-07 06:20,Control,50,782.9471917
2023-06-07 06:20,Saltwater,5,534.2597867
2023-06-07 06:20,Saltwater,15,589.6336867
2023-06-07 06:20,Saltwater,30,698.17476
2023-06-07 06:20,Saltwater,50,746.01644
2023-06-07 06:20,Freshwater,5,503.8262227
2023-06-07 06:20,Freshwater,15,286.209994
2023-06-07 06:20,Freshwater,30,453.54936
2023-06-07 06:20,Freshwater,50,788.76352
2023-06-07 06:25,Control,5,577.9797933
2023-06-07 06:25,Control,15,732.02028
2023-06-07 06:25,Control,30,704.7313867
2023-06-07 06:25,Control,50,782.8829417
2023-06-07 06:25,Saltwater,5,532.5925133
2023-06-07 06:25,Saltwater,15,589.6725933
2023-06-07 06:25,Saltwater,30,698.243
2023-06-07 06:25,Saltwater,50,745.74344
2023-06-07 06:25,Freshwater,5,498.4265493
2023-06-07 06:25,Freshwater,15,283.150864
2023-06-07 06:25,Freshwater,30,452.97152
2023-06-07 06:25,Freshwater,50,788.86546
2023-06-07 06:30,Control,5,577.9369333
2023-06-07 06:30,Control,15,732.14468
2023-06-07 06:30,Control,30,704.8906067
2023-06-07 06:30,Control,50,782.9975917
2023-06-07 06:30,Saltwater,5,532.56314
2023-06-07 06:30,Saltwater,15,589.71152
2023-06-07 06:30,Saltwater,30,697.11694
2023-06-07 06:30,Saltwater,50,746.01642
2023-06-07 06:30,Freshwater,5,492.618954
2023-06-07 06:30,Freshwater,15,280.193684
2023-06-07 06:30,Freshwater,30,452.29172
2023-06-07 06:30,Freshwater,50,788.79748
2023-06-07 06:35,Control,5,577.8585333
2023-06-07 06:35,Control,15,732.2671
2023-06-07 06:35,Control,30,704.8429067
2023-06-07 06:35,Control,50,782.9818917
2023-06-07 06:35,Saltwater,5,531.62204
2023-06-07 06:35,Saltwater,15,589.23378
2023-06-07 06:35,Saltwater,30,696.87806
2023-06-07 06:35,Saltwater,50,746.18704
2023-06-07 06:35,Freshwater,5,486.8793087
2023-06-07 06:35,Freshwater,15,278.290202
2023-06-07 06:35,Freshwater,30,451.33996
2023-06-07 06:35,Freshwater,50,788.72952
2023-06-07 06:40,Control,5,577.7627133
2023-06-07 06:40,Control,15,732.24248
2023-06-07 06:40,Control,30,705.0228867
2023-06-07 06:40,Control,50,782.9496917
2023-06-07 06:40,Saltwater,5,528.90646
2023-06-07 06:40,Saltwater,15,589.91626
2023-06-07 06:40,Saltwater,30,696.0591
2023-06-07 06:40,Saltwater,50,743.93488
2023-06-07 06:40,Freshwater,5,479.2702493
2023-06-07 06:40,Freshwater,15,276.012854
2023-06-07 06:40,Freshwater,30,450.28628
2023-06-07 06:40,Freshwater,50,788.72952
2023-06-07 06:45,Control,5,577.6811333
2023-06-07 06:45,Control,15,732.29198
2023-06-07 06:45,Control,30,705.0050067
2023-06-07 06:45,Control,50,782.9289917
2023-06-07 06:45,Saltwater,5,527.96538
2023-06-07 06:45,Saltwater,15,587.08398
2023-06-07 06:45,Saltwater,30,696.94632
2023-06-07 06:45,Saltwater,50,743.59364
2023-06-07 06:45,Freshwater,5,471.763152
2023-06-07 06:45,Freshwater,15,274.2113584
2023-06-07 06:45,Freshwater,30,450.2183
2023-06-07 06:45,Freshwater,50,788.52558
2023-06-07 06:50,Control,5,577.6733933
2023-06-07 06:50,Control,15,732.38358
2023-06-07 06:50,Control,30,705.0288067
2023-06-07 06:50,Control,50,782.9169417
2023-06-07 06:50,Saltwater,5,526.83928
2023-06-07 06:50,Saltwater,15,589.1361867
2023-06-07 06:50,Saltwater,30,696.8098
2023-06-07 06:50,Saltwater,50,744.31024
2023-06-07 06:50,Freshwater,5,463.842636
2023-06-07 06:50,Freshwater,15,272.6815858
2023-06-07 06:50,Freshwater,30,449.6785467
2023-06-07 06:50,Freshwater,50,788.5287667
2023-06-07 06:55,Control,5,577.4673333
2023-06-07 06:55,Control,15,732.45044
2023-06-07 06:55,Control,30,705.0615867
2023-06-07 06:55,Control,50,782.9153667
2023-06-07 06:55,Saltwater,5,525.91794
2023-06-07 06:55,Saltwater,15,588.1854933
2023-06-07 06:55,Saltwater,30,696.8098
2023-06-07 06:55,Saltwater,50,744.89036
2023-06-07 06:55,Freshwater,5,455.786458
2023-06-07 06:55,Freshwater,15,271.3558622
2023-06-07 06:55,Freshwater,30,448.8331333
2023-06-07 06:55,Freshwater,50,788.7703733
2023-06-07 07:00,Control,5,577.4330733
2023-06-07 07:00,Control,15,732.55286
2023-06-07 07:00,Control,30,705.1639867
2023-06-07 07:00,Control,50,782.8725167
2023-06-07 07:00,Saltwater,5,525.91794
2023-06-07 07:00,Saltwater,15,587.54194
2023-06-07 07:00,Saltwater,30,696.8098
2023-06-07 07:00,Saltwater,50,744.58322
2023-06-07 07:00,Freshwater,5,448.54668
2023-06-07 07:00,Freshwater,15,269.1805438
2023-06-07 07:00,Freshwater,30,448.12428
2023-06-07 07:00,Freshwater,50,788.46964
2023-06-07 07:05,Control,5,577.4068511
2023-06-07 07:05,Control,15,732.55286
2023-06-07 07:05,Control,30,705.2665267
2023-06-07 07:05,Control,50,783.0433667
2023-06-07 07:05,Saltwater,5,524.60148
2023-06-07 07:05,Saltwater,15,587.4491533
2023-06-07 07:05,Saltwater,30,696.98042
2023-06-07 07:05,Saltwater,50,744.13962
2023-06-07 07:05,Freshwater,5,441.1134507
2023-06-07 07:05,Freshwater,15,268.260674
2023-06-07 07:05,Freshwater,30,447.60572
2023-06-07 07:05,Freshwater,50,788.89022
2023-06-07 07:10,Control,5,577.4490289
2023-06-07 07:10,Control,15,732.6554
2023-06-07 07:10,Control,30,705.3348667
2023-06-07 07:10,Control,50,782.9152167
2023-06-07 07:10,Saltwater,5,522.80728
2023-06-07 07:10,Saltwater,15,587.1516267
2023-06-07 07:10,Saltwater,30,696.70746
2023-06-07 07:10,Saltwater,50,744.13962
2023-06-07 07:10,Freshwater,5,433.5178353
2023-06-07 07:10,Freshwater,15,267.512642
2023-06-07 07:10,Freshwater,30,446.4828
2023-06-07 07:10,Freshwater,50,788.75104
2023-06-07 07:15,Control,5,577.6278667
2023-06-07 07:15,Control,15,732.6554
2023-06-07 07:15,Control,30,705.4374067
2023-06-07 07:15,Control,50,782.9579167
2023-06-07 07:15,Saltwater,5,522.41216
2023-06-07 07:15,Saltwater,15,586.99054
2023-06-07 07:15,Saltwater,30,696.6733
2023-06-07 07:15,Saltwater,50,743.7984
2023-06-07 07:15,Freshwater,5,426.101112
2023-06-07 07:15,Freshwater,15,266.494948
2023-06-07 07:15,Freshwater,30,445.98136
2023-06-07 07:15,Freshwater,50,788.63584
2023-06-07 07:20,Control,5,577.4569867
2023-06-07 07:20,Control,15,732.75794
2023-06-07 07:20,Control,30,705.5399267
2023-06-07 07:20,Control,50,782.9579167
2023-06-07 07:20,Saltwater,5,521.9098533
2023-06-07 07:20,Saltwater,15,575.8709667
2023-06-07 07:20,Saltwater,30,696.43446
2023-06-07 07:20,Saltwater,50,743.6619
2023-06-07 07:20,Freshwater,5,418.34932
2023-06-07 07:20,Freshwater,15,265.508682
2023-06-07 07:20,Freshwater,30,445.36724
2023-06-07 07:20,Freshwater,50,788.86808
2023-06-07 07:25,Control,5,577.3544667
2023-06-07 07:25,Control,15,732.8263
2023-06-07 07:25,Control,30,705.5399267
2023-06-07 07:25,Control,50,783.0006667
2023-06-07 07:25,Saltwater,5,521.7146867
2023-06-07 07:25,Saltwater,15,569.2898533
2023-06-07 07:25,Saltwater,30,695.85434
2023-06-07 07:25,Saltwater,50,743.35478
2023-06-07 07:25,Freshwater,5,409.376722
2023-06-07 07:25,Freshwater,15,264.35323
2023-06-07 07:25,Freshwater,30,443.87252
2023-06-07 07:25,Freshwater,50,788.76816
2023-06-07 07:30,Control,5,577.2811267
2023-06-07 07:30,Control,15,732.81914
2023-06-07 07:30,Control,30,705.6698667
2023-06-07 07:30,Control,50,783.0782917
2023-06-07 07:30,Saltwater,5,519.47208
2023-06-07 07:30,Saltwater,15,562.16278
2023-06-07 07:30,Saltwater,30,696.16146
2023-06-07 07:30,Saltwater,50,742.94528
2023-06-07 07:30,Freshwater,5,402.6144836
2023-06-07 07:30,Freshwater,15,263.741882
2023-06-07 07:30,Freshwater,30,443.77268
2023-06-07 07:30,Freshwater,50,788.16162
2023-06-07 07:35,Control,5,577.2183044
2023-06-07 07:35,Control,15,733.0668867
2023-06-07 07:35,Control,30,705.7008067
2023-06-07 07:35,Control,50,783.0317917
2023-06-07 07:35,Saltwater,5,519.2086533
2023-06-07 07:35,Saltwater,15,557.5267067
2023-06-07 07:35,Saltwater,30,695.9956067
2023-06-07 07:35,Saltwater,50,743.0865667
2023-06-07 07:35,Freshwater,5,393.776996
2023-06-07 07:35,Freshwater,15,262.6297853
2023-06-07 07:35,Freshwater,30,442.75296
2023-06-07 07:35,Freshwater,50,788.19554
2023-06-07 07:40,Control,5,577.1935222
2023-06-07 07:40,Control,15,732.9783333
2023-06-07 07:40,Control,30,705.7026867
2023-06-07 07:40,Control,50,782.9912667
2023-06-07 07:40,Saltwater,5,518.7746467
2023-06-07 07:40,Saltwater,15,551.6962973
2023-06-07 07:40,Saltwater,30,695.9321733
2023-06-07 07:40,Saltwater,50,742.7842333
2023-06-07 07:40,Freshwater,5,384.430866
2023-06-07 07:40,Freshwater,15,262.0958547
2023-06-07 07:40,Freshwater,30,441.97276
2023-06-07 07:40,Freshwater,50,788.6414
2023-06-07 07:45,Control,5,577.20112
2023-06-07 07:45,Control,15,733.16068
2023-06-07 07:45,Control,30,705.8047467
2023-06-07 07:45,Control,50,783.0761417
2023-06-07 07:45,Saltwater,5,517.86286
2023-06-07 07:45,Saltwater,15,547.060234
2023-06-07 07:45,Saltwater,30,695.76636
2023-06-07 07:45,Saltwater,50,742.65254
2023-06-07 07:45,Freshwater,5,373.860006
2023-06-07 07:45,Freshwater,15,260.915824
2023-06-07 07:45,Freshwater,30,441.19118
2023-06-07 07:45,Freshwater,50,788.47194
2023-06-07 07:50,Control,5,577.1883956
2023-06-07 07:50,Control,15,733.2026
2023-06-07 07:50,Control,30,705.8804467
2023-06-07 07:50,Control,50,782.9991917
2023-06-07 07:50,Saltwater,5,517.2240733
2023-06-07 07:50,Saltwater,15,543.170126
2023-06-07 07:50,Saltwater,30,695.59572
2023-06-07 07:50,Saltwater,50,742.44778
2023-06-07 07:50,Freshwater,5,362.0021027
2023-06-07 07:50,Freshwater,15,260.5127047
2023-06-07 07:50,Freshwater,30,440.20546
2023-06-07 07:50,Freshwater,50,788.50596
2023-06-07 07:55,Control,5,577.0975311
2023-06-07 07:55,Control,15,733.26488
2023-06-07 07:55,Control,30,706.0455667
2023-06-07 07:55,Control,50,783.1634167
2023-06-07 07:55,Saltwater,5,516.0734267
2023-06-07 07:55,Saltwater,15,539.177618
2023-06-07 07:55,Saltwater,30,695.4251
2023-06-07 07:55,Saltwater,50,742.14068
2023-06-07 07:55,Freshwater,5,348.9545453
2023-06-07 07:55,Freshwater,15,259.7017253
2023-06-07 07:55,Freshwater,30,438.87982
2023-06-07 07:55,Freshwater,50,788.33598
2023-06-07 08:00,Control,5,576.9780267
2023-06-07 08:00,Control,15,733.40334
2023-06-07 08:00,Control,30,706.0814067
2023-06-07 08:00,Control,50,783.0798917
2023-06-07 08:00,Saltwater,5,515.4688
2023-06-07 08:00,Saltwater,15,536.311218
2023-06-07 08:00,Saltwater,30,695.28862
2023-06-07 08:00,Saltwater,50,742.0383
2023-06-07 08:00,Freshwater,5,336.756756
2023-06-07 08:00,Freshwater,15,258.856742
2023-06-07 08:00,Freshwater,30,438.6759
2023-06-07 08:00,Freshwater,50,788.23404
2023-06-07 08:05,Control,5,576.9422067
2023-06-07 08:05,Control,15,733.40098
2023-06-07 08:05,Control,30,706.1475267
2023-06-07 08:05,Control,50,783.0345917
2023-06-07 08:05,Saltwater,5,514.86894
2023-06-07 08:05,Saltwater,15,538.3293207
2023-06-07 08:05,Saltwater,30,695.08386
2023-06-07 08:05,Saltwater,50,741.79942
2023-06-07 08:05,Freshwater,5,325.7629887
2023-06-07 08:05,Freshwater,15,258.414868
2023-06-07 08:05,Freshwater,30,437.86012
2023-06-07 08:05,Freshwater,50,788.23402
2023-06-07 08:10,Control,5,576.7761067
2023-06-07 08:10,Control,15,733.5445
2023-06-07 08:10,Control,30,706.3248667
2023-06-07 08:10,Control,50,783.0847917
2023-06-07 08:10,Saltwater,5,514.5079
2023-06-07 08:10,Saltwater,15,542.3948453
2023-06-07 08:10,Saltwater,30,694.64024
2023-06-07 08:10,Saltwater,50,741.73118
2023-06-07 08:10,Freshwater,5,316.1964333
2023-06-07 08:10,Freshwater,15,257.768896
2023-06-07 08:10,Freshwater,30,436.8736
2023-06-07 08:10,Freshwater,50,788.53792
2023-06-07 08:15,Control,5,576.7425867
2023-06-07 08:15,Control,15,733.54544
2023-06-07 08:15,Control,30,706.2574067
2023-06-07 08:15,Control,50,783.0858417
2023-06-07 08:15,Saltwater,5,514.01044
2023-06-07 08:15,Saltwater,15,538.577742
2023-06-07 08:15,Saltwater,30,694.94738
2023-06-07 08:15,Saltwater,50,740.67332
2023-06-07 08:15,Freshwater,5,307.92222
2023-06-07 08:15,Freshwater,15,256.477388
2023-06-07 08:15,Freshwater,30,436.0925
2023-06-07 08:15,Freshwater,50,788.19984
2023-06-07 08:20,Control,5,576.5717267
2023-06-07 08:20,Control,15,733.51134
2023-06-07 08:20,Control,30,706.3599867
2023-06-07 08:20,Control,50,783.0431667
2023-06-07 08:20,Saltwater,5,511.1488067
2023-06-07 08:20,Saltwater,15,539.0261287
2023-06-07 08:20,Saltwater,30,694.3038067
2023-06-07 08:20,Saltwater,50,740.8828867
2023-06-07 08:20,Freshwater,5,299.96826
2023-06-07 08:20,Freshwater,15,256.2441487
2023-06-07 08:20,Freshwater,30,435.1790267
2023-06-07 08:20,Freshwater,50,788.3731467
2023-06-07 08:25,Control,5,576.3325067
2023-06-07 08:25,Control,15,733.7164
2023-06-07 08:25,Control,30,706.5308667
2023-06-07 08:25,Control,50,783.1713167
2023-06-07 08:25,Saltwater,5,510.7440933
2023-06-07 08:25,Saltwater,15,536.7787553
2023-06-07 08:25,Saltwater,30,692.6706333
2023-06-07 08:25,Saltwater,50,739.3862133
2023-06-07 08:25,Freshwater,5,292.588
2023-06-07 08:25,Freshwater,15,255.4987713
2023-06-07 08:25,Freshwater,30,434.1182733
2023-06-07 08:25,Freshwater,50,788.2791933
2023-06-07 08:30,Control,5,576.0880667
2023-06-07 08:30,Control,15,733.70898
2023-06-07 08:30,Control,30,706.5580467
2023-06-07 08:30,Control,50,783.1632167
2023-06-07 08:30,Saltwater,5,510.09922
2023-06-07 08:30,Saltwater,15,535.485428
2023-06-07 08:30,Saltwater,30,695.7786
2023-06-07 08:30,Saltwater,50,740.20764
2023-06-07 08:30,Freshwater,5,285.48508
2023-06-07 08:30,Freshwater,15,254.790236
2023-06-07 08:30,Freshwater,30,433.44532
2023-06-07 08:30,Freshwater,50,788.28936
2023-06-07 08:35,Control,5,575.9555644
2023-06-07 08:35,Control,15,733.8180067
2023-06-07 08:35,Control,30,706.6212267
2023-06-07 08:35,Control,50,783.1145167
2023-06-07 08:35,Saltwater,5,509.0862533
2023-06-07 08:35,Saltwater,15,535.3208867
2023-06-07 08:35,Saltwater,30,695.09802
2023-06-07 08:35,Saltwater,50,741.02872
2023-06-07 08:35,Freshwater,5,278.0438867
2023-06-07 08:35,Freshwater,15,254.176906
2023-06-07 08:35,Freshwater,30,432.24784
2023-06-07 08:35,Freshwater,50,788.20066
2023-06-07 08:40,Control,5,575.8784422
2023-06-07 08:40,Control,15,733.8059733
2023-06-07 08:40,Control,30,706.7010067
2023-06-07 08:40,Control,50,783.1736917
2023-06-07 08:40,Saltwater,5,507.5587667
2023-06-07 08:40,Saltwater,15,533.5837183
2023-06-07 08:40,Saltwater,30,693.93534
2023-06-07 08:40,Saltwater,50,740.37766
2023-06-07 08:40,Freshwater,5,271.5223333
2023-06-07 08:40,Freshwater,15,253.42866
2023-06-07 08:40,Freshwater,30,431.70142
2023-06-07 08:40,Freshwater,50,788.15982
2023-06-07 08:45,Control,5,575.73878
2023-06-07 08:45,Control,15,733.90478
2023-06-07 08:45,Control,30,706.7202867
2023-06-07 08:45,Control,50,783.2419667
2023-06-07 08:45,Saltwater,5,507.08986
2023-06-07 08:45,Saltwater,15,533.382959
2023-06-07 08:45,Saltwater,30,693.90006
2023-06-07 08:45,Saltwater,50,740.06926
2023-06-07 08:45,Freshwater,5,265.37194
2023-06-07 08:45,Freshwater,15,252.644276
2023-06-07 08:45,Freshwater,30,430.8035
2023-06-07 08:45,Freshwater,50,787.47662
2023-06-07 08:50,Control,5,575.7697578
2023-06-07 08:50,Control,15,733.95712
2023-06-07 08:50,Control,30,706.7734667
2023-06-07 08:50,Control,50,783.1390167
2023-06-07 08:50,Saltwater,5,505.99874
2023-06-07 08:50,Saltwater,15,532.5199046
2023-06-07 08:50,Saltwater,30,693.57078
2023-06-07 08:50,Saltwater,50,739.70378
2023-06-07 08:50,Freshwater,5,258.6918
2023-06-07 08:50,Freshwater,15,252.4456367
2023-06-07 08:50,Freshwater,30,429.95648
2023-06-07 08:50,Freshwater,50,788.40104
2023-06-07 08:55,Control,5,575.6943556
2023-06-07 08:55,Control,15,734.07226
2023-06-07 08:55,Control,30,706.9922467
2023-06-07 08:55,Control,50,783.1154417
2023-06-07 08:55,Saltwater,5,505.6007
2023-06-07 08:55,Saltwater,15,531.5319511
2023-06-07 08:55,Saltwater,30,693.42952
2023-06-07 08:55,Saltwater,50,739.49378
2023-06-07 08:55,Freshwater,5,252.75838
2023-06-07 08:55,Freshwater,15,251.5325253
2023-06-07 08:55,Freshwater,30,429.0711
2023-06-07 08:55,Freshwater,50,788.02254
2023-06-07 09:00,Control,5,575.5935533
2023-06-07 09:00,Control,15,734.16574
2023-06-07 09:00,Control,30,707.0862267
2023-06-07 09:00,Control,50,783.0201667
2023-06-07 09:00,Saltwater,5,503.43486
2023-06-07 09:00,Saltwater,15,530.4829168
2023-06-07 09:00,Saltwater,30,693.29896
2023-06-07 09:00,Saltwater,50,739.26144
2023-06-07 09:00,Freshwater,5,246.79094
2023-06-07 09:00,Freshwater,15,250.85712
2023-06-07 09:00,Freshwater,30,428.11694
2023-06-07 09:00,Freshwater,50,788.01568
2023-06-07 09:05,Control,5,575.6551889
2023-06-07 09:05,Control,15,734.16736
2023-06-07 09:05,Control,30,707.0553467
2023-06-07 09:05,Control,50,783.1554167
2023-06-07 09:05,Saltwater,5,502.2039733
2023-06-07 09:05,Saltwater,15,529.255626
2023-06-07 09:05,Saltwater,30,693.10836
2023-06-07 09:05,Saltwater,50,739.10304
2023-06-07 09:05,Freshwater,5,240.8143467
2023-06-07 09:05,Freshwater,15,250.6239587
2023-06-07 09:05,Freshwater,30,426.34938
2023-06-07 09:05,Freshwater,50,787.91278
2023-06-07 09:10,Control,5,575.5831244
2023-06-07 09:10,Control,15,734.20744
2023-06-07 09:10,Control,30,707.2335667
2023-06-07 09:10,Control,50,783.2098917
2023-06-07 09:10,Saltwater,5,501.7362667
2023-06-07 09:10,Saltwater,15,528.622166
2023-06-07 09:10,Saltwater,30,693.0749
2023-06-07 09:10,Saltwater,50,739.03554
2023-06-07 09:10,Freshwater,5,236.1632333
2023-06-07 09:10,Freshwater,15,250.5607753
2023-06-07 09:10,Freshwater,30,427.8107
2023-06-07 09:10,Freshwater,50,788.55846
2023-06-07 09:15,Control,5,575.41736
2023-06-07 09:15,Control,15,734.22596
2023-06-07 09:15,Control,30,707.2870667
2023-06-07 09:15,Control,50,783.0646667
2023-06-07 09:15,Saltwater,5,499.8609
2023-06-07 09:15,Saltwater,15,527.63791
2023-06-07 09:15,Saltwater,30,692.9246
2023-06-07 09:15,Saltwater,50,738.7133
2023-06-07 09:15,Freshwater,5,230.05074
2023-06-07 09:15,Freshwater,15,249.546016
2023-06-07 09:15,Freshwater,30,425.4997
2023-06-07 09:15,Freshwater,50,787.81076
2023-06-07 09:20,Control,5,575.45004
2023-06-07 09:20,Control,15,734.3605
2023-06-07 09:20,Control,30,707.4217267
2023-06-07 09:20,Control,50,783.0623667
2023-06-07 09:20,Saltwater,5,498.4035867
2023-06-07 09:20,Saltwater,15,526.945348
2023-06-07 09:20,Saltwater,30,692.7091267
2023-06-07 09:20,Saltwater,50,738.2916467
2023-06-07 09:20,Freshwater,5,224.3848933
2023-06-07 09:20,Freshwater,15,248.900288
2023-06-07 09:20,Freshwater,30,424.48018
2023-06-07 09:20,Freshwater,50,787.9807
2023-06-07 09:25,Control,5,575.41576
2023-06-07 09:25,Control,15,734.36032
2023-06-07 09:25,Control,30,707.4898867
2023-06-07 09:25,Control,50,783.1475917
2023-06-07 09:25,Saltwater,5,497.0597533
2023-06-07 09:25,Saltwater,15,526.128422
2023-06-07 09:25,Saltwater,30,692.5462333
2023-06-07 09:25,Saltwater,50,738.1290333
2023-06-07 09:25,Freshwater,5,219.5686067
2023-06-07 09:25,Freshwater,15,247.71083
2023-06-07 09:25,Freshwater,30,423.630564
2023-06-07 09:25,Freshwater,50,787.47096
2023-06-07 09:30,Control,5,575.17662
2023-06-07 09:30,Control,15,734.42864
2023-06-07 09:30,Control,30,707.5923867
2023-06-07 09:30,Control,50,783.1475917
2023-06-07 09:30,Saltwater,5,495.6852
2023-06-07 09:30,Saltwater,15,525.554112
2023-06-07 09:30,Saltwater,30,692.4574
2023-06-07 09:30,Saltwater,50,737.97278
2023-06-07 09:30,Freshwater,5,214.75234
2023-06-07 09:30,Freshwater,15,247.506922
2023-06-07 09:30,Freshwater,30,422.678994
2023-06-07 09:30,Freshwater,50,787.91274
2023-06-07 09:35,Control,5,575.1504378
2023-06-07 09:35,Control,15,734.56532
2023-06-07 09:35,Control,30,707.6948667
2023-06-07 09:35,Control,50,783.1902917
2023-06-07 09:35,Saltwater,5,494.4938133
2023-06-07 09:35,Saltwater,15,524.72774
2023-06-07 09:35,Saltwater,30,692.17296
2023-06-07 09:35,Saltwater,50,737.65314
2023-06-07 09:35,Freshwater,5,210.1739933
2023-06-07 09:35,Freshwater,15,247.3078207
2023-06-07 09:35,Freshwater,30,421.5575
2023-06-07 09:35,Freshwater,50,787.70884
2023-06-07 09:40,Control,5,575.2608956
2023-06-07 09:40,Control,15,734.63366
2023-06-07 09:40,Control,30,707.7290267
2023-06-07 09:40,Control,50,783.2756917
2023-06-07 09:40,Saltwater,5,493.3811867
2023-06-07 09:40,Saltwater,15,524.151804
2023-06-07 09:40,Saltwater,30,692.2475
2023-06-07 09:40,Saltwater,50,737.52354
2023-06-07 09:40,Freshwater,5,203.0128867
2023-06-07 09:40,Freshwater,15,246.8703973
2023-06-07 09:40,Freshwater,30,416.287524
2023-06-07 09:40,Freshwater,50,785.969
2023-06-07 09:45,Control,5,575.1322333
2023-06-07 09:45,Control,15,734.6678
2023-06-07 09:45,Control,30,707.7631867
2023-06-07 09:45,Control,50,783.1902917
2023-06-07 09:45,Saltwater,5,491.0983
2023-06-07 09:45,Saltwater,15,523.291656
2023-06-07 09:45,Saltwater,30,691.69052
2023-06-07 09:45,Saltwater,50,736.96554
2023-06-07 09:45,Freshwater,5,200.57598
2023-06-07 09:45,Freshwater,15,246.092376
2023-06-07 09:45,Freshwater,30,419.611064
2023-06-07 09:45,Freshwater,50,787.75094
2023-06-07 09:50,Control,5,574.9693711
2023-06-07 09:50,Control,15,734.70198
2023-06-07 09:50,Control,30,707.8998667
2023-06-07 09:50,Control,50,783.1902917
2023-06-07 09:50,Saltwater,5,490.0770333
2023-06-07 09:50,Saltwater,15,522.7423767
2023-06-07 09:50,Saltwater,30,691.5803867
2023-06-07 09:50,Saltwater,50,737.0247867
2023-06-07 09:50,Freshwater,5,196.44446
2023-06-07 09:50,Freshwater,15,245.548458
2023-06-07 09:50,Freshwater,30,419.16813
2023-06-07 09:50,Freshwater,50,787.54384
2023-06-07 09:55,Control,5,575.2506489
2023-06-07 09:55,Control,15,734.73614
2023-06-07 09:55,Control,30,708.0023467
2023-06-07 09:55,Control,50,783.3184167
2023-06-07 09:55,Saltwater,5,488.0027867
2023-06-07 09:55,Saltwater,15,522.7441733
2023-06-07 09:55,Saltwater,30,691.0005933
2023-06-07 09:55,Saltwater,50,736.9563333
2023-06-07 09:55,Freshwater,5,192.58464
2023-06-07 09:55,Freshwater,15,244.7331
2023-06-07 09:55,Freshwater,30,418.04806
2023-06-07 09:55,Freshwater,50,786.96996
2023-06-07 10:00,Control,5,575.3611467
2023-06-07 10:00,Control,15,734.94112
2023-06-07 10:00,Control,30,708.1048467
2023-06-07 10:00,Control,50,783.3184167
2023-06-07 10:00,Saltwater,5,487.09758
2023-06-07 10:00,Saltwater,15,522.176186
2023-06-07 10:00,Saltwater,30,692.68824
2023-06-07 10:00,Saltwater,50,736.32506
2023-06-07 10:00,Freshwater,5,188.249
2023-06-07 10:00,Freshwater,15,244.563396
2023-06-07 10:00,Freshwater,30,417.13187
2023-06-07 10:00,Freshwater,50,787.5515
2023-06-07 10:05,Control,5,575.5820622
2023-06-07 10:05,Control,15,734.94112
2023-06-07 10:05,Control,30,708.0706667
2023-06-07 10:05,Control,50,783.3611417
2023-06-07 10:05,Saltwater,5,485.12696
2023-06-07 10:05,Saltwater,15,520.816294
2023-06-07 10:05,Saltwater,30,692.2286333
2023-06-07 10:05,Saltwater,50,735.4518933
2023-06-07 10:05,Freshwater,5,184.2786467
2023-06-07 10:05,Freshwater,15,243.440856
2023-06-07 10:05,Freshwater,30,416.2221293
2023-06-07 10:05,Freshwater,50,787.6144133
2023-06-07 10:10,Control,5,575.8713378
2023-06-07 10:10,Control,15,734.94112
2023-06-07 10:10,Control,30,708.3098267
2023-06-07 10:10,Control,50,783.2756917
2023-06-07 10:10,Saltwater,5,483.76124
2023-06-07 10:10,Saltwater,15,519.689208
2023-06-07 10:10,Saltwater,30,689.8678867
2023-06-07 10:10,Saltwater,50,736.4000667
2023-06-07 10:10,Freshwater,5,180.6142733
2023-06-07 10:10,Freshwater,15,243.405936
2023-06-07 10:10,Freshwater,30,415.2795027
2023-06-07 10:10,Freshwater,50,787.3745667
2023-06-07 10:15,Control,5,576.0239733
2023-06-07 10:15,Control,15,735.04362
2023-06-07 10:15,Control,30,708.3440267
2023-06-07 10:15,Control,50,783.3184167
2023-06-07 10:15,Saltwater,5,481.15752
2023-06-07 10:15,Saltwater,15,521.894004
2023-06-07 10:15,Saltwater,30,689.40014
2023-06-07 10:15,Saltwater,50,736.13512
2023-06-07 10:15,Freshwater,5,177.01706
2023-06-07 10:15,Freshwater,15,242.76028
2023-06-07 10:15,Freshwater,30,413.56117
2023-06-07 10:15,Freshwater,50,787.38908
2023-06-07 10:20,Control,5,575.2461711
2023-06-07 10:20,Control,15,735.0555667
2023-06-07 10:20,Control,30,708.4123467
2023-06-07 10:20,Control,50,783.4038417
2023-06-07 10:20,Saltwater,5,480.1595
2023-06-07 10:20,Saltwater,15,520.338612
2023-06-07 10:20,Saltwater,30,691.3162133
2023-06-07 10:20,Saltwater,50,734.5708533
2023-06-07 10:20,Freshwater,5,173.9163267
2023-06-07 10:20,Freshwater,15,242.079718
2023-06-07 10:20,Freshwater,30,413.2300293
2023-06-07 10:20,Freshwater,50,787.0124733
2023-06-07 10:25,Control,5,575.8349489
2023-06-07 10:25,Control,15,735.2383733
2023-06-07 10:25,Control,30,708.6173467
2023-06-07 10:25,Control,50,783.4038417
2023-06-07 10:25,Saltwater,5,478.7593
2023-06-07 10:25,Saltwater,15,519.473714
2023-06-07 10:25,Saltwater,30,690.2772667
2023-06-07 10:25,Saltwater,50,735.2037267
2023-06-07 10:25,Freshwater,5,170.2719533
2023-06-07 10:25,Freshwater,15,241.73915
2023-06-07 10:25,Freshwater,30,412.3902367
2023-06-07 10:25,Freshwater,50,787.3184067
2023-06-07 10:30,Control,5,576.0479067
2023-06-07 10:30,Control,15,735.31868
2023-06-07 10:30,Control,30,708.5831667
2023-06-07 10:30,Control,50,783.4038417
2023-06-07 10:30,Saltwater,5,477.22602
2023-06-07 10:30,Saltwater,15,519.090346
2023-06-07 10:30,Saltwater,30,690.23364
2023-06-07 10:30,Saltwater,50,735.02458
2023-06-07 10:30,Freshwater,5,167.6804
2023-06-07 10:30,Freshwater,15,240.651474
2023-06-07 10:30,Freshwater,30,411.349578
2023-06-07 10:30,Freshwater,50,786.74942
2023-06-07 10:35,Control,5,578.3711067
2023-06-07 10:35,Control,15,735.31868
2023-06-07 10:35,Control,30,708.7539867
2023-06-07 10:35,Control,50,783.4038417
2023-06-07 10:35,Saltwater,5,475.2167533
2023-06-07 10:35,Saltwater,15,519.7298073
2023-06-07 10:35,Saltwater,30,690.1414267
2023-06-07 10:35,Saltwater,50,734.7604467
2023-06-07 10:35,Freshwater,5,165.3311333
2023-06-07 10:35,Freshwater,15,240.2001447
2023-06-07 10:35,Freshwater,30,410.5529967
2023-06-07 10:35,Freshwater,50,787.2435667
2023-06-07 10:40,Control,5,577.8586467
2023-06-07 10:40,Control,15,735.38698
2023-06-07 10:40,Control,30,708.7881467
2023-06-07 10:40,Control,50,783.4465417
2023-06-07 10:40,Saltwater,5,473.5897067
2023-06-07 10:40,Saltwater,15,522.7992747
2023-06-07 10:40,Saltwater,30,689.8570533
2023-06-07 10:40,Saltwater,50,734.5440933
2023-06-07 10:40,Freshwater,5,162.9138467
2023-06-07 10:40,Freshwater,15,239.9527193
2023-06-07 10:40,Freshwater,30,409.2469573
2023-06-07 10:40,Freshwater,50,787.0248933
2023-06-07 10:45,Control,5,578.1661267
2023-06-07 10:45,Control,15,735.35284
2023-06-07 10:45,Control,30,708.9248067
2023-06-07 10:45,Control,50,783.4038417
2023-06-07 10:45,Saltwater,5,471.65656
2023-06-07 10:45,Saltwater,15,523.891336
2023-06-07 10:45,Saltwater,30,689.71082
2023-06-07 10:45,Saltwater,50,734.1932
2023-06-07 10:45,Freshwater,5,161.44796
2023-06-07 10:45,Freshwater,15,239.807252
2023-06-07 10:45,Freshwater,30,408.620478
2023-06-07 10:45,Freshwater,50,787.99546
2023-06-07 10:50,Control,5,578.4052667
2023-06-07 10:50,Control,15,735.45534
2023-06-07 10:50,Control,30,709.0614667
2023-06-07 10:50,Control,50,783.4892417
2023-06-07 10:50,Saltwater,5,470.1377
2023-06-07 10:50,Saltwater,15,525.1002353
2023-06-07 10:50,Saltwater,30,689.57436
2023-06-07 10:50,Saltwater,50,734.05672
2023-06-07 10:50,Freshwater,5,158.0165533
2023-06-07 10:50,Freshwater,15,238.8266227
2023-06-07 10:50,Freshwater,30,407.2369273
2023-06-07 10:50,Freshwater,50,786.9856533
2023-06-07 10:55,Control,5,578.6444067
2023-06-07 10:55,Control,15,735.4895
2023-06-07 10:55,Control,30,709.0614667
2023-06-07 10:55,Control,50,783.4892417
2023-06-07 10:55,Saltwater,5,468.10716
2023-06-07 10:55,Saltwater,15,525.8315667
2023-06-07 10:55,Saltwater,30,689.54024
2023-06-07 10:55,Saltwater,50,733.74972
2023-06-07 10:55,Freshwater,5,157.4393667
2023-06-07 10:55,Freshwater,15,238.0839013
2023-06-07 10:55,Freshwater,30,406.7368087
2023-06-07 10:55,Freshwater,50,786.7233667
2023-06-07 11:00,Control,5,579.0885667
2023-06-07 11:00,Control,15,735.62614
2023-06-07 11:00,Control,30,709.2664467
2023-06-07 11:00,Control,50,783.4892167
2023-06-07 11:00,Saltwater,5,466.52006
2023-06-07 11:00,Saltwater,15,523.458644
2023-06-07 11:00,Saltwater,30,689.33556
2023-06-07 11:00,Saltwater,50,733.54502
2023-06-07 11:00,Freshwater,5,156.31854
2023-06-07 11:00,Freshwater,15,237.34115
2023-06-07 11:00,Freshwater,30,405.59113
2023-06-07 11:00,Freshwater,50,786.631
2023-06-07 11:05,Control,5,579.3858
2023-06-07 11:05,Control,15,735.6945
2023-06-07 11:05,Control,30,709.3347667
2023-06-07 11:05,Control,50,783.4465417
2023-06-07 11:05,Saltwater,5,464.8587467
2023-06-07 11:05,Saltwater,15,525.6322567
2023-06-07 11:05,Saltwater,30,689.9106933
2023-06-07 11:05,Saltwater,50,733.8472533
2023-06-07 11:05,Freshwater,5,155.9596133
2023-06-07 11:05,Freshwater,15,237.4043113
2023-06-07 11:05,Freshwater,30,405.1541827
2023-06-07 11:05,Freshwater,50,786.8736667
2023-06-07 11:10,Control,5,579.5464333
2023-06-07 11:10,Control,15,735.83114
2023-06-07 11:10,Control,30,709.4372667
2023-06-07 11:10,Control,50,783.4892417
2023-06-07 11:10,Saltwater,5,462.7539733
2023-06-07 11:10,Saltwater,15,526.4072973
2023-06-07 11:10,Saltwater,30,689.4283467
2023-06-07 11:10,Saltwater,50,733.4672267
2023-06-07 11:10,Freshwater,5,154.6832267
2023-06-07 11:10,Freshwater,15,236.6180127
2023-06-07 11:10,Freshwater,30,404.9211133
2023-06-07 11:10,Freshwater,50,787.2182133
2023-06-07 11:15,Control,5,579.6728667
2023-06-07 11:15,Control,15,735.79696
2023-06-07 11:15,Control,30,709.4714267
2023-06-07 11:15,Control,50,783.5319417
2023-06-07 11:15,Saltwater,5,461.02444
2023-06-07 11:15,Saltwater,15,526.397706
2023-06-07 11:15,Saltwater,30,689.18476
2023-06-07 11:15,Saltwater,50,732.95078
2023-06-07 11:15,Freshwater,5,153.23698
2023-06-07 11:15,Freshwater,15,237.15689
2023-06-07 11:15,Freshwater,30,403.464796
2023-06-07 11:15,Freshwater,50,786.40752
2023-06-07 11:20,Control,5,580.0828267
2023-06-07 11:20,Control,15,735.83114
2023-06-07 11:20,Control,30,709.7185644
2023-06-07 11:20,Control,50,783.5826444
2023-06-07 11:20,Saltwater,5,459.6263933
2023-06-07 11:20,Saltwater,15,525.3156693
2023-06-07 11:20,Saltwater,30,689.21888
2023-06-07 11:20,Saltwater,50,732.91666
2023-06-07 11:20,Freshwater,5,152.3640467
2023-06-07 11:20,Freshwater,15,235.9578547
2023-06-07 11:20,Freshwater,30,402.8128513
2023-06-07 11:20,Freshwater,50,787.0096333
2023-06-07 11:25,Control,5,580.2194667
2023-06-07 11:25,Control,15,735.86532
2023-06-07 11:25,Control,30,709.8632022
2023-06-07 11:25,Control,50,783.5905972
2023-06-07 11:25,Saltwater,5,456.1134667
2023-06-07 11:25,Saltwater,15,523.9266627
2023-06-07 11:25,Saltwater,30,688.19552
2023-06-07 11:25,Saltwater,50,731.65448
2023-06-07 11:25,Freshwater,5,149.5906933
2023-06-07 11:25,Freshwater,15,234.8259193
2023-06-07 11:25,Freshwater,30,400.8966511
2023-06-07 11:25,Freshwater,50,786.9106467
2023-06-07 11:30,Control,5,580.4927667
2023-06-07 11:30,Control,15,736.03614
2023-06-07 11:30,Control,30,709.90536
2023-06-07 11:30,Control,50,783.555875
2023-06-07 11:30,Saltwater,5,455.09072
2023-06-07 11:30,Saltwater,15,523.117524
2023-06-07 11:30,Saltwater,30,688.40018
2023-06-07 11:30,Saltwater,50,732.2003
2023-06-07 11:30,Freshwater,5,149.0284
2023-06-07 11:30,Freshwater,15,234.20285
2023-06-07 11:30,Freshwater,30,399.8226732
2023-06-07 11:30,Freshwater,50,786.55138
2023-06-07 11:35,Control,5,580.8002667
2023-06-07 11:35,Control,15,736.0703
2023-06-07 11:35,Control,30,709.9395
2023-06-07 11:35,Control,50,783.55585
2023-06-07 11:35,Saltwater,5,452.9805267
2023-06-07 11:35,Saltwater,15,524.7255827
2023-06-07 11:35,Saltwater,30,688.4732067
2023-06-07 11:35,Saltwater,50,732.1368867
2023-06-07 11:35,Freshwater,5,147.7476067
2023-06-07 11:35,Freshwater,15,233.203174
2023-06-07 11:35,Freshwater,30,397.8808079
2023-06-07 11:35,Freshwater,50,786.4429933
2023-06-07 11:40,Control,5,581.0052467
2023-06-07 11:40,Control,15,736.1728
2023-06-07 11:40,Control,30,710.042
2023-06-07 11:40,Control,50,783.683975
2023-06-07 11:40,Saltwater,5,451.9960733
2023-06-07 11:40,Saltwater,15,525.9925273
2023-06-07 11:40,Saltwater,30,688.7167733
2023-06-07 11:40,Saltwater,50,732.1757733
2023-06-07 11:40,Freshwater,5,146.4323933
2023-06-07 11:40,Freshwater,15,233.256842
2023-06-07 11:40,Freshwater,30,397.8768213
2023-06-07 11:40,Freshwater,50,786.6784067
2023-06-07 11:45,Control,5,581.0735867
2023-06-07 11:45,Control,15,736.13864
2023-06-07 11:45,Control,30,710.21282
2023-06-07 11:45,Control,50,783.683975
2023-06-07 11:45,Saltwater,5,451.25038
2023-06-07 11:45,Saltwater,15,525.076308
2023-06-07 11:45,Saltwater,30,687.28886
2023-06-07 11:45,Saltwater,50,730.74786
2023-06-07 11:45,Freshwater,5,145.3911
2023-06-07 11:45,Freshwater,15,232.596388
2023-06-07 11:45,Freshwater,30,397.1533076
2023-06-07 11:45,Freshwater,50,786.58934
2023-06-07 11:50,Control,5,581.4915444
2023-06-07 11:50,Control,15,736.2650533
2023-06-07 11:50,Control,30,710.28116
2023-06-07 11:50,Control,50,783.769425
2023-06-07 11:50,Saltwater,5,447.3370333
2023-06-07 11:50,Saltwater,15,525.4952193
2023-06-07 11:50,Saltwater,30,686.8501867
2023-06-07 11:50,Saltwater,50,731.9465467
2023-06-07 11:50,Freshwater,5,143.4694933
2023-06-07 11:50,Freshwater,15,232.2327027
2023-06-07 11:50,Freshwater,30,395.9252973
2023-06-07 11:50,Freshwater,50,786.5840533
2023-06-07 11:55,Control,5,581.8411822
2023-06-07 11:55,Control,15,736.3915067
2023-06-07 11:55,Control,30,710.41782
2023-06-07 11:55,Control,50,783.7267
2023-06-07 11:55,Saltwater,5,446.7325667
2023-06-07 11:55,Saltwater,15,526.3916981
2023-06-07 11:55,Saltwater,30,687.4348733
2023-06-07 11:55,Saltwater,50,730.4844933
2023-06-07 11:55,Freshwater,5,143.4143067
2023-06-07 11:55,Freshwater,15,231.3260613
2023-06-07 11:55,Freshwater,30,395.1786847
2023-06-07 11:55,Freshwater,50,785.9512867
2023-06-07 12:00,Control,5,582.05414
2023-06-07 12:00,Control,15,736.44958
2023-06-07 12:00,Control,30,710.5203
2023-06-07 12:00,Control,50,783.726675
2023-06-07 12:00,Saltwater,5,440.363186
2023-06-07 12:00,Saltwater,15,522.614824
2023-06-07 12:00,Saltwater,30,688.19012
2023-06-07 12:00,Saltwater,50,730.42108
2023-06-07 12:00,Freshwater,5,142.41196
2023-06-07 12:00,Freshwater,15,231.097716
2023-06-07 12:00,Freshwater,30,394.081382
2023-06-07 12:00,Freshwater,50,786.47314
2023-06-07 12:05,Control,5,582.01998
2023-06-07 12:05,Control,15,736.55208
2023-06-07 12:05,Control,30,710.5282778
2023-06-07 12:05,Control,50,783.7346528
2023-06-07 12:05,Saltwater,5,440.4068433
2023-06-07 12:05,Saltwater,15,525.6214667
2023-06-07 12:05,Saltwater,30,688.36068
2023-06-07 12:05,Saltwater,50,731.51268
2023-06-07 12:05,Freshwater,5,141.5432133
2023-06-07 12:05,Freshwater,15,230.1512967
2023-06-07 12:05,Freshwater,30,393.3589607
2023-06-07 12:05,Freshwater,50,786.4316067
2023-06-07 12:10,Control,5,582.42994
2023-06-07 12:10,Control,15,736.58624
2023-06-07 12:10,Control,30,710.6387556
2023-06-07 12:10,Control,50,783.7853556
2023-06-07 12:10,Saltwater,5,439.5295327
2023-06-07 12:10,Saltwater,15,525.1486873
2023-06-07 12:10,Saltwater,30,687.30318
2023-06-07 12:10,Saltwater,50,730.42108
2023-06-07 12:10,Freshwater,5,140.5048867
2023-06-07 12:10,Freshwater,15,229.8163893
2023-06-07 12:10,Freshwater,30,392.1603433
2023-06-07 12:10,Freshwater,50,786.2521333
2023-06-07 12:15,Control,5,582.6691
2023-06-07 12:15,Control,15,736.65456
2023-06-07 12:15,Control,30,710.7150733
2023-06-07 12:15,Control,50,783.8360583
2023-06-07 12:15,Saltwater,5,437.697036
2023-06-07 12:15,Saltwater,15,524.027782
2023-06-07 12:15,Saltwater,30,687.16674
2023-06-07 12:15,Saltwater,50,730.2164
2023-06-07 12:15,Freshwater,5,139.60188
2023-06-07 12:15,Freshwater,15,229.311666
2023-06-07 12:15,Freshwater,30,390.793168
2023-06-07 12:15,Freshwater,50,786.28076
2023-06-07 12:20,Control,5,582.80576
2023-06-07 12:20,Control,15,736.68872
2023-06-07 12:20,Control,30,710.8517133
2023-06-07 12:20,Control,50,783.7933583
2023-06-07 12:20,Saltwater,5,435.698754
2023-06-07 12:20,Saltwater,15,526.1134271
2023-06-07 12:20,Saltwater,30,686.8303867
2023-06-07 12:20,Saltwater,50,729.8459267
2023-06-07 12:20,Freshwater,5,138.75122
2023-06-07 12:20,Freshwater,15,228.7440333
2023-06-07 12:20,Freshwater,30,390.3255807
2023-06-07 12:20,Freshwater,50,786.0583667
2023-06-07 12:25,Control,5,582.8399
2023-06-07 12:25,Control,15,736.65456
2023-06-07 12:25,Control,30,710.8858733
2023-06-07 12:25,Control,50,783.7933583
2023-06-07 12:25,Saltwater,5,433.70052
2023-06-07 12:25,Saltwater,15,525.9476181
2023-06-07 12:25,Saltwater,30,686.8351933
2023-06-07 12:25,Saltwater,50,729.7143133
2023-06-07 12:25,Freshwater,5,137.21934
2023-06-07 12:25,Freshwater,15,227.9728647
2023-06-07 12:25,Freshwater,30,388.8427213
2023-06-07 12:25,Freshwater,50,785.8487933
2023-06-07 12:30,Control,5,583.01074
2023-06-07 12:30,Control,15,736.79122
2023-06-07 12:30,Control,30,710.9542333
2023-06-07 12:30,Control,50,783.9214583
2023-06-07 12:30,Saltwater,5,431.941054
2023-06-07 12:30,Saltwater,15,526.8393638
2023-06-07 12:30,Saltwater,30,686.63532
2023-06-07 12:30,Saltwater,50,729.71908
2023-06-07 12:30,Freshwater,5,137.35592
2023-06-07 12:30,Freshwater,15,227.03097
2023-06-07 12:30,Freshwater,30,388.404232
2023-06-07 12:30,Freshwater,50,785.98432
2023-06-07 12:35,Control,5,583.21574
2023-06-07 12:35,Control,15,736.85956
2023-06-07 12:35,Control,30,711.0908733
2023-06-07 12:35,Control,50,783.8787583
2023-06-07 12:35,Saltwater,5,429.6094373
2023-06-07 12:35,Saltwater,15,526.3713539
2023-06-07 12:35,Saltwater,30,686.5282133
2023-06-07 12:35,Saltwater,50,729.3049333
2023-06-07 12:35,Freshwater,5,136.1747667
2023-06-07 12:35,Freshwater,15,227.0801813
2023-06-07 12:35,Freshwater,30,387.01605
2023-06-07 12:35,Freshwater,50,786.06802
2023-06-07 12:40,Control,5,583.28406
2023-06-07 12:40,Control,15,736.82538
2023-06-07 12:40,Control,30,711.2616933
2023-06-07 12:40,Control,50,783.9214583
2023-06-07 12:40,Saltwater,5,427.8577487
2023-06-07 12:40,Saltwater,15,526.5173495
2023-06-07 12:40,Saltwater,30,686.3187067
2023-06-07 12:40,Saltwater,50,729.0613667
2023-06-07 12:40,Freshwater,5,135.6406133
2023-06-07 12:40,Freshwater,15,226.3816347
2023-06-07 12:40,Freshwater,30,386.337848
2023-06-07 12:40,Freshwater,50,785.83452
2023-06-07 12:45,Control,5,583.45488
2023-06-07 12:45,Control,15,737.03042
2023-06-07 12:45,Control,30,711.2617133
2023-06-07 12:45,Control,50,783.8360333
2023-06-07 12:45,Saltwater,5,425.423798
2023-06-07 12:45,Saltwater,15,525.196562
2023-06-07 12:45,Saltwater,30,686.21162
2023-06-07 12:45,Saltwater,50,728.98836
2023-06-07 12:45,Freshwater,5,134.59884
2023-06-07 12:45,Freshwater,15,225.920498
2023-06-07 12:45,Freshwater,30,385.009434
2023-06-07 12:45,Freshwater,50,785.95946
2023-06-07 12:50,Control,5,583.5835622
2023-06-07 12:50,Control,15,737.03038
2023-06-07 12:50,Control,30,711.4325333
2023-06-07 12:50,Control,50,783.9214583
2023-06-07 12:50,Saltwater,5,423.335762
2023-06-07 12:50,Saltwater,15,525.0553405
2023-06-07 12:50,Saltwater,30,685.25646
2023-06-07 12:50,Saltwater,50,727.4874
2023-06-07 12:50,Freshwater,5,133.59838
2023-06-07 12:50,Freshwater,15,225.5421493
2023-06-07 12:50,Freshwater,30,385.098818
2023-06-07 12:50,Freshwater,50,786.18892
2023-06-07 12:55,Control,5,583.7122244
2023-06-07 12:55,Control,15,736.99622
2023-06-07 12:55,Control,30,711.5350333
2023-06-07 12:55,Control,50,783.9214583
2023-06-07 12:55,Saltwater,5,419.1328076
2023-06-07 12:55,Saltwater,15,525.8351329
2023-06-07 12:55,Saltwater,30,685.18826
2023-06-07 12:55,Saltwater,50,727.9991
2023-06-07 12:55,Freshwater,5,132.80216
2023-06-07 12:55,Freshwater,15,224.8578887
2023-06-07 12:55,Freshwater,30,383.420454
2023-06-07 12:55,Freshwater,50,785.6337
2023-06-07 13:00,Control,5,583.7726067
2023-06-07 13:00,Control,15,737.13286
2023-06-07 13:00,Control,30,711.5350333
2023-06-07 13:00,Control,50,783.9641583
2023-06-07 13:00,Saltwater,5,418.6821526
2023-06-07 13:00,Saltwater,15,526.8537286
2023-06-07 13:00,Saltwater,30,686.2116
2023-06-07 13:00,Saltwater,50,728.61312
2023-06-07 13:00,Freshwater,5,130.88074
2023-06-07 13:00,Freshwater,15,223.56265
2023-06-07 13:00,Freshwater,30,381.886434
2023-06-07 13:00,Freshwater,50,785.58276
2023-06-07 13:05,Control,5,583.9434267
2023-06-07 13:05,Control,15,737.16706
2023-06-07 13:05,Control,30,711.6033533
2023-06-07 13:05,Control,50,783.9214583
2023-06-07 13:05,Saltwater,5,415.0931954
2023-06-07 13:05,Saltwater,15,526.546685
2023-06-07 13:05,Saltwater,30,685.9094067
2023-06-07 13:05,Saltwater,50,727.8674267
2023-06-07 13:05,Freshwater,5,130.5223733
2023-06-07 13:05,Freshwater,15,223.01893
2023-06-07 13:05,Freshwater,30,381.3707413
2023-06-07 13:05,Freshwater,50,785.6078133
2023-06-07 13:10,Control,5,583.9434267
2023-06-07 13:10,Control,15,737.26952
2023-06-07 13:10,Control,30,711.7400133
2023-06-07 13:10,Control,50,783.9214583
2023-06-07 13:10,Saltwater,5,414.0285394
2023-06-07 13:10,Saltwater,15,525.762114
2023-06-07 13:10,Saltwater,30,685.2319133
2023-06-07 13:10,Saltwater,50,727.6675533
2023-06-07 13:10,Freshwater,5,129.4501267
2023-06-07 13:10,Freshwater,15,222.781048
2023-06-07 13:10,Freshwater,30,379.5986927
2023-06-07 13:10,Freshwater,50,785.6356467
2023-06-07 13:15,Control,5,584.0117667
2023-06-07 13:15,Control,15,737.3037
2023-06-07 13:15,Control,30,711.7399933
2023-06-07 13:15,Control,50,784.0495833
2023-06-07 13:15,Saltwater,5,411.394722
2023-06-07 13:15,Saltwater,15,525.9667798
2023-06-07 13:15,Saltwater,30,685.06614
2023-06-07 13:15,Saltwater,50,727.57002
2023-06-07 13:15,Freshwater,5,129.46334
2023-06-07 13:15,Freshwater,15,221.999758
2023-06-07 13:15,Freshwater,30,379.3254
2023-06-07 13:15,Freshwater,50,785.57426
2023-06-07 13:20,Control,5,584.3875667
2023-06-07 13:20,Control,15,737.44034
2023-06-07 13:20,Control,30,711.9450133
2023-06-07 13:20,Control,50,783.9641583
2023-06-07 13:20,Saltwater,5,409.6430353
2023-06-07 13:20,Saltwater,15,526.4880667
2023-06-07 13:20,Saltwater,30,685.0709467
2023-06-07 13:20,Saltwater,50,727.2677867
2023-06-07 13:20,Freshwater,5,128.8329133
2023-06-07 13:20,Freshwater,15,221.76187
2023-06-07 13:20,Freshwater,30,378.3006353
2023-06-07 13:20,Freshwater,50,785.3633733
2023-06-07 13:25,Control,5,584.7292067
2023-06-07 13:25,Control,15,737.4062
2023-06-07 13:25,Control,30,712.0133333
2023-06-07 13:25,Control,50,784.0068583
2023-06-07 13:25,Saltwater,5,407.4478667
2023-06-07 13:25,Saltwater,15,527.1457569
2023-06-07 13:25,Saltwater,30,684.3593733
2023-06-07 13:25,Saltwater,50,725.3963933
2023-06-07 13:25,Freshwater,5,128.4735667
2023-06-07 13:25,Freshwater,15,221.150326
2023-06-07 13:25,Freshwater,30,377.2772907
2023-06-07 13:25,Freshwater,50,785.4633667
2023-06-07 13:30,Control,5,585.2758667
2023-06-07 13:30,Control,15,737.4745
2023-06-07 13:30,Control,30,712.0816733
2023-06-07 13:30,Control,50,784.0068833
2023-06-07 13:30,Saltwater,5,403.444766
2023-06-07 13:30,Saltwater,15,527.1211938
2023-06-07 13:30,Saltwater,30,683.85246
2023-06-07 13:30,Saltwater,50,726.254
2023-06-07 13:30,Freshwater,5,128.38594
2023-06-07 13:30,Freshwater,15,219.825206
2023-06-07 13:30,Freshwater,30,376.356046
2023-06-07 13:30,Freshwater,50,785.05422
2023-06-07 13:35,Control,5,585.3362289
2023-06-07 13:35,Control,15,737.54286
2023-06-07 13:35,Control,30,712.1158133
2023-06-07 13:35,Control,50,784.0068833
2023-06-07 13:35,Saltwater,5,400.7744567
2023-06-07 13:35,Saltwater,15,527.0188558
2023-06-07 13:35,Saltwater,30,683.40902
2023-06-07 13:35,Saltwater,50,725.43532
2023-06-07 13:35,Freshwater,5,128.0365267
2023-06-07 13:35,Freshwater,15,219.8156127
2023-06-07 13:35,Freshwater,30,375.0941673
2023-06-07 13:35,Freshwater,50,785.3556533
2023-06-07 13:40,Control,5,585.8748511
2023-06-07 13:40,Control,15,737.64536
2023-06-07 13:40,Control,30,712.2524933
2023-06-07 13:40,Control,50,784.0496083
2023-06-07 13:40,Saltwater,5,399.1956813
2023-06-07 13:40,Saltwater,15,527.3258794
2023-06-07 13:40,Saltwater,30,684.87586
2023-06-07 13:40,Saltwater,50,725.23062
2023-06-07 13:40,Freshwater,5,127.9929733
2023-06-07 13:40,Freshwater,15,219.0925033
2023-06-07 13:40,Freshwater,30,374.4097867
2023-06-07 13:40,Freshwater,50,785.2489467
2023-06-07 13:45,Control,5,586.1060333
2023-06-07 13:45,Control,15,737.71368
2023-06-07 13:45,Control,30,712.3891333
2023-06-07 13:45,Control,50,784.0922833
2023-06-07 13:45,Saltwater,5,394.615086
2023-06-07 13:45,Saltwater,15,526.8824362
2023-06-07 13:45,Saltwater,30,683.6137
2023-06-07 13:45,Saltwater,50,725.74234
2023-06-07 13:45,Freshwater,5,127.40576
2023-06-07 13:45,Freshwater,15,218.335376
2023-06-07 13:45,Freshwater,30,372.9779
2023-06-07 13:45,Freshwater,50,785.34606
2023-06-07 13:50,Control,5,586.4135133
2023-06-07 13:50,Control,15,737.7939667
2023-06-07 13:50,Control,30,712.5941133
2023-06-07 13:50,Control,50,784.0923083
2023-06-07 13:50,Saltwater,5,393.747922
2023-06-07 13:50,Saltwater,15,527.4964396
2023-06-07 13:50,Saltwater,30,684.1254
2023-06-07 13:50,Saltwater,50,725.81052
2023-06-07 13:50,Freshwater,5,127.5916133
2023-06-07 13:50,Freshwater,15,217.6801307
2023-06-07 13:50,Freshwater,30,372.50004
2023-06-07 13:50,Freshwater,50,785.16854
2023-06-07 13:55,Control,5,586.5843533
2023-06-07 13:55,Control,15,737.8400933
2023-06-07 13:55,Control,30,712.5941333
2023-06-07 13:55,Control,50,784.0068833
2023-06-07 13:55,Saltwater,5,391.516266
2023-06-07 13:55,Saltwater,15,527.053004
2023-06-07 13:55,Saltwater,30,683.92072
2023-06-07 13:55,Saltwater,50,726.0152
2023-06-07 13:55,Freshwater,5,127.7413667
2023-06-07 13:55,Freshwater,15,216.0396373
2023-06-07 13:55,Freshwater,30,371.41462
2023-06-07 13:55,Freshwater,50,784.56366
2023-06-07 14:00,Control,5,586.7209933
2023-06-07 14:00,Control,15,737.88622
2023-06-07 14:00,Control,30,712.7307933
2023-06-07 14:00,Control,50,784.0923083
2023-06-07 14:00,Saltwater,5,388.704714
2023-06-07 14:00,Saltwater,15,525.961398
2023-06-07 14:00,Saltwater,30,683.85246
2023-06-07 14:00,Saltwater,50,725.70816
2023-06-07 14:00,Freshwater,5,127.95994
2023-06-07 14:00,Freshwater,15,215.724266
2023-06-07 14:00,Freshwater,30,370.29358
2023-06-07 14:00,Freshwater,50,785.14218
2023-06-07 14:05,Control,5,586.8576533
2023-06-07 14:05,Control,15,738.02288
2023-06-07 14:05,Control,30,712.7991133
2023-06-07 14:05,Control,50,784.0495833
2023-06-07 14:05,Saltwater,5,385.9661427
2023-06-07 14:05,Saltwater,15,524.8650029
2023-06-07 14:05,Saltwater,30,683.78426
2023-06-07 14:05,Saltwater,50,725.53762
2023-06-07 14:05,Freshwater,5,128.45526
2023-06-07 14:05,Freshwater,15,214.9719613
2023-06-07 14:05,Freshwater,30,369.7790933
2023-06-07 14:05,Freshwater,50,784.9335733
2023-06-07 14:10,Control,5,586.7551533
2023-06-07 14:10,Control,15,738.05704
2023-06-07 14:10,Control,30,712.8674333
2023-06-07 14:10,Control,50,784.0923083
2023-06-07 14:10,Saltwater,5,384.1145053
2023-06-07 14:10,Saltwater,15,526.6681759
2023-06-07 14:10,Saltwater,30,683.44314
2023-06-07 14:10,Saltwater,50,725.26472
2023-06-07 14:10,Freshwater,5,128.27102
2023-06-07 14:10,Freshwater,15,214.5933847
2023-06-07 14:10,Freshwater,30,367.7016267
2023-06-07 14:10,Freshwater,50,784.9627467
2023-06-07 14:15,Control,5,586.8918333
2023-06-07 14:15,Control,15,738.12538
2023-06-07 14:15,Control,30,712.9357733
2023-06-07 14:15,Control,50,784.1350083
2023-06-07 14:15,Saltwater,5,381.819436
2023-06-07 14:15,Saltwater,15,521.853562
2023-06-07 14:15,Saltwater,30,683.3408
2023-06-07 14:15,Saltwater,50,725.06004
2023-06-07 14:15,Freshwater,5,128.69896
2023-06-07 14:15,Freshwater,15,213.90901
2023-06-07 14:15,Freshwater,30,367.49186
2023-06-07 14:15,Freshwater,50,784.91996
2023-06-07 14:20,Control,5,587.1491778
2023-06-07 14:20,Control,15,738.22786
2023-06-07 14:20,Control,30,713.0724333
2023-06-07 14:20,Control,50,784.2204083
2023-06-07 14:20,Saltwater,5,379.1832127
2023-06-07 14:20,Saltwater,15,518.9587987
2023-06-07 14:20,Saltwater,30,683.0726867
2023-06-07 14:20,Saltwater,50,724.8260667
2023-06-07 14:20,Freshwater,5,128.8836533
2023-06-07 14:20,Freshwater,15,213.452928
2023-06-07 14:20,Freshwater,30,366.5017533
2023-06-07 14:20,Freshwater,50,784.6777333
2023-06-07 14:25,Control,5,587.3382022
2023-06-07 14:25,Control,15,738.22786
2023-06-07 14:25,Control,30,713.2090933
2023-06-07 14:25,Control,50,784.1350083
2023-06-07 14:25,Saltwater,5,376.2740893
2023-06-07 14:25,Saltwater,15,517.7014293
2023-06-07 14:25,Saltwater,30,683.7596933
2023-06-07 14:25,Saltwater,50,725.3425333
2023-06-07 14:25,Freshwater,5,128.5581867
2023-06-07 14:25,Freshwater,15,212.181344
2023-06-07 14:25,Freshwater,30,365.3086267
2023-06-07 14:25,Freshwater,50,784.3024867
2023-06-07 14:30,Control,5,587.6638867
2023-06-07 14:30,Control,15,738.1937
2023-06-07 14:30,Control,30,713.3457533
2023-06-07 14:30,Control,50,784.3058333
2023-06-07 14:30,Saltwater,5,373.092102
2023-06-07 14:30,Saltwater,15,516.614632
2023-06-07 14:30,Saltwater,30,682.53646
2023-06-07 14:30,Saltwater,50,724.5286
2023-06-07 14:30,Freshwater,5,130.44182
2023-06-07 14:30,Freshwater,15,212.200992
2023-06-07 14:30,Freshwater,30,364.69232
2023-06-07 14:30,Freshwater,50,786.40468
2023-06-07 14:35,Control,5,587.7584289
2023-06-07 14:35,Control,15,738.39872
2023-06-07 14:35,Control,30,713.4482533
2023-06-07 14:35,Control,50,784.1776833
2023-06-07 14:35,Saltwater,5,370.9089
2023-06-07 14:35,Saltwater,15,520.0210713
2023-06-07 14:35,Saltwater,30,682.6340133
2023-06-07 14:35,Saltwater,50,724.2168333
2023-06-07 14:35,Freshwater,5,129.98574
2023-06-07 14:35,Freshwater,15,211.58936
2023-06-07 14:35,Freshwater,30,363.7409
2023-06-07 14:35,Freshwater,50,784.9776
2023-06-07 14:40,Control,5,587.7162911
2023-06-07 14:40,Control,15,738.43286
2023-06-07 14:40,Control,30,713.5165733
2023-06-07 14:40,Control,50,784.3057833
2023-06-07 14:40,Saltwater,5,368.521036
2023-06-07 14:40,Saltwater,15,521.6536767
2023-06-07 14:40,Saltwater,30,682.4245667
2023-06-07 14:40,Saltwater,50,724.1097067
2023-06-07 14:40,Freshwater,5,130.41312
2023-06-07 14:40,Freshwater,15,210.67192
2023-06-07 14:40,Freshwater,30,363.63896
2023-06-07 14:40,Freshwater,50,785.07954
2023-06-07 14:45,Control,5,587.5375133
2023-06-07 14:45,Control,15,738.50122
2023-06-07 14:45,Control,30,713.6532333
2023-06-07 14:45,Control,50,784.3058333
2023-06-07 14:45,Saltwater,5,365.246284
2023-06-07 14:45,Saltwater,15,522.740474
2023-06-07 14:45,Saltwater,30,682.28332
2023-06-07 14:45,Saltwater,50,723.83202
2023-06-07 14:45,Freshwater,5,129.95702
2023-06-07 14:45,Freshwater,15,209.312756
2023-06-07 14:45,Freshwater,30,362.58562
2023-06-07 14:45,Freshwater,50,784.46792
2023-06-07 14:50,Control,5,587.4953356
2023-06-07 14:50,Control,15,738.53536
2023-06-07 14:50,Control,30,713.7215733
2023-06-07 14:50,Control,50,784.2631083
2023-06-07 14:50,Saltwater,5,363.321664
2023-06-07 14:50,Saltwater,15,522.979256
2023-06-07 14:50,Saltwater,30,682.65854
2023-06-07 14:50,Saltwater,50,724.00258
2023-06-07 14:55,Control,5,587.5215178
2023-06-07 14:55,Control,15,738.74034
2023-06-07 14:55,Control,30,713.9265533
2023-06-07 14:55,Control,50,784.2630583
2023-06-07 14:55,Saltwater,5,359.964264
2023-06-07 14:55,Saltwater,15,523.2521672
2023-06-07 14:55,Saltwater,30,681.83986
2023-06-07 14:55,Saltwater,50,723.35444
2023-06-07 14:55,Freshwater,5,130.7193533
2023-06-07 14:55,Freshwater,15,207.1730367
2023-06-07 14:55,Freshwater,30,359.2365733
2023-06-07 14:55,Freshwater,50,783.0557933
2023-06-07 15:00,Control,5,586.48842
2023-06-07 15:00,Control,15,738.84258
2023-06-07 15:00,Control,30,714.0629533
2023-06-07 15:00,Control,50,784.3482583
2023-06-07 15:00,Saltwater,5,358.244304
2023-06-07 15:00,Saltwater,15,524.139072
2023-06-07 15:00,Saltwater,30,682.01042
2023-06-07 15:00,Saltwater,50,722.94508
2023-06-07 15:00,Freshwater,5,129.79236
2023-06-07 15:00,Freshwater,15,207.207476
2023-06-07 15:00,Freshwater,30,358.68336
2023-06-07 15:00,Freshwater,50,784.16758
2023-06-07 15:05,Control,5,586.48842
2023-06-07 15:05,Control,15,738.84258
2023-06-07 15:05,Control,30,714.0629533
2023-06-07 15:05,Control,50,784.3482583
2023-06-07 15:05,Saltwater,5,356.1442953
2023-06-07 15:05,Saltwater,15,524.9823389
2023-06-07 15:05,Saltwater,30,681.05526
2023-06-07 15:05,Saltwater,50,723.45678
2023-06-07 15:05,Freshwater,5,129.74404
2023-06-07 15:05,Freshwater,15,206.324044
2023-06-07 15:05,Freshwater,30,357.90184
2023-06-07 15:05,Freshwater,50,784.13356
2023-06-07 15:10,Control,5,587.58166
2023-06-07 15:10,Control,15,738.84256
2023-06-07 15:10,Control,30,714.1312733
2023-06-07 15:10,Control,50,784.3482333
2023-06-07 15:10,Saltwater,5,353.0209467
2023-06-07 15:10,Saltwater,15,522.3460973
2023-06-07 15:10,Saltwater,30,682.07862
2023-06-07 15:10,Saltwater,50,722.33108
2023-06-07 15:10,Freshwater,5,127.4194
2023-06-07 15:10,Freshwater,15,206.018238
2023-06-07 15:10,Freshwater,30,356.88194
2023-06-07 15:10,Freshwater,50,784.19942
2023-06-07 15:15,Control,5,587.51334
2023-06-07 15:15,Control,15,738.91092
2023-06-07 15:15,Control,30,714.2679333
2023-06-07 15:15,Control,50,784.3909583
2023-06-07 15:15,Saltwater,5,350.886826
2023-06-07 15:15,Saltwater,15,523.1893242
2023-06-07 15:15,Saltwater,30,681.60106
2023-06-07 15:15,Saltwater,50,722.6722
2023-06-07 15:15,Freshwater,5,127.03103
2023-06-07 15:15,Freshwater,15,204.591104
2023-06-07 15:15,Freshwater,30,355.99892
2023-06-07 15:15,Freshwater,50,783.99732
2023-06-07 15:20,Control,5,584.7038622
2023-06-07 15:20,Control,15,739.01342
2023-06-07 15:20,Control,30,714.5070933
2023-06-07 15:20,Control,50,784.3055333
2023-06-07 15:20,Saltwater,5,349.3326313
2023-06-07 15:20,Saltwater,15,523.564558
2023-06-07 15:20,Saltwater,30,681.0941867
2023-06-07 15:20,Saltwater,50,720.4597267
2023-06-07 15:20,Freshwater,5,126.8857447
2023-06-07 15:20,Freshwater,15,204.65909
2023-06-07 15:20,Freshwater,30,354.6638067
2023-06-07 15:20,Freshwater,50,784.2242267
2023-06-07 15:25,Control,5,584.6958844
2023-06-07 15:25,Control,15,739.01342
2023-06-07 15:25,Control,30,714.5070933
2023-06-07 15:25,Control,50,784.3055333
2023-06-07 15:25,Saltwater,5,347.4032067
2023-06-07 15:25,Saltwater,15,525.7136294
2023-06-07 15:25,Saltwater,30,680.3484533
2023-06-07 15:25,Saltwater,50,720.9760933
2023-06-07 15:25,Freshwater,5,128.6432213
2023-06-07 15:25,Freshwater,15,204.013494
2023-06-07 15:25,Freshwater,30,354.1782933
2023-06-07 15:25,Freshwater,50,784.0777133
2023-06-07 15:30,Control,5,587.1136067
2023-06-07 15:30,Control,15,739.11588
2023-06-07 15:30,Control,30,714.5070933
2023-06-07 15:30,Control,50,784.3482333
2023-06-07 15:30,Saltwater,5,346.83824
2023-06-07 15:30,Saltwater,15,525.7818252
2023-06-07 15:30,Saltwater,30,680.35322
2023-06-07 15:30,Saltwater,50,722.10662
2023-06-07 15:30,Freshwater,5,132.030602
2023-06-07 15:30,Freshwater,15,202.484356
2023-06-07 15:30,Freshwater,30,353.35488
2023-06-07 15:30,Freshwater,50,783.80294
2023-06-07 15:35,Control,5,587.6784311
2023-06-07 15:35,Control,15,739.01342
2023-06-07 15:35,Control,30,714.6778933
2023-06-07 15:35,Control,50,784.4336583
2023-06-07 15:35,Saltwater,5,343.8998213
2023-06-07 15:35,Saltwater,15,525.7722585
2023-06-07 15:35,Saltwater,30,680.38736
2023-06-07 15:35,Saltwater,50,721.66314
2023-06-07 15:35,Freshwater,5,132.49239
2023-06-07 15:35,Freshwater,15,202.5135873
2023-06-07 15:35,Freshwater,30,352.3298533
2023-06-07 15:35,Freshwater,50,784.1345333
2023-06-07 15:40,Control,5,587.0133556
2023-06-07 15:40,Control,15,739.18422
2023-06-07 15:40,Control,30,714.8145733
2023-06-07 15:40,Control,50,784.3482083
2023-06-07 15:40,Saltwater,5,340.5861367
2023-06-07 15:40,Saltwater,15,525.8309017
2023-06-07 15:40,Saltwater,30,680.86492
2023-06-07 15:40,Saltwater,50,721.4926
2023-06-07 15:40,Freshwater,5,132.987808
2023-06-07 15:40,Freshwater,15,202.1010847
2023-06-07 15:40,Freshwater,30,351.4755067
2023-06-07 15:40,Freshwater,50,783.8574667
2023-06-07 15:45,Control,5,588.53482
2023-06-07 15:45,Control,15,739.1842
2023-06-07 15:45,Control,30,714.8828933
2023-06-07 15:45,Control,50,784.3482583
2023-06-07 15:45,Saltwater,5,337.306572
2023-06-07 15:45,Saltwater,15,525.7531052
2023-06-07 15:45,Saltwater,30,680.21678
2023-06-07 15:45,Saltwater,50,721.15148
2023-06-07 15:45,Freshwater,5,132.939452
2023-06-07 15:45,Freshwater,15,200.805086
2023-06-07 15:45,Freshwater,30,350.4853
2023-06-07 15:45,Freshwater,50,783.81866
2023-06-07 15:50,Control,5,588.7659622
2023-06-07 15:50,Control,15,739.18422
2023-06-07 15:50,Control,30,714.9170733
2023-06-07 15:50,Control,50,784.3909333
2023-06-07 15:50,Saltwater,5,333.471664
2023-06-07 15:50,Saltwater,15,525.821324
2023-06-07 15:50,Saltwater,30,679.8367533
2023-06-07 15:50,Saltwater,50,721.0443333
2023-06-07 15:50,Freshwater,5,131.3572833
2023-06-07 15:50,Freshwater,15,203.9943213
2023-06-07 15:50,Freshwater,30,351.3979733
2023-06-07 15:50,Freshwater,50,784.5273933
2023-06-07 15:55,Control,5,588.7580044
2023-06-07 15:55,Control,15,739.2184
2023-06-07 15:55,Control,30,715.1220733
2023-06-07 15:55,Control,50,784.5190583
2023-06-07 15:55,Saltwater,5,330.489512
2023-06-07 15:55,Saltwater,15,525.5484298
2023-06-07 15:55,Saltwater,30,679.6955267
2023-06-07 15:55,Saltwater,50,720.8007667
2023-06-07 15:55,Freshwater,5,130.0129627
2023-06-07 15:55,Freshwater,15,199.1305467
2023-06-07 15:55,Freshwater,30,348.7428067
2023-06-07 15:55,Freshwater,50,783.7071667
2023-06-07 16:00,Control,5,588.8525067
2023-06-07 16:00,Control,15,739.32084
2023-06-07 16:00,Control,30,715.1562533
2023-06-07 16:00,Control,50,784.4763583
2023-06-07 16:00,Saltwater,5,326.961576
2023-06-07 16:00,Saltwater,15,524.9685384
2023-06-07 16:00,Saltwater,30,679.34962
2023-06-07 16:00,Saltwater,50,720.45484
2023-06-07 16:00,Freshwater,5,139.270662
2023-06-07 16:00,Freshwater,15,198.14049
2023-06-07 16:00,Freshwater,30,347.24182
2023-06-07 16:00,Freshwater,50,783.4937
2023-06-07 16:05,Control,5,588.6054089
2023-06-07 16:05,Control,15,739.38922
2023-06-07 16:05,Control,30,715.3270533
2023-06-07 16:05,Control,50,784.4763333
2023-06-07 16:05,Saltwater,5,323.8819247
2023-06-07 16:05,Saltwater,15,525.5777753
2023-06-07 16:05,Saltwater,30,679.65664
2023-06-07 16:05,Saltwater,50,720.59128
2023-06-07 16:05,Freshwater,5,134.9500153
2023-06-07 16:05,Freshwater,15,197.2473567
2023-06-07 16:05,Freshwater,30,346.7283533
2023-06-07 16:05,Freshwater,50,783.2212733
2023-06-07 16:10,Control,5,588.2899511
2023-06-07 16:10,Control,15,739.4575
2023-06-07 16:10,Control,30,715.5320133
2023-06-07 16:10,Control,50,784.5190583
2023-06-07 16:10,Saltwater,5,319.5401073
2023-06-07 16:10,Saltwater,15,526.1870127
2023-06-07 16:10,Saltwater,30,679.52018
2023-06-07 16:10,Saltwater,50,720.3184
2023-06-07 16:10,Freshwater,5,134.4697207
2023-06-07 16:10,Freshwater,15,196.6262053
2023-06-07 16:10,Freshwater,30,345.8398267
2023-06-07 16:10,Freshwater,50,783.5549467
2023-06-07 16:15,Control,5,588.2477933
2023-06-07 16:15,Control,15,739.35504
2023-06-07 16:15,Control,30,715.6003733
2023-06-07 16:15,Control,50,784.4763583
2023-06-07 16:15,Saltwater,5,319.905736
2023-06-07 16:15,Saltwater,15,526.045788
2023-06-07 16:15,Saltwater,30,679.34962
2023-06-07 16:15,Saltwater,50,720.0796
2023-06-07 16:15,Freshwater,5,130.489328
2023-06-07 16:15,Freshwater,15,194.985632
2023-06-07 16:15,Freshwater,30,344.91768
2023-06-07 16:15,Freshwater,50,783.07488
2023-06-07 16:20,Control,5,588.3081356
2023-06-07 16:20,Control,15,739.5138533
2023-06-07 16:20,Control,30,715.6003533
2023-06-07 16:20,Control,50,784.5190583
2023-06-07 16:20,Saltwater,5,328.8581433
2023-06-07 16:20,Saltwater,15,525.4611093
2023-06-07 16:20,Saltwater,30,679.2814
2023-06-07 16:20,Saltwater,50,719.80672
2023-06-07 16:20,Freshwater,5,127.1204333
2023-06-07 16:20,Freshwater,15,194.577848
2023-06-07 16:20,Freshwater,30,343.86468
2023-06-07 16:20,Freshwater,50,783.34822
2023-06-07 16:25,Control,5,588.3001578
2023-06-07 16:25,Control,15,739.5360667
2023-06-07 16:25,Control,30,715.7369933
2023-06-07 16:25,Control,50,784.5617583
2023-06-07 16:25,Saltwater,5,331.3291787
2023-06-07 16:25,Saltwater,15,524.9787287
2023-06-07 16:25,Saltwater,30,679.11082
2023-06-07 16:25,Saltwater,50,719.84084
2023-06-07 16:25,Freshwater,5,124.6366327
2023-06-07 16:25,Freshwater,15,193.864574
2023-06-07 16:25,Freshwater,30,342.91104
2023-06-07 16:25,Freshwater,50,783.2026
2023-06-07 16:30,Control,5,588.42886
2023-06-07 16:30,Control,15,739.5583
2023-06-07 16:30,Control,30,715.9078333
2023-06-07 16:30,Control,50,784.5617583
2023-06-07 16:30,Saltwater,5,330.32077
2023-06-07 16:30,Saltwater,15,524.4622662
2023-06-07 16:30,Saltwater,30,678.94026
2023-06-07 16:30,Saltwater,50,719.60206
2023-06-07 16:30,Freshwater,5,122.660076
2023-06-07 16:30,Freshwater,15,193.218798
2023-06-07 16:30,Freshwater,30,342.5728
2023-06-07 16:30,Freshwater,50,783.48114
2023-06-07 16:35,Control,5,588.3787244
2023-06-07 16:35,Control,15,739.59244
2023-06-07 16:35,Control,30,715.9761733
2023-06-07 16:35,Control,50,784.4336583
2023-06-07 16:35,Saltwater,5,329.1759153
2023-06-07 16:35,Saltwater,15,525.7196133
2023-06-07 16:35,Saltwater,30,678.9013733
2023-06-07 16:35,Saltwater,50,719.3584933
2023-06-07 16:35,Freshwater,5,120.09768
2023-06-07 16:35,Freshwater,15,192.2822733
2023-06-07 16:35,Freshwater,30,341.1063733
2023-06-07 16:35,Freshwater,50,783.2021533
2023-06-07 16:40,Control,5,588.4652689
2023-06-07 16:40,Control,15,739.79744
2023-06-07 16:40,Control,30,716.1128333
2023-06-07 16:40,Control,50,784.4763583
2023-06-07 16:40,Saltwater,5,328.2016367
2023-06-07 16:40,Saltwater,15,525.2031627
2023-06-07 16:40,Saltwater,30,678.6236867
2023-06-07 16:40,Saltwater,50,719.2172667
2023-06-07 16:40,Freshwater,5,119.878992
2023-06-07 16:40,Freshwater,15,190.9378687
2023-06-07 16:40,Freshwater,30,340.5926067
2023-06-07 16:40,Freshwater,50,782.2149467
2023-06-07 16:45,Control,5,588.5859733
2023-06-07 16:45,Control,15,739.66078
2023-06-07 16:45,Control,30,716.2153133
2023-06-07 16:45,Control,50,784.5617583
2023-06-07 16:45,Saltwater,5,327.329682
2023-06-07 16:45,Saltwater,15,522.6399322
2023-06-07 16:45,Saltwater,30,678.31188
2023-06-07 16:45,Saltwater,50,718.73488
2023-06-07 16:45,Freshwater,5,119.218946
2023-06-07 16:45,Freshwater,15,190.443006
2023-06-07 16:45,Freshwater,30,339.56856
2023-06-07 16:45,Freshwater,50,782.99214
2023-06-07 16:50,Control,5,588.4493133
2023-06-07 16:50,Control,15,739.79744
2023-06-07 16:50,Control,30,716.3519733
2023-06-07 16:50,Control,50,784.5190583
2023-06-07 16:50,Saltwater,5,326.7449873
2023-06-07 16:50,Saltwater,15,521.6458927
2023-06-07 16:50,Saltwater,30,678.0731
2023-06-07 16:50,Saltwater,50,718.08674
2023-06-07 16:50,Freshwater,5,118.117338
2023-06-07 16:50,Freshwater,15,189.3604747
2023-06-07 16:50,Freshwater,30,338.9180933
2023-06-07 16:50,Freshwater,50,782.9530933
2023-06-07 16:55,Control,5,588.1076533
2023-06-07 16:55,Control,15,739.86576
2023-06-07 16:55,Control,30,716.3861533
2023-06-07 16:55,Control,50,784.5617583
2023-06-07 16:55,Saltwater,5,326.3649767
2023-06-07 16:55,Saltwater,15,523.6196169
2023-06-07 16:55,Saltwater,30,676.23108
2023-06-07 16:55,Saltwater,50,718.29142
2023-06-07 16:55,Freshwater,5,117.35511
2023-06-07 16:55,Freshwater,15,188.2438633
2023-06-07 16:55,Freshwater,30,338.0302667
2023-06-07 16:55,Freshwater,50,782.7802867
2023-06-07 17:00,Control,5,587.9368333
2023-06-07 17:00,Control,15,739.83162
2023-06-07 17:00,Control,30,716.4886333
2023-06-07 17:00,Control,50,784.5190583
2023-06-07 17:00,Saltwater,5,324.791014
2023-06-07 17:00,Saltwater,15,520.5788452
2023-06-07 17:00,Saltwater,30,677.69788
2023-06-07 17:00,Saltwater,50,718.59844
2023-06-07 17:00,Freshwater,5,116.049548
2023-06-07 17:00,Freshwater,15,187.53511
2023-06-07 17:00,Freshwater,30,336.53044
2023-06-07 17:00,Freshwater,50,782.74162
2023-06-07 17:05,Control,5,587.6817178
2023-06-07 17:05,Control,15,739.93412
2023-06-07 17:05,Control,30,716.6674311
2023-06-07 17:05,Control,50,784.5697361
2023-06-07 17:05,Saltwater,5,324.245224
2023-06-07 17:05,Saltwater,15,520.4376178
2023-06-07 17:05,Saltwater,30,675.7438867
2023-06-07 17:05,Saltwater,50,717.3608267
2023-06-07 17:05,Freshwater,5,115.4670953
2023-06-07 17:05,Freshwater,15,186.3559047
2023-06-07 17:05,Freshwater,30,336.3945
2023-06-07 17:05,Freshwater,50,782.40186
2023-06-07 17:10,Control,5,587.5291022
2023-06-07 17:10,Control,15,739.96826
2023-06-07 17:10,Control,30,716.8120689
2023-06-07 17:10,Control,50,784.5777139
2023-06-07 17:10,Saltwater,5,325.916714
2023-06-07 17:10,Saltwater,15,522.9912403
2023-06-07 17:10,Saltwater,30,677.5422733
2023-06-07 17:10,Saltwater,50,717.6582733
2023-06-07 17:10,Freshwater,5,114.0012367
2023-06-07 17:10,Freshwater,15,185.2786113
2023-06-07 17:10,Freshwater,30,335.613
2023-06-07 17:10,Freshwater,50,782.77562
2023-06-07 17:15,Control,5,588.7089267
2023-06-07 17:15,Control,15,740.07074
2023-06-07 17:15,Control,30,716.9567067
2023-06-07 17:15,Control,50,784.7137917
2023-06-07 17:15,Saltwater,5,330.89709
2023-06-07 17:15,Saltwater,15,523.2934736
2023-06-07 17:15,Saltwater,30,677.8397
2023-06-07 17:15,Saltwater,50,717.78514
2023-06-07 17:15,Freshwater,5,113.55472
2023-06-07 17:15,Freshwater,15,183.759598
2023-06-07 17:15,Freshwater,30,334.86546
2023-06-07 17:15,Freshwater,50,782.164
2023-06-07 17:20,Control,5,589.4263667
2023-06-07 17:20,Control,15,740.13908
2023-06-07 17:20,Control,30,717.0250467
2023-06-07 17:20,Control,50,784.7138167
2023-06-07 17:20,Saltwater,5,335.4101047
2023-06-07 17:20,Saltwater,15,521.1007229
2023-06-07 17:20,Saltwater,30,677.5668
2023-06-07 17:20,Saltwater,50,717.75102
2023-06-07 17:20,Freshwater,5,112.7636327
2023-06-07 17:20,Freshwater,15,182.7354613
2023-06-07 17:20,Freshwater,30,333.9772333
2023-06-07 17:20,Freshwater,50,782.5669533
2023-06-07 17:25,Control,5,589.3580467
2023-06-07 17:25,Control,15,740.1391
2023-06-07 17:25,Control,30,717.1617067
2023-06-07 17:25,Control,50,784.7564917
2023-06-07 17:25,Saltwater,5,335.7273073
2023-06-07 17:25,Saltwater,15,521.5346151
2023-06-07 17:25,Saltwater,30,677.39624
2023-06-07 17:25,Saltwater,50,717.54636
2023-06-07 17:25,Freshwater,5,113.5355633
2023-06-07 17:25,Freshwater,15,182.1530367
2023-06-07 17:25,Freshwater,30,333.1909267
2023-06-07 17:25,Freshwater,50,782.5281867
2023-06-07 17:30,Control,5,589.2555667
2023-06-07 17:30,Control,15,740.17326
2023-06-07 17:30,Control,30,717.2983267
2023-06-07 17:30,Control,50,784.6711167
2023-06-07 17:30,Saltwater,5,337.75006
2023-06-07 17:30,Saltwater,15,522.0367167
2023-06-07 17:30,Saltwater,30,677.32802
2023-06-07 17:30,Saltwater,50,717.4099
2023-06-07 17:30,Freshwater,5,117.025816
2023-06-07 17:30,Freshwater,15,180.992976
2023-06-07 17:30,Freshwater,30,332.81238
2023-06-07 17:30,Freshwater,50,782.5234
2023-06-07 17:35,Control,5,588.8979911
2023-06-07 17:35,Control,15,740.27578
2023-06-07 17:35,Control,30,717.3666867
2023-06-07 17:35,Control,50,784.6283917
2023-06-07 17:35,Saltwater,5,335.9229933
2023-06-07 17:35,Saltwater,15,524.356334
2023-06-07 17:35,Saltwater,30,676.85044
2023-06-07 17:35,Saltwater,50,717.00056
2023-06-07 17:35,Freshwater,5,119.0793993
2023-06-07 17:35,Freshwater,15,179.939616
2023-06-07 17:35,Freshwater,30,331.2785533
2023-06-07 17:35,Freshwater,50,782.0768933
2023-06-07 17:40,Control,5,588.5062156
2023-06-07 17:40,Control,15,740.41242
2023-06-07 17:40,Control,30,717.5033267
2023-06-07 17:40,Control,50,784.7564917
2023-06-07 17:40,Saltwater,5,336.2790847
2023-06-07 17:40,Saltwater,15,524.595114
2023-06-07 17:40,Saltwater,30,676.91868
2023-06-07 17:40,Saltwater,50,717.0688
2023-06-07 17:40,Freshwater,5,122.6959847
2023-06-07 17:40,Freshwater,15,178.478518
2023-06-07 17:40,Freshwater,30,331.2737667
2023-06-07 17:40,Freshwater,50,781.6303867
2023-06-07 17:45,Control,5,588.1486
2023-06-07 17:45,Control,15,740.44658
2023-06-07 17:45,Control,30,717.6058467
2023-06-07 17:45,Control,50,784.6710917
2023-06-07 17:45,Saltwater,5,332.337024
2023-06-07 17:45,Saltwater,15,524.595136
2023-06-07 17:45,Saltwater,30,676.88456
2023-06-07 17:45,Saltwater,50,717.00056
2023-06-07 17:45,Freshwater,5,124.783548
2023-06-07 17:45,Freshwater,15,177.900882
2023-06-07 17:45,Freshwater,30,330.52144
2023-06-07 17:45,Freshwater,50,782.23722
2023-06-07 17:50,Control,5,587.9698022
2023-06-07 17:50,Control,15,740.48074
2023-06-07 17:50,Control,30,717.7766467
2023-06-07 17:50,Control,50,784.6710917
2023-06-07 17:50,Saltwater,5,332.0231627
2023-06-07 17:50,Saltwater,15,524.9336827
2023-06-07 17:50,Saltwater,30,676.65618
2023-06-07 17:50,Saltwater,50,716.2955
2023-06-07 17:50,Freshwater,5,125.8613047
2023-06-07 17:50,Freshwater,15,176.5369153
2023-06-07 17:50,Freshwater,30,329.6331933
2023-06-07 17:50,Freshwater,50,782.2324133
2023-06-07 17:55,Control,5,587.8251444
2023-06-07 17:55,Control,15,740.44658
2023-06-07 17:55,Control,30,717.7766667
2023-06-07 17:55,Control,50,784.7565167
2023-06-07 17:55,Saltwater,5,331.2644813
2023-06-07 17:55,Saltwater,15,525.5075713
2023-06-07 17:55,Saltwater,30,676.49082
2023-06-07 17:55,Saltwater,50,716.67636
2023-06-07 17:55,Freshwater,5,128.1962613
2023-06-07 17:55,Freshwater,15,175.7506407
2023-06-07 17:55,Freshwater,30,330.1720467
2023-06-07 17:55,Freshwater,50,783.2130067
2023-06-07 18:00,Control,5,587.6463267
2023-06-07 18:00,Control,15,740.58322
2023-06-07 18:00,Control,30,718.0158267
2023-06-07 18:00,Control,50,784.7137917
2023-06-07 18:00,Saltwater,5,328.48973
2023-06-07 18:00,Saltwater,15,525.117458
2023-06-07 18:00,Saltwater,30,676.38068
2023-06-07 18:00,Saltwater,50,716.25856
2023-06-07 18:00,Freshwater,5,128.288612
2023-06-07 18:00,Freshwater,15,174.794428
2023-06-07 18:00,Freshwater,30,328.33242
2023-06-07 18:00,Freshwater,50,782.12092
2023-06-07 18:05,Control,5,587.3308889
2023-06-07 18:05,Control,15,740.5149
2023-06-07 18:05,Control,30,718.0841467
2023-06-07 18:05,Control,50,784.6711167
2023-06-07 18:05,Saltwater,5,328.000204
2023-06-07 18:05,Saltwater,15,524.8461173
2023-06-07 18:05,Saltwater,30,676.28776
2023-06-07 18:05,Saltwater,50,716.16644
2023-06-07 18:05,Freshwater,5,129.7109613
2023-06-07 18:05,Freshwater,15,173.2802073
2023-06-07 18:05,Freshwater,30,328.4295733
2023-06-07 18:05,Freshwater,50,782.1161333
2023-06-07 18:10,Control,5,587.2545911
2023-06-07 18:10,Control,15,740.7199
2023-06-07 18:10,Control,30,718.2549667
2023-06-07 18:10,Control,50,784.7137917
2023-06-07 18:10,Saltwater,5,326.827234
2023-06-07 18:10,Saltwater,15,524.3330267
2023-06-07 18:10,Saltwater,30,676.15628
2023-06-07 18:10,Saltwater,50,715.96714
2023-06-07 18:10,Freshwater,5,130.0459647
2023-06-07 18:10,Freshwater,15,172.5135407
2023-06-07 18:10,Freshwater,30,328.0170267
2023-06-07 18:10,Freshwater,50,781.5336867
2023-06-07 18:15,Control,5,587.0757733
2023-06-07 18:15,Control,15,740.6857
2023-06-07 18:15,Control,30,718.3233067
2023-06-07 18:15,Control,50,784.8419167
2023-06-07 18:15,Saltwater,5,325.927622
2023-06-07 18:15,Saltwater,15,523.480008
2023-06-07 18:15,Saltwater,30,676.12902
2023-06-07 18:15,Saltwater,50,715.90642
2023-06-07 18:15,Freshwater,5,132.725488
2023-06-07 18:15,Freshwater,15,172.698258
2023-06-07 18:15,Freshwater,30,328.1142
2023-06-07 18:15,Freshwater,50,783.4657
2023-06-07 18:20,Control,5,586.9049533
2023-06-07 18:20,Control,15,740.6054333
2023-06-07 18:20,Control,30,718.3916067
2023-06-07 18:20,Control,50,784.7992167
2023-06-07 18:20,Saltwater,5,327.445624
2023-06-07 18:20,Saltwater,15,514.8370873
2023-06-07 18:20,Saltwater,30,675.9816
2023-06-07 18:20,Saltwater,50,715.96272
2023-06-07 18:20,Freshwater,5,131.5070667
2023-06-07 18:20,Freshwater,15,169.2372007
2023-06-07 18:20,Freshwater,30,326.7407
2023-06-07 18:20,Freshwater,50,781.48058
2023-06-07 18:25,Control,5,586.9732733
2023-06-07 18:25,Control,15,740.7643067
2023-06-07 18:25,Control,30,718.4599667
2023-06-07 18:25,Control,50,784.8846167
2023-06-07 18:25,Saltwater,5,326.206152
2023-06-07 18:25,Saltwater,15,517.4669167
2023-06-07 18:25,Saltwater,30,675.51592
2023-06-07 18:25,Saltwater,50,715.46392
2023-06-07 18:25,Freshwater,5,132.2254193
2023-06-07 18:25,Freshwater,15,168.7322953
2023-06-07 18:25,Freshwater,30,326.1147
2023-06-07 18:25,Freshwater,50,781.6361
2023-06-07 18:30,Control,5,586.7682933
2023-06-07 18:30,Control,15,740.82066
2023-06-07 18:30,Control,30,718.6307667
2023-06-07 18:30,Control,50,784.7565167
2023-06-07 18:30,Saltwater,5,325.991166
2023-06-07 18:30,Saltwater,15,520.4067656
2023-06-07 18:30,Saltwater,30,675.49798
2023-06-07 18:30,Saltwater,50,715.34504
2023-06-07 18:30,Freshwater,5,132.840864
2023-06-07 18:30,Freshwater,15,167.479332
2023-06-07 18:30,Freshwater,30,325.9318
2023-06-07 18:30,Freshwater,50,781.59456
2023-06-07 18:35,Control,5,586.4790378
2023-06-07 18:35,Control,15,740.92316
2023-06-07 18:35,Control,30,718.7674267
2023-06-07 18:35,Control,50,784.7565167
2023-06-07 18:35,Saltwater,5,331.439852
2023-06-07 18:35,Saltwater,15,522.560473
2023-06-07 18:35,Saltwater,30,675.2033933
2023-06-07 18:35,Saltwater,50,715.2225533
2023-06-07 18:35,Freshwater,5,133.2361513
2023-06-07 18:35,Freshwater,15,166.2849913
2023-06-07 18:35,Freshwater,30,325.2481933
2023-06-07 18:35,Freshwater,50,781.7295133
2023-06-07 18:40,Control,5,586.3264022
2023-06-07 18:40,Control,15,740.92316
2023-06-07 18:40,Control,30,718.8357867
2023-06-07 18:40,Control,50,784.7991917
2023-06-07 18:40,Saltwater,5,328.965562
2023-06-07 18:40,Saltwater,15,523.669976
2023-06-07 18:40,Saltwater,30,675.2191067
2023-06-07 18:40,Saltwater,50,714.8617867
2023-06-07 18:40,Freshwater,5,133.7676347
2023-06-07 18:40,Freshwater,15,165.1927167
2023-06-07 18:40,Freshwater,30,325.2776867
2023-06-07 18:40,Freshwater,50,781.5223267
2023-06-07 18:45,Control,5,586.4864667
2023-06-07 18:45,Control,15,740.9646
2023-06-07 18:45,Control,30,718.9794267
2023-06-07 18:45,Control,50,784.8498167
2023-06-07 18:45,Saltwater,5,335.09647
2023-06-07 18:45,Saltwater,15,525.174888
2023-06-07 18:45,Saltwater,30,674.7529
2023-06-07 18:45,Saltwater,50,714.15816
2023-06-07 18:45,Freshwater,5,143.81377
2023-06-07 18:45,Freshwater,15,163.726896
2023-06-07 18:45,Freshwater,30,324.763
2023-06-07 18:45,Freshwater,50,780.80306
2023-06-07 18:50,Control,5,586.0070867
2023-06-07 18:50,Control,15,740.99728
2023-06-07 18:50,Control,30,719.2854867
2023-06-07 18:50,Control,50,784.8055167
2023-06-07 18:50,Saltwater,5,334.6141873
2023-06-07 18:50,Saltwater,15,523.666944
2023-06-07 18:50,Saltwater,30,673.93466
2023-06-07 18:50,Saltwater,50,715.89874
2023-06-07 18:50,Freshwater,5,171.8004273
2023-06-07 18:50,Freshwater,15,162.8719053
2023-06-07 18:50,Freshwater,30,324.255
2023-06-07 18:50,Freshwater,50,781.52508
2023-06-07 18:55,Control,5,586.3465867
2023-06-07 18:55,Control,15,741.06256
2023-06-07 18:55,Control,30,719.3167467
2023-06-07 18:55,Control,50,784.8022167
2023-06-07 18:55,Saltwater,5,325.3692667
2023-06-07 18:55,Saltwater,15,523.06077
2023-06-07 18:55,Saltwater,30,675.01476
2023-06-07 18:55,Saltwater,50,714.38784
2023-06-07 18:55,Freshwater,5,180.0115139
2023-06-07 18:55,Freshwater,15,161.3038467
2023-06-07 18:55,Freshwater,30,324.05152
2023-06-07 18:55,Freshwater,50,781.5952
2023-06-07 19:00,Control,5,586.3258667
2023-06-07 19:00,Control,15,741.01322
2023-06-07 19:00,Control,30,719.4032667
2023-06-07 19:00,Control,50,784.8654917
2023-06-07 19:00,Saltwater,5,320.892336
2023-06-07 19:00,Saltwater,15,526.526372
2023-06-07 19:00,Saltwater,30,674.66282
2023-06-07 19:00,Saltwater,50,714.75146
2023-06-07 19:00,Freshwater,5,184.042952
2023-06-07 19:00,Freshwater,15,160.585008
2023-06-07 19:00,Freshwater,30,323.54284
2023-06-07 19:00,Freshwater,50,781.4306
2023-06-07 19:05,Control,5,586.1074467
2023-06-07 19:05,Control,15,741.11086
2023-06-07 19:05,Control,30,719.4997267
2023-06-07 19:05,Control,50,784.8544667
2023-06-07 19:05,Saltwater,5,319.3128027
2023-06-07 19:05,Saltwater,15,523.9222647
2023-06-07 19:05,Saltwater,30,673.94404
2023-06-07 19:05,Saltwater,50,715.15836
2023-06-07 19:05,Freshwater,5,186.9853234
2023-06-07 19:05,Freshwater,15,159.1396433
2023-06-07 19:05,Freshwater,30,322.6913
2023-06-07 19:05,Freshwater,50,781.31816
2023-06-07 19:10,Control,5,585.7411667
2023-06-07 19:10,Control,15,741.0902
2023-06-07 19:10,Control,30,719.6493067
2023-06-07 19:10,Control,50,784.8263917
2023-06-07 19:10,Saltwater,5,325.5494913
2023-06-07 19:10,Saltwater,15,523.3399813
2023-06-07 19:10,Saltwater,30,674.70548
2023-06-07 19:10,Saltwater,50,713.6348
2023-06-07 19:10,Freshwater,5,189.3146422
2023-06-07 19:10,Freshwater,15,158.0307367
2023-06-07 19:10,Freshwater,30,323.13808
2023-06-07 19:10,Freshwater,50,781.14
2023-06-07 19:15,Control,5,585.6210667
2023-06-07 19:15,Control,15,741.31868
2023-06-07 19:15,Control,30,719.8426867
2023-06-07 19:15,Control,50,784.8517667
2023-06-07 19:15,Saltwater,5,328.67693
2023-06-07 19:15,Saltwater,15,525.952472
2023-06-07 19:15,Saltwater,30,673.8451
2023-06-07 19:15,Saltwater,50,713.35382
2023-06-07 19:15,Freshwater,5,190.3200714
2023-06-07 19:15,Freshwater,15,156.959114
2023-06-07 19:15,Freshwater,30,322.86424
2023-06-07 19:15,Freshwater,50,781.16382
2023-06-07 19:20,Control,5,585.2168889
2023-06-07 19:20,Control,15,741.26994
2023-06-07 19:20,Control,30,720.0323467
2023-06-07 19:20,Control,50,784.8730167
2023-06-07 19:20,Saltwater,5,329.755058
2023-06-07 19:20,Saltwater,15,523.975522
2023-06-07 19:20,Saltwater,30,673.4677733
2023-06-07 19:20,Saltwater,50,713.5908533
2023-06-07 19:20,Freshwater,5,191.1157624
2023-06-07 19:20,Freshwater,15,155.361346
2023-06-07 19:20,Freshwater,30,322.5209733
2023-06-07 19:20,Freshwater,50,780.9960333
2023-06-07 19:25,Control,5,583.4609311
2023-06-07 19:25,Control,15,741.36504
2023-06-07 19:25,Control,30,720.0593667
2023-06-07 19:25,Control,50,784.8649667
2023-06-07 19:25,Saltwater,5,345.98252
2023-06-07 19:25,Saltwater,15,524.72962
2023-06-07 19:25,Saltwater,30,673.3657467
2023-06-07 19:25,Saltwater,50,713.3869467
2023-06-07 19:25,Freshwater,5,191.2652802
2023-06-07 19:25,Freshwater,15,153.999866
2023-06-07 19:25,Freshwater,30,322.2827067
2023-06-07 19:25,Freshwater,50,781.0478067
2023-06-07 19:30,Control,5,583.3767733
2023-06-07 19:30,Control,15,741.4367
2023-06-07 19:30,Control,30,720.1979067
2023-06-07 19:30,Control,50,785.0337167
2023-06-07 19:30,Saltwater,5,354.024602
2023-06-07 19:30,Saltwater,15,526.479384
2023-06-07 19:30,Saltwater,30,672.99986
2023-06-07 19:30,Saltwater,50,713.32936
2023-06-07 19:30,Freshwater,5,191.5169526
2023-06-07 19:30,Freshwater,15,153.386388
2023-06-07 19:30,Freshwater,30,321.94148
2023-06-07 19:30,Freshwater,50,781.12848
2023-06-07 19:35,Control,5,583.3223356
2023-06-07 19:35,Control,15,741.4072733
2023-06-07 19:35,Control,30,720.4203267
2023-06-07 19:35,Control,50,784.8866417
2023-06-07 19:35,Saltwater,5,354.825774
2023-06-07 19:35,Saltwater,15,526.355442
2023-06-07 19:35,Saltwater,30,672.8773667
2023-06-07 19:35,Saltwater,50,713.1718067
2023-06-07 19:35,Freshwater,5,191.8772212
2023-06-07 19:35,Freshwater,15,151.9908493
2023-06-07 19:35,Freshwater,30,321.6892067
2023-06-07 19:35,Freshwater,50,780.6862467
2023-06-07 19:40,Control,5,583.4114178
2023-06-07 19:40,Control,15,741.3678067
2023-06-07 19:40,Control,30,720.4595667
2023-06-07 19:40,Control,50,785.0590167
2023-06-07 19:40,Saltwater,5,351.910548
2023-06-07 19:40,Saltwater,15,524.599238
2023-06-07 19:40,Saltwater,30,672.3534333
2023-06-07 19:40,Saltwater,50,712.9205933
2023-06-07 19:40,Freshwater,5,189.7215314
2023-06-07 19:40,Freshwater,15,150.9993107
2023-06-07 19:40,Freshwater,30,321.4440533
2023-06-07 19:40,Freshwater,50,781.1303733
2023-06-07 19:45,Control,5,583.51218
2023-06-07 19:45,Control,15,741.5697
2023-06-07 19:45,Control,30,720.7072267
2023-06-07 19:45,Control,50,784.8549667
2023-06-07 19:45,Saltwater,5,354.594152
2023-06-07 19:45,Saltwater,15,526.228278
2023-06-07 19:45,Saltwater,30,672.4886
2023-06-07 19:45,Saltwater,50,712.74946
2023-06-07 19:45,Freshwater,5,185.0505085
2023-06-07 19:45,Freshwater,15,149.904626
2023-06-07 19:45,Freshwater,30,321.47292
2023-06-07 19:45,Freshwater,50,780.90588
2023-06-07 19:50,Control,5,583.40636
2023-06-07 19:50,Control,15,741.5530933
2023-06-07 19:50,Control,30,720.8315489
2023-06-07 19:50,Control,50,784.9701139
2023-06-07 19:50,Saltwater,5,354.0912627
2023-06-07 19:50,Saltwater,15,525.9136593
2023-06-07 19:50,Saltwater,30,672.1727533
2023-06-07 19:50,Saltwater,50,712.5696933
2023-06-07 19:50,Freshwater,5,181.1576155
2023-06-07 19:50,Freshwater,15,148.5026487
2023-06-07 19:50,Freshwater,30,321.4372
2023-06-07 19:50,Freshwater,50,780.31934
2023-06-07 19:55,Control,5,583.61
2023-06-07 19:55,Control,15,741.5732667
2023-06-07 19:55,Control,30,720.8899511
2023-06-07 19:55,Control,50,784.9172361
2023-06-07 19:55,Saltwater,5,354.5132613
2023-06-07 19:55,Saltwater,15,525.6410347
2023-06-07 19:55,Saltwater,30,671.8342267
2023-06-07 19:55,Saltwater,50,712.3000867
2023-06-07 19:55,Freshwater,5,177.7060561
2023-06-07 19:55,Freshwater,15,147.7792633
2023-06-07 19:55,Freshwater,30,321.30152
2023-06-07 19:55,Freshwater,50,781.00036
2023-06-07 20:00,Control,5,583.65482
2023-06-07 20:00,Control,15,741.6106
2023-06-07 20:00,Control,30,721.1015733
2023-06-07 20:00,Control,50,784.8401833
2023-06-07 20:00,Saltwater,5,358.78303
2023-06-07 20:00,Saltwater,15,524.737896
2023-06-07 20:00,Saltwater,30,671.84706
2023-06-07 20:00,Saltwater,50,712.5503
2023-06-07 20:00,Freshwater,5,175.307198
2023-06-07 20:00,Freshwater,15,147.25849
2023-06-07 20:00,Freshwater,30,321.9498
2023-06-07 20:00,Freshwater,50,781.45536
2023-06-07 20:05,Control,5,583.58784
2023-06-07 20:05,Control,15,741.74934
2023-06-07 20:05,Control,30,721.2401733
2023-06-07 20:05,Control,50,784.9704833
2023-06-07 20:05,Saltwater,5,360.3149273
2023-06-07 20:05,Saltwater,15,525.9941353
2023-06-07 20:05,Saltwater,30,670.97362
2023-06-07 20:05,Saltwater,50,711.9882
2023-06-07 20:05,Freshwater,5,173.8457432
2023-06-07 20:05,Freshwater,15,145.607374
2023-06-07 20:05,Freshwater,30,321.61028
2023-06-07 20:05,Freshwater,50,781.25324
2023-06-07 20:10,Control,5,581.6058
2023-06-07 20:10,Control,15,741.7154
2023-06-07 20:10,Control,30,721.4112733
2023-06-07 20:10,Control,50,785.0134583
2023-06-07 20:10,Saltwater,5,359.9783267
2023-06-07 20:10,Saltwater,15,513.0363547
2023-06-07 20:10,Saltwater,30,670.4303
2023-06-07 20:10,Saltwater,50,711.61262
2023-06-07 20:10,Freshwater,5,175.5790988
2023-06-07 20:10,Freshwater,15,143.786798
2023-06-07 20:10,Freshwater,30,319.67282
2023-06-07 20:10,Freshwater,50,779.994
2023-06-07 20:15,Control,5,582.0159
2023-06-07 20:15,Control,15,741.74956
2023-06-07 20:15,Control,30,721.5138333
2023-06-07 20:15,Control,50,785.0561833
2023-06-07 20:15,Saltwater,5,362.042828
2023-06-07 20:15,Saltwater,15,507.304066
2023-06-07 20:15,Saltwater,30,670.02788
2023-06-07 20:15,Saltwater,50,711.48384
2023-06-07 20:15,Freshwater,5,187.3037406
2023-06-07 20:15,Freshwater,15,142.781398
2023-06-07 20:15,Freshwater,30,320.7267
2023-06-07 20:15,Freshwater,50,780.50558
2023-06-07 20:20,Control,5,582.21592
2023-06-07 20:20,Control,15,741.70818
2023-06-07 20:20,Control,30,721.7461133
2023-06-07 20:20,Control,50,785.0056833
2023-06-07 20:20,Saltwater,5,367.520692
2023-06-07 20:20,Saltwater,15,518.9132706
2023-06-07 20:20,Saltwater,30,670.89338
2023-06-07 20:20,Saltwater,50,711.53154
2023-06-07 20:20,Freshwater,5,200.5964913
2023-06-07 20:20,Freshwater,15,141.9848767
2023-06-07 20:20,Freshwater,30,320.6343333
2023-06-07 20:20,Freshwater,50,780.4133933
2023-06-07 20:25,Control,5,581.84436
2023-06-07 20:25,Control,15,741.88534
2023-06-07 20:25,Control,30,721.7863533
2023-06-07 20:25,Control,50,784.9697833
2023-06-07 20:25,Saltwater,5,375.186326
2023-06-07 20:25,Saltwater,15,521.453502
2023-06-07 20:25,Saltwater,30,670.916
2023-06-07 20:25,Saltwater,50,711.52206
2023-06-07 20:25,Freshwater,5,206.8205121
2023-06-07 20:25,Freshwater,15,140.7126213
2023-06-07 20:25,Freshwater,30,320.4060267
2023-06-07 20:25,Freshwater,50,780.5588867
2023-06-07 20:30,Control,5,581.63994
2023-06-07 20:30,Control,15,741.92038
2023-06-07 20:30,Control,30,721.9922333
2023-06-07 20:30,Control,50,784.9279583
2023-06-07 20:30,Saltwater,5,395.333234
2023-06-07 20:30,Saltwater,15,524.047052
2023-06-07 20:30,Saltwater,30,670.74572
2023-06-07 20:30,Saltwater,50,711.0788
2023-06-07 20:30,Freshwater,5,209.9858574
2023-06-07 20:30,Freshwater,15,138.828592
2023-06-07 20:30,Freshwater,30,320.41558
2023-06-07 20:30,Freshwater,50,780.12664
2023-06-07 20:35,Control,5,581.6910644
2023-06-07 20:35,Control,15,741.91858
2023-06-07 20:35,Control,30,722.1613733
2023-06-07 20:35,Control,50,785.0114583
2023-06-07 20:35,Saltwater,5,397.5379133
2023-06-07 20:35,Saltwater,15,523.8958087
2023-06-07 20:35,Saltwater,30,669.88506
2023-06-07 20:35,Saltwater,50,712.60604
2023-06-07 20:35,Freshwater,5,211.5683077
2023-06-07 20:35,Freshwater,15,138.488744
2023-06-07 20:35,Freshwater,30,320.2892133
2023-06-07 20:35,Freshwater,50,780.4420933
2023-06-07 20:40,Control,5,581.3345289
2023-06-07 20:40,Control,15,742.02278
2023-06-07 20:40,Control,30,722.2313333
2023-06-07 20:40,Control,50,784.9705083
2023-06-07 20:40,Saltwater,5,400.3631427
2023-06-07 20:40,Saltwater,15,528.3958333
2023-06-07 20:40,Saltwater,30,669.07398
2023-06-07 20:40,Saltwater,50,710.9426
2023-06-07 20:40,Freshwater,5,212.8448921
2023-06-07 20:40,Freshwater,15,137.29932
2023-06-07 20:40,Freshwater,30,319.8909667
2023-06-07 20:40,Freshwater,50,780.2817667
2023-06-07 20:45,Control,5,581.0452533
2023-06-07 20:45,Control,15,742.05714
2023-06-07 20:45,Control,30,722.4024133
2023-06-07 20:45,Control,50,785.0134583
2023-06-07 20:45,Saltwater,5,401.753122
2023-06-07 20:45,Saltwater,15,527.73983
2023-06-07 20:45,Saltwater,30,668.76964
2023-06-07 20:45,Saltwater,50,710.84328
2023-06-07 20:45,Freshwater,5,213.4418304
2023-06-07 20:45,Freshwater,15,136.176536
2023-06-07 20:45,Freshwater,30,320.14028
2023-06-07 20:45,Freshwater,50,780.16504
2023-06-07 20:50,Control,5,580.9351333
2023-06-07 20:50,Control,15,742.04624
2023-06-07 20:50,Control,30,722.4260933
2023-06-07 20:50,Control,50,785.0871333
2023-06-07 20:50,Saltwater,5,404.0064007
2023-06-07 20:50,Saltwater,15,524.1550073
2023-06-07 20:50,Saltwater,30,670.3435
2023-06-07 20:50,Saltwater,50,710.02888
2023-06-07 20:50,Freshwater,5,212.1987
2023-06-07 20:50,Freshwater,15,135.124132
2023-06-07 20:50,Freshwater,30,319.7356667
2023-06-07 20:50,Freshwater,50,780.1273067
2023-06-07 20:55,Control,5,581.1063533
2023-06-07 20:55,Control,15,742.04672
2023-06-07 20:55,Control,30,722.6657533
2023-06-07 20:55,Control,50,785.0021833
2023-06-07 20:55,Saltwater,5,404.9624573
2023-06-07 20:55,Saltwater,15,525.5853567
2023-06-07 20:55,Saltwater,30,668.46954
2023-06-07 20:55,Saltwater,50,711.05568
2023-06-07 20:55,Freshwater,5,211.975156
2023-06-07 20:55,Freshwater,15,133.832842
2023-06-07 20:55,Freshwater,30,319.8762133
2023-06-07 20:55,Freshwater,50,779.7913733
2023-06-07 21:00,Control,5,580.7367733
2023-06-07 21:00,Control,15,742.15838
2023-06-07 21:00,Control,30,722.8454533
2023-06-07 21:00,Control,50,785.0974833
2023-06-07 21:00,Saltwater,5,407.041988
2023-06-07 21:00,Saltwater,15,523.292078
2023-06-07 21:00,Saltwater,30,669.0464
2023-06-07 21:00,Saltwater,50,709.89194
2023-06-07 21:00,Freshwater,5,210.698106
2023-06-07 21:00,Freshwater,15,132.40549
2023-06-07 21:00,Freshwater,30,319.71102
2023-06-07 21:00,Freshwater,50,779.3883
2023-06-07 21:05,Control,5,580.5635333
2023-06-07 21:05,Control,15,742.18916
2023-06-07 21:05,Control,30,722.8763133
2023-06-07 21:05,Control,50,784.9656583
2023-06-07 21:05,Saltwater,5,408.2435853
2023-06-07 21:05,Saltwater,15,526.6117667
2023-06-07 21:05,Saltwater,30,669.0488133
2023-06-07 21:05,Saltwater,50,710.1338533
2023-06-07 21:05,Freshwater,5,208.9744173
2023-06-07 21:05,Freshwater,15,131.689854
2023-06-07 21:05,Freshwater,30,319.63854
2023-06-07 21:05,Freshwater,50,780.00676
2023-06-07 21:10,Control,5,580.4606933
2023-06-07 21:10,Control,15,742.2912
2023-06-07 21:10,Control,30,723.1834733
2023-06-07 21:10,Control,50,785.0505833
2023-06-07 21:10,Saltwater,5,409.3717327
2023-06-07 21:10,Saltwater,15,528.7971673
2023-06-07 21:10,Saltwater,30,668.8345067
2023-06-07 21:10,Saltwater,50,710.0556067
2023-06-07 21:10,Freshwater,5,206.6049907
2023-06-07 21:10,Freshwater,15,129.922252
2023-06-07 21:10,Freshwater,30,319.4959
2023-06-07 21:10,Freshwater,50,779.86612
2023-06-07 21:15,Control,5,580.0486933
2023-06-07 21:15,Control,15,742.28852
2023-06-07 21:15,Control,30,723.2150533
2023-06-07 21:15,Control,50,785.0049583
2023-06-07 21:15,Saltwater,5,410.708986
2023-06-07 21:15,Saltwater,15,527.167548
2023-06-07 21:15,Saltwater,30,668.5277
2023-06-07 21:15,Saltwater,50,709.81754
2023-06-07 21:15,Freshwater,5,207.464064
2023-06-07 21:15,Freshwater,15,129.034224
2023-06-07 21:15,Freshwater,30,319.49444
2023-06-07 21:15,Freshwater,50,779.88924
2023-06-07 21:20,Control,5,580.1459556
2023-06-07 21:20,Control,15,742.2804533
2023-06-07 21:20,Control,30,723.3213533
2023-06-07 21:20,Control,50,785.0092333
2023-06-07 21:20,Saltwater,5,411.76173
2023-06-07 21:20,Saltwater,15,529.5471187
2023-06-07 21:20,Saltwater,30,668.3871133
2023-06-07 21:20,Saltwater,50,709.6087333
2023-06-07 21:20,Freshwater,5,208.7991353
2023-06-07 21:20,Freshwater,15,127.9515507
2023-06-07 21:20,Freshwater,30,318.6469933
2023-06-07 21:20,Freshwater,50,779.8568533
2023-06-07 21:25,Control,5,579.7645178
2023-06-07 21:25,Control,15,742.3061667
2023-06-07 21:25,Control,30,723.5639733
2023-06-07 21:25,Control,50,785.0984333
2023-06-07 21:25,Saltwater,5,413.018888
2023-06-07 21:25,Saltwater,15,526.9100033
2023-06-07 21:25,Saltwater,30,668.0410867
2023-06-07 21:25,Saltwater,50,709.4333067
2023-06-07 21:25,Freshwater,5,212.3433567
2023-06-07 21:25,Freshwater,15,126.7693733
2023-06-07 21:25,Freshwater,30,319.4277867
2023-06-07 21:25,Freshwater,50,779.6038067
2023-06-07 21:30,Control,5,579.2037
2023-06-07 21:30,Control,15,742.35396
2023-06-07 21:30,Control,30,723.6923533
2023-06-07 21:30,Control,50,785.0891333
2023-06-07 21:30,Saltwater,5,414.071338
2023-06-07 21:30,Saltwater,15,525.364876
2023-06-07 21:30,Saltwater,30,667.86566
2023-06-07 21:30,Saltwater,50,709.3603
2023-06-07 21:30,Freshwater,5,218.980384
2023-06-07 21:30,Freshwater,15,125.787604
2023-06-07 21:30,Freshwater,30,319.22746
2023-06-07 21:30,Freshwater,50,779.47656
2023-06-07 21:35,Control,5,578.37406
2023-06-07 21:35,Control,15,742.4428
2023-06-07 21:35,Control,30,723.8158733
2023-06-07 21:35,Control,50,785.1598083
2023-06-07 21:35,Saltwater,5,415.0507513
2023-06-07 21:35,Saltwater,15,526.4544487
2023-06-07 21:35,Saltwater,30,667.4807267
2023-06-07 21:35,Saltwater,50,709.2824467
2023-06-07 21:35,Freshwater,5,221.0927607
2023-06-07 21:35,Freshwater,15,124.628916
2023-06-07 21:35,Freshwater,30,319.26532
2023-06-07 21:35,Freshwater,50,779.73516
2023-06-07 21:40,Control,5,578.00924
2023-06-07 21:40,Control,15,742.42468
2023-06-07 21:40,Control,30,723.9680933
2023-06-07 21:40,Control,50,785.2198583
2023-06-07 21:40,Saltwater,5,416.0301407
2023-06-07 21:40,Saltwater,15,525.4624393
2023-06-07 21:40,Saltwater,30,667.4370533
2023-06-07 21:40,Saltwater,50,709.0340133
2023-06-07 21:40,Freshwater,5,221.5393713
2023-06-07 21:40,Freshwater,15,122.861424
2023-06-07 21:40,Freshwater,30,319.16354
2023-06-07 21:40,Freshwater,50,779.19194
2023-06-07 21:45,Control,5,578.14864
2023-06-07 21:45,Control,15,742.6337
2023-06-07 21:45,Control,30,724.1769133
2023-06-07 21:45,Control,50,785.1386583
2023-06-07 21:45,Saltwater,5,416.838926
2023-06-07 21:45,Saltwater,15,526.279018
2023-06-07 21:45,Saltwater,30,667.15448
2023-06-07 21:45,Saltwater,50,708.85384
2023-06-07 21:45,Freshwater,5,223.243986
2023-06-07 21:45,Freshwater,15,122.042708
2023-06-07 21:45,Freshwater,30,319.03122
2023-06-07 21:45,Freshwater,50,779.6531
2023-06-07 21:50,Control,5,578.0383
2023-06-07 21:50,Control,15,742.62238
2023-06-07 21:50,Control,30,724.3027133
2023-06-07 21:50,Control,50,785.1264333
2023-06-07 21:50,Saltwater,5,417.672226
2023-06-07 21:50,Saltwater,15,527.9486907
2023-06-07 21:50,Saltwater,30,666.81324
2023-06-07 21:50,Saltwater,50,708.61498
2023-06-07 21:50,Freshwater,5,225.1570473
2023-06-07 21:50,Freshwater,15,121.124676
2023-06-07 21:50,Freshwater,30,318.8324067
2023-06-07 21:50,Freshwater,50,779.5579267
2023-06-07 21:55,Control,5,578.09538
2023-06-07 21:55,Control,15,742.64026
2023-06-07 21:55,Control,30,724.3553733
2023-06-07 21:55,Control,50,785.1515833
2023-06-07 21:55,Saltwater,5,418.471438
2023-06-07 21:55,Saltwater,15,528.9700333
2023-06-07 21:55,Saltwater,30,666.71088
2023-06-07 21:55,Saltwater,50,708.54674
2023-06-07 21:55,Freshwater,5,226.5943027
2023-06-07 21:55,Freshwater,15,119.968304
2023-06-07 21:55,Freshwater,30,319.0760333
2023-06-07 21:55,Freshwater,50,779.5673333
2023-06-07 22:00,Control,5,577.80602
2023-06-07 22:00,Control,15,742.70078
2023-06-07 22:00,Control,30,724.5516733
2023-06-07 22:00,Control,50,785.0946333
2023-06-07 22:00,Saltwater,5,419.304796
2023-06-07 22:00,Saltwater,15,527.60269
2023-06-07 22:00,Saltwater,30,666.50612
2023-06-07 22:00,Saltwater,50,708.51258
2023-06-07 22:00,Freshwater,5,227.080054
2023-06-07 22:00,Freshwater,15,118.912846
2023-06-07 22:00,Freshwater,30,318.50506
2023-06-07 22:00,Freshwater,50,779.44716
2023-06-07 22:05,Control,5,577.83968
2023-06-07 22:05,Control,15,742.73424
2023-06-07 22:05,Control,30,724.6876733
2023-06-07 22:05,Control,50,785.1792583
2023-06-07 22:05,Saltwater,5,419.967524
2023-06-07 22:05,Saltwater,15,529.5040487
2023-06-07 22:05,Saltwater,30,666.26724
2023-06-07 22:05,Saltwater,50,708.23962
2023-06-07 22:05,Freshwater,5,231.0326193
2023-06-07 22:05,Freshwater,15,117.688676
2023-06-07 22:05,Freshwater,30,318.8747133
2023-06-07 22:05,Freshwater,50,779.2415133
2023-06-07 22:10,Control,5,577.80736
2023-06-07 22:10,Control,15,742.80524
2023-06-07 22:10,Control,30,724.8611333
2023-06-07 22:10,Control,50,785.1394083
2023-06-07 22:10,Saltwater,5,420.732588
2023-06-07 22:10,Saltwater,15,529.3921193
2023-06-07 22:10,Saltwater,30,666.06252
2023-06-07 22:10,Saltwater,50,708.069
2023-06-07 22:10,Freshwater,5,233.4891047
2023-06-07 22:10,Freshwater,15,116.22862
2023-06-07 22:10,Freshwater,30,318.7322467
2023-06-07 22:10,Freshwater,50,778.7176867
2023-06-07 22:15,Control,5,577.73896
2023-06-07 22:15,Control,15,742.87358
2023-06-07 22:15,Control,30,724.9294533
2023-06-07 22:15,Control,50,785.2248333
2023-06-07 22:15,Saltwater,5,421.39532
2023-06-07 22:15,Saltwater,15,528.222306
2023-06-07 22:15,Saltwater,30,665.78952
2023-06-07 22:15,Saltwater,50,707.89838
2023-06-07 22:15,Freshwater,5,234.280752
2023-06-07 22:15,Freshwater,15,115.30974
2023-06-07 22:15,Freshwater,30,318.59278
2023-06-07 22:15,Freshwater,50,779.19554
2023-06-07 22:20,Control,5,578.109
2023-06-07 22:20,Control,15,742.83082
2023-06-07 22:20,Control,30,725.1945733
2023-06-07 22:20,Control,50,785.2582833
2023-06-07 22:20,Saltwater,5,421.98978
2023-06-07 22:20,Saltwater,15,529.723754
2023-06-07 22:20,Saltwater,30,665.5458533
2023-06-07 22:20,Saltwater,50,707.7571133
2023-06-07 22:20,Freshwater,5,235.6160453
2023-06-07 22:20,Freshwater,15,113.6145907
2023-06-07 22:20,Freshwater,30,318.8359867
2023-06-07 22:20,Freshwater,50,779.2028667
2023-06-07 22:25,Control,5,578.31004
2023-06-07 22:25,Control,15,742.89334
2023-06-07 22:25,Control,30,725.3598333
2023-06-07 22:25,Control,50,785.1238583
2023-06-07 22:25,Saltwater,5,422.51599
2023-06-07 22:25,Saltwater,15,529.757878
2023-06-07 22:25,Saltwater,30,665.1998467
2023-06-07 22:25,Saltwater,50,707.6499467
2023-06-07 22:25,Freshwater,5,237.7669587
2023-06-07 22:25,Freshwater,15,112.7698173
2023-06-07 22:25,Freshwater,30,318.6025533
2023-06-07 22:25,Freshwater,50,779.0364133
2023-06-07 22:30,Control,5,577.96992
2023-06-07 22:30,Control,15,742.96412
2023-06-07 22:30,Control,30,725.4305133
2023-06-07 22:30,Control,50,785.2546083
2023-06-07 22:30,Saltwater,5,423.315206
2023-06-07 22:30,Saltwater,15,530.37212
2023-06-07 22:30,Saltwater,30,665.02444
2023-06-07 22:30,Saltwater,50,707.40628
2023-06-07 22:30,Freshwater,5,237.87858
2023-06-07 22:30,Freshwater,15,111.58471
2023-06-07 22:30,Freshwater,30,317.89386
2023-06-07 22:30,Freshwater,50,779.04264
2023-06-07 22:35,Control,5,577.4999
2023-06-07 22:35,Control,15,743.0447
2023-06-07 22:35,Control,30,725.5790133
2023-06-07 22:35,Control,50,785.1823083
2023-06-07 22:35,Saltwater,5,423.7342573
2023-06-07 22:35,Saltwater,15,528.8413287
2023-06-07 22:35,Saltwater,30,664.7807933
2023-06-07 22:35,Saltwater,50,707.3673533
2023-06-07 22:35,Freshwater,5,239.102228
2023-06-07 22:35,Freshwater,15,110.395026
2023-06-07 22:35,Freshwater,30,318.53966
2023-06-07 22:35,Freshwater,50,778.77088
2023-06-07 22:40,Control,5,578.28506
2023-06-07 22:40,Control,15,743.14592
2023-06-07 22:40,Control,30,725.8511733
2023-06-07 22:40,Control,50,785.2236583
2023-06-07 22:40,Saltwater,5,424.0850727
2023-06-07 22:40,Saltwater,15,528.0612653
2023-06-07 22:40,Saltwater,30,664.4688867
2023-06-07 22:40,Saltwater,50,707.1578267
2023-06-07 22:40,Freshwater,5,241.379608
2023-06-07 22:40,Freshwater,15,109.20535
2023-06-07 22:40,Freshwater,30,318.43772
2023-06-07 22:40,Freshwater,50,778.87284
2023-06-07 22:45,Control,5,578.6188
2023-06-07 22:45,Control,15,743.13426
2023-06-07 22:45,Control,30,725.8740533
2023-06-07 22:45,Control,50,785.2538333
2023-06-07 22:45,Saltwater,5,424.572364
2023-06-07 22:45,Saltwater,15,528.577922
2023-06-07 22:45,Saltwater,30,664.39584
2023-06-07 22:45,Saltwater,50,707.2213
2023-06-07 22:45,Freshwater,5,244.47273
2023-06-07 22:45,Freshwater,15,108.117654
2023-06-07 22:45,Freshwater,30,318.4377
2023-06-07 22:45,Freshwater,50,778.87284
2023-06-07 22:50,Control,5,578.42128
2023-06-07 22:50,Control,15,743.07686
2023-06-07 22:50,Control,30,726.0897133
2023-06-07 22:50,Control,50,785.2656333
2023-06-07 22:50,Saltwater,5,425.0596873
2023-06-07 22:50,Saltwater,15,528.9826013
2023-06-07 22:50,Saltwater,30,664.05462
2023-06-07 22:50,Saltwater,50,706.77768
2023-06-07 22:50,Freshwater,5,245.8174987
2023-06-07 22:50,Freshwater,15,106.0490227
2023-06-07 22:50,Freshwater,30,318.33574
2023-06-07 22:50,Freshwater,50,778.39698
2023-06-07 22:55,Control,5,578.20568
2023-06-07 22:55,Control,15,743.16414
2023-06-07 22:55,Control,30,726.2799933
2023-06-07 22:55,Control,50,785.2064333
2023-06-07 22:55,Saltwater,5,425.5811207
2023-06-07 22:55,Saltwater,15,529.3531927
2023-06-07 22:55,Saltwater,30,663.7475
2023-06-07 22:55,Saltwater,50,706.67532
2023-06-07 22:55,Freshwater,5,246.8901113
2023-06-07 22:55,Freshwater,15,105.8166153
2023-06-07 22:55,Freshwater,30,318.26702
2023-06-07 22:55,Freshwater,50,778.8009
2023-06-07 23:00,Control,5,578.03602
2023-06-07 23:00,Control,15,743.20006
2023-06-07 23:00,Control,30,726.4184133
2023-06-07 23:00,Control,50,785.2510583
2023-06-07 23:00,Saltwater,5,425.96607
2023-06-07 23:00,Saltwater,15,530.338012
2023-06-07 23:00,Saltwater,30,663.54274
2023-06-07 23:00,Saltwater,50,706.57296
2023-06-07 23:00,Freshwater,5,248.303092
2023-06-07 23:00,Freshwater,15,104.869006
2023-06-07 23:00,Freshwater,30,318.16572
2023-06-07 23:00,Freshwater,50,778.60044
2023-06-07 23:05,Control,5,577.97324
2023-06-07 23:05,Control,15,743.27648
2023-06-07 23:05,Control,30,726.5629133
2023-06-07 23:05,Control,50,785.2597583
2023-06-07 23:05,Saltwater,5,426.2827473
2023-06-07 23:05,Saltwater,15,529.4118633
2023-06-07 23:05,Saltwater,30,663.4356133
2023-06-07 23:05,Saltwater,50,706.3634133
2023-06-07 23:05,Freshwater,5,248.8513247
2023-06-07 23:05,Freshwater,15,103.7192147
2023-06-07 23:05,Freshwater,30,318.3393467
2023-06-07 23:05,Freshwater,50,778.5655067
2023-06-07 23:10,Control,5,578.11556
2023-06-07 23:10,Control,15,743.42132
2023-06-07 23:10,Control,30,726.7074933
2023-06-07 23:10,Control,50,785.2685083
2023-06-07 23:10,Saltwater,5,426.7018027
2023-06-07 23:10,Saltwater,15,528.8610907
2023-06-07 23:10,Saltwater,30,663.1577867
2023-06-07 23:10,Saltwater,50,706.3586267
2023-06-07 23:10,Freshwater,5,248.8904753
2023-06-07 23:10,Freshwater,15,102.6352833
2023-06-07 23:10,Freshwater,30,317.8352933
2023-06-07 23:10,Freshwater,50,778.5077133
2023-06-07 23:15,Control,5,577.89934
2023-06-07 23:15,Control,15,743.33678
2023-06-07 23:15,Control,30,726.7943133
2023-06-07 23:15,Control,50,785.2510583
2023-06-07 23:15,Saltwater,5,427.189118
2023-06-07 23:15,Saltwater,15,527.115994
2023-06-07 23:15,Saltwater,30,662.74356
2023-06-07 23:15,Saltwater,50,706.11496
2023-06-07 23:15,Freshwater,5,250.186958
2023-06-07 23:15,Freshwater,15,101.38226
2023-06-07 23:15,Freshwater,30,318.4181
2023-06-07 23:15,Freshwater,50,778.24136
2023-06-07 23:20,Control,5,577.97554
2023-06-07 23:20,Control,15,743.4728733
2023-06-07 23:20,Control,30,727.0445733
2023-06-07 23:20,Control,50,785.3915083
2023-06-07 23:20,Saltwater,5,427.5010207
2023-06-07 23:20,Saltwater,15,525.1416167
2023-06-07 23:20,Saltwater,30,662.6753
2023-06-07 23:20,Saltwater,50,705.91024
2023-06-07 23:20,Freshwater,5,251.55374
2023-06-07 23:20,Freshwater,15,100.2218053
2023-06-07 23:20,Freshwater,30,318.18012
2023-06-07 23:20,Freshwater,50,777.66352
2023-06-07 23:25,Control,5,577.9437
2023-06-07 23:25,Control,15,743.5326667
2023-06-07 23:25,Control,30,727.1162333
2023-06-07 23:25,Control,50,785.3097083
2023-06-07 23:25,Saltwater,5,428.1200253
2023-06-07 23:25,Saltwater,15,520.1984353
2023-06-07 23:25,Saltwater,30,662.29994
2023-06-07 23:25,Saltwater,50,705.73962
2023-06-07 23:25,Freshwater,5,252.240462
2023-06-07 23:25,Freshwater,15,99.40202067
2023-06-07 23:25,Freshwater,30,318.11144
2023-06-07 23:25,Freshwater,50,778.40738
2023-06-07 23:30,Control,5,577.66868
2023-06-07 23:30,Control,15,743.4842
2023-06-07 23:30,Control,30,727.3190533
2023-06-07 23:30,Control,50,785.2645083
2023-06-07 23:30,Saltwater,5,428.090692
2023-06-07 23:30,Saltwater,15,524.263962
2023-06-07 23:30,Saltwater,30,662.06106
2023-06-07 23:30,Saltwater,50,705.63722
2023-06-07 23:30,Freshwater,5,253.131628
2023-06-07 23:30,Freshwater,15,97.9349544
2023-06-07 23:30,Freshwater,30,318.35004
2023-06-07 23:30,Freshwater,50,778.41096
2023-06-07 23:35,Control,5,577.3983
2023-06-07 23:35,Control,15,743.55688
2023-06-07 23:35,Control,30,727.5203356
2023-06-07 23:35,Control,50,785.3039056
2023-06-07 23:35,Saltwater,5,428.68514
2023-06-07 23:35,Saltwater,15,522.796614
2023-06-07 23:35,Saltwater,30,661.9539133
2023-06-07 23:35,Saltwater,50,705.5300533
2023-06-07 23:35,Freshwater,5,254.1633587
2023-06-07 23:35,Freshwater,15,96.88595187
2023-06-07 23:35,Freshwater,30,318.2093333
2023-06-07 23:35,Freshwater,50,778.2705733
2023-06-07 23:40,Control,5,577.32532
2023-06-07 23:40,Control,15,743.61858
2023-06-07 23:40,Control,30,727.5400578
2023-06-07 23:40,Control,50,785.3314778
2023-06-07 23:40,Saltwater,5,429.006632
2023-06-07 23:40,Saltwater,15,522.728378
2023-06-07 23:40,Saltwater,30,661.6419867
2023-06-07 23:40,Saltwater,50,705.4229467
2023-06-07 23:40,Freshwater,5,255.1610693
2023-06-07 23:40,Freshwater,15,96.10895673
2023-06-07 23:40,Freshwater,30,317.4227867
2023-06-07 23:40,Freshwater,50,778.0618467
2023-06-07 23:45,Control,5,577.46638
2023-06-07 23:45,Control,15,743.6249
2023-06-07 23:45,Control,30,727.74326
2023-06-07 23:45,Control,50,785.244875
2023-06-07 23:45,Saltwater,5,429.089232
2023-06-07 23:45,Saltwater,15,522.523622
2023-06-07 23:45,Saltwater,30,661.29598
2023-06-07 23:45,Saltwater,50,705.21342
2023-06-07 23:45,Freshwater,5,257.008494
2023-06-07 23:45,Freshwater,15,94.890096
2023-06-07 23:45,Freshwater,30,318.16578
2023-06-07 23:45,Freshwater,50,778.05704
2023-06-07 23:50,Control,5,577.9843578
2023-06-07 23:50,Control,15,743.7799933
2023-06-07 23:50,Control,30,727.94464
2023-06-07 23:50,Control,50,785.3262
2023-06-07 23:50,Saltwater,5,429.1622747
2023-06-07 23:50,Saltwater,15,521.5292473
2023-06-07 23:50,Saltwater,30,661.0182333
2023-06-07 23:50,Saltwater,50,704.9697333
2023-06-07 23:50,Freshwater,5,261.223346
2023-06-07 23:50,Freshwater,15,94.074304
2023-06-07 23:50,Freshwater,30,318.1318
2023-06-07 23:50,Freshwater,50,777.8531
2023-06-07 23:55,Control,5,578.1319356
2023-06-07 23:55,Control,15,743.7722067
2023-06-07 23:55,Control,30,728.01702
2023-06-07 23:55,Control,50,785.330675
2023-06-07 23:55,Saltwater,5,429.3035433
2023-06-07 23:55,Saltwater,15,521.2855907
2023-06-07 23:55,Saltwater,30,660.8086667
2023-06-07 23:55,Saltwater,50,704.8625867
2023-06-07 23:55,Freshwater,5,262.956866
2023-06-07 23:55,Freshwater,15,92.952618
2023-06-07 23:55,Freshwater,30,318.0978
2023-06-07 23:55,Freshwater,50,778.02306
2023-06-08 00:00,Control,5,578.0364733
2023-06-08 00:00,Control,15,743.82724
2023-06-08 00:00,Control,30,728.22078
2023-06-08 00:00,Control,50,785.286525
2023-06-08 00:00,Saltwater,5,429.615454
2023-06-08 00:00,Saltwater,15,522.918756
2023-06-08 00:00,Saltwater,30,660.59914
2023-06-08 00:00,Saltwater,50,704.68718
2023-06-08 00:00,Freshwater,5,265.030268
2023-06-08 00:00,Freshwater,15,91.049174
2023-06-08 00:00,Freshwater,30,318.16578
2023-06-08 00:00,Freshwater,50,777.47922
2023-06-08 00:05,Control,5,577.9692933
2023-06-08 00:05,Control,15,743.7606
2023-06-08 00:05,Control,30,728.39334
2023-06-08 00:05,Control,50,785.33105
2023-06-08 00:05,Saltwater,5,429.7908707
2023-06-08 00:05,Saltwater,15,521.4466473
2023-06-08 00:05,Saltwater,30,660.15552
2023-06-08 00:05,Saltwater,50,704.48244
2023-06-08 00:05,Freshwater,5,266.9385247
2023-06-08 00:05,Freshwater,15,89.68955
2023-06-08 00:05,Freshwater,30,318.0638
2023-06-08 00:05,Freshwater,50,777.8531
2023-06-08 00:10,Control,5,578.1984333
2023-06-08 00:10,Control,15,743.78014
2023-06-08 00:10,Control,30,728.54998
2023-06-08 00:10,Control,50,785.2726
2023-06-08 00:10,Saltwater,5,429.8980373
2023-06-08 00:10,Saltwater,15,521.1688687
2023-06-08 00:10,Saltwater,30,659.98492
2023-06-08 00:10,Saltwater,50,704.27768
2023-06-08 00:10,Freshwater,5,269.1187233
2023-06-08 00:10,Freshwater,15,89.689544
2023-06-08 00:10,Freshwater,30,317.82586
2023-06-08 00:10,Freshwater,50,777.68314
2023-06-08 00:15,Control,5,578.3771733
2023-06-08 00:15,Control,15,743.99658
2023-06-08 00:15,Control,30,728.59524
2023-06-08 00:15,Control,50,785.3276
2023-06-08 00:15,Saltwater,5,430.380548
2023-06-08 00:15,Saltwater,15,522.460798
2023-06-08 00:15,Saltwater,30,659.78016
2023-06-08 00:15,Saltwater,50,704.24356
2023-06-08 00:15,Freshwater,5,271.264426
2023-06-08 00:15,Freshwater,15,88.636698
2023-06-08 00:15,Freshwater,30,318.02908
2023-06-08 00:15,Freshwater,50,777.57724
2023-06-08 00:20,Control,5,578.7893933
2023-06-08 00:20,Control,15,743.9313
2023-06-08 00:20,Control,30,728.83744
2023-06-08 00:20,Control,50,785.330875
2023-06-08 00:20,Saltwater,5,430.5703087
2023-06-08 00:20,Saltwater,15,522.904424
2023-06-08 00:20,Saltwater,30,659.5801867
2023-06-08 00:20,Saltwater,50,704.2142067
2023-06-08 00:20,Freshwater,5,273.5613327
2023-06-08 00:20,Freshwater,15,87.72297467
2023-06-08 00:20,Freshwater,30,317.58786
2023-06-08 00:20,Freshwater,50,777.5807
2023-06-08 00:25,Control,5,579.2289533
2023-06-08 00:25,Control,15,743.92446
2023-06-08 00:25,Control,30,728.9333
2023-06-08 00:25,Control,50,785.40895
2023-06-08 00:25,Saltwater,5,430.7941793
2023-06-08 00:25,Saltwater,15,522.39254
2023-06-08 00:25,Saltwater,30,659.2096533
2023-06-08 00:25,Saltwater,50,703.8777933
2023-06-08 00:25,Freshwater,5,276.2318053
2023-06-08 00:25,Freshwater,15,86.80992733
2023-06-08 00:25,Freshwater,30,317.85986
2023-06-08 00:25,Freshwater,50,777.34324
2023-06-08 00:30,Control,5,579.1990933
2023-06-08 00:30,Control,15,743.99914
2023-06-08 00:30,Control,30,729.17866
2023-06-08 00:30,Control,50,785.458475
2023-06-08 00:30,Saltwater,5,431.018098
2023-06-08 00:30,Saltwater,15,522.221924
2023-06-08 00:30,Saltwater,30,659.00968
2023-06-08 00:30,Saltwater,50,703.81432
2023-06-08 00:30,Freshwater,5,278.901884
2023-06-08 00:30,Freshwater,15,85.625576
2023-06-08 00:30,Freshwater,30,317.9274
2023-06-08 00:30,Freshwater,50,776.69492
2023-06-08 00:35,Control,5,579.3418511
2023-06-08 00:35,Control,15,744.13296
2023-06-08 00:35,Control,30,729.24422
2023-06-08 00:35,Control,50,785.4554
2023-06-08 00:35,Saltwater,5,431.0958993
2023-06-08 00:35,Saltwater,15,523.8305247
2023-06-08 00:35,Saltwater,30,658.87318
2023-06-08 00:35,Saltwater,50,703.57548
2023-06-08 00:35,Freshwater,5,280.9803547
2023-06-08 00:35,Freshwater,15,84.945264
2023-06-08 00:35,Freshwater,30,317.72388
2023-06-08 00:35,Freshwater,50,777.30904
2023-06-08 00:40,Control,5,578.9357289
2023-06-08 00:40,Control,15,744.19558
2023-06-08 00:40,Control,30,729.40954
2023-06-08 00:40,Control,50,785.363775
2023-06-08 00:40,Saltwater,5,431.2761007
2023-06-08 00:40,Saltwater,15,524.6883993
2023-06-08 00:40,Saltwater,30,658.63432
2023-06-08 00:40,Saltwater,50,703.47308
2023-06-08 00:40,Freshwater,5,283.3980893
2023-06-08 00:40,Freshwater,15,83.926222
2023-06-08 00:40,Freshwater,30,318.02924
2023-06-08 00:40,Freshwater,50,777.34012
2023-06-08 00:45,Control,5,578.4026467
2023-06-08 00:45,Control,15,744.13556
2023-06-08 00:45,Control,30,729.52018
2023-06-08 00:45,Control,50,785.37275
2023-06-08 00:45,Saltwater,5,431.49041
2023-06-08 00:45,Saltwater,15,521.007812
2023-06-08 00:45,Saltwater,30,658.29308
2023-06-08 00:45,Saltwater,50,703.30246
2023-06-08 00:45,Freshwater,5,285.408688
2023-06-08 00:45,Freshwater,15,82.97387
2023-06-08 00:45,Freshwater,30,317.8938
2023-06-08 00:45,Freshwater,50,777.13894
2023-06-08 00:50,Control,5,578.4797244
2023-06-08 00:50,Control,15,744.27334
2023-06-08 00:50,Control,30,729.72628
2023-06-08 00:50,Control,50,785.45935
2023-06-08 00:50,Saltwater,5,431.743644
2023-06-08 00:50,Saltwater,15,518.8969427
2023-06-08 00:50,Saltwater,30,658.1176933
2023-06-08 00:50,Saltwater,50,703.0587933
2023-06-08 00:50,Freshwater,5,287.3849827
2023-06-08 00:50,Freshwater,15,82.429942
2023-06-08 00:50,Freshwater,30,317.1848467
2023-06-08 00:50,Freshwater,50,777.0760867
2023-06-08 00:55,Control,5,578.5219422
2023-06-08 00:55,Control,15,744.27344
2023-06-08 00:55,Control,30,729.82888
2023-06-08 00:55,Control,50,785.41675
2023-06-08 00:55,Saltwater,5,431.826252
2023-06-08 00:55,Saltwater,15,521.0173773
2023-06-08 00:55,Saltwater,30,657.7375267
2023-06-08 00:55,Saltwater,50,703.0199067
2023-06-08 00:55,Freshwater,5,290.2775293
2023-06-08 00:55,Freshwater,15,81.548522
2023-06-08 00:55,Freshwater,30,317.9354933
2023-06-08 00:55,Freshwater,50,776.8328133
2023-06-08 01:00,Control,5,578.76914
2023-06-08 01:00,Control,15,744.41014
2023-06-08 01:00,Control,30,729.9656
2023-06-08 01:00,Control,50,785.50215
2023-06-08 01:00,Saltwater,5,431.977098
2023-06-08 01:00,Saltwater,15,521.602274
2023-06-08 01:00,Saltwater,30,657.528
2023-06-08 01:00,Saltwater,50,702.77624
2023-06-08 01:00,Freshwater,5,293.852558
2023-06-08 01:00,Freshwater,15,80.526756
2023-06-08 01:00,Freshwater,30,318.00998
2023-06-08 01:00,Freshwater,50,776.7785
2023-06-08 01:05,Control,5,578.8375
2023-06-08 01:05,Control,15,744.37596
2023-06-08 01:05,Control,30,730.1626622
2023-06-08 01:05,Control,50,785.4087222
2023-06-08 01:05,Saltwater,5,432.2255513
2023-06-08 01:05,Saltwater,15,523.410834
2023-06-08 01:05,Saltwater,30,657.3915
2023-06-08 01:05,Saltwater,50,702.67388
2023-06-08 01:05,Freshwater,5,296.4067987
2023-06-08 01:05,Freshwater,15,79.40959667
2023-06-08 01:05,Freshwater,30,317.8742
2023-06-08 01:05,Freshwater,50,776.9157
2023-06-08 01:10,Control,5,578.4274
2023-06-08 01:10,Control,15,744.37594
2023-06-08 01:10,Control,30,730.2230444
2023-06-08 01:10,Control,50,785.4434944
2023-06-08 01:10,Saltwater,5,432.2009887
2023-06-08 01:10,Saltwater,15,524.332174
2023-06-08 01:10,Saltwater,30,657.18676
2023-06-08 01:10,Saltwater,50,702.50326
2023-06-08 01:10,Freshwater,5,292.0265433
2023-06-08 01:10,Freshwater,15,77.78328133
2023-06-08 01:10,Freshwater,30,317.87384
2023-06-08 01:10,Freshwater,50,776.40388
2023-06-08 01:15,Control,5,578.15396
2023-06-08 01:15,Control,15,744.41014
2023-06-08 01:15,Control,30,730.3859467
2023-06-08 01:15,Control,50,785.4354917
2023-06-08 01:15,Saltwater,5,432.551798
2023-06-08 01:15,Saltwater,15,525.45826
2023-06-08 01:15,Saltwater,30,656.91376
2023-06-08 01:15,Saltwater,50,702.40088
2023-06-08 01:15,Freshwater,5,285.369472
2023-06-08 01:15,Freshwater,15,77.209784
2023-06-08 01:15,Freshwater,30,317.9422
2023-06-08 01:15,Freshwater,50,776.7796
2023-06-08 01:20,Control,5,578.2565
2023-06-08 01:20,Control,15,744.47848
2023-06-08 01:20,Control,30,730.5226667
2023-06-08 01:20,Control,50,785.3500667
2023-06-08 01:20,Saltwater,5,432.63443
2023-06-08 01:20,Saltwater,15,526.0090447
2023-06-08 01:20,Saltwater,30,656.64076
2023-06-08 01:20,Saltwater,50,702.23026
2023-06-08 01:20,Freshwater,5,280.047326
2023-06-08 01:20,Freshwater,15,76.50074467
2023-06-08 01:20,Freshwater,30,317.6654933
2023-06-08 01:20,Freshwater,50,776.6050133
2023-06-08 01:25,Control,5,578.29068
2023-06-08 01:25,Control,15,744.54686
2023-06-08 01:25,Control,30,730.6935467
2023-06-08 01:25,Control,50,785.5209667
2023-06-08 01:25,Saltwater,5,432.717036
2023-06-08 01:25,Saltwater,15,517.9947033
2023-06-08 01:25,Saltwater,30,656.23126
2023-06-08 01:25,Saltwater,50,702.12788
2023-06-08 01:25,Freshwater,5,276.152584
2023-06-08 01:25,Freshwater,15,75.48621133
2023-06-08 01:25,Freshwater,30,317.9663267
2023-06-08 01:25,Freshwater,50,776.5306667
2023-06-08 01:30,Control,5,578.2565
2023-06-08 01:30,Control,15,744.64938
2023-06-08 01:30,Control,30,730.7960867
2023-06-08 01:30,Control,50,785.4354917
2023-06-08 01:30,Saltwater,5,432.833764
2023-06-08 01:30,Saltwater,15,515.5084592
2023-06-08 01:30,Saltwater,30,656.06068
2023-06-08 01:30,Saltwater,50,701.82078
2023-06-08 01:30,Freshwater,5,271.713846
2023-06-08 01:30,Freshwater,15,74.506082
2023-06-08 01:30,Freshwater,30,317.75696
2023-06-08 01:30,Freshwater,50,776.5225
2023-06-08 01:35,Control,5,577.8201978
2023-06-08 01:35,Control,15,744.6152
2023-06-08 01:35,Control,30,730.8644267
2023-06-08 01:35,Control,50,785.6063917
2023-06-08 01:35,Saltwater,5,432.984628
2023-06-08 01:35,Saltwater,15,518.6526407
2023-06-08 01:35,Saltwater,30,655.92416
2023-06-08 01:35,Saltwater,50,701.7184
2023-06-08 01:35,Freshwater,5,268.3588533
2023-06-08 01:35,Freshwater,15,73.383346
2023-06-08 01:35,Freshwater,30,317.51984
2023-06-08 01:35,Freshwater,50,776.25496
2023-06-08 01:40,Control,5,577.9990556
2023-06-08 01:40,Control,15,744.71774
2023-06-08 01:40,Control,30,731.0353067
2023-06-08 01:40,Control,50,785.4782167
2023-06-08 01:40,Saltwater,5,433.067218
2023-06-08 01:40,Saltwater,15,521.2167213
2023-06-08 01:40,Saltwater,30,655.71942
2023-06-08 01:40,Saltwater,50,701.68428
2023-06-08 01:40,Freshwater,5,266.9068827
2023-06-08 01:40,Freshwater,15,72.261502
2023-06-08 01:40,Freshwater,30,317.85988
2023-06-08 01:40,Freshwater,50,775.50774
2023-06-08 01:45,Control,5,578.1095733
2023-06-08 01:45,Control,15,744.75192
2023-06-08 01:45,Control,30,731.2745467
2023-06-08 01:45,Control,50,785.5636667
2023-06-08 01:45,Saltwater,5,433.2522
2023-06-08 01:45,Saltwater,15,519.105832
2023-06-08 01:45,Saltwater,30,655.4123
2023-06-08 01:45,Saltwater,50,701.44542
2023-06-08 01:45,Freshwater,5,266.644556
2023-06-08 01:45,Freshwater,15,71.615672
2023-06-08 01:45,Freshwater,30,317.75792
2023-06-08 01:45,Freshwater,50,776.25552
2023-06-08 01:50,Control,5,578.5538533
2023-06-08 01:50,Control,15,744.85444
2023-06-08 01:50,Control,30,731.2745467
2023-06-08 01:50,Control,50,785.5636667
2023-06-08 01:50,Saltwater,5,433.5347413
2023-06-08 01:50,Saltwater,15,520.47081
2023-06-08 01:50,Saltwater,30,655.0758667
2023-06-08 01:50,Saltwater,50,701.3136867
2023-06-08 01:50,Freshwater,5,346.7696873
2023-06-08 01:50,Freshwater,15,70.66874667
2023-06-08 01:50,Freshwater,30,317.85984
2023-06-08 01:50,Freshwater,50,776.0516
2023-06-08 01:55,Control,5,578.9297933
2023-06-08 01:55,Control,15,744.88862
2023-06-08 01:55,Control,30,731.4796067
2023-06-08 01:55,Control,50,785.5636667
2023-06-08 01:55,Saltwater,5,435.1140327
2023-06-08 01:55,Saltwater,15,519.378862
2023-06-08 01:55,Saltwater,30,654.9100333
2023-06-08 01:55,Saltwater,50,701.1478533
2023-06-08 01:55,Freshwater,5,367.9893407
2023-06-08 01:55,Freshwater,15,69.31392133
2023-06-08 01:55,Freshwater,30,317.8599
2023-06-08 01:55,Freshwater,50,775.81366
2023-06-08 02:00,Control,5,578.9639533
2023-06-08 02:00,Control,15,744.88862
2023-06-08 02:00,Control,30,731.5821467
2023-06-08 02:00,Control,50,785.6063917
2023-06-08 02:00,Saltwater,5,437.887646
2023-06-08 02:00,Saltwater,15,517.16079
2023-06-08 02:00,Saltwater,30,654.67594
2023-06-08 02:00,Saltwater,50,701.15264
2023-06-08 02:00,Freshwater,5,374.253138
2023-06-08 02:00,Freshwater,15,68.80882
2023-06-08 02:00,Freshwater,30,317.28204
2023-06-08 02:00,Freshwater,50,775.84766
2023-06-08 02:05,Control,5,579.1507889
2023-06-08 02:05,Control,15,744.82028
2023-06-08 02:05,Control,30,731.7450289
2023-06-08 02:05,Control,50,785.5129639
2023-06-08 02:05,Saltwater,5,441.6897581
2023-06-08 02:05,Saltwater,15,518.9645673
2023-06-08 02:05,Saltwater,30,654.3251267
2023-06-08 02:05,Saltwater,50,700.8359467
2023-06-08 02:05,Freshwater,5,378.6815013
2023-06-08 02:05,Freshwater,15,68.03185667
2023-06-08 02:05,Freshwater,30,317.51998
2023-06-08 02:05,Freshwater,50,775.77968
2023-06-08 02:10,Control,5,579.4718044
2023-06-08 02:10,Control,15,745.02162
2023-06-08 02:10,Control,30,731.9043711
2023-06-08 02:10,Control,50,785.5010861
2023-06-08 02:10,Saltwater,5,464.021114
2023-06-08 02:10,Saltwater,15,520.0517487
2023-06-08 02:10,Saltwater,30,654.1107933
2023-06-08 02:10,Saltwater,50,700.6898933
2023-06-08 02:10,Freshwater,5,381.4426167
2023-06-08 02:10,Freshwater,15,67.12030133
2023-06-08 02:10,Freshwater,30,317.82484
2023-06-08 02:10,Freshwater,50,775.3663
2023-06-08 02:15,Control,5,579.66088
2023-06-08 02:15,Control,15,745.0249
2023-06-08 02:15,Control,30,732.0020733
2023-06-08 02:15,Control,50,785.4538583
2023-06-08 02:15,Saltwater,5,475.193986
2023-06-08 02:15,Saltwater,15,519.876322
2023-06-08 02:15,Saltwater,30,653.79412
2023-06-08 02:15,Saltwater,50,700.5438
2023-06-08 02:15,Freshwater,5,396.579428
2023-06-08 02:15,Freshwater,15,66.342068
2023-06-08 02:15,Freshwater,30,317.79176
2023-06-08 02:15,Freshwater,50,775.50712
2023-06-08 02:20,Control,5,580.0450778
2023-06-08 02:20,Control,15,745.02532
2023-06-08 02:20,Control,30,732.1391933
2023-06-08 02:20,Control,50,785.4970083
2023-06-08 02:20,Saltwater,5,480.565802
2023-06-08 02:20,Saltwater,15,521.5920973
2023-06-08 02:20,Saltwater,30,653.52114
2023-06-08 02:20,Saltwater,50,700.33906
2023-06-08 02:20,Freshwater,5,404.2370693
2023-06-08 02:20,Freshwater,15,65.32217
2023-06-08 02:20,Freshwater,30,317.9326467
2023-06-08 02:20,Freshwater,50,775.3765667
2023-06-08 02:25,Control,5,579.6429556
2023-06-08 02:25,Control,15,745.09368
2023-06-08 02:25,Control,30,732.3100933
2023-06-08 02:25,Control,50,785.5824583
2023-06-08 02:25,Saltwater,5,484.640884
2023-06-08 02:25,Saltwater,15,521.6357847
2023-06-08 02:25,Saltwater,30,653.28226
2023-06-08 02:25,Saltwater,50,700.20258
2023-06-08 02:25,Freshwater,5,416.6871727
2023-06-08 02:25,Freshwater,15,63.928572
2023-06-08 02:25,Freshwater,30,317.9714133
2023-06-08 02:25,Freshwater,50,775.1434133
2023-06-08 02:30,Control,5,579.3672933
2023-06-08 02:30,Control,15,745.24968
2023-06-08 02:30,Control,30,732.3981333
2023-06-08 02:30,Control,50,785.5664833
2023-06-08 02:30,Saltwater,5,486.566178
2023-06-08 02:30,Saltwater,15,520.894654
2023-06-08 02:30,Saltwater,30,653.21404
2023-06-08 02:30,Saltwater,50,699.99784
2023-06-08 02:30,Freshwater,5,432.298358
2023-06-08 02:30,Freshwater,15,63.89457
2023-06-08 02:30,Freshwater,30,317.6363
2023-06-08 02:30,Freshwater,50,775.35218
2023-06-08 02:35,Control,5,578.2825933
2023-06-08 02:35,Control,15,745.19428
2023-06-08 02:35,Control,30,732.5132933
2023-06-08 02:35,Control,50,785.6231583
2023-06-08 02:35,Saltwater,5,488.2430607
2023-06-08 02:35,Saltwater,15,518.267088
2023-06-08 02:35,Saltwater,30,652.94104
2023-06-08 02:35,Saltwater,50,699.7931
2023-06-08 02:35,Freshwater,5,450.4880527
2023-06-08 02:35,Freshwater,15,63.18555467
2023-06-08 02:35,Freshwater,30,317.87422
2023-06-08 02:35,Freshwater,50,775.2162
2023-06-08 02:40,Control,5,576.4382533
2023-06-08 02:40,Control,15,745.3669
2023-06-08 02:40,Control,30,732.6858533
2023-06-08 02:40,Control,50,785.7104083
2023-06-08 02:40,Saltwater,5,489.5786673
2023-06-08 02:40,Saltwater,15,519.290832
2023-06-08 02:40,Saltwater,30,652.70214
2023-06-08 02:40,Saltwater,50,699.72484
2023-06-08 02:40,Freshwater,5,464.1230093
2023-06-08 02:40,Freshwater,15,62.40858133
2023-06-08 02:40,Freshwater,30,318.07816
2023-06-08 02:40,Freshwater,50,775.25018
2023-06-08 02:45,Control,5,575.8573533
2023-06-08 02:45,Control,15,745.2987
2023-06-08 02:45,Control,30,732.9252733
2023-06-08 02:45,Control,50,785.7106333
2023-06-08 02:45,Saltwater,5,490.607146
2023-06-08 02:45,Saltwater,15,519.52969
2023-06-08 02:45,Saltwater,30,652.4633
2023-06-08 02:45,Saltwater,50,699.41772
2023-06-08 02:45,Freshwater,5,473.373216
2023-06-08 02:45,Freshwater,15,61.801508
2023-06-08 02:45,Freshwater,30,317.67028
2023-06-08 02:45,Freshwater,50,775.2162
2023-06-08 02:50,Control,5,576.1387511
2023-06-08 02:50,Control,15,745.4696
2023-06-08 02:50,Control,30,732.9936333
2023-06-08 02:50,Control,50,785.7960583
2023-06-08 02:50,Saltwater,5,491.2040233
2023-06-08 02:50,Saltwater,15,518.9932653
2023-06-08 02:50,Saltwater,30,652.15618
2023-06-08 02:50,Saltwater,50,699.38362
2023-06-08 02:50,Freshwater,5,486.097144
2023-06-08 02:50,Freshwater,15,61.055324
2023-06-08 02:50,Freshwater,30,318.1498467
2023-06-08 02:50,Freshwater,50,774.7052667
2023-06-08 02:55,Control,5,576.4181689
2023-06-08 02:55,Control,15,745.53504
2023-06-08 02:55,Control,30,733.2299733
2023-06-08 02:55,Control,50,785.7074833
2023-06-08 02:55,Saltwater,5,491.7326267
2023-06-08 02:55,Saltwater,15,518.3203767
2023-06-08 02:55,Saltwater,30,651.95144
2023-06-08 02:55,Saltwater,50,699.14476
2023-06-08 02:55,Freshwater,5,459.42935
2023-06-08 02:55,Freshwater,15,60.375442
2023-06-08 02:55,Freshwater,30,318.1206733
2023-06-08 02:55,Freshwater,50,774.5743133
2023-06-08 03:00,Control,5,576.6639267
2023-06-08 03:00,Control,15,745.53294
2023-06-08 03:00,Control,30,733.2279333
2023-06-08 03:00,Control,50,785.6624833
2023-06-08 03:00,Saltwater,5,492.397716
2023-06-08 03:00,Saltwater,15,516.52139
2023-06-08 03:00,Saltwater,30,651.64434
2023-06-08 03:00,Saltwater,50,699.00826
2023-06-08 03:00,Freshwater,5,489.32227
2023-06-08 03:00,Freshwater,15,59.93291
2023-06-08 03:00,Freshwater,30,318.09192
2023-06-08 03:00,Freshwater,50,774.92148
2023-06-08 03:05,Control,5,576.7353267
2023-06-08 03:05,Control,15,745.53742
2023-06-08 03:05,Control,30,733.4031733
2023-06-08 03:05,Control,50,785.6245833
2023-06-08 03:05,Saltwater,5,492.6826987
2023-06-08 03:05,Saltwater,15,512.3289441
2023-06-08 03:05,Saltwater,30,651.3665533
2023-06-08 03:05,Saltwater,50,698.9011133
2023-06-08 03:05,Freshwater,5,494.8372893
2023-06-08 03:05,Freshwater,15,59.08847067
2023-06-08 03:05,Freshwater,30,318.15956
2023-06-08 03:05,Freshwater,50,774.81754
2023-06-08 03:10,Control,5,576.3255867
2023-06-08 03:10,Control,15,745.60632
2023-06-08 03:10,Control,30,733.5062733
2023-06-08 03:10,Control,50,785.7533333
2023-06-08 03:10,Saltwater,5,493.3430033
2023-06-08 03:10,Saltwater,15,514.4152859
2023-06-08 03:10,Saltwater,30,651.1911467
2023-06-08 03:10,Saltwater,50,698.6915667
2023-06-08 03:10,Freshwater,5,498.4181527
2023-06-08 03:10,Freshwater,15,58.95607333
2023-06-08 03:10,Freshwater,30,318.22838
2023-06-08 03:10,Freshwater,50,774.7201
2023-06-08 03:15,Control,5,576.2914067
2023-06-08 03:15,Control,15,745.67468
2023-06-08 03:15,Control,30,733.6087933
2023-06-08 03:15,Control,50,785.7106083
2023-06-08 03:15,Saltwater,5,493.42324
2023-06-08 03:15,Saltwater,15,513.0551172
2023-06-08 03:15,Saltwater,30,651.04986
2023-06-08 03:15,Saltwater,50,698.51616
2023-06-08 03:15,Freshwater,5,500.804838
2023-06-08 03:15,Freshwater,15,58.146244
2023-06-08 03:15,Freshwater,30,317.47976
2023-06-08 03:15,Freshwater,50,774.64782
2023-06-08 03:20,Control,5,576.5857822
2023-06-08 03:20,Control,15,745.7503
2023-06-08 03:20,Control,30,733.7868333
2023-06-08 03:20,Control,50,785.8038833
2023-06-08 03:20,Saltwater,5,493.847084
2023-06-08 03:20,Saltwater,15,514.04471
2023-06-08 03:20,Saltwater,30,650.64036
2023-06-08 03:20,Saltwater,50,698.34554
2023-06-08 03:20,Freshwater,5,502.105704
2023-06-08 03:20,Freshwater,15,57.571104
2023-06-08 03:20,Freshwater,30,318.2549133
2023-06-08 03:20,Freshwater,50,774.1233533
2023-06-08 03:25,Control,5,576.8708778
2023-06-08 03:25,Control,15,745.81244
2023-06-08 03:25,Control,30,733.9515933
2023-06-08 03:25,Control,50,785.6690333
2023-06-08 03:25,Saltwater,5,494.475674
2023-06-08 03:25,Saltwater,15,514.89779
2023-06-08 03:25,Saltwater,30,650.33326
2023-06-08 03:25,Saltwater,50,698.1408
2023-06-08 03:25,Freshwater,5,503.206282
2023-06-08 03:25,Freshwater,15,57.164012
2023-06-08 03:25,Freshwater,30,318.3515867
2023-06-08 03:25,Freshwater,50,774.3536667
2023-06-08 03:30,Control,5,577.0571333
2023-06-08 03:30,Control,15,745.87994
2023-06-08 03:30,Control,30,734.1216533
2023-06-08 03:30,Control,50,785.7108583
2023-06-08 03:30,Saltwater,5,494.217028
2023-06-08 03:30,Saltwater,15,514.931942
2023-06-08 03:30,Saltwater,30,650.19678
2023-06-08 03:30,Saltwater,50,697.93606
2023-06-08 03:30,Freshwater,5,504.52047
2023-06-08 03:30,Freshwater,15,56.479896
2023-06-08 03:30,Freshwater,30,318.38374
2023-06-08 03:30,Freshwater,50,774.43266
2023-06-08 03:35,Control,5,577.1356533
2023-06-08 03:35,Control,15,745.79226
2023-06-08 03:35,Control,30,734.1019733
2023-06-08 03:35,Control,50,785.7695583
2023-06-08 03:35,Saltwater,5,494.0218473
2023-06-08 03:35,Saltwater,15,514.7660887
2023-06-08 03:35,Saltwater,30,649.9285667
2023-06-08 03:35,Saltwater,50,697.9067067
2023-06-08 03:35,Freshwater,5,505.8506827
2023-06-08 03:35,Freshwater,15,55.02318867
2023-06-08 03:35,Freshwater,30,318.31568
2023-06-08 03:35,Freshwater,50,774.12634
2023-06-08 03:40,Control,5,577.1090933
2023-06-08 03:40,Control,15,745.80342
2023-06-08 03:40,Control,30,734.3179933
2023-06-08 03:40,Control,50,785.8242583
2023-06-08 03:40,Saltwater,5,494.8845627
2023-06-08 03:40,Saltwater,15,514.9073773
2023-06-08 03:40,Saltwater,30,649.6262333
2023-06-08 03:40,Saltwater,50,697.7067533
2023-06-08 03:40,Freshwater,5,506.7012633
2023-06-08 03:40,Freshwater,15,54.92812333
2023-06-08 03:40,Freshwater,30,318.38224
2023-06-08 03:40,Freshwater,50,774.3567
2023-06-08 03:45,Control,5,577.0646533
2023-06-08 03:45,Control,15,745.82264
2023-06-08 03:45,Control,30,734.3716933
2023-06-08 03:45,Control,50,785.7227333
2023-06-08 03:45,Saltwater,5,494.552858
2023-06-08 03:45,Saltwater,15,514.77566
2023-06-08 03:45,Saltwater,30,649.56276
2023-06-08 03:45,Saltwater,50,697.60916
2023-06-08 03:45,Freshwater,5,507.558356
2023-06-08 03:45,Freshwater,15,54.557652
2023-06-08 03:45,Freshwater,30,318.14522
2023-06-08 03:45,Freshwater,50,774.15762
2023-06-08 03:50,Control,5,576.6056689
2023-06-08 03:50,Control,15,745.8739267
2023-06-08 03:50,Control,30,734.5134133
2023-06-08 03:50,Control,50,785.7709833
2023-06-08 03:50,Saltwater,5,494.6402447
2023-06-08 03:50,Saltwater,15,514.8193493
2023-06-08 03:50,Saltwater,30,649.25566
2023-06-08 03:50,Saltwater,50,697.43854
2023-06-08 03:50,Freshwater,5,508.6562013
2023-06-08 03:50,Freshwater,15,53.95029667
2023-06-08 03:50,Freshwater,30,318.34938
2023-06-08 03:50,Freshwater,50,774.02278
2023-06-08 03:55,Control,5,576.3539244
2023-06-08 03:55,Control,15,745.8942133
2023-06-08 03:55,Control,30,734.6241133
2023-06-08 03:55,Control,50,785.7799333
2023-06-08 03:55,Saltwater,5,494.8641413
2023-06-08 03:55,Saltwater,15,514.7947907
2023-06-08 03:55,Saltwater,30,649.05094
2023-06-08 03:55,Saltwater,50,697.47268
2023-06-08 03:55,Freshwater,5,509.0370387
2023-06-08 03:55,Freshwater,15,53.03872133
2023-06-08 03:55,Freshwater,30,318.31446
2023-06-08 03:55,Freshwater,50,774.11982
2023-06-08 04:00,Control,5,576.31492
2023-06-08 04:00,Control,15,745.99422
2023-06-08 04:00,Control,30,734.8142533
2023-06-08 04:00,Control,50,785.8865333
2023-06-08 04:00,Saltwater,5,495.019786
2023-06-08 04:00,Saltwater,15,514.736128
2023-06-08 04:00,Saltwater,30,648.7779
2023-06-08 04:00,Saltwater,50,697.23382
2023-06-08 04:00,Freshwater,5,509.898344
2023-06-08 04:00,Freshwater,15,52.294694
2023-06-08 04:00,Freshwater,30,318.14522
2023-06-08 04:00,Freshwater,50,773.91954
2023-06-08 04:05,Control,5,576.75142
2023-06-08 04:05,Control,15,746.05106
2023-06-08 04:05,Control,30,734.9055333
2023-06-08 04:05,Control,50,785.7887333
2023-06-08 04:05,Saltwater,5,495.0587047
2023-06-08 04:05,Saltwater,15,514.8091467
2023-06-08 04:05,Saltwater,30,648.50492
2023-06-08 04:05,Saltwater,50,697.13144
2023-06-08 04:05,Freshwater,5,511.066606
2023-06-08 04:05,Freshwater,15,51.290292
2023-06-08 04:05,Freshwater,30,318.4845
2023-06-08 04:05,Freshwater,50,773.1685
2023-06-08 04:10,Control,5,577.30482
2023-06-08 04:10,Control,15,746.09484
2023-06-08 04:10,Control,30,735.0174533
2023-06-08 04:10,Control,50,785.8845083
2023-06-08 04:10,Saltwater,5,496.0872073
2023-06-08 04:10,Saltwater,15,514.4385693
2023-06-08 04:10,Saltwater,30,648.33434
2023-06-08 04:10,Saltwater,50,697.06318
2023-06-08 04:10,Freshwater,5,512.914466
2023-06-08 04:10,Freshwater,15,50.218028
2023-06-08 04:10,Freshwater,30,318.44982
2023-06-08 04:10,Freshwater,50,773.50476
2023-06-08 04:15,Control,5,577.74754
2023-06-08 04:15,Control,15,746.12666
2023-06-08 04:15,Control,30,735.1176733
2023-06-08 04:15,Control,50,785.8392333
2023-06-08 04:15,Saltwater,5,496.433234
2023-06-08 04:15,Saltwater,15,514.750486
2023-06-08 04:15,Saltwater,30,647.95894
2023-06-08 04:15,Saltwater,50,696.82434
2023-06-08 04:15,Freshwater,5,518.372882
2023-06-08 04:15,Freshwater,15,49.82151
2023-06-08 04:15,Freshwater,30,318.55376
2023-06-08 04:15,Freshwater,50,773.75308
2023-06-08 04:20,Control,5,577.87994
2023-06-08 04:20,Control,15,746.15454
2023-06-08 04:20,Control,30,735.2824133
2023-06-08 04:20,Control,50,785.8324583
2023-06-08 04:20,Saltwater,5,496.584074
2023-06-08 04:20,Saltwater,15,514.4822747
2023-06-08 04:20,Saltwater,30,647.8907
2023-06-08 04:20,Saltwater,50,696.65372
2023-06-08 04:20,Freshwater,5,519.8017687
2023-06-08 04:20,Freshwater,15,48.599688
2023-06-08 04:20,Freshwater,30,318.6205
2023-06-08 04:20,Freshwater,50,773.57678
2023-06-08 04:25,Control,5,577.79806
2023-06-08 04:25,Control,15,746.3214
2023-06-08 04:25,Control,30,735.4144933
2023-06-08 04:25,Control,50,785.8221333
2023-06-08 04:25,Saltwater,5,496.769086
2023-06-08 04:25,Saltwater,15,514.0093413
2023-06-08 04:25,Saltwater,30,647.41296
2023-06-08 04:25,Saltwater,50,696.55134
2023-06-08 04:25,Freshwater,5,520.6251333
2023-06-08 04:25,Freshwater,15,48.190336
2023-06-08 04:25,Freshwater,30,318.55352
2023-06-08 04:25,Freshwater,50,773.41194
2023-06-08 04:30,Control,5,577.37784
2023-06-08 04:30,Control,15,746.3409
2023-06-08 04:30,Control,30,735.6393333
2023-06-08 04:30,Control,50,785.8917833
2023-06-08 04:30,Saltwater,5,496.88581
2023-06-08 04:30,Saltwater,15,513.604622
2023-06-08 04:30,Saltwater,30,647.13996
2023-06-08 04:30,Saltwater,50,696.55134
2023-06-08 04:30,Freshwater,5,521.75296
2023-06-08 04:30,Freshwater,15,47.237876
2023-06-08 04:30,Freshwater,30,317.97614
2023-06-08 04:30,Freshwater,50,773.34642
2023-06-08 04:35,Control,5,577.5862756
2023-06-08 04:35,Control,15,746.40664
2023-06-08 04:35,Control,30,735.7044533
2023-06-08 04:35,Control,50,785.8829083
2023-06-08 04:35,Saltwater,5,496.8953793
2023-06-08 04:35,Saltwater,15,513.3071033
2023-06-08 04:35,Saltwater,30,647.07172
2023-06-08 04:35,Saltwater,50,696.34658
2023-06-08 04:35,Freshwater,5,522.5050327
2023-06-08 04:35,Freshwater,15,46.320408
2023-06-08 04:35,Freshwater,30,318.38386
2023-06-08 04:35,Freshwater,50,773.10756
2023-06-08 04:40,Control,5,577.9471911
2023-06-08 04:40,Control,15,746.47958
2023-06-08 04:40,Control,30,735.7430533
2023-06-08 04:40,Control,50,786.0160083
2023-06-08 04:40,Saltwater,5,497.0414527
2023-06-08 04:40,Saltwater,15,513.1460527
2023-06-08 04:40,Saltwater,30,646.86698
2023-06-08 04:40,Saltwater,50,696.17596
2023-06-08 04:40,Freshwater,5,522.8821573
2023-06-08 04:40,Freshwater,15,45.60743
2023-06-08 04:40,Freshwater,30,318.72322
2023-06-08 04:40,Freshwater,50,772.83288
2023-06-08 04:45,Control,5,578.0674867
2023-06-08 04:45,Control,15,746.48224
2023-06-08 04:45,Control,30,735.9507533
2023-06-08 04:45,Control,50,785.8052333
2023-06-08 04:45,Saltwater,5,497.460482
2023-06-08 04:45,Saltwater,15,512.780256
2023-06-08 04:45,Saltwater,30,646.62814
2023-06-08 04:45,Saltwater,50,696.17598
2023-06-08 04:45,Freshwater,5,523.832268
2023-06-08 04:45,Freshwater,15,44.82907
2023-06-08 04:45,Freshwater,30,318.65306
2023-06-08 04:45,Freshwater,50,773.0933
2023-06-08 04:50,Control,5,578.0352267
2023-06-08 04:50,Control,15,746.55336
2023-06-08 04:50,Control,30,736.0561133
2023-06-08 04:50,Control,50,785.8509583
2023-06-08 04:50,Saltwater,5,497.37249
2023-06-08 04:50,Saltwater,15,512.4048964
2023-06-08 04:50,Saltwater,30,646.28688
2023-06-08 04:50,Saltwater,50,695.86886
2023-06-08 04:50,Freshwater,5,524.358906
2023-06-08 04:50,Freshwater,15,43.26425
2023-06-08 04:50,Freshwater,30,318.7219
2023-06-08 04:50,Freshwater,50,772.62182
2023-06-08 04:55,Control,5,577.5457067
2023-06-08 04:55,Control,15,746.53732
2023-06-08 04:55,Control,30,736.1428733
2023-06-08 04:55,Control,50,785.9191583
2023-06-08 04:55,Saltwater,5,497.864582
2023-06-08 04:55,Saltwater,15,512.1660372
2023-06-08 04:55,Saltwater,30,646.08214
2023-06-08 04:55,Saltwater,50,695.66412
2023-06-08 04:55,Freshwater,5,524.917258
2023-06-08 04:55,Freshwater,15,42.992256
2023-06-08 04:55,Freshwater,30,318.65392
2023-06-08 04:55,Freshwater,50,772.85996
2023-06-08 05:00,Control,5,577.4804667
2023-06-08 05:00,Control,15,746.71278
2023-06-08 05:00,Control,30,736.2498933
2023-06-08 05:00,Control,50,785.9667583
2023-06-08 05:00,Saltwater,5,497.878946
2023-06-08 05:00,Saltwater,15,511.4494476
2023-06-08 05:00,Saltwater,30,645.70676
2023-06-08 05:00,Saltwater,50,695.66412
2023-06-08 05:00,Freshwater,5,525.34482
2023-06-08 05:00,Freshwater,15,42.717478
2023-06-08 05:00,Freshwater,30,318.55378
2023-06-08 05:00,Freshwater,50,772.86948
2023-06-08 05:05,Control,5,577.3929444
2023-06-08 05:05,Control,15,746.65478
2023-06-08 05:05,Control,30,736.3625533
2023-06-08 05:05,Control,50,785.9351583
2023-06-08 05:05,Saltwater,5,497.9519727
2023-06-08 05:05,Saltwater,15,511.278816
2023-06-08 05:05,Saltwater,30,645.57028
2023-06-08 05:05,Saltwater,50,695.52764
2023-06-08 05:05,Freshwater,5,526.0009493
2023-06-08 05:05,Freshwater,15,42.48393867
2023-06-08 05:05,Freshwater,30,318.85992
2023-06-08 05:05,Freshwater,50,772.63284
2023-06-08 05:10,Control,5,577.4360422
2023-06-08 05:10,Control,15,746.79284
2023-06-08 05:10,Control,30,736.6031533
2023-06-08 05:10,Control,50,786.0220583
2023-06-08 05:10,Saltwater,5,496.3529273
2023-06-08 05:10,Saltwater,15,510.6645934
2023-06-08 05:10,Saltwater,30,645.33142
2023-06-08 05:10,Saltwater,50,695.32288
2023-06-08 05:10,Freshwater,5,526.3844507
2023-06-08 05:10,Freshwater,15,46.43160333
2023-06-08 05:10,Freshwater,30,318.92792
2023-06-08 05:10,Freshwater,50,772.7009
2023-06-08 05:15,Control,5,577.37574
2023-06-08 05:15,Control,15,746.86134
2023-06-08 05:15,Control,30,736.6033133
2023-06-08 05:15,Control,50,786.0222083
2023-06-08 05:15,Saltwater,5,497.756794
2023-06-08 05:15,Saltwater,15,510.0162193
2023-06-08 05:15,Saltwater,30,644.99016
2023-06-08 05:15,Saltwater,50,695.25464
2023-06-08 05:15,Freshwater,5,533.258678
2023-06-08 05:15,Freshwater,15,63.398282
2023-06-08 05:15,Freshwater,30,318.68954
2023-06-08 05:15,Freshwater,50,772.59648
2023-06-08 05:20,Control,5,577.3133778
2023-06-08 05:20,Control,15,746.8703867
2023-06-08 05:20,Control,30,736.8055133
2023-06-08 05:20,Control,50,786.0617833
2023-06-08 05:20,Saltwater,5,497.6735907
2023-06-08 05:20,Saltwater,15,509.5480785
2023-06-08 05:20,Saltwater,30,644.8878
2023-06-08 05:20,Saltwater,50,695.01574
2023-06-08 05:20,Freshwater,5,539.1158613
2023-06-08 05:20,Freshwater,15,123.1237187
2023-06-08 05:20,Freshwater,30,319.13182
2023-06-08 05:20,Freshwater,50,772.1908
2023-06-08 05:25,Control,5,576.9812356
2023-06-08 05:25,Control,15,747.0215733
2023-06-08 05:25,Control,30,736.9447333
2023-06-08 05:25,Control,50,786.0217583
2023-06-08 05:25,Saltwater,5,498.0339593
2023-06-08 05:25,Saltwater,15,509.2846365
2023-06-08 05:25,Saltwater,30,644.61482
2023-06-08 05:25,Saltwater,50,694.94752
2023-06-08 05:25,Freshwater,5,541.6408987
2023-06-08 05:25,Freshwater,15,158.0367273
2023-06-08 05:25,Freshwater,30,319.16586
2023-06-08 05:25,Freshwater,50,771.54524
2023-06-08 05:30,Control,5,576.7387733
2023-06-08 05:30,Control,15,746.98302
2023-06-08 05:30,Control,30,737.0312133
2023-06-08 05:30,Control,50,786.0469333
2023-06-08 05:30,Saltwater,5,498.121364
2023-06-08 05:30,Saltwater,15,509.328353
2023-06-08 05:30,Saltwater,30,644.37594
2023-06-08 05:30,Saltwater,50,694.74278
2023-06-08 05:30,Freshwater,5,544.19978
2023-06-08 05:30,Freshwater,15,166.57312
2023-06-08 05:30,Freshwater,30,319.23384
2023-06-08 05:30,Freshwater,50,772.32702
2023-06-08 05:35,Control,5,576.9537933
2023-06-08 05:35,Control,15,747.13434
2023-06-08 05:35,Control,30,737.2164333
2023-06-08 05:35,Control,50,786.1907833
2023-06-08 05:35,Saltwater,5,497.9944293
2023-06-08 05:35,Saltwater,15,508.9284307
2023-06-08 05:35,Saltwater,30,644.0347
2023-06-08 05:35,Saltwater,50,694.74276
2023-06-08 05:35,Freshwater,5,546.203338
2023-06-08 05:35,Freshwater,15,168.1416847
2023-06-08 05:35,Freshwater,30,319.2380467
2023-06-08 05:35,Freshwater,50,772.1927267
2023-06-08 05:40,Control,5,577.2444533
2023-06-08 05:40,Control,15,747.07526
2023-06-08 05:40,Control,30,737.1920333
2023-06-08 05:40,Control,50,785.9931583
2023-06-08 05:40,Saltwater,5,498.2087827
2023-06-08 05:40,Saltwater,15,508.9721565
2023-06-08 05:40,Saltwater,30,644.00054
2023-06-08 05:40,Saltwater,50,694.70862
2023-06-08 05:40,Freshwater,5,547.598596
2023-06-08 05:40,Freshwater,15,183.1360573
2023-06-08 05:40,Freshwater,30,319.2773533
2023-06-08 05:40,Freshwater,50,772.0643333
2023-06-08 05:45,Control,5,577.3730533
2023-06-08 05:45,Control,15,747.26844
2023-06-08 05:45,Control,30,737.3854133
2023-06-08 05:45,Control,50,786.0231333
2023-06-08 05:45,Saltwater,5,497.365238
2023-06-08 05:45,Saltwater,15,508.3674788
2023-06-08 05:45,Saltwater,30,643.48872
2023-06-08 05:45,Saltwater,50,694.50388
2023-06-08 05:45,Freshwater,5,548.4449
2023-06-08 05:45,Freshwater,15,186.166256
2023-06-08 05:45,Freshwater,30,318.70318
2023-06-08 05:45,Freshwater,50,771.96138
2023-06-08 05:50,Control,5,577.0785689
2023-06-08 05:50,Control,15,747.36686
2023-06-08 05:50,Control,30,737.5180733
2023-06-08 05:50,Control,50,786.1468333
2023-06-08 05:50,Saltwater,5,498.0866367
2023-06-08 05:50,Saltwater,15,507.036652
2023-06-08 05:50,Saltwater,30,643.55698
2023-06-08 05:50,Saltwater,50,694.3674
2023-06-08 05:50,Freshwater,5,553.038648
2023-06-08 05:50,Freshwater,15,186.9194987
2023-06-08 05:50,Freshwater,30,319.21014
2023-06-08 05:50,Freshwater,50,771.94622
2023-06-08 05:55,Control,5,577.2276644
2023-06-08 05:55,Control,15,747.32738
2023-06-08 05:55,Control,30,737.4787333
2023-06-08 05:55,Control,50,786.0557583
2023-06-08 05:55,Saltwater,5,498.5350173
2023-06-08 05:55,Saltwater,15,507.4461254
2023-06-08 05:55,Saltwater,30,643.24984
2023-06-08 05:55,Saltwater,50,694.16266
2023-06-08 05:55,Freshwater,5,558.297256
2023-06-08 05:55,Freshwater,15,187.8413173
2023-06-08 05:55,Freshwater,30,319.51912
2023-06-08 05:55,Freshwater,50,771.58828
2023-06-08 06:00,Control,5,577.1589
2023-06-08 06:00,Control,15,747.37174
2023-06-08 06:00,Control,30,737.6944333
2023-06-08 06:00,Control,50,786.1155083
2023-06-08 06:00,Saltwater,5,498.335064
2023-06-08 06:00,Saltwater,15,507.6850202
2023-06-08 06:00,Saltwater,30,643.07924
2023-06-08 06:00,Saltwater,50,694.16266
2023-06-08 06:00,Freshwater,5,560.251972
2023-06-08 06:00,Freshwater,15,188.321752
2023-06-08 06:00,Freshwater,30,319.55404
2023-06-08 06:00,Freshwater,50,771.86492
2023-06-08 06:05,Control,5,576.77498
2023-06-08 06:05,Control,15,747.4745667
2023-06-08 06:05,Control,30,737.7513333
2023-06-08 06:05,Control,50,786.0602333
2023-06-08 06:05,Saltwater,5,498.315296
2023-06-08 06:05,Saltwater,15,507.3144275
2023-06-08 06:05,Saltwater,30,642.7086667
2023-06-08 06:05,Saltwater,50,693.8603267
2023-06-08 06:05,Freshwater,5,561.7867273
2023-06-08 06:05,Freshwater,15,188.627996
2023-06-08 06:05,Freshwater,30,319.62066
2023-06-08 06:05,Freshwater,50,771.61998
2023-06-08 06:10,Control,5,576.97974
2023-06-08 06:10,Control,15,747.5202933
2023-06-08 06:10,Control,30,737.8534333
2023-06-08 06:10,Control,50,786.1025083
2023-06-08 06:10,Saltwater,5,498.261416
2023-06-08 06:10,Saltwater,15,507.4898457
2023-06-08 06:10,Saltwater,30,642.5087133
2023-06-08 06:10,Saltwater,50,693.7968733
2023-06-08 06:10,Freshwater,5,562.4804047
2023-06-08 06:10,Freshwater,15,187.91388
2023-06-08 06:10,Freshwater,30,319.7579
2023-06-08 06:10,Freshwater,50,771.2869
2023-06-08 06:15,Control,5,577.07826
2023-06-08 06:15,Control,15,747.5605
2023-06-08 06:15,Control,30,738.0184733
2023-06-08 06:15,Control,50,786.0107333
2023-06-08 06:15,Saltwater,5,498.3099
2023-06-08 06:15,Saltwater,15,507.2216248
2023-06-08 06:15,Saltwater,30,642.3429
2023-06-08 06:15,Saltwater,50,693.76754
2023-06-08 06:15,Freshwater,5,563.340226
2023-06-08 06:15,Freshwater,15,188.729646
2023-06-08 06:15,Freshwater,30,319.55414
2023-06-08 06:15,Freshwater,50,771.5596
2023-06-08 06:20,Control,5,576.87266
2023-06-08 06:20,Control,15,747.5939
2023-06-08 06:20,Control,30,738.0860733
2023-06-08 06:20,Control,50,786.0952833
2023-06-08 06:20,Saltwater,5,498.3488027
2023-06-08 06:20,Saltwater,15,507.5041845
2023-06-08 06:20,Saltwater,30,642.2453067
2023-06-08 06:20,Saltwater,50,693.5334467
2023-06-08 06:20,Freshwater,5,563.87373
2023-06-08 06:20,Freshwater,15,188.6379193
2023-06-08 06:20,Freshwater,30,319.6577267
2023-06-08 06:20,Freshwater,50,771.3100467
2023-06-08 06:25,Control,5,577.0435
2023-06-08 06:25,Control,15,747.7306
2023-06-08 06:25,Control,30,738.2911133
2023-06-08 06:25,Control,50,786.0953083
2023-06-08 06:25,Saltwater,5,498.1488533
2023-06-08 06:25,Saltwater,15,506.7630347
2023-06-08 06:25,Saltwater,30,641.8746933
2023-06-08 06:25,Saltwater,50,693.2311133
2023-06-08 06:25,Freshwater,5,564.009458
2023-06-08 06:25,Freshwater,15,188.3075817
2023-06-08 06:25,Freshwater,30,320.0023333
2023-06-08 06:25,Freshwater,50,771.3824333
2023-06-08 06:30,Control,5,577.3511
2023-06-08 06:30,Control,15,747.79896
2023-06-08 06:30,Control,30,738.3253133
2023-06-08 06:30,Control,50,786.0953083
2023-06-08 06:30,Saltwater,5,498.392512
2023-06-08 06:30,Saltwater,15,506.6702648
2023-06-08 06:30,Saltwater,30,641.81128
2023-06-08 06:30,Saltwater,50,693.27004
2023-06-08 06:30,Freshwater,5,563.984696
2023-06-08 06:30,Freshwater,15,188.2146006
2023-06-08 06:30,Freshwater,30,319.60206
2023-06-08 06:30,Freshwater,50,771.33384
2023-06-08 06:35,Control,5,576.9147978
2023-06-08 06:35,Control,15,747.83314
2023-06-08 06:35,Control,30,738.4961933
2023-06-08 06:35,Control,50,786.0525833
2023-06-08 06:35,Saltwater,5,498.5044553
2023-06-08 06:35,Saltwater,15,506.465497
2023-06-08 06:35,Saltwater,30,641.7136667
2023-06-08 06:35,Saltwater,50,693.1724667
2023-06-08 06:35,Freshwater,5,565.03753
2023-06-08 06:35,Freshwater,15,188.1184185
2023-06-08 06:35,Freshwater,30,320.03928
2023-06-08 06:35,Freshwater,50,770.90196
2023-06-08 06:40,Control,5,576.4038956
2023-06-08 06:40,Control,15,747.82398
2023-06-08 06:40,Control,30,738.6238933
2023-06-08 06:40,Control,50,786.0427833
2023-06-08 06:40,Saltwater,5,498.2751607
2023-06-08 06:40,Saltwater,15,506.3289886
2023-06-08 06:40,Saltwater,30,641.2748333
2023-06-08 06:40,Saltwater,50,693.0748733
2023-06-08 06:40,Freshwater,5,567.332716
2023-06-08 06:40,Freshwater,15,191.0460433
2023-06-08 06:40,Freshwater,30,320.17632
2023-06-08 06:40,Freshwater,50,769.88792
2023-06-08 06:45,Control,5,576.1779933
2023-06-08 06:45,Control,15,748.00268
2023-06-08 06:45,Control,30,738.5974133
2023-06-08 06:45,Control,50,786.1793333
2023-06-08 06:45,Saltwater,5,498.489474
2023-06-08 06:45,Saltwater,15,506.1583816
2023-06-08 06:45,Saltwater,30,641.10902
2023-06-08 06:45,Saltwater,50,692.84078
2023-06-08 06:45,Freshwater,5,567.188538
2023-06-08 06:45,Freshwater,15,203.3886658
2023-06-08 06:45,Freshwater,30,320.07784
2023-06-08 06:45,Freshwater,50,770.99346
2023-06-08 06:50,Control,5,572.6926933
2023-06-08 06:50,Control,15,748.00372
2023-06-08 06:50,Control,30,738.7693133
2023-06-08 06:50,Control,50,786.2231833
2023-06-08 06:50,Saltwater,5,498.5331633
2023-06-08 06:50,Saltwater,15,505.9290871
2023-06-08 06:50,Saltwater,30,641.07488
2023-06-08 06:50,Saltwater,50,692.77254
2023-06-08 06:50,Freshwater,5,567.3225487
2023-06-08 06:50,Freshwater,15,220.6215922
2023-06-08 06:50,Freshwater,30,320.2457
2023-06-08 06:50,Freshwater,50,770.84686
2023-06-08 06:55,Control,5,573.5813333
2023-06-08 06:55,Control,15,748.03796
2023-06-08 06:55,Control,30,738.9744933
2023-06-08 06:55,Control,50,786.1805583
2023-06-08 06:55,Saltwater,5,498.4403727
2023-06-08 06:55,Saltwater,15,505.3926779
2023-06-08 06:55,Saltwater,30,640.87016
2023-06-08 06:55,Saltwater,50,692.63604
2023-06-08 06:55,Freshwater,5,567.6065993
2023-06-08 06:55,Freshwater,15,225.7883204
2023-06-08 06:55,Freshwater,30,320.38392
2023-06-08 06:55,Freshwater,50,770.65448
2023-06-08 07:00,Control,5,574.0919933
2023-06-08 07:00,Control,15,748.06922
2023-06-08 07:00,Control,30,739.0399133
2023-06-08 07:00,Control,50,786.1346833
2023-06-08 07:00,Saltwater,5,498.38169
2023-06-08 07:00,Saltwater,15,505.2316274
2023-06-08 07:00,Saltwater,30,640.56302
2023-06-08 07:00,Saltwater,50,692.49954
2023-06-08 07:00,Freshwater,5,567.575906
2023-06-08 07:00,Freshwater,15,231.4986226
2023-06-08 07:00,Freshwater,30,319.6357
2023-06-08 07:00,Freshwater,50,770.61814
2023-06-08 07:05,Control,5,574.3347911
2023-06-08 07:05,Control,15,748.0627
2023-06-08 07:05,Control,30,739.1360333
2023-06-08 07:05,Control,50,786.1704083
2023-06-08 07:05,Saltwater,5,497.9476733
2023-06-08 07:05,Saltwater,15,505.0316947
2023-06-08 07:05,Saltwater,30,640.11942
2023-06-08 07:05,Saltwater,50,692.1583
2023-06-08 07:05,Freshwater,5,568.0929067
2023-06-08 07:05,Freshwater,15,240.7489509
2023-06-08 07:05,Freshwater,30,320.0830467
2023-06-08 07:05,Freshwater,50,770.5926467
2023-06-08 07:10,Control,5,575.0572889
2023-06-08 07:10,Control,15,748.05804
2023-06-08 07:10,Control,30,739.2339933
2023-06-08 07:10,Control,50,786.1653833
2023-06-08 07:10,Saltwater,5,498.7762027
2023-06-08 07:10,Saltwater,15,504.9340953
2023-06-08 07:10,Saltwater,30,640.56304
2023-06-08 07:10,Saltwater,50,692.4313
2023-06-08 07:10,Freshwater,5,568.0299233
2023-06-08 07:10,Freshwater,15,241.9774099
2023-06-08 07:10,Freshwater,30,320.4277933
2023-06-08 07:10,Freshwater,50,770.2578733
2023-06-08 07:15,Control,5,575.1014467
2023-06-08 07:15,Control,15,748.1977
2023-06-08 07:15,Control,30,739.4077133
2023-06-08 07:15,Control,50,786.2540083
2023-06-08 07:15,Saltwater,5,496.977198
2023-06-08 07:15,Saltwater,15,504.25643
2023-06-08 07:15,Saltwater,30,639.98294
2023-06-08 07:15,Saltwater,50,692.09004
2023-06-08 07:15,Freshwater,5,567.996866
2023-06-08 07:15,Freshwater,15,250.0035258
2023-06-08 07:15,Freshwater,30,320.36342
2023-06-08 07:15,Freshwater,50,770.32462
2023-06-08 07:20,Control,5,575.7344022
2023-06-08 07:20,Control,15,748.2687
2023-06-08 07:20,Control,30,739.4445933
2023-06-08 07:20,Control,50,786.2568833
2023-06-08 07:20,Saltwater,5,498.3517393
2023-06-08 07:20,Saltwater,15,503.7882533
2023-06-08 07:20,Saltwater,30,639.84644
2023-06-08 07:20,Saltwater,50,692.05592
2023-06-08 07:20,Freshwater,5,568.449294
2023-06-08 07:20,Freshwater,15,256.2289285
2023-06-08 07:20,Freshwater,30,320.46644
2023-06-08 07:20,Freshwater,50,770.1939
2023-06-08 07:25,Control,5,575.2703378
2023-06-08 07:25,Control,15,748.3006
2023-06-08 07:25,Control,30,739.6131733
2023-06-08 07:25,Control,50,786.2544583
2023-06-08 07:25,Saltwater,5,497.8153527
2023-06-08 07:25,Saltwater,15,503.1835867
2023-06-08 07:25,Saltwater,30,639.57344
2023-06-08 07:25,Saltwater,50,691.81706
2023-06-08 07:25,Freshwater,5,568.456962
2023-06-08 07:25,Freshwater,15,259.9387385
2023-06-08 07:25,Freshwater,30,320.56856
2023-06-08 07:25,Freshwater,50,769.71884
2023-06-08 07:30,Control,5,574.9732733
2023-06-08 07:30,Control,15,748.42928
2023-06-08 07:30,Control,30,739.7078333
2023-06-08 07:30,Control,50,786.3739583
2023-06-08 07:30,Saltwater,5,497.688418
2023-06-08 07:30,Saltwater,15,502.715428
2023-06-08 07:30,Saltwater,30,639.30044
2023-06-08 07:30,Saltwater,50,691.64646
2023-06-08 07:30,Freshwater,5,568.251662
2023-06-08 07:30,Freshwater,15,265.006814
2023-06-08 07:30,Freshwater,30,320.43
2023-06-08 07:30,Freshwater,50,770.01138
2023-06-08 07:35,Control,5,574.5368933
2023-06-08 07:35,Control,15,748.47514
2023-06-08 07:35,Control,30,739.8901933
2023-06-08 07:35,Control,50,786.3437833
2023-06-08 07:35,Saltwater,5,498.8192907
2023-06-08 07:35,Saltwater,15,502.7543287
2023-06-08 07:35,Saltwater,30,638.44736
2023-06-08 07:35,Saltwater,50,691.61234
2023-06-08 07:35,Freshwater,5,568.776148
2023-06-08 07:35,Freshwater,15,268.2126115
2023-06-08 07:35,Freshwater,30,320.39828
2023-06-08 07:35,Freshwater,50,769.7851
2023-06-08 07:40,Control,5,574.1208933
2023-06-08 07:40,Control,15,748.60308
2023-06-08 07:40,Control,30,739.9499733
2023-06-08 07:40,Control,50,786.3344083
2023-06-08 07:40,Saltwater,5,497.9368273
2023-06-08 07:40,Saltwater,15,500.7116813
2023-06-08 07:40,Saltwater,30,638.5156
2023-06-08 07:40,Saltwater,50,691.16872
2023-06-08 07:40,Freshwater,5,568.64836
2023-06-08 07:40,Freshwater,15,270.6016781
2023-06-08 07:40,Freshwater,30,320.56854
2023-06-08 07:40,Freshwater,50,769.6167
2023-06-08 07:45,Control,5,574.3352733
2023-06-08 07:45,Control,15,748.5486
2023-06-08 07:45,Control,30,740.1002533
2023-06-08 07:45,Control,50,786.2637833
2023-06-08 07:45,Saltwater,5,496.57668
2023-06-08 07:45,Saltwater,15,502.559172
2023-06-08 07:45,Saltwater,30,638.58384
2023-06-08 07:45,Saltwater,50,690.79334
2023-06-08 07:45,Freshwater,5,568.553656
2023-06-08 07:45,Freshwater,15,272.6846908
2023-06-08 07:45,Freshwater,30,320.26264
2023-06-08 07:45,Freshwater,50,769.61686
2023-06-08 07:50,Control,5,574.9796933
2023-06-08 07:50,Control,15,748.6899667
2023-06-08 07:50,Control,30,740.2639733
2023-06-08 07:50,Control,50,786.3414333
2023-06-08 07:50,Saltwater,5,497.3370113
2023-06-08 07:50,Saltwater,15,500.6871407
2023-06-08 07:50,Saltwater,30,637.56012
2023-06-08 07:50,Saltwater,50,691.06634
2023-06-08 07:50,Freshwater,5,569.2382507
2023-06-08 07:50,Freshwater,15,274.7241422
2023-06-08 07:50,Freshwater,30,320.7385
2023-06-08 07:50,Freshwater,50,769.141
2023-06-08 07:55,Control,5,575.1521533
2023-06-08 07:55,Control,15,748.8067933
2023-06-08 07:55,Control,30,740.3004333
2023-06-08 07:55,Control,50,786.3866583
2023-06-08 07:55,Saltwater,5,498.3702667
2023-06-08 07:55,Saltwater,15,501.1355393
2023-06-08 07:55,Saltwater,30,637.38954
2023-06-08 07:55,Saltwater,50,691.23698
2023-06-08 07:55,Freshwater,5,569.1070873
2023-06-08 07:55,Freshwater,15,276.5596044
2023-06-08 07:55,Freshwater,30,320.70454
2023-06-08 07:55,Freshwater,50,768.69912
2023-06-08 08:00,Control,5,574.9854333
2023-06-08 08:00,Control,15,748.85908
2023-06-08 08:00,Control,30,740.4773533
2023-06-08 08:00,Control,50,786.5213583
2023-06-08 08:00,Saltwater,5,497.833866
2023-06-08 08:00,Saltwater,15,500.901464
2023-06-08 08:00,Saltwater,30,638.00376
2023-06-08 08:00,Saltwater,50,690.5545
2023-06-08 08:00,Freshwater,5,569.111884
2023-06-08 08:00,Freshwater,15,278.3951004
2023-06-08 08:00,Freshwater,30,320.73852
2023-06-08 08:00,Freshwater,50,769.31094
2023-06-08 08:05,Control,5,574.2962533
2023-06-08 08:05,Control,15,748.95328
2023-06-08 08:05,Control,30,740.5033533
2023-06-08 08:05,Control,50,786.5124583
2023-06-08 08:05,Saltwater,5,498.250512
2023-06-08 08:05,Saltwater,15,500.423728
2023-06-08 08:05,Saltwater,30,637.56012
2023-06-08 08:05,Saltwater,50,690.89574
2023-06-08 08:05,Freshwater,5,569.42776
2023-06-08 08:05,Freshwater,15,279.3120126
2023-06-08 08:05,Freshwater,30,320.83916
2023-06-08 08:05,Freshwater,50,769.13416
2023-06-08 08:10,Control,5,574.1258733
2023-06-08 08:10,Control,15,748.8856
2023-06-08 08:10,Control,30,740.7090533
2023-06-08 08:10,Control,50,786.4277833
2023-06-08 08:10,Saltwater,5,498.360072
2023-06-08 08:10,Saltwater,15,500.218994
2023-06-08 08:10,Saltwater,30,637.6284
2023-06-08 08:10,Saltwater,50,690.5204
2023-06-08 08:10,Freshwater,5,569.407674
2023-06-08 08:10,Freshwater,15,280.875441
2023-06-08 08:10,Freshwater,30,320.87302
2023-06-08 08:10,Freshwater,50,769.0655
2023-06-08 08:15,Control,5,574.3018133
2023-06-08 08:15,Control,15,749.09816
2023-06-08 08:15,Control,30,740.8531533
2023-06-08 08:15,Control,50,786.4785083
2023-06-08 08:15,Saltwater,5,498.333144
2023-06-08 08:15,Saltwater,15,500.048354
2023-06-08 08:15,Saltwater,30,637.45776
2023-06-08 08:15,Saltwater,50,690.62276
2023-06-08 08:15,Freshwater,5,569.65441
2023-06-08 08:15,Freshwater,15,282.4378808
2023-06-08 08:15,Freshwater,30,320.32748
2023-06-08 08:15,Freshwater,50,769.09084
2023-06-08 08:20,Control,5,574.2920733
2023-06-08 08:20,Control,15,749.08376
2023-06-08 08:20,Control,30,740.9415133
2023-06-08 08:20,Control,50,786.5058083
2023-06-08 08:20,Saltwater,5,498.3109907
2023-06-08 08:20,Saltwater,15,499.789722
2023-06-08 08:20,Saltwater,30,637.2577867
2023-06-08 08:20,Saltwater,50,690.2862867
2023-06-08 08:20,Freshwater,5,569.801808
2023-06-08 08:20,Freshwater,15,284.1423455
2023-06-08 08:20,Freshwater,30,320.79648
2023-06-08 08:20,Freshwater,50,768.7159
2023-06-08 08:25,Control,5,573.8043533
2023-06-08 08:25,Control,15,749.1725
2023-06-08 08:25,Control,30,740.9621333
2023-06-08 08:25,Control,50,786.4910833
2023-06-08 08:25,Saltwater,5,497.6063293
2023-06-08 08:25,Saltwater,15,499.599364
2023-06-08 08:25,Saltwater,30,637.1943333
2023-06-08 08:25,Saltwater,50,690.0863133
2023-06-08 08:25,Freshwater,5,569.52304
2023-06-08 08:25,Freshwater,15,286.7335283
2023-06-08 08:25,Freshwater,30,320.86238
2023-06-08 08:25,Freshwater,50,768.39932
2023-06-08 08:30,Control,5,574.2550733
2023-06-08 08:30,Control,15,749.1479
2023-06-08 08:30,Control,30,741.1765933
2023-06-08 08:30,Control,50,786.5440083
2023-06-08 08:30,Saltwater,5,497.925424
2023-06-08 08:30,Saltwater,15,499.170088
2023-06-08 08:30,Saltwater,30,636.78964
2023-06-08 08:30,Saltwater,50,689.9205
2023-06-08 08:30,Freshwater,5,569.97147
2023-06-08 08:30,Freshwater,15,288.6477774
2023-06-08 08:30,Freshwater,30,321.47616
2023-06-08 08:30,Freshwater,50,768.8514
2023-06-08 08:35,Control,5,573.8497511
2023-06-08 08:35,Control,15,749.24568
2023-06-08 08:35,Control,30,741.1377533
2023-06-08 08:35,Control,50,786.4962333
2023-06-08 08:35,Saltwater,5,498.2032107
2023-06-08 08:35,Saltwater,15,499.033616
2023-06-08 08:35,Saltwater,30,636.9015733
2023-06-08 08:35,Saltwater,50,690.1689333
2023-06-08 08:35,Freshwater,5,569.9759473
2023-06-08 08:35,Freshwater,15,288.9913401
2023-06-08 08:35,Freshwater,30,320.8336267
2023-06-08 08:35,Freshwater,50,768.0325667
2023-06-08 08:40,Control,5,573.6796089
2023-06-08 08:40,Control,15,749.23488
2023-06-08 08:40,Control,30,741.3321533
2023-06-08 08:40,Control,50,786.6128333
2023-06-08 08:40,Saltwater,5,498.1397293
2023-06-08 08:40,Saltwater,15,498.69234
2023-06-08 08:40,Saltwater,30,636.7746667
2023-06-08 08:40,Saltwater,50,689.8372667
2023-06-08 08:40,Freshwater,5,569.6621047
2023-06-08 08:40,Freshwater,15,290.9974643
2023-06-08 08:40,Freshwater,30,320.9350333
2023-06-08 08:40,Freshwater,50,768.4179933
2023-06-08 08:45,Control,5,573.2449267
2023-06-08 08:45,Control,15,749.33982
2023-06-08 08:45,Control,30,741.4028933
2023-06-08 08:45,Control,50,786.6154333
2023-06-08 08:45,Saltwater,5,498.008034
2023-06-08 08:45,Saltwater,15,498.351098
2023-06-08 08:45,Saltwater,30,636.68184
2023-06-08 08:45,Saltwater,50,689.81272
2023-06-08 08:45,Freshwater,5,569.939198
2023-06-08 08:45,Freshwater,15,292.3266728
2023-06-08 08:45,Freshwater,30,320.87056
2023-06-08 08:45,Freshwater,50,768.34808
2023-06-08 08:50,Control,5,573.0780222
2023-06-08 08:50,Control,15,749.4587
2023-06-08 08:50,Control,30,741.5219933
2023-06-08 08:50,Control,50,786.6390833
2023-06-08 08:50,Saltwater,5,498.0819493
2023-06-08 08:50,Saltwater,15,497.835372
2023-06-08 08:50,Saltwater,30,636.67606
2023-06-08 08:50,Saltwater,50,689.56732
2023-06-08 08:50,Freshwater,5,569.9182753
2023-06-08 08:50,Freshwater,15,293.8955649
2023-06-08 08:50,Freshwater,30,321.1482667
2023-06-08 08:50,Freshwater,50,768.1543667
2023-06-08 08:55,Control,5,573.1150178
2023-06-08 08:55,Control,15,749.54162
2023-06-08 08:55,Control,30,741.6052333
2023-06-08 08:55,Control,50,786.5327083
2023-06-08 08:55,Saltwater,5,497.8560507
2023-06-08 08:55,Saltwater,15,497.122176
2023-06-08 08:55,Saltwater,30,636.30576
2023-06-08 08:55,Saltwater,50,689.19764
2023-06-08 08:55,Freshwater,5,569.2445647
2023-06-08 08:55,Freshwater,15,296.4144009
2023-06-08 08:55,Freshwater,30,320.8460933
2023-06-08 08:55,Freshwater,50,768.0855733
2023-06-08 09:00,Control,5,572.8886533
2023-06-08 09:00,Control,15,749.4003
2023-06-08 09:00,Control,30,741.6690333
2023-06-08 09:00,Control,50,786.6132083
2023-06-08 09:00,Saltwater,5,499.50277
2023-06-08 09:00,Saltwater,15,498.3157
2023-06-08 09:00,Saltwater,30,635.96334
2023-06-08 09:00,Saltwater,50,688.61622
2023-06-08 09:00,Freshwater,5,569.7294
2023-06-08 09:00,Freshwater,15,298.3562062
2023-06-08 09:00,Freshwater,30,320.85072
2023-06-08 09:00,Freshwater,50,768.15754
2023-06-08 09:05,Control,5,572.4417133
2023-06-08 09:05,Control,15,749.5791067
2023-06-08 09:05,Control,30,741.9042933
2023-06-08 09:05,Control,50,786.6089083
2023-06-08 09:05,Saltwater,5,496.5959217
2023-06-08 09:05,Saltwater,15,495.5501513
2023-06-08 09:05,Saltwater,30,636.18562
2023-06-08 09:05,Saltwater,50,689.28006
2023-06-08 09:05,Freshwater,5,570.3168387
2023-06-08 09:05,Freshwater,15,299.9207064
2023-06-08 09:05,Freshwater,30,321.5754933
2023-06-08 09:05,Freshwater,50,767.6988933
2023-06-08 09:10,Control,5,572.3939933
2023-06-08 09:10,Control,15,749.5708333
2023-06-08 09:10,Control,30,741.9526733
2023-06-08 09:10,Control,50,786.7154083
2023-06-08 09:10,Saltwater,5,497.6668193
2023-06-08 09:10,Saltwater,15,497.3765307
2023-06-08 09:10,Saltwater,30,636.02734
2023-06-08 09:10,Saltwater,50,689.19158
2023-06-08 09:10,Freshwater,5,569.9435193
2023-06-08 09:10,Freshwater,15,300.7352736
2023-06-08 09:10,Freshwater,30,321.0739867
2023-06-08 09:10,Freshwater,50,767.9058067
2023-06-08 09:15,Control,5,572.4809933
2023-06-08 09:15,Control,15,749.73052
2023-06-08 09:15,Control,30,741.8957133
2023-06-08 09:15,Control,50,786.6052833
2023-06-08 09:15,Saltwater,5,497.663642
2023-06-08 09:15,Saltwater,15,496.422724
2023-06-08 09:15,Saltwater,30,635.9473
2023-06-08 09:15,Saltwater,50,688.93946
2023-06-08 09:15,Freshwater,5,569.709792
2023-06-08 09:15,Freshwater,15,299.1038472
2023-06-08 09:15,Freshwater,30,321.28726
2023-06-08 09:15,Freshwater,50,767.7105
2023-06-08 09:20,Control,5,572.4814311
2023-06-08 09:20,Control,15,749.75346
2023-06-08 09:20,Control,30,742.0554333
2023-06-08 09:20,Control,50,786.6359583
2023-06-08 09:20,Saltwater,5,497.2012647
2023-06-08 09:20,Saltwater,15,496.3943453
2023-06-08 09:20,Saltwater,30,636.14634
2023-06-08 09:20,Saltwater,50,688.1482
2023-06-08 09:20,Freshwater,5,569.879688
2023-06-08 09:20,Freshwater,15,297.5453339
2023-06-08 09:20,Freshwater,30,321.32126
2023-06-08 09:20,Freshwater,50,767.64252
2023-06-08 09:25,Control,5,572.0739689
2023-06-08 09:25,Control,15,749.7795
2023-06-08 09:25,Control,30,742.1841333
2023-06-08 09:25,Control,50,786.7554333
2023-06-08 09:25,Saltwater,5,498.2285633
2023-06-08 09:25,Saltwater,15,495.6720427
2023-06-08 09:25,Saltwater,30,635.23634
2023-06-08 09:25,Saltwater,50,687.95194
2023-06-08 09:25,Freshwater,5,569.980346
2023-06-08 09:25,Freshwater,15,296.1224635
2023-06-08 09:25,Freshwater,30,320.67514
2023-06-08 09:25,Freshwater,50,767.67444
2023-06-08 09:30,Control,5,571.7045267
2023-06-08 09:30,Control,15,749.81128
2023-06-08 09:30,Control,30,742.2159333
2023-06-08 09:30,Control,50,786.6674583
2023-06-08 09:30,Saltwater,5,496.613054
2023-06-08 09:30,Saltwater,15,497.049486
2023-06-08 09:30,Saltwater,30,635.3433
2023-06-08 09:30,Saltwater,50,688.94658
2023-06-08 09:30,Freshwater,5,570.15009
2023-06-08 09:30,Freshwater,15,294.7338744
2023-06-08 09:30,Freshwater,30,321.2868
2023-06-08 09:30,Freshwater,50,767.4703
2023-06-08 09:35,Control,5,571.6538867
2023-06-08 09:35,Control,15,749.8669667
2023-06-08 09:35,Control,30,742.2600333
2023-06-08 09:35,Control,50,786.7693083
2023-06-08 09:35,Saltwater,5,496.3388375
2023-06-08 09:35,Saltwater,15,494.8986927
2023-06-08 09:35,Saltwater,30,634.95904
2023-06-08 09:35,Saltwater,50,689.68714
2023-06-08 09:35,Freshwater,5,569.9713673
2023-06-08 09:35,Freshwater,15,293.6466172
2023-06-08 09:35,Freshwater,30,321.35516
2023-06-08 09:35,Freshwater,50,767.20032
2023-06-08 09:40,Control,5,571.2727067
2023-06-08 09:40,Control,15,749.9392533
2023-06-08 09:40,Control,30,742.3545933
2023-06-08 09:40,Control,50,786.6752333
2023-06-08 09:40,Saltwater,5,497.1267633
2023-06-08 09:40,Saltwater,15,494.7995173
2023-06-08 09:40,Saltwater,30,635.9802
2023-06-08 09:40,Saltwater,50,687.53488
2023-06-08 09:40,Freshwater,5,569.8594727
2023-06-08 09:40,Freshwater,15,292.8310234
2023-06-08 09:40,Freshwater,30,321.21928
2023-06-08 09:40,Freshwater,50,767.33646
2023-06-08 09:45,Control,5,571.8837867
2023-06-08 09:45,Control,15,750.08202
2023-06-08 09:45,Control,30,742.4854933
2023-06-08 09:45,Control,50,786.6690583
2023-06-08 09:45,Saltwater,5,497.340162
2023-06-08 09:45,Saltwater,15,493.921032
2023-06-08 09:45,Saltwater,30,635.09882
2023-06-08 09:45,Saltwater,50,688.59906
2023-06-08 09:45,Freshwater,5,569.948908
2023-06-08 09:45,Freshwater,15,290.7234184
2023-06-08 09:45,Freshwater,30,321.32048
2023-06-08 09:45,Freshwater,50,766.75484
2023-06-08 09:50,Control,5,571.6099867
2023-06-08 09:50,Control,15,750.08132
2023-06-08 09:50,Control,30,742.5690289
2023-06-08 09:50,Control,50,786.6842139
2023-06-08 09:50,Saltwater,5,497.291588
2023-06-08 09:50,Saltwater,15,494.759704
2023-06-08 09:50,Saltwater,30,634.8434067
2023-06-08 09:50,Saltwater,50,688.3750467
2023-06-08 09:50,Freshwater,5,569.812046
2023-06-08 09:50,Freshwater,15,291.1018299
2023-06-08 09:50,Freshwater,30,321.18426
2023-06-08 09:50,Freshwater,50,767.05936
2023-06-08 09:55,Control,5,571.5416467
2023-06-08 09:55,Control,15,750.14964
2023-06-08 09:55,Control,30,742.7216444
2023-06-08 09:55,Control,50,786.7855944
2023-06-08 09:55,Saltwater,5,496.791784
2023-06-08 09:55,Saltwater,15,495.112786
2023-06-08 09:55,Saltwater,30,635.1388933
2023-06-08 09:55,Saltwater,50,688.1950933
2023-06-08 09:55,Freshwater,5,569.951082
2023-06-08 09:55,Freshwater,15,291.4131775
2023-06-08 09:55,Freshwater,30,320.9133
2023-06-08 09:55,Freshwater,50,766.8602
2023-06-08 10:00,Control,5,571.2683267
2023-06-08 10:00,Control,15,750.11548
2023-06-08 10:00,Control,30,742.84012
2023-06-08 10:00,Control,50,786.75885
2023-06-08 10:00,Saltwater,5,496.61202
2023-06-08 10:00,Saltwater,15,493.704822
2023-06-08 10:00,Saltwater,30,635.40302
2023-06-08 10:00,Saltwater,50,687.97984
2023-06-08 10:00,Freshwater,5,569.713478
2023-06-08 10:00,Freshwater,15,291.2820646
2023-06-08 10:00,Freshwater,30,321.42318
2023-06-08 10:00,Freshwater,50,766.7927
2023-06-08 10:05,Control,5,570.4563244
2023-06-08 10:05,Control,15,750.2521
2023-06-08 10:05,Control,30,742.9426
2023-06-08 10:05,Control,50,786.80155
2023-06-08 10:05,Saltwater,5,496.1919713
2023-06-08 10:05,Saltwater,15,491.8056987
2023-06-08 10:05,Saltwater,30,635.70942
2023-06-08 10:05,Saltwater,50,687.97914
2023-06-08 10:05,Freshwater,5,568.791062
2023-06-08 10:05,Freshwater,15,291.1206569
2023-06-08 10:05,Freshwater,30,320.64006
2023-06-08 10:05,Freshwater,50,766.5133
2023-06-08 10:10,Control,5,571.0109622
2023-06-08 10:10,Control,15,750.42296
2023-06-08 10:10,Control,30,743.07928
2023-06-08 10:10,Control,50,786.75885
2023-06-08 10:10,Saltwater,5,496.3845335
2023-06-08 10:10,Saltwater,15,489.9051293
2023-06-08 10:10,Saltwater,30,635.87714
2023-06-08 10:10,Saltwater,50,687.8735
2023-06-08 10:10,Freshwater,5,569.460424
2023-06-08 10:10,Freshwater,15,290.9919989
2023-06-08 10:10,Freshwater,30,321.31658
2023-06-08 10:10,Freshwater,50,766.53128
2023-06-08 10:15,Control,5,570.84814
2023-06-08 10:15,Control,15,750.3546
2023-06-08 10:15,Control,30,743.11342
2023-06-08 10:15,Control,50,786.80155
2023-06-08 10:15,Saltwater,5,496.0731306
2023-06-08 10:15,Saltwater,15,492.277036
2023-06-08 10:15,Saltwater,30,635.95406
2023-06-08 10:15,Saltwater,50,687.7127
2023-06-08 10:15,Freshwater,5,569.42478
2023-06-08 10:15,Freshwater,15,290.6953452
2023-06-08 10:15,Freshwater,30,321.14616
2023-06-08 10:15,Freshwater,50,765.78114
2023-06-08 10:20,Control,5,571.3082156
2023-06-08 10:20,Control,15,750.38878
2023-06-08 10:20,Control,30,743.2159
2023-06-08 10:20,Control,50,786.88695
2023-06-08 10:20,Saltwater,5,496.0778802
2023-06-08 10:20,Saltwater,15,492.80066
2023-06-08 10:20,Saltwater,30,635.8342533
2023-06-08 10:20,Saltwater,50,687.4231533
2023-06-08 10:20,Freshwater,5,569.638442
2023-06-08 10:20,Freshwater,15,291.4807375
2023-06-08 10:20,Freshwater,30,321.31468
2023-06-08 10:20,Freshwater,50,766.5896
2023-06-08 10:25,Control,5,571.3583111
2023-06-08 10:25,Control,15,750.4571
2023-06-08 10:25,Control,30,743.38676
2023-06-08 10:25,Control,50,786.88695
2023-06-08 10:25,Saltwater,5,496.653728
2023-06-08 10:25,Saltwater,15,494.236718
2023-06-08 10:25,Saltwater,30,636.7588067
2023-06-08 10:25,Saltwater,50,687.6986867
2023-06-08 10:25,Freshwater,5,569.233408
2023-06-08 10:25,Freshwater,15,291.2790537
2023-06-08 10:25,Freshwater,30,321.20922
2023-06-08 10:25,Freshwater,50,766.40172
2023-06-08 10:30,Control,5,571.6817667
2023-06-08 10:30,Control,15,750.42294
2023-06-08 10:30,Control,30,743.4209
2023-06-08 10:30,Control,50,786.88695
2023-06-08 10:30,Saltwater,5,495.9937482
2023-06-08 10:30,Saltwater,15,493.92521
2023-06-08 10:30,Saltwater,30,636.1026
2023-06-08 10:30,Saltwater,50,687.38158
2023-06-08 10:30,Freshwater,5,569.011708
2023-06-08 10:30,Freshwater,15,291.1822556
2023-06-08 10:30,Freshwater,30,321.37968
2023-06-08 10:30,Freshwater,50,766.33648
2023-06-08 10:35,Control,5,571.1009667
2023-06-08 10:35,Control,15,750.5596
2023-06-08 10:35,Control,30,743.5313978
2023-06-08 10:35,Control,50,786.9803278
2023-06-08 10:35,Saltwater,5,495.7982483
2023-06-08 10:35,Saltwater,15,494.231888
2023-06-08 10:35,Saltwater,30,635.9997
2023-06-08 10:35,Saltwater,50,687.27854
2023-06-08 10:35,Freshwater,5,569.0572373
2023-06-08 10:35,Freshwater,15,291.0467792
2023-06-08 10:35,Freshwater,30,320.46274
2023-06-08 10:35,Freshwater,50,766.06774
2023-06-08 10:40,Control,5,570.2126867
2023-06-08 10:40,Control,15,750.49126
2023-06-08 10:40,Control,30,743.6418556
2023-06-08 10:40,Control,50,786.9029056
2023-06-08 10:40,Saltwater,5,495.7371791
2023-06-08 10:40,Saltwater,15,494.093008
2023-06-08 10:40,Saltwater,30,636.09848
2023-06-08 10:40,Saltwater,50,687.13808
2023-06-08 10:40,Freshwater,5,568.9912787
2023-06-08 10:40,Freshwater,15,290.807232
2023-06-08 10:40,Freshwater,30,321.24204
2023-06-08 10:40,Freshwater,50,765.68222
2023-06-08 10:45,Control,5,570.5885067
2023-06-08 10:45,Control,15,750.6279
2023-06-08 10:45,Control,30,743.6839933
2023-06-08 10:45,Control,50,786.9108833
2023-06-08 10:45,Saltwater,5,495.3298956
2023-06-08 10:45,Saltwater,15,494.35851
2023-06-08 10:45,Saltwater,30,635.985
2023-06-08 10:45,Saltwater,50,687.15974
2023-06-08 10:45,Freshwater,5,568.61033
2023-06-08 10:45,Freshwater,15,291.720957
2023-06-08 10:45,Freshwater,30,321.50872
2023-06-08 10:45,Freshwater,50,766.064
2023-06-08 10:50,Control,5,571.2718067
2023-06-08 10:50,Control,15,750.59376
2023-06-08 10:50,Control,30,743.7864933
2023-06-08 10:50,Control,50,787.0389833
2023-06-08 10:50,Saltwater,5,495.1992593
2023-06-08 10:50,Saltwater,15,494.4960107
2023-06-08 10:50,Saltwater,30,636.0476
2023-06-08 10:50,Saltwater,50,686.84638
2023-06-08 10:50,Freshwater,5,569.778452
2023-06-08 10:50,Freshwater,15,291.4907508
2023-06-08 10:50,Freshwater,30,321.9884
2023-06-08 10:50,Freshwater,50,766.32174
2023-06-08 10:55,Control,5,571.6476267
2023-06-08 10:55,Control,15,750.66208
2023-06-08 10:55,Control,30,743.8889933
2023-06-08 10:55,Control,50,786.9535833
2023-06-08 10:55,Saltwater,5,495.0596859
2023-06-08 10:55,Saltwater,15,494.5905193
2023-06-08 10:55,Saltwater,30,635.89218
2023-06-08 10:55,Saltwater,50,686.89342
2023-06-08 10:55,Freshwater,5,568.64836
2023-06-08 10:55,Freshwater,15,291.0858333
2023-06-08 10:55,Freshwater,30,321.17018
2023-06-08 10:55,Freshwater,50,765.28878
2023-06-08 11:00,Control,5,572.2284067
2023-06-08 11:00,Control,15,750.76456
2023-06-08 11:00,Control,30,744.0939733
2023-06-08 11:00,Control,50,786.9535833
2023-06-08 11:00,Saltwater,5,495.0363012
2023-06-08 11:00,Saltwater,15,494.767034
2023-06-08 11:00,Saltwater,30,635.8257
2023-06-08 11:00,Saltwater,50,686.7589
2023-06-08 11:00,Freshwater,5,568.649596
2023-06-08 11:00,Freshwater,15,292.1782403
2023-06-08 11:00,Freshwater,30,320.8987
2023-06-08 11:00,Freshwater,50,765.39264
2023-06-08 11:05,Control,5,572.1258867
2023-06-08 11:05,Control,15,750.73042
2023-06-08 11:05,Control,30,744.0597933
2023-06-08 11:05,Control,50,787.0389833
2023-06-08 11:05,Saltwater,5,494.7846848
2023-06-08 11:05,Saltwater,15,494.7248867
2023-06-08 11:05,Saltwater,30,635.29482
2023-06-08 11:05,Saltwater,50,686.60094
2023-06-08 11:05,Freshwater,5,568.4810607
2023-06-08 11:05,Freshwater,15,292.793906
2023-06-08 11:05,Freshwater,30,321.3442067
2023-06-08 11:05,Freshwater,50,765.1882267
2023-06-08 11:10,Control,5,572.9458667
2023-06-08 11:10,Control,15,750.83292
2023-06-08 11:10,Control,30,744.2647933
2023-06-08 11:10,Control,50,787.1671333
2023-06-08 11:10,Saltwater,5,494.0358062
2023-06-08 11:10,Saltwater,15,495.8911213
2023-06-08 11:10,Saltwater,30,634.54674
2023-06-08 11:10,Saltwater,50,686.19428
2023-06-08 11:10,Freshwater,5,566.8509413
2023-06-08 11:10,Freshwater,15,293.1036516
2023-06-08 11:10,Freshwater,30,321.1439333
2023-06-08 11:10,Freshwater,50,765.3229533
2023-06-08 11:15,Control,5,573.3899867
2023-06-08 11:15,Control,15,750.96956
2023-06-08 11:15,Control,30,744.3672733
2023-06-08 11:15,Control,50,787.0389833
2023-06-08 11:15,Saltwater,5,493.8233808
2023-06-08 11:15,Saltwater,15,495.035294
2023-06-08 11:15,Saltwater,30,634.97858
2023-06-08 11:15,Saltwater,50,686.8635
2023-06-08 11:15,Freshwater,5,567.938514
2023-06-08 11:15,Freshwater,15,293.277261
2023-06-08 11:15,Freshwater,30,321.11332
2023-06-08 11:15,Freshwater,50,765.0488
2023-06-08 11:20,Control,5,573.5949867
2023-06-08 11:20,Control,15,750.96958
2023-06-08 11:20,Control,30,744.4697533
2023-06-08 11:20,Control,50,787.0389833
2023-06-08 11:20,Saltwater,5,494.0433396
2023-06-08 11:20,Saltwater,15,495.2504613
2023-06-08 11:20,Saltwater,30,634.94582
2023-06-08 11:20,Saltwater,50,685.8758
2023-06-08 11:20,Freshwater,5,568.4865407
2023-06-08 11:20,Freshwater,15,293.2867259
2023-06-08 11:20,Freshwater,30,321.2878667
2023-06-08 11:20,Freshwater,50,764.4412667
2023-06-08 11:25,Control,5,574.3465867
2023-06-08 11:25,Control,15,750.96958
2023-06-08 11:25,Control,30,744.4697733
2023-06-08 11:25,Control,50,787.1670833
2023-06-08 11:25,Saltwater,5,494.0558234
2023-06-08 11:25,Saltwater,15,496.2133207
2023-06-08 11:25,Saltwater,30,634.70428
2023-06-08 11:25,Saltwater,50,685.49744
2023-06-08 11:25,Freshwater,5,569.2728293
2023-06-08 11:25,Freshwater,15,293.6700877
2023-06-08 11:25,Freshwater,30,321.3266533
2023-06-08 11:25,Freshwater,50,764.9897333
2023-06-08 11:30,Control,5,574.4149667
2023-06-08 11:30,Control,15,751.14038
2023-06-08 11:30,Control,30,744.7089133
2023-06-08 11:30,Control,50,787.0817083
2023-06-08 11:30,Saltwater,5,493.7629582
2023-06-08 11:30,Saltwater,15,494.244176
2023-06-08 11:30,Saltwater,30,635.04506
2023-06-08 11:30,Saltwater,50,686.24756
2023-06-08 11:30,Freshwater,5,570.158994
2023-06-08 11:30,Freshwater,15,293.3054038
2023-06-08 11:30,Freshwater,30,321.39876
2023-06-08 11:30,Freshwater,50,764.8554
2023-06-08 11:35,Control,5,574.7224267
2023-06-08 11:35,Control,15,751.17456
2023-06-08 11:35,Control,30,744.6747533
2023-06-08 11:35,Control,50,787.1671083
2023-06-08 11:35,Saltwater,5,493.0172849
2023-06-08 11:35,Saltwater,15,494.5948473
2023-06-08 11:35,Saltwater,30,635.3909867
2023-06-08 11:35,Saltwater,50,685.8770867
2023-06-08 11:35,Freshwater,5,570.2602807
2023-06-08 11:35,Freshwater,15,293.7119088
2023-06-08 11:35,Freshwater,30,320.9941267
2023-06-08 11:35,Freshwater,50,764.7838067
2023-06-08 11:40,Control,5,575.0640867
2023-06-08 11:40,Control,15,751.2087
2023-06-08 11:40,Control,30,744.8455733
2023-06-08 11:40,Control,50,787.0816833
2023-06-08 11:40,Saltwater,5,492.9879535
2023-06-08 11:40,Saltwater,15,495.0820287
2023-06-08 11:40,Saltwater,30,635.6345533
2023-06-08 11:40,Saltwater,50,685.8818533
2023-06-08 11:40,Freshwater,5,570.5773153
2023-06-08 11:40,Freshwater,15,293.6793858
2023-06-08 11:40,Freshwater,30,320.8989533
2023-06-08 11:40,Freshwater,50,764.6966133
2023-06-08 11:45,Control,5,575.6790467
2023-06-08 11:45,Control,15,751.17454
2023-06-08 11:45,Control,30,744.8113933
2023-06-08 11:45,Control,50,787.1244083
2023-06-08 11:45,Saltwater,5,492.4810612
2023-06-08 11:45,Saltwater,15,495.296256
2023-06-08 11:45,Saltwater,30,635.2982
2023-06-08 11:45,Saltwater,50,685.51142
2023-06-08 11:45,Freshwater,5,569.9525
2023-06-08 11:45,Freshwater,15,293.8451686
2023-06-08 11:45,Freshwater,30,321.40792
2023-06-08 11:45,Freshwater,50,764.232
2023-06-08 11:50,Control,5,575.9182067
2023-06-08 11:50,Control,15,751.3009933
2023-06-08 11:50,Control,30,744.9822333
2023-06-08 11:50,Control,50,787.1243833
2023-06-08 11:50,Saltwater,5,492.9245024
2023-06-08 11:50,Saltwater,15,494.4140987
2023-06-08 11:50,Saltwater,30,635.23
2023-06-08 11:50,Saltwater,50,685.54554
2023-06-08 11:50,Freshwater,5,569.8619573
2023-06-08 11:50,Freshwater,15,293.7776642
2023-06-08 11:50,Freshwater,30,321.10272
2023-06-08 11:50,Freshwater,50,764.2008
2023-06-08 11:55,Control,5,576.3281467
2023-06-08 11:55,Control,15,751.3249267
2023-06-08 11:55,Control,30,745.0164133
2023-06-08 11:55,Control,50,787.1670833
2023-06-08 11:55,Saltwater,5,492.446938
2023-06-08 11:55,Saltwater,15,495.6128393
2023-06-08 11:55,Saltwater,30,635.19588
2023-06-08 11:55,Saltwater,50,685.2044
2023-06-08 11:55,Freshwater,5,569.6966827
2023-06-08 11:55,Freshwater,15,293.1309358
2023-06-08 11:55,Freshwater,30,321.27108
2023-06-08 11:55,Freshwater,50,763.8534
2023-06-08 12:00,Control,5,576.4306667
2023-06-08 12:00,Control,15,751.45136
2023-06-08 12:00,Control,30,745.0847133
2023-06-08 12:00,Control,50,787.0816833
2023-06-08 12:00,Saltwater,5,492.412818
2023-06-08 12:00,Saltwater,15,494.9353868
2023-06-08 12:00,Saltwater,30,635.16176
2023-06-08 12:00,Saltwater,50,685.1362
2023-06-08 12:00,Freshwater,5,569.297208
2023-06-08 12:00,Freshwater,15,293.8781128
2023-06-08 12:00,Freshwater,30,321.20272
2023-06-08 12:00,Freshwater,50,764.15714
2023-06-08 12:05,Control,5,576.7723067
2023-06-08 12:05,Control,15,751.45136
2023-06-08 12:05,Control,30,745.1530733
2023-06-08 12:05,Control,50,787.1670833
2023-06-08 12:05,Saltwater,5,492.3834947
2023-06-08 12:05,Saltwater,15,495.7881982
2023-06-08 12:05,Saltwater,30,635.4735867
2023-06-08 12:05,Saltwater,50,685.3456667
2023-06-08 12:05,Freshwater,5,568.720696
2023-06-08 12:05,Freshwater,15,293.6113527
2023-06-08 12:05,Freshwater,30,320.55748
2023-06-08 12:05,Freshwater,50,763.17348
2023-06-08 12:10,Control,5,577.5239467
2023-06-08 12:10,Control,15,751.65634
2023-06-08 12:10,Control,30,745.2897533
2023-06-08 12:10,Control,50,787.1671083
2023-06-08 12:10,Saltwater,5,492.0160889
2023-06-08 12:10,Saltwater,15,494.938457
2023-06-08 12:10,Saltwater,30,635.2100533
2023-06-08 12:10,Saltwater,50,684.8779933
2023-06-08 12:10,Freshwater,5,569.309238
2023-06-08 12:10,Freshwater,15,294.0942991
2023-06-08 12:10,Freshwater,30,321.20636
2023-06-08 12:10,Freshwater,50,764.58336
2023-06-08 12:15,Control,5,577.5581067
2023-06-08 12:15,Control,15,751.62218
2023-06-08 12:15,Control,30,745.3580533
2023-06-08 12:15,Control,50,787.1670833
2023-06-08 12:15,Saltwater,5,491.7794491
2023-06-08 12:15,Saltwater,15,494.5264244
2023-06-08 12:15,Saltwater,30,634.9038
2023-06-08 12:15,Saltwater,50,684.77598
2023-06-08 12:15,Freshwater,5,569.03608
2023-06-08 12:15,Freshwater,15,294.0308696
2023-06-08 12:15,Freshwater,30,320.76426
2023-06-08 12:15,Freshwater,50,763.73194
2023-06-08 12:20,Control,5,577.3872667
2023-06-08 12:20,Control,15,751.6905
2023-06-08 12:20,Control,30,745.4263733
2023-06-08 12:20,Control,50,787.2952583
2023-06-08 12:20,Saltwater,5,491.8131734
2023-06-08 12:20,Saltwater,15,494.3213434
2023-06-08 12:20,Saltwater,30,634.8056667
2023-06-08 12:20,Saltwater,50,684.6777667
2023-06-08 12:20,Freshwater,5,569.209586
2023-06-08 12:20,Freshwater,15,294.0996554
2023-06-08 12:20,Freshwater,30,321.10514
2023-06-08 12:20,Freshwater,50,762.99002
2023-06-08 12:25,Control,5,577.6264067
2023-06-08 12:25,Control,15,751.79298
2023-06-08 12:25,Control,30,745.6997133
2023-06-08 12:25,Control,50,787.2952083
2023-06-08 12:25,Saltwater,5,491.2673722
2023-06-08 12:25,Saltwater,15,494.4919382
2023-06-08 12:25,Saltwater,30,634.7081333
2023-06-08 12:25,Saltwater,50,684.5119733
2023-06-08 12:25,Freshwater,5,569.007382
2023-06-08 12:25,Freshwater,15,295.7309666
2023-06-08 12:25,Freshwater,30,321.03768
2023-06-08 12:25,Freshwater,50,763.6381
2023-06-08 12:30,Control,5,578.1388867
2023-06-08 12:30,Control,15,751.8613
2023-06-08 12:30,Control,30,745.6655533
2023-06-08 12:30,Control,50,787.2952333
2023-06-08 12:30,Saltwater,5,491.4379433
2023-06-08 12:30,Saltwater,15,494.5260394
2023-06-08 12:30,Saltwater,30,634.57648
2023-06-08 12:30,Saltwater,50,684.34622
2023-06-08 12:30,Freshwater,5,568.939708
2023-06-08 12:30,Freshwater,15,296.308693
2023-06-08 12:30,Freshwater,30,321.07178
2023-06-08 12:30,Freshwater,50,763.50266
2023-06-08 12:35,Control,5,577.8655867
2023-06-08 12:35,Control,15,751.96382
2023-06-08 12:35,Control,30,745.8022133
2023-06-08 12:35,Control,50,787.2525333
2023-06-08 12:35,Saltwater,5,491.4086099
2023-06-08 12:35,Saltwater,15,494.3991539
2023-06-08 12:35,Saltwater,30,634.54236
2023-06-08 12:35,Saltwater,50,684.34622
2023-06-08 12:35,Freshwater,5,568.2033127
2023-06-08 12:35,Freshwater,15,297.8511917
2023-06-08 12:35,Freshwater,30,320.29216
2023-06-08 12:35,Freshwater,50,762.83288
2023-06-08 12:40,Control,5,577.7289267
2023-06-08 12:40,Control,15,752.03216
2023-06-08 12:40,Control,30,745.8705333
2023-06-08 12:40,Control,50,787.3806583
2023-06-08 12:40,Saltwater,5,491.2087366
2023-06-08 12:40,Saltwater,15,495.1933011
2023-06-08 12:40,Saltwater,30,634.4059
2023-06-08 12:40,Saltwater,50,684.17564
2023-06-08 12:40,Freshwater,5,568.2675413
2023-06-08 12:40,Freshwater,15,298.7445439
2023-06-08 12:40,Freshwater,30,320.79926
2023-06-08 12:40,Freshwater,50,763.19346
2023-06-08 12:45,Control,5,578.1730667
2023-06-08 12:45,Control,15,752.16882
2023-06-08 12:45,Control,30,745.9388533
2023-06-08 12:45,Control,50,787.3379333
2023-06-08 12:45,Saltwater,5,490.9406155
2023-06-08 12:45,Saltwater,15,493.3949404
2023-06-08 12:45,Saltwater,30,634.26944
2023-06-08 12:45,Saltwater,50,683.97098
2023-06-08 12:45,Freshwater,5,568.11051
2023-06-08 12:45,Freshwater,15,299.3700684
2023-06-08 12:45,Freshwater,30,321.10752
2023-06-08 12:45,Freshwater,50,763.0021
2023-06-08 12:50,Control,5,578.1388867
2023-06-08 12:50,Control,15,752.16882
2023-06-08 12:50,Control,30,746.0072333
2023-06-08 12:50,Control,50,787.2952083
2023-06-08 12:50,Saltwater,5,490.2924588
2023-06-08 12:50,Saltwater,15,494.0526217
2023-06-08 12:50,Saltwater,30,634.23536
2023-06-08 12:50,Saltwater,50,684.31208
2023-06-08 12:50,Freshwater,5,568.0776847
2023-06-08 12:50,Freshwater,15,299.7841072
2023-06-08 12:50,Freshwater,30,321.0092667
2023-06-08 12:50,Freshwater,50,763.0692067
2023-06-08 12:55,Control,5,577.9680867
2023-06-08 12:55,Control,15,752.13466
2023-06-08 12:55,Control,30,746.1438533
2023-06-08 12:55,Control,50,787.3379583
2023-06-08 12:55,Saltwater,5,491.5205256
2023-06-08 12:55,Saltwater,15,493.1070841
2023-06-08 12:55,Saltwater,30,634.13302
2023-06-08 12:55,Saltwater,50,682.9476
2023-06-08 12:55,Freshwater,5,568.0186293
2023-06-08 12:55,Freshwater,15,299.3845718
2023-06-08 12:55,Freshwater,30,320.8794333
2023-06-08 12:55,Freshwater,50,762.5707133
2023-06-08 13:00,Control,5,578.0364067
2023-06-08 13:00,Control,15,752.37378
2023-06-08 13:00,Control,30,746.1780133
2023-06-08 13:00,Control,50,787.2952083
2023-06-08 13:00,Saltwater,5,489.235002
2023-06-08 13:00,Saltwater,15,493.7988818
2023-06-08 13:00,Saltwater,30,632.9391
2023-06-08 13:00,Saltwater,50,685.54012
2023-06-08 13:00,Freshwater,5,567.616242
2023-06-08 13:00,Freshwater,15,300.4112556
2023-06-08 13:00,Freshwater,30,320.68046
2023-06-08 13:00,Freshwater,50,762.74628
2023-06-08 13:05,Control,5,578.2072467
2023-06-08 13:05,Control,15,752.37378
2023-06-08 13:05,Control,30,746.2805133
2023-06-08 13:05,Control,50,787.3806333
2023-06-08 13:05,Saltwater,5,489.6102408
2023-06-08 13:05,Saltwater,15,492.059154
2023-06-08 13:05,Saltwater,30,631.2723667
2023-06-08 13:05,Saltwater,50,685.1014867
2023-06-08 13:05,Freshwater,5,567.752142
2023-06-08 13:05,Freshwater,15,300.9888966
2023-06-08 13:05,Freshwater,30,320.91834
2023-06-08 13:05,Freshwater,50,762.57636
2023-06-08 13:10,Control,5,578.0705667
2023-06-08 13:10,Control,15,752.3738
2023-06-08 13:10,Control,30,746.4513333
2023-06-08 13:10,Control,50,787.3806333
2023-06-08 13:10,Saltwater,5,491.5204932
2023-06-08 13:10,Saltwater,15,492.3661833
2023-06-08 13:10,Saltwater,30,633.0850933
2023-06-08 13:10,Saltwater,50,681.5244733
2023-06-08 13:10,Freshwater,5,567.616246
2023-06-08 13:10,Freshwater,15,301.26074
2023-06-08 13:10,Freshwater,30,320.91834
2023-06-08 13:10,Freshwater,50,762.61032
2023-06-08 13:15,Control,5,578.0705467
2023-06-08 13:15,Control,15,752.44212
2023-06-08 13:15,Control,30,746.4855333
2023-06-08 13:15,Control,50,787.4233333
2023-06-08 13:15,Saltwater,5,490.190134
2023-06-08 13:15,Saltwater,15,494.3446746
2023-06-08 13:15,Saltwater,30,634.24972
2023-06-08 13:15,Saltwater,50,683.09842
2023-06-08 13:15,Freshwater,5,568.125926
2023-06-08 13:15,Freshwater,15,301.53256
2023-06-08 13:15,Freshwater,30,320.40866
2023-06-08 13:15,Freshwater,50,762.44042
2023-06-08 13:20,Control,5,578.1730667
2023-06-08 13:20,Control,15,752.5788
2023-06-08 13:20,Control,30,746.5196733
2023-06-08 13:20,Control,50,787.4233583
2023-06-08 13:20,Saltwater,5,490.2583708
2023-06-08 13:20,Saltwater,15,492.6049304
2023-06-08 13:20,Saltwater,30,633.6745667
2023-06-08 13:20,Saltwater,50,683.0690867
2023-06-08 13:20,Freshwater,5,568.3345567
2023-06-08 13:20,Freshwater,15,301.3286912
2023-06-08 13:20,Freshwater,30,320.6852667
2023-06-08 13:20,Freshwater,50,761.6297467
2023-06-08 13:25,Control,5,579.0955267
2023-06-08 13:25,Control,15,752.54464
2023-06-08 13:25,Control,30,746.7246733
2023-06-08 13:25,Control,50,787.5087583
2023-06-08 13:25,Saltwater,5,490.2583674
2023-06-08 13:25,Saltwater,15,491.5815834
2023-06-08 13:25,Saltwater,30,633.5770333
2023-06-08 13:25,Saltwater,50,683.1421133
2023-06-08 13:25,Freshwater,5,568.4413053
2023-06-08 13:25,Freshwater,15,301.90634
2023-06-08 13:25,Freshwater,30,320.5881133
2023-06-08 13:25,Freshwater,50,762.2121733
2023-06-08 13:30,Control,5,579.8813067
2023-06-08 13:30,Control,15,752.71544
2023-06-08 13:30,Control,30,746.7929733
2023-06-08 13:30,Control,50,787.5941833
2023-06-08 13:30,Saltwater,5,489.8490108
2023-06-08 13:30,Saltwater,15,492.2979406
2023-06-08 13:30,Saltwater,30,633.61594
2023-06-08 13:30,Saltwater,50,683.01046
2023-06-08 13:30,Freshwater,5,568.548032
2023-06-08 13:30,Freshwater,15,301.566541
2023-06-08 13:30,Freshwater,30,320.83078
2023-06-08 13:30,Freshwater,50,762.149
2023-06-08 13:35,Control,5,580.5987467
2023-06-08 13:35,Control,15,752.7496
2023-06-08 13:35,Control,30,747.0321133
2023-06-08 13:35,Control,50,787.7649833
2023-06-08 13:35,Saltwater,5,489.7807862
2023-06-08 13:35,Saltwater,15,491.4158115
2023-06-08 13:35,Saltwater,30,633.47948
2023-06-08 13:35,Saltwater,50,682.90812
2023-06-08 13:35,Freshwater,5,568.344154
2023-06-08 13:35,Freshwater,15,302.2461188
2023-06-08 13:35,Freshwater,30,320.5637267
2023-06-08 13:35,Freshwater,50,761.9838667
2023-06-08 13:40,Control,5,580.5645867
2023-06-08 13:40,Control,15,752.85208
2023-06-08 13:40,Control,30,747.0663133
2023-06-08 13:40,Control,50,787.6368833
2023-06-08 13:40,Saltwater,5,489.7466662
2023-06-08 13:40,Saltwater,15,494.0472373
2023-06-08 13:40,Saltwater,30,633.47948
2023-06-08 13:40,Saltwater,50,682.7717
2023-06-08 13:40,Freshwater,5,568.446118
2023-06-08 13:40,Freshwater,15,301.3966424
2023-06-08 13:40,Freshwater,30,319.2093533
2023-06-08 13:40,Freshwater,50,761.1731933
2023-06-08 13:45,Control,5,580.9745867
2023-06-08 13:45,Control,15,752.88624
2023-06-08 13:45,Control,30,747.2371333
2023-06-08 13:45,Control,50,787.6795833
2023-06-08 13:45,Saltwater,5,489.1667606
2023-06-08 13:45,Saltwater,15,494.0520352
2023-06-08 13:45,Saltwater,30,633.27482
2023-06-08 13:45,Saltwater,50,682.70344
2023-06-08 13:45,Freshwater,5,568.208238
2023-06-08 13:45,Freshwater,15,302.3140956
2023-06-08 13:45,Freshwater,30,320.5733
2023-06-08 13:45,Freshwater,50,761.48376
2023-06-08 13:50,Control,5,581.0087267
2023-06-08 13:50,Control,15,752.98874
2023-06-08 13:50,Control,30,747.3737933
2023-06-08 13:50,Control,50,787.7222833
2023-06-08 13:50,Saltwater,5,489.3714406
2023-06-08 13:50,Saltwater,15,493.5157973
2023-06-08 13:50,Saltwater,30,633.24068
2023-06-08 13:50,Saltwater,50,682.567
2023-06-08 13:50,Freshwater,5,568.378138
2023-06-08 13:50,Freshwater,15,302.51794
2023-06-08 13:50,Freshwater,30,320.33544
2023-06-08 13:50,Freshwater,50,761.58572
2023-06-08 13:55,Control,5,580.9062267
2023-06-08 13:55,Control,15,753.05708
2023-06-08 13:55,Control,30,747.3737933
2023-06-08 13:55,Control,50,787.8077083
2023-06-08 13:55,Saltwater,5,489.1326594
2023-06-08 13:55,Saltwater,15,482.3706967
2023-06-08 13:55,Saltwater,30,633.2748
2023-06-08 13:55,Saltwater,50,682.32822
2023-06-08 13:55,Freshwater,5,568.582002
2023-06-08 13:55,Freshwater,15,301.9742956
2023-06-08 13:55,Freshwater,30,320.33544
2023-06-08 13:55,Freshwater,50,761.07604
2023-06-08 14:00,Control,5,580.9062267
2023-06-08 14:00,Control,15,753.05708
2023-06-08 14:00,Control,30,747.4421133
2023-06-08 14:00,Control,50,787.8076833
2023-06-08 14:00,Saltwater,5,488.3480868
2023-06-08 14:00,Saltwater,15,481.800334
2023-06-08 14:00,Saltwater,30,632.59256
2023-06-08 14:00,Saltwater,50,681.95298
2023-06-08 14:00,Freshwater,5,568.887824
2023-06-08 14:00,Freshwater,15,303.2315102
2023-06-08 14:00,Freshwater,30,320.5733
2023-06-08 14:00,Freshwater,50,761.78958
2023-06-08 14:05,Control,5,580.8379067
2023-06-08 14:05,Control,15,753.0229
2023-06-08 14:05,Control,30,747.5446133
2023-06-08 14:05,Control,50,787.7649833
2023-06-08 14:05,Saltwater,5,488.2798504
2023-06-08 14:05,Saltwater,15,485.2163507
2023-06-08 14:05,Saltwater,30,633.0066867
2023-06-08 14:05,Saltwater,50,681.8895467
2023-06-08 14:05,Freshwater,5,568.921782
2023-06-08 14:05,Freshwater,15,303.7215892
2023-06-08 14:05,Freshwater,30,321.79652
2023-06-08 14:05,Freshwater,50,762.53712
2023-06-08 14:10,Control,5,579.8812867
2023-06-08 14:10,Control,15,753.19374
2023-06-08 14:10,Control,30,747.6471133
2023-06-08 14:10,Control,50,787.8076833
2023-06-08 14:10,Saltwater,5,488.7915382
2023-06-08 14:10,Saltwater,15,487.5066633
2023-06-08 14:10,Saltwater,30,632.9091333
2023-06-08 14:10,Saltwater,50,681.6896533
2023-06-08 14:10,Freshwater,5,569.975128
2023-06-08 14:10,Freshwater,15,302.5806692
2023-06-08 14:10,Freshwater,30,322.00042
2023-06-08 14:10,Freshwater,50,763.11478
2023-06-08 14:15,Control,5,581.4870667
2023-06-08 14:15,Control,15,753.26206
2023-06-08 14:15,Control,30,747.7837533
2023-06-08 14:15,Control,50,787.8077083
2023-06-08 14:15,Saltwater,5,488.3480892
2023-06-08 14:15,Saltwater,15,487.886702
2023-06-08 14:15,Saltwater,30,633.52794
2023-06-08 14:15,Saltwater,50,682.3767
2023-06-08 14:15,Freshwater,5,568.004364
2023-06-08 14:15,Freshwater,15,303.7842698
2023-06-08 14:15,Freshwater,30,320.5733
2023-06-08 14:15,Freshwater,50,761.82358
2023-06-08 14:20,Control,5,581.4870467
2023-06-08 14:20,Control,15,753.33042
2023-06-08 14:20,Control,30,747.8520933
2023-06-08 14:20,Control,50,787.8077083
2023-06-08 14:20,Saltwater,5,488.0751648
2023-06-08 14:20,Saltwater,15,488.1984767
2023-06-08 14:20,Saltwater,30,632.47048
2023-06-08 14:20,Saltwater,50,681.25098
2023-06-08 14:20,Freshwater,5,568.378132
2023-06-08 14:20,Freshwater,15,302.5997823
2023-06-08 14:20,Freshwater,30,319.9324867
2023-06-08 14:20,Freshwater,50,760.1294267
2023-06-08 14:25,Control,5,581.7262067
2023-06-08 14:25,Control,15,753.5354
2023-06-08 14:25,Control,30,747.9545733
2023-06-08 14:25,Control,50,787.8076833
2023-06-08 14:25,Saltwater,5,486.471914
2023-06-08 14:25,Saltwater,15,488.1350247
2023-06-08 14:25,Saltwater,30,632.84572
2023-06-08 14:25,Saltwater,50,681.76264
2023-06-08 14:25,Freshwater,5,567.902434
2023-06-08 14:25,Freshwater,15,302.8424387
2023-06-08 14:25,Freshwater,30,319.7334133
2023-06-08 14:25,Freshwater,50,760.7797933
2023-06-08 14:30,Control,5,581.9994867
2023-06-08 14:30,Control,15,753.43288
2023-06-08 14:30,Control,30,747.9545733
2023-06-08 14:30,Control,50,787.8931083
2023-06-08 14:30,Saltwater,5,487.8022792
2023-06-08 14:30,Saltwater,15,490.2547998
2023-06-08 14:30,Saltwater,30,632.64102
2023-06-08 14:30,Saltwater,50,681.59212
2023-06-08 14:30,Freshwater,5,567.902436
2023-06-08 14:30,Freshwater,15,302.5414074
2023-06-08 14:30,Freshwater,30,319.90808
2023-06-08 14:30,Freshwater,50,760.61468
2023-06-08 14:35,Control,5,581.9915289
2023-06-08 14:35,Control,15,753.43288
2023-06-08 14:35,Control,30,748.0912333
2023-06-08 14:35,Control,50,787.7649833
2023-06-08 14:35,Saltwater,5,487.0811647
2023-06-08 14:35,Saltwater,15,491.2781612
2023-06-08 14:35,Saltwater,30,632.3729267
2023-06-08 14:35,Saltwater,50,681.9380267
2023-06-08 14:35,Freshwater,5,567.6985584
2023-06-08 14:35,Freshwater,15,302.5414086
2023-06-08 14:35,Freshwater,30,319.60226
2023-06-08 14:35,Freshwater,50,760.30886
2023-06-08 14:40,Control,5,581.4369111
2023-06-08 14:40,Control,15,753.53538
2023-06-08 14:40,Control,30,748.0912533
2023-06-08 14:40,Control,50,787.9785083
2023-06-08 14:40,Saltwater,5,487.0422301
2023-06-08 14:40,Saltwater,15,489.4702004
2023-06-08 14:40,Saltwater,30,632.7870333
2023-06-08 14:40,Saltwater,50,682.4203533
2023-06-08 14:40,Freshwater,5,568.378154
2023-06-08 14:40,Freshwater,15,302.8132496
2023-06-08 14:40,Freshwater,30,318.9227
2023-06-08 14:40,Freshwater,50,760.34288
2023-06-08 14:45,Control,5,581.9755533
2023-06-08 14:45,Control,15,753.6037
2023-06-08 14:45,Control,30,748.2620733
2023-06-08 14:45,Control,50,787.8931333
2023-06-08 14:45,Saltwater,5,485.911768
2023-06-08 14:45,Saltwater,15,488.685626
2023-06-08 14:45,Saltwater,30,631.08624
2023-06-08 14:45,Saltwater,50,681.29944
2023-06-08 14:45,Freshwater,5,568.140306
2023-06-08 14:45,Freshwater,15,302.9152042
2023-06-08 14:45,Freshwater,30,319.5343
2023-06-08 14:45,Freshwater,50,759.93512
2023-06-08 14:50,Control,5,582.3855533
2023-06-08 14:50,Control,15,753.70624
2023-06-08 14:50,Control,30,748.2700511
2023-06-08 14:50,Control,50,787.9437861
2023-06-08 14:50,Saltwater,5,487.7101425
2023-06-08 14:50,Saltwater,15,487.9692716
2023-06-08 14:50,Saltwater,30,634.15632
2023-06-08 14:50,Saltwater,50,680.17376
2023-06-08 14:50,Freshwater,5,568.0043472
2023-06-08 14:50,Freshwater,15,303.0510896
2023-06-08 14:50,Freshwater,30,319.1993067
2023-06-08 14:50,Freshwater,50,760.1098067
2023-06-08 14:55,Control,5,581.8730733
2023-06-08 14:55,Control,15,753.70624
2023-06-08 14:55,Control,30,748.4488289
2023-06-08 14:55,Control,50,787.9517889
2023-06-08 14:55,Saltwater,5,487.4617873
2023-06-08 14:55,Saltwater,15,490.5959074
2023-06-08 14:55,Saltwater,30,632.14372
2023-06-08 14:55,Saltwater,50,680.4125
2023-06-08 14:55,Freshwater,5,568.0383314
2023-06-08 14:55,Freshwater,15,302.6773296
2023-06-08 14:55,Freshwater,30,319.3400133
2023-06-08 14:55,Freshwater,50,759.8427533
2023-06-08 15:00,Control,5,582.2147133
2023-06-08 15:00,Control,15,753.84288
2023-06-08 15:00,Control,30,748.5251467
2023-06-08 15:00,Control,50,787.9170417
2023-06-08 15:00,Saltwater,5,485.644238
2023-06-08 15:00,Saltwater,15,488.071594
2023-06-08 15:00,Saltwater,30,631.83668
2023-06-08 15:00,Saltwater,50,680.78776
2023-06-08 15:00,Freshwater,5,567.6306336
2023-06-08 15:00,Freshwater,15,302.4394696
2023-06-08 15:00,Freshwater,30,319.07298
2023-06-08 15:00,Freshwater,50,759.7796
2023-06-08 15:05,Control,5,582.2067556
2023-06-08 15:05,Control,15,753.87708
2023-06-08 15:05,Control,30,748.5934667
2023-06-08 15:05,Control,50,788.0878917
2023-06-08 15:05,Saltwater,5,486.428848
2023-06-08 15:05,Saltwater,15,488.9633317
2023-06-08 15:05,Saltwater,30,630.9545667
2023-06-08 15:05,Saltwater,50,680.6219867
2023-06-08 15:05,Freshwater,5,567.5929705
2023-06-08 15:05,Freshwater,15,302.9154676
2023-06-08 15:05,Freshwater,30,318.63158
2023-06-08 15:05,Freshwater,50,759.6454
2023-06-08 15:10,Control,5,581.9937778
2023-06-08 15:10,Control,15,753.94538
2023-06-08 15:10,Control,30,748.7301267
2023-06-08 15:10,Control,50,788.0024667
2023-06-08 15:10,Saltwater,5,486.531162
2023-06-08 15:10,Saltwater,15,488.7975431
2023-06-08 15:10,Saltwater,30,632.1532733
2023-06-08 15:10,Saltwater,50,680.9337933
2023-06-08 15:10,Freshwater,5,567.3154665
2023-06-08 15:10,Freshwater,15,302.9492138
2023-06-08 15:10,Freshwater,30,318.69928
2023-06-08 15:10,Freshwater,50,759.5421
2023-06-08 15:15,Control,5,582.05412
2023-06-08 15:15,Control,15,754.04786
2023-06-08 15:15,Control,30,748.7642867
2023-06-08 15:15,Control,50,788.0024917
2023-06-08 15:15,Saltwater,5,486.190068
2023-06-08 15:15,Saltwater,15,489.5186958
2023-06-08 15:15,Saltwater,30,631.9875
2023-06-08 15:15,Saltwater,50,680.76804
2023-06-08 15:15,Freshwater,5,566.640936
2023-06-08 15:15,Freshwater,15,303.121646
2023-06-08 15:15,Freshwater,30,318.15852
2023-06-08 15:15,Freshwater,50,759.55726
2023-06-08 15:20,Control,5,582.60076
2023-06-08 15:20,Control,15,754.0939867
2023-06-08 15:20,Control,30,748.8747644
2023-06-08 15:20,Control,50,788.0958194
2023-06-08 15:20,Saltwater,5,486.3217213
2023-06-08 15:20,Saltwater,15,489.4845582
2023-06-08 15:20,Saltwater,30,631.78282
2023-06-08 15:20,Saltwater,50,680.52922
2023-06-08 15:20,Freshwater,5,567.317948
2023-06-08 15:20,Freshwater,15,303.2956975
2023-06-08 15:20,Freshwater,30,318.6043067
2023-06-08 15:20,Freshwater,50,759.2522667
2023-06-08 15:25,Control,5,581.9858
2023-06-08 15:25,Control,15,754.1059533
2023-06-08 15:25,Control,30,748.8485822
2023-06-08 15:25,Control,50,788.0183972
2023-06-08 15:25,Saltwater,5,486.1804987
2023-06-08 15:25,Saltwater,15,489.7574728
2023-06-08 15:25,Saltwater,30,631.64638
2023-06-08 15:25,Saltwater,50,680.2222
2023-06-08 15:25,Freshwater,5,567.3145326
2023-06-08 15:25,Freshwater,15,303.3335813
2023-06-08 15:25,Freshwater,30,318.6760333
2023-06-08 15:25,Freshwater,50,758.5382533
2023-06-08 15:30,Control,5,582.05412
2023-06-08 15:30,Control,15,754.15208
2023-06-08 15:30,Control,30,748.99322
2023-06-08 15:30,Control,50,788.111775
2023-06-08 15:30,Saltwater,5,486.346244
2023-06-08 15:30,Saltwater,15,489.5869006
2023-06-08 15:30,Saltwater,30,631.81692
2023-06-08 15:30,Saltwater,50,680.461
2023-06-08 15:30,Freshwater,5,567.1271048
2023-06-08 15:30,Freshwater,15,303.8862724
2023-06-08 15:30,Freshwater,30,317.93818
2023-06-08 15:30,Freshwater,50,759.11204
2023-06-08 15:35,Control,5,582.5164844
2023-06-08 15:35,Control,15,754.3109533
2023-06-08 15:35,Control,30,749.12988
2023-06-08 15:35,Control,50,788.0691
2023-06-08 15:35,Saltwater,5,485.9321113
2023-06-08 15:35,Saltwater,15,484.2701807
2023-06-08 15:35,Saltwater,30,631.6852667
2023-06-08 15:35,Saltwater,50,680.1928867
2023-06-08 15:35,Freshwater,5,566.9483853
2023-06-08 15:35,Freshwater,15,303.91924
2023-06-08 15:35,Freshwater,30,317.9077467
2023-06-08 15:35,Freshwater,50,758.9746667
2023-06-08 15:40,Control,5,582.5005289
2023-06-08 15:40,Control,15,754.2648067
2023-06-08 15:40,Control,30,749.16404
2023-06-08 15:40,Control,50,788.069075
2023-06-08 15:40,Saltwater,5,485.9273007
2023-06-08 15:40,Saltwater,15,485.9123757
2023-06-08 15:40,Saltwater,30,631.5877533
2023-06-08 15:40,Saltwater,50,680.1294533
2023-06-08 15:40,Freshwater,5,566.8401749
2023-06-08 15:40,Freshwater,15,304.6664116
2023-06-08 15:40,Freshwater,30,317.4363733
2023-06-08 15:40,Freshwater,50,758.8072333
2023-06-08 15:45,Control,5,582.1087533
2023-06-08 15:45,Control,15,754.287
2023-06-08 15:45,Control,30,749.23238
2023-06-08 15:45,Control,50,788.1972
2023-06-08 15:45,Saltwater,5,485.172066
2023-06-08 15:45,Saltwater,15,486.4629532
2023-06-08 15:45,Saltwater,30,630.3986
2023-06-08 15:45,Saltwater,50,680.06602
2023-06-08 15:45,Freshwater,5,568.301798
2023-06-08 15:45,Freshwater,15,304.7357282
2023-06-08 15:45,Freshwater,30,317.88446
2023-06-08 15:45,Freshwater,50,759.6356
2023-06-08 15:50,Control,5,582.2374556
2023-06-08 15:50,Control,15,754.32118
2023-06-08 15:50,Control,30,749.33486
2023-06-08 15:50,Control,50,788.154475
2023-06-08 15:50,Saltwater,5,485.6848153
2023-06-08 15:50,Saltwater,15,488.2474693
2023-06-08 15:50,Saltwater,30,631.9133267
2023-06-08 15:50,Saltwater,50,680.6948867
2023-06-08 15:50,Freshwater,5,566.4758965
2023-06-08 15:50,Freshwater,15,304.840052
2023-06-08 15:50,Freshwater,30,318.4309
2023-06-08 15:50,Freshwater,50,757.4748
2023-06-08 15:55,Control,5,582.1269978
2023-06-08 15:55,Control,15,754.49198
2023-06-08 15:55,Control,30,749.43736
2023-06-08 15:55,Control,50,788.239925
2023-06-08 15:55,Saltwater,5,485.4447807
2023-06-08 15:55,Saltwater,15,487.7441483
2023-06-08 15:55,Saltwater,30,631.0365533
2023-06-08 15:55,Saltwater,50,679.3411133
2023-06-08 15:55,Freshwater,5,566.2072288
2023-06-08 15:55,Freshwater,15,306.6079444
2023-06-08 15:55,Freshwater,30,316.9706
2023-06-08 15:55,Freshwater,50,758.26128
2023-06-08 16:00,Control,5,582.05068
2023-06-08 16:00,Control,15,754.52618
2023-06-08 16:00,Control,30,749.53984
2023-06-08 16:00,Control,50,788.282575
2023-06-08 16:00,Saltwater,5,485.098544
2023-06-08 16:00,Saltwater,15,487.543914
2023-06-08 16:00,Saltwater,30,630.93854
2023-06-08 16:00,Saltwater,50,679.65244
2023-06-08 16:00,Freshwater,5,566.883926
2023-06-08 16:00,Freshwater,15,303.9565946
2023-06-08 16:00,Freshwater,30,316.25612
2023-06-08 16:00,Freshwater,50,755.81008
2023-06-08 16:05,Control,5,582.39232
2023-06-08 16:05,Control,15,754.56034
2023-06-08 16:05,Control,30,749.53986
2023-06-08 16:05,Control,50,788.197225
2023-06-08 16:05,Saltwater,5,485.0935053
2023-06-08 16:05,Saltwater,15,487.4754602
2023-06-08 16:05,Saltwater,30,630.7723667
2023-06-08 16:05,Saltwater,50,679.2132867
2023-06-08 16:05,Freshwater,5,565.8353611
2023-06-08 16:05,Freshwater,15,303.755228
2023-06-08 16:05,Freshwater,30,316.32692
2023-06-08 16:05,Freshwater,50,757.55802
2023-06-08 16:10,Control,5,582.35814
2023-06-08 16:10,Control,15,754.5945
2023-06-08 16:10,Control,30,749.60818
2023-06-08 16:10,Control,50,788.111825
2023-06-08 16:10,Saltwater,5,485.8124607
2023-06-08 16:10,Saltwater,15,488.6427614
2023-06-08 16:10,Saltwater,30,631.1977733
2023-06-08 16:10,Saltwater,50,679.7764533
2023-06-08 16:10,Freshwater,5,566.1561745
2023-06-08 16:10,Freshwater,15,305.178716
2023-06-08 16:10,Freshwater,30,316.39068
2023-06-08 16:10,Freshwater,50,757.97782
2023-06-08 16:15,Control,5,582.59732
2023-06-08 16:15,Control,15,754.52616
2023-06-08 16:15,Control,30,749.81318
2023-06-08 16:15,Control,50,788.239925
2023-06-08 16:15,Saltwater,5,484.983684
2023-06-08 16:15,Saltwater,15,487.9892736
2023-06-08 16:15,Saltwater,30,631.05808
2023-06-08 16:15,Saltwater,50,679.36294
2023-06-08 16:15,Freshwater,5,566.1323337
2023-06-08 16:15,Freshwater,15,305.182678
2023-06-08 16:15,Freshwater,30,316.39508
2023-06-08 16:15,Freshwater,50,757.729
2023-06-08 16:20,Control,5,582.4526822
2023-06-08 16:20,Control,15,754.69698
2023-06-08 16:20,Control,30,749.84734
2023-06-08 16:20,Control,50,788.282575
2023-06-08 16:20,Saltwater,5,484.9503553
2023-06-08 16:20,Saltwater,15,488.1654374
2023-06-08 16:20,Saltwater,30,630.6619867
2023-06-08 16:20,Saltwater,50,679.1724867
2023-06-08 16:20,Freshwater,5,565.5828907
2023-06-08 16:20,Freshwater,15,305.182404
2023-06-08 16:20,Freshwater,30,316.12296
2023-06-08 16:20,Freshwater,50,757.8635
2023-06-08 16:25,Control,5,582.3763444
2023-06-08 16:25,Control,15,754.69698
2023-06-08 16:25,Control,30,749.88152
2023-06-08 16:25,Control,50,788.2826
2023-06-08 16:25,Saltwater,5,483.8177347
2023-06-08 16:25,Saltwater,15,486.4576878
2023-06-08 16:25,Saltwater,30,630.4248133
2023-06-08 16:25,Saltwater,50,678.5938333
2023-06-08 16:25,Freshwater,5,565.5845401
2023-06-08 16:25,Freshwater,15,305.184108
2023-06-08 16:25,Freshwater,30,315.819
2023-06-08 16:25,Freshwater,50,757.77146
2023-06-08 16:30,Control,5,581.8900667
2023-06-08 16:30,Control,15,754.7653
2023-06-08 16:30,Control,30,749.88152
2023-06-08 16:30,Control,50,788.197225
2023-06-08 16:30,Saltwater,5,483.989564
2023-06-08 16:30,Saltwater,15,487.8965952
2023-06-08 16:30,Saltwater,30,630.23422
2023-06-08 16:30,Saltwater,50,677.58556
2023-06-08 16:30,Freshwater,5,565.739846
2023-06-08 16:30,Freshwater,15,304.8077108
2023-06-08 16:30,Freshwater,30,315.78214
2023-06-08 16:30,Freshwater,50,756.8388
2023-06-08 16:35,Control,5,582.1895689
2023-06-08 16:35,Control,15,754.79948
2023-06-08 16:35,Control,30,750.05232
2023-06-08 16:35,Control,50,788.3253
2023-06-08 16:35,Saltwater,5,483.3654093
2023-06-08 16:35,Saltwater,15,486.4925086
2023-06-08 16:35,Saltwater,30,629.57786
2023-06-08 16:35,Saltwater,50,678.56572
2023-06-08 16:35,Freshwater,5,565.2282245
2023-06-08 16:35,Freshwater,15,305.2890387
2023-06-08 16:35,Freshwater,30,315.3412
2023-06-08 16:35,Freshwater,50,757.48902
2023-06-08 16:40,Control,5,581.9082911
2023-06-08 16:40,Control,15,754.90196
2023-06-08 16:40,Control,30,750.08648
2023-06-08 16:40,Control,50,788.1972
2023-06-08 16:40,Saltwater,5,484.9702467
2023-06-08 16:40,Saltwater,15,486.6352504
2023-06-08 16:40,Saltwater,30,628.97336
2023-06-08 16:40,Saltwater,50,678.88346
2023-06-08 16:40,Freshwater,5,565.1972363
2023-06-08 16:40,Freshwater,15,305.1259693
2023-06-08 16:40,Freshwater,30,315.41148
2023-06-08 16:40,Freshwater,50,757.36506
2023-06-08 16:45,Control,5,582.1394333
2023-06-08 16:45,Control,15,754.93616
2023-06-08 16:45,Control,30,750.22314
2023-06-08 16:45,Control,50,788.239925
2023-06-08 16:45,Saltwater,5,484.553806
2023-06-08 16:45,Saltwater,15,486.3941696
2023-06-08 16:45,Saltwater,30,630.60742
2023-06-08 16:45,Saltwater,50,678.4361
2023-06-08 16:45,Freshwater,5,564.7535454
2023-06-08 16:45,Freshwater,15,304.893618
2023-06-08 16:45,Freshwater,30,315.07244
2023-06-08 16:45,Freshwater,50,757.19956
2023-06-08 16:50,Control,5,582.1052933
2023-06-08 16:50,Control,15,754.9703
2023-06-08 16:50,Control,30,750.22316
2023-06-08 16:50,Control,50,788.368025
2023-06-08 16:50,Saltwater,5,483.7058933
2023-06-08 16:50,Saltwater,15,485.824038
2023-06-08 16:50,Saltwater,30,630.14478
2023-06-08 16:50,Saltwater,50,678.96456
2023-06-08 16:50,Freshwater,5,564.7787143
2023-06-08 16:50,Freshwater,15,305.3391287
2023-06-08 16:50,Freshwater,30,314.0565867
2023-06-08 16:50,Freshwater,50,757.1301667
2023-06-08 16:55,Control,5,582.6519133
2023-06-08 16:55,Control,15,755.03862
2023-06-08 16:55,Control,30,750.39396
2023-06-08 16:55,Control,50,788.239925
2023-06-08 16:55,Saltwater,5,484.0523867
2023-06-08 16:55,Saltwater,15,486.1071214
2023-06-08 16:55,Saltwater,30,630.05792
2023-06-08 16:55,Saltwater,50,678.74302
2023-06-08 16:55,Freshwater,5,564.7014021
2023-06-08 16:55,Freshwater,15,305.1388293
2023-06-08 16:55,Freshwater,30,314.6377533
2023-06-08 16:55,Freshwater,50,756.6521533
2023-06-08 17:00,Control,5,582.6860933
2023-06-08 17:00,Control,15,755.07282
2023-06-08 17:00,Control,30,750.4623
2023-06-08 17:00,Control,50,788.368025
2023-06-08 17:00,Saltwater,5,484.016346
2023-06-08 17:00,Saltwater,15,484.4382672
2023-06-08 17:00,Saltwater,30,630.13058
2023-06-08 17:00,Saltwater,50,678.37268
2023-06-08 17:00,Freshwater,5,564.1540242
2023-06-08 17:00,Freshwater,15,305.10991
2023-06-08 17:00,Freshwater,30,314.43898
2023-06-08 17:00,Freshwater,50,756.82858
2023-06-08 17:05,Control,5,582.3284778
2023-06-08 17:05,Control,15,755.1753
2023-06-08 17:05,Control,30,750.53062
2023-06-08 17:05,Control,50,788.2826
2023-06-08 17:05,Saltwater,5,483.8309487
2023-06-08 17:05,Saltwater,15,484.2965672
2023-06-08 17:05,Saltwater,30,630.19074
2023-06-08 17:05,Saltwater,50,678.29544
2023-06-08 17:05,Freshwater,5,564.4627074
2023-06-08 17:05,Freshwater,15,304.804806
2023-06-08 17:05,Freshwater,30,313.96404
2023-06-08 17:05,Freshwater,50,756.73104
2023-06-08 17:10,Control,5,581.4925622
2023-06-08 17:10,Control,15,755.14112
2023-06-08 17:10,Control,30,750.63312
2023-06-08 17:10,Control,50,788.4107
2023-06-08 17:10,Saltwater,5,483.8945333
2023-06-08 17:10,Saltwater,15,481.026244
2023-06-08 17:10,Saltwater,30,629.99362
2023-06-08 17:10,Saltwater,50,678.20156
2023-06-08 17:10,Freshwater,5,564.1317464
2023-06-08 17:10,Freshwater,15,303.991544
2023-06-08 17:10,Freshwater,30,313.86466
2023-06-08 17:10,Freshwater,50,756.23498
2023-06-08 17:15,Control,5,582.4705667
2023-06-08 17:15,Control,15,755.28244
2023-06-08 17:15,Control,30,750.6719
2023-06-08 17:15,Control,50,788.41565
2023-06-08 17:15,Saltwater,5,483.684442
2023-06-08 17:15,Saltwater,15,481.610364
2023-06-08 17:15,Saltwater,30,630.0342
2023-06-08 17:15,Saltwater,50,678.03814
2023-06-08 17:15,Freshwater,5,563.8578568
2023-06-08 17:15,Freshwater,15,304.568726
2023-06-08 17:15,Freshwater,30,313.1504
2023-06-08 17:15,Freshwater,50,756.5377
2023-06-08 17:20,Control,5,582.6305689
2023-06-08 17:20,Control,15,755.20994
2023-06-08 17:20,Control,30,750.7098978
2023-06-08 17:20,Control,50,788.3765278
2023-06-08 17:20,Saltwater,5,483.7815653
2023-06-08 17:20,Saltwater,15,467.212208
2023-06-08 17:20,Saltwater,30,629.93116
2023-06-08 17:20,Saltwater,50,677.86682
2023-06-08 17:20,Freshwater,5,563.7195099
2023-06-08 17:20,Freshwater,15,304.46741
2023-06-08 17:20,Freshwater,30,313.08312
2023-06-08 17:20,Freshwater,50,756.30352
2023-06-08 17:25,Control,5,583.1397911
2023-06-08 17:25,Control,15,755.3535
2023-06-08 17:25,Control,30,750.7930556
2023-06-08 17:25,Control,50,788.3918056
2023-06-08 17:25,Saltwater,5,483.5419467
2023-06-08 17:25,Saltwater,15,463.0535
2023-06-08 17:25,Saltwater,30,629.73258
2023-06-08 17:25,Saltwater,50,677.83954
2023-06-08 17:25,Freshwater,5,563.3976577
2023-06-08 17:25,Freshwater,15,304.158608
2023-06-08 17:25,Freshwater,30,312.77404
2023-06-08 17:25,Freshwater,50,756.25216
2023-06-08 17:30,Control,5,582.7578533
2023-06-08 17:30,Control,15,755.39042
2023-06-08 17:30,Control,30,750.9062333
2023-06-08 17:30,Control,50,788.2745833
2023-06-08 17:30,Saltwater,5,483.493226
2023-06-08 17:30,Saltwater,15,460.75856
2023-06-08 17:30,Saltwater,30,629.75156
2023-06-08 17:30,Saltwater,50,677.61796
2023-06-08 17:30,Freshwater,5,563.3686864
2023-06-08 17:30,Freshwater,15,304.093216
2023-06-08 17:30,Freshwater,30,312.1991
2023-06-08 17:30,Freshwater,50,755.79156
2023-06-08 17:35,Control,5,582.8244956
2023-06-08 17:35,Control,15,755.39966
2023-06-08 17:35,Control,30,751.0179133
2023-06-08 17:35,Control,50,788.4552083
2023-06-08 17:35,Saltwater,5,483.507698
2023-06-08 17:35,Saltwater,15,458.6271267
2023-06-08 17:35,Saltwater,30,629.63738
2023-06-08 17:35,Saltwater,50,677.54046
2023-06-08 17:35,Freshwater,5,563.3971894
2023-06-08 17:35,Freshwater,15,303.6112253
2023-06-08 17:35,Freshwater,30,312.1296
2023-06-08 17:35,Freshwater,50,754.86554
2023-06-08 17:40,Control,5,582.4122178
2023-06-08 17:40,Control,15,755.51042
2023-06-08 17:40,Control,30,751.0603133
2023-06-08 17:40,Control,50,788.4212583
2023-06-08 17:40,Saltwater,5,483.399166
2023-06-08 17:40,Saltwater,15,451.1544333
2023-06-08 17:40,Saltwater,30,629.6279
2023-06-08 17:40,Saltwater,50,677.42752
2023-06-08 17:40,Freshwater,5,563.0236308
2023-06-08 17:40,Freshwater,15,303.7764367
2023-06-08 17:40,Freshwater,30,311.78984
2023-06-08 17:40,Freshwater,50,755.23972
2023-06-08 17:45,Control,5,582.53916
2023-06-08 17:45,Control,15,755.5079
2023-06-08 17:45,Control,30,751.0577333
2023-06-08 17:45,Control,50,788.4612833
2023-06-08 17:45,Saltwater,5,483.367708
2023-06-08 17:45,Saltwater,15,450.95682
2023-06-08 17:45,Saltwater,30,629.56374
2023-06-08 17:45,Saltwater,50,677.32972
2023-06-08 17:45,Freshwater,5,562.9293176
2023-06-08 17:45,Freshwater,15,303.637704
2023-06-08 17:45,Freshwater,30,311.55412
2023-06-08 17:45,Freshwater,50,755.04766
2023-06-08 17:50,Control,5,582.78564
2023-06-08 17:50,Control,15,755.51862
2023-06-08 17:50,Control,30,751.2050933
2023-06-08 17:50,Control,50,788.4726583
2023-06-08 17:50,Saltwater,5,483.2962613
2023-06-08 17:50,Saltwater,15,445.70394
2023-06-08 17:50,Saltwater,30,629.42968
2023-06-08 17:50,Saltwater,50,677.12766
2023-06-08 17:50,Freshwater,5,562.5214653
2023-06-08 17:50,Freshwater,15,303.265094
2023-06-08 17:50,Freshwater,30,311.2883467
2023-06-08 17:50,Freshwater,50,754.7539067
2023-06-08 17:55,Control,5,583.11322
2023-06-08 17:55,Control,15,755.65054
2023-06-08 17:55,Control,30,751.2684333
2023-06-08 17:55,Control,50,788.5038833
2023-06-08 17:55,Saltwater,5,483.4311667
2023-06-08 17:55,Saltwater,15,436.56276
2023-06-08 17:55,Saltwater,30,629.29812
2023-06-08 17:55,Saltwater,50,676.79196
2023-06-08 17:55,Freshwater,5,562.0695827
2023-06-08 17:55,Freshwater,15,303.297718
2023-06-08 17:55,Freshwater,30,310.1701933
2023-06-08 17:55,Freshwater,50,754.4106333
2023-06-08 18:00,Control,5,583.12732
2023-06-08 18:00,Control,15,755.70536
2023-06-08 18:00,Control,30,751.3572333
2023-06-08 18:00,Control,50,788.5257583
2023-06-08 18:00,Saltwater,5,483.2492
2023-06-08 18:00,Saltwater,15,432.6678
2023-06-08 18:00,Saltwater,30,629.11742
2023-06-08 18:00,Saltwater,50,676.81484
2023-06-08 18:00,Freshwater,5,562.170956
2023-06-08 18:00,Freshwater,15,303.298806
2023-06-08 18:00,Freshwater,30,310.61794
2023-06-08 18:00,Freshwater,50,754.354
2023-06-08 18:05,Control,5,583.3938822
2023-06-08 18:05,Control,15,755.6387
2023-06-08 18:05,Control,30,751.4272733
2023-06-08 18:05,Control,50,788.5275583
2023-06-08 18:05,Saltwater,5,483.1540947
2023-06-08 18:05,Saltwater,15,429.94036
2023-06-08 18:05,Saltwater,30,629.053
2023-06-08 18:05,Saltwater,50,676.7167
2023-06-08 18:05,Freshwater,5,561.8618913
2023-06-08 18:05,Freshwater,15,303.333206
2023-06-08 18:05,Freshwater,30,310.38046
2023-06-08 18:05,Freshwater,50,753.84668
2023-06-08 18:10,Control,5,583.7417444
2023-06-08 18:10,Control,15,755.79604
2023-06-08 18:10,Control,30,751.5161133
2023-06-08 18:10,Control,50,788.5922083
2023-06-08 18:10,Saltwater,5,483.0874733
2023-06-08 18:10,Saltwater,15,427.92478
2023-06-08 18:10,Saltwater,30,629.11634
2023-06-08 18:10,Saltwater,50,676.5748
2023-06-08 18:10,Freshwater,5,561.6843067
2023-06-08 18:10,Freshwater,15,303.264486
2023-06-08 18:10,Freshwater,30,309.86994
2023-06-08 18:10,Freshwater,50,754.11412
2023-06-08 18:15,Control,5,583.5882267
2023-06-08 18:15,Control,15,755.83312
2023-06-08 18:15,Control,30,751.6554133
2023-06-08 18:15,Control,50,788.5460583
2023-06-08 18:15,Saltwater,5,483.030538
2023-06-08 18:15,Saltwater,15,426.01938
2023-06-08 18:15,Saltwater,30,629.02402
2023-06-08 18:15,Saltwater,50,676.51774
2023-06-08 18:15,Freshwater,5,561.648212
2023-06-08 18:15,Freshwater,15,303.231218
2023-06-08 18:15,Freshwater,30,309.63276
2023-06-08 18:15,Freshwater,50,753.40458
2023-06-08 18:20,Control,5,583.2655089
2023-06-08 18:20,Control,15,755.9814933
2023-06-08 18:20,Control,30,751.7475133
2023-06-08 18:20,Control,50,788.6203583
2023-06-08 18:20,Saltwater,5,483.1288013
2023-06-08 18:20,Saltwater,15,424.5575467
2023-06-08 18:20,Saltwater,30,628.8933667
2023-06-08 18:20,Saltwater,50,676.3531067
2023-06-08 18:20,Freshwater,5,561.303992
2023-06-08 18:20,Freshwater,15,302.754286
2023-06-08 18:20,Freshwater,30,309.2625267
2023-06-08 18:20,Freshwater,50,753.7763867
2023-06-08 18:25,Control,5,583.0843511
2023-06-08 18:25,Control,15,755.9661267
2023-06-08 18:25,Control,30,751.8124533
2023-06-08 18:25,Control,50,788.6594333
2023-06-08 18:25,Saltwater,5,483.1284847
2023-06-08 18:25,Saltwater,15,423.2010133
2023-06-08 18:25,Saltwater,30,628.8026533
2023-06-08 18:25,Saltwater,50,676.3313733
2023-06-08 18:25,Freshwater,5,561.20629
2023-06-08 18:25,Freshwater,15,303.061262
2023-06-08 18:25,Freshwater,30,308.7587133
2023-06-08 18:25,Freshwater,50,753.5498933
2023-06-08 18:30,Control,5,583.1838733
2023-06-08 18:30,Control,15,755.99564
2023-06-08 18:30,Control,30,751.9563733
2023-06-08 18:30,Control,50,788.7526083
2023-06-08 18:30,Saltwater,5,483.095346
2023-06-08 18:30,Saltwater,15,421.74316
2023-06-08 18:30,Saltwater,30,628.7822
2023-06-08 18:30,Saltwater,50,676.20958
2023-06-08 18:30,Freshwater,5,560.934908
2023-06-08 18:30,Freshwater,15,302.959442
2023-06-08 18:30,Freshwater,30,308.76366
2023-06-08 18:30,Freshwater,50,753.38548
2023-06-08 18:35,Control,5,583.0312133
2023-06-08 18:35,Control,15,756.09066
2023-06-08 18:35,Control,30,752.0511933
2023-06-08 18:35,Control,50,788.6954583
2023-06-08 18:35,Saltwater,5,483.1005613
2023-06-08 18:35,Saltwater,15,420.6978867
2023-06-08 18:35,Saltwater,30,628.5587
2023-06-08 18:35,Saltwater,50,676.12432
2023-06-08 18:35,Freshwater,5,560.187254
2023-06-08 18:35,Freshwater,15,302.857468
2023-06-08 18:35,Freshwater,30,308.21988
2023-06-08 18:35,Freshwater,50,753.24954
2023-06-08 18:40,Control,5,582.9608533
2023-06-08 18:40,Control,15,756.08778
2023-06-08 18:40,Control,30,752.0483333
2023-06-08 18:40,Control,50,788.6497083
2023-06-08 18:40,Saltwater,5,483.0912847
2023-06-08 18:40,Saltwater,15,419.7438533
2023-06-08 18:40,Saltwater,30,628.58592
2023-06-08 18:40,Saltwater,50,676.04838
2023-06-08 18:40,Freshwater,5,560.39117
2023-06-08 18:40,Freshwater,15,302.993396
2023-06-08 18:40,Freshwater,30,307.67612
2023-06-08 18:40,Freshwater,50,753.28354
2023-06-08 18:45,Control,5,582.5932333
2023-06-08 18:45,Control,15,756.03154
2023-06-08 18:45,Control,30,752.1628933
2023-06-08 18:45,Control,50,788.6625333
2023-06-08 18:45,Saltwater,5,483.085906
2023-06-08 18:45,Saltwater,15,418.92924
2023-06-08 18:45,Saltwater,30,628.51674
2023-06-08 18:45,Saltwater,50,675.91088
2023-06-08 18:45,Freshwater,5,560.391168
2023-06-08 18:45,Freshwater,15,302.61956
2023-06-08 18:45,Freshwater,30,307.50622
2023-06-08 18:45,Freshwater,50,752.39992
2023-06-08 18:50,Control,5,582.5559533
2023-06-08 18:50,Control,15,756.23208
2023-06-08 18:50,Control,30,752.1242533
2023-06-08 18:50,Control,50,788.7431833
2023-06-08 18:50,Saltwater,5,482.956806
2023-06-08 18:50,Saltwater,15,418.11596
2023-06-08 18:50,Saltwater,30,628.4305067
2023-06-08 18:50,Saltwater,50,675.8941467
2023-06-08 18:50,Freshwater,5,560.1436947
2023-06-08 18:50,Freshwater,15,302.891446
2023-06-08 18:50,Freshwater,30,307.13238
2023-06-08 18:50,Freshwater,50,752.9097
2023-06-08 18:55,Control,5,582.5307733
2023-06-08 18:55,Control,15,756.27944
2023-06-08 18:55,Control,30,752.3082333
2023-06-08 18:55,Control,50,788.7144333
2023-06-08 18:55,Saltwater,5,482.786206
2023-06-08 18:55,Saltwater,15,417.33122
2023-06-08 18:55,Saltwater,30,628.2988533
2023-06-08 18:55,Saltwater,50,675.7283933
2023-06-08 18:55,Freshwater,5,559.6243393
2023-06-08 18:55,Freshwater,15,302.993406
2023-06-08 18:55,Freshwater,30,307.03042
2023-06-08 18:55,Freshwater,50,752.80774
2023-06-08 19:00,Control,5,581.9825733
2023-06-08 19:00,Control,15,756.24322
2023-06-08 19:00,Control,30,752.2378133
2023-06-08 19:00,Control,50,788.7977083
2023-06-08 19:00,Saltwater,5,482.791534
2023-06-08 19:00,Saltwater,15,416.44802
2023-06-08 19:00,Saltwater,30,628.3118
2023-06-08 19:00,Saltwater,50,675.67402
2023-06-08 19:00,Freshwater,5,559.518716
2023-06-08 19:00,Freshwater,15,302.85902
2023-06-08 19:00,Freshwater,30,306.69218
2023-06-08 19:00,Freshwater,50,752.61306
2023-06-08 19:05,Control,5,582.6247156
2023-06-08 19:05,Control,15,756.41526
2023-06-08 19:05,Control,30,752.3414733
2023-06-08 19:05,Control,50,788.7562083
2023-06-08 19:05,Saltwater,5,482.72386
2023-06-08 19:05,Saltwater,15,415.6295
2023-06-08 19:05,Saltwater,30,628.2444
2023-06-08 19:05,Saltwater,50,675.5726
2023-06-08 19:05,Freshwater,5,559.105678
2023-06-08 19:05,Freshwater,15,303.333446
2023-06-08 19:05,Freshwater,30,305.5400467
2023-06-08 19:05,Freshwater,50,752.4737667
2023-06-08 19:10,Control,5,582.3108578
2023-06-08 19:10,Control,15,756.41778
2023-06-08 19:10,Control,30,752.5490533
2023-06-08 19:10,Control,50,788.7161833
2023-06-08 19:10,Saltwater,5,482.659894
2023-06-08 19:10,Saltwater,15,414.91616
2023-06-08 19:10,Saltwater,30,628.14862
2023-06-08 19:10,Saltwater,50,675.51168
2023-06-08 19:10,Freshwater,5,559.275086
2023-06-08 19:10,Freshwater,15,303.435248
2023-06-08 19:10,Freshwater,30,305.7146333
2023-06-08 19:10,Freshwater,50,752.4097533
2023-06-08 19:15,Control,5,581.89298
2023-06-08 19:15,Control,15,756.55482
2023-06-08 19:15,Control,30,752.5493533
2023-06-08 19:15,Control,50,788.8019333
2023-06-08 19:15,Saltwater,5,482.731452
2023-06-08 19:15,Saltwater,15,414.23614
2023-06-08 19:15,Saltwater,30,628.11962
2023-06-08 19:15,Saltwater,50,675.31262
2023-06-08 19:15,Freshwater,5,558.633098
2023-06-08 19:15,Freshwater,15,303.470218
2023-06-08 19:15,Freshwater,30,305.68644
2023-06-08 19:15,Freshwater,50,752.04652
2023-06-08 19:20,Control,5,581.8508422
2023-06-08 19:20,Control,15,756.4523
2023-06-08 19:20,Control,30,752.6177333
2023-06-08 19:20,Control,50,788.8019333
2023-06-08 19:20,Saltwater,5,482.6209507
2023-06-08 19:20,Saltwater,15,413.62298
2023-06-08 19:20,Saltwater,30,627.96552
2023-06-08 19:20,Saltwater,50,675.26116
2023-06-08 19:20,Freshwater,5,558.42592
2023-06-08 19:20,Freshwater,15,303.503322
2023-06-08 19:20,Freshwater,30,305.07384
2023-06-08 19:20,Freshwater,50,752.04142
2023-06-08 19:25,Control,5,581.6719644
2023-06-08 19:25,Control,15,756.52064
2023-06-08 19:25,Control,30,752.6860933
2023-06-08 19:25,Control,50,788.7164833
2023-06-08 19:25,Saltwater,5,482.4738113
2023-06-08 19:25,Saltwater,15,413.04212
2023-06-08 19:25,Saltwater,30,628.01238
2023-06-08 19:25,Saltwater,50,675.20552
2023-06-08 19:25,Freshwater,5,558.434372
2023-06-08 19:25,Freshwater,15,302.927828
2023-06-08 19:25,Freshwater,30,304.73622
2023-06-08 19:25,Freshwater,50,752.05458
2023-06-08 19:30,Control,5,581.5272667
2023-06-08 19:30,Control,15,756.589
2023-06-08 19:30,Control,30,752.6860733
2023-06-08 19:30,Control,50,788.8019333
2023-06-08 19:30,Saltwater,5,482.600306
2023-06-08 19:30,Saltwater,15,412.52994
2023-06-08 19:30,Saltwater,30,627.78724
2023-06-08 19:30,Saltwater,50,675.15086
2023-06-08 19:30,Freshwater,5,558.26346
2023-06-08 19:30,Freshwater,15,303.403352
2023-06-08 19:30,Freshwater,30,304.49808
2023-06-08 19:30,Freshwater,50,751.84916
2023-06-08 19:35,Control,5,581.4772089
2023-06-08 19:35,Control,15,756.64566
2023-06-08 19:35,Control,30,752.8111933
2023-06-08 19:35,Control,50,788.7041333
2023-06-08 19:35,Saltwater,5,482.7675953
2023-06-08 19:35,Saltwater,15,412.0484733
2023-06-08 19:35,Saltwater,30,627.82356
2023-06-08 19:35,Saltwater,50,674.88034
2023-06-08 19:35,Freshwater,5,558.046522
2023-06-08 19:35,Freshwater,15,303.884738
2023-06-08 19:35,Freshwater,30,303.68798
2023-06-08 19:35,Freshwater,50,751.71184
2023-06-08 19:40,Control,5,581.5103111
2023-06-08 19:40,Control,15,756.68998
2023-06-08 19:40,Control,30,752.9579733
2023-06-08 19:40,Control,50,788.8857833
2023-06-08 19:40,Saltwater,5,482.3193907
2023-06-08 19:40,Saltwater,15,411.5661067
2023-06-08 19:40,Saltwater,30,627.82384
2023-06-08 19:40,Saltwater,50,674.84658
2023-06-08 19:40,Freshwater,5,557.87281
2023-06-08 19:40,Freshwater,15,303.883726
2023-06-08 19:40,Freshwater,30,303.72094
2023-06-08 19:40,Freshwater,50,751.53602
2023-06-08 19:45,Control,5,581.1273133
2023-06-08 19:45,Control,15,756.75974
2023-06-08 19:45,Control,30,752.8909733
2023-06-08 19:45,Control,50,788.7163333
2023-06-08 19:45,Saltwater,5,482.65138
2023-06-08 19:45,Saltwater,15,411.11442
2023-06-08 19:45,Saltwater,30,627.7829
2023-06-08 19:45,Saltwater,50,674.7707
2023-06-08 19:45,Freshwater,5,557.130348
2023-06-08 19:45,Freshwater,15,304.021074
2023-06-08 19:45,Freshwater,30,302.94062
2023-06-08 19:45,Freshwater,50,751.37426
2023-06-08 19:50,Control,5,581.2641333
2023-06-08 19:50,Control,15,756.72572
2023-06-08 19:50,Control,30,752.9594733
2023-06-08 19:50,Control,50,788.8019333
2023-06-08 19:50,Saltwater,5,482.587032
2023-06-08 19:50,Saltwater,15,410.60542
2023-06-08 19:50,Saltwater,30,627.58412
2023-06-08 19:50,Saltwater,50,674.50434
2023-06-08 19:50,Freshwater,5,557.4579493
2023-06-08 19:50,Freshwater,15,304.155034
2023-06-08 19:50,Freshwater,30,302.46284
2023-06-08 19:50,Freshwater,50,751.26066
2023-06-08 19:55,Control,5,580.8473533
2023-06-08 19:55,Control,15,756.7842
2023-06-08 19:55,Control,30,753.1206133
2023-06-08 19:55,Control,50,788.7915083
2023-06-08 19:55,Saltwater,5,482.212196
2023-06-08 19:55,Saltwater,15,410.19634
2023-06-08 19:55,Saltwater,30,627.58492
2023-06-08 19:55,Saltwater,50,674.50524
2023-06-08 19:55,Freshwater,5,557.4304967
2023-06-08 19:55,Freshwater,15,303.954148
2023-06-08 19:55,Freshwater,30,302.29586
2023-06-08 19:55,Freshwater,50,750.36066
2023-06-08 20:00,Control,5,580.5103333
2023-06-08 20:00,Control,15,756.8596
2023-06-08 20:00,Control,30,753.0934133
2023-06-08 20:00,Control,50,788.7989583
2023-06-08 20:00,Saltwater,5,482.724098
2023-06-08 20:00,Saltwater,15,409.75274
2023-06-08 20:00,Saltwater,30,627.55086
2023-06-08 20:00,Saltwater,50,674.40294
2023-06-08 20:00,Freshwater,5,557.05541
2023-06-08 20:00,Freshwater,15,304.226966
2023-06-08 20:00,Freshwater,30,301.78696
2023-06-08 20:00,Freshwater,50,750.87596
2023-06-08 20:05,Control,5,580.2624733
2023-06-08 20:05,Control,15,756.94934
2023-06-08 20:05,Control,30,753.2516133
2023-06-08 20:05,Control,50,788.9136083
2023-06-08 20:05,Saltwater,5,482.758202
2023-06-08 20:05,Saltwater,15,409.41152
2023-06-08 20:05,Saltwater,30,627.34614
2023-06-08 20:05,Saltwater,50,674.30058
2023-06-08 20:05,Freshwater,5,556.850466
2023-06-08 20:05,Freshwater,15,304.192718
2023-06-08 20:05,Freshwater,30,301.4903533
2023-06-08 20:05,Freshwater,50,750.8839933
2023-06-08 20:10,Control,5,580.0987133
2023-06-08 20:10,Control,15,756.85732
2023-06-08 20:10,Control,30,753.3645733
2023-06-08 20:10,Control,50,788.9247333
2023-06-08 20:10,Saltwater,5,482.724074
2023-06-08 20:10,Saltwater,15,409.13854
2023-06-08 20:10,Saltwater,30,627.34614
2023-06-08 20:10,Saltwater,50,674.1641
2023-06-08 20:10,Freshwater,5,556.515954
2023-06-08 20:10,Freshwater,15,303.786292
2023-06-08 20:10,Freshwater,30,300.9915067
2023-06-08 20:10,Freshwater,50,750.6640267
2023-06-08 20:15,Control,5,580.4394533
2023-06-08 20:15,Control,15,757.02672
2023-06-08 20:15,Control,30,753.3289333
2023-06-08 20:15,Control,50,788.8377333
2023-06-08 20:15,Saltwater,5,482.860594
2023-06-08 20:15,Saltwater,15,408.62666
2023-06-08 20:15,Saltwater,30,627.34612
2023-06-08 20:15,Saltwater,50,674.0617
2023-06-08 20:15,Freshwater,5,556.17642
2023-06-08 20:15,Freshwater,15,304.228252
2023-06-08 20:15,Freshwater,30,300.2194
2023-06-08 20:15,Freshwater,50,750.70816
2023-06-08 20:20,Control,5,580.1587556
2023-06-08 20:20,Control,15,756.95938
2023-06-08 20:20,Control,30,753.5008133
2023-06-08 20:20,Control,50,788.8388083
2023-06-08 20:20,Saltwater,5,482.860582
2023-06-08 20:20,Saltwater,15,408.31956
2023-06-08 20:20,Saltwater,30,627.24376
2023-06-08 20:20,Saltwater,50,673.89112
2023-06-08 20:20,Freshwater,5,556.17941
2023-06-08 20:20,Freshwater,15,304.127108
2023-06-08 20:20,Freshwater,30,299.43846
2023-06-08 20:20,Freshwater,50,750.40694
2023-06-08 20:25,Control,5,580.3186578
2023-06-08 20:25,Control,15,757.16
2023-06-08 20:25,Control,30,753.5989533
2023-06-08 20:25,Control,50,788.9195583
2023-06-08 20:25,Saltwater,5,482.724084
2023-06-08 20:25,Saltwater,15,408.08066
2023-06-08 20:25,Saltwater,30,627.31204
2023-06-08 20:25,Saltwater,50,673.72048
2023-06-08 20:25,Freshwater,5,555.87498
2023-06-08 20:25,Freshwater,15,304.127484
2023-06-08 20:25,Freshwater,30,299.64272
2023-06-08 20:25,Freshwater,50,749.96734
2023-06-08 20:30,Control,5,580.55218
2023-06-08 20:30,Control,15,757.09498
2023-06-08 20:30,Control,30,753.5338933
2023-06-08 20:30,Control,50,788.8803083
2023-06-08 20:30,Saltwater,5,482.826464
2023-06-08 20:30,Saltwater,15,407.60294
2023-06-08 20:30,Saltwater,30,627.1414
2023-06-08 20:30,Saltwater,50,673.78872
2023-06-08 20:30,Freshwater,5,555.573334
2023-06-08 20:30,Freshwater,15,304.162602
2023-06-08 20:30,Freshwater,30,299.13396
2023-06-08 20:30,Freshwater,50,750.14394
2023-06-08 20:35,Control,5,580.3454
2023-06-08 20:35,Control,15,757.1266
2023-06-08 20:35,Control,30,753.6680533
2023-06-08 20:35,Control,50,788.9203583
2023-06-08 20:35,Saltwater,5,482.8606
2023-06-08 20:35,Saltwater,15,407.32996
2023-06-08 20:35,Saltwater,30,627.03898
2023-06-08 20:35,Saltwater,50,673.58396
2023-06-08 20:35,Freshwater,5,555.78395
2023-06-08 20:35,Freshwater,15,304.130404
2023-06-08 20:35,Freshwater,30,298.52384
2023-06-08 20:35,Freshwater,50,749.67854
2023-06-08 20:40,Control,5,580.17994
2023-06-08 20:40,Control,15,757.20296
2023-06-08 20:40,Control,30,753.7101933
2023-06-08 20:40,Control,50,788.9715583
2023-06-08 20:40,Saltwater,5,482.997088
2023-06-08 20:40,Saltwater,15,406.9546
2023-06-08 20:40,Saltwater,30,627.0049
2023-06-08 20:40,Saltwater,50,673.37924
2023-06-08 20:40,Freshwater,5,555.609976
2023-06-08 20:40,Freshwater,15,303.99339
2023-06-08 20:40,Freshwater,30,298.14896
2023-06-08 20:40,Freshwater,50,749.67226
2023-06-08 20:45,Control,5,580.34764
2023-06-08 20:45,Control,15,757.23244
2023-06-08 20:45,Control,30,753.7396933
2023-06-08 20:45,Control,50,788.9238333
2023-06-08 20:45,Saltwater,5,482.997096
2023-06-08 20:45,Saltwater,15,406.6816
2023-06-08 20:45,Saltwater,30,626.93662
2023-06-08 20:45,Saltwater,50,673.20862
2023-06-08 20:45,Freshwater,5,555.302386
2023-06-08 20:45,Freshwater,15,304.978628
2023-06-08 20:45,Freshwater,30,297.16282
2023-06-08 20:45,Freshwater,50,749.8396
2023-06-08 20:50,Control,5,580.62452
2023-06-08 20:50,Control,15,757.2255933
2023-06-08 20:50,Control,30,753.9498333
2023-06-08 20:50,Control,50,789.0147583
2023-06-08 20:50,Saltwater,5,483.09946
2023-06-08 20:50,Saltwater,15,406.30626
2023-06-08 20:50,Saltwater,30,626.80014
2023-06-08 20:50,Saltwater,50,673.14036
2023-06-08 20:50,Freshwater,5,555.103038
2023-06-08 20:50,Freshwater,15,305.217824
2023-06-08 20:50,Freshwater,30,296.99398
2023-06-08 20:50,Freshwater,50,749.5409
2023-06-08 20:55,Control,5,580.31108
2023-06-08 20:55,Control,15,757.3075067
2023-06-08 20:55,Control,30,753.9754533
2023-06-08 20:55,Control,50,789.0055583
2023-06-08 20:55,Saltwater,5,483.031196
2023-06-08 20:55,Saltwater,15,405.89678
2023-06-08 20:55,Saltwater,30,626.66364
2023-06-08 20:55,Saltwater,50,672.96974
2023-06-08 20:55,Freshwater,5,554.559882
2023-06-08 20:55,Freshwater,15,305.285992
2023-06-08 20:55,Freshwater,30,296.45032
2023-06-08 20:55,Freshwater,50,749.67788
2023-06-08 21:00,Control,5,580.51664
2023-06-08 21:00,Control,15,757.33048
2023-06-08 21:00,Control,30,754.0787333
2023-06-08 21:00,Control,50,788.9636333
2023-06-08 21:00,Saltwater,5,482.997064
2023-06-08 21:00,Saltwater,15,405.62376
2023-06-08 21:00,Saltwater,30,626.8684
2023-06-08 21:00,Saltwater,50,672.93562
2023-06-08 21:00,Freshwater,5,554.560946
2023-06-08 21:00,Freshwater,15,305.864082
2023-06-08 21:00,Freshwater,30,295.60082
2023-06-08 21:00,Freshwater,50,749.4756
2023-06-08 21:05,Control,5,580.71918
2023-06-08 21:05,Control,15,757.39516
2023-06-08 21:05,Control,30,754.0750133
2023-06-08 21:05,Control,50,789.0024833
2023-06-08 21:05,Saltwater,5,483.099436
2023-06-08 21:05,Saltwater,15,405.1753933
2023-06-08 21:05,Saltwater,30,626.76602
2023-06-08 21:05,Saltwater,50,672.86736
2023-06-08 21:05,Freshwater,5,554.695828
2023-06-08 21:05,Freshwater,15,305.557876
2023-06-08 21:05,Freshwater,30,295.29462
2023-06-08 21:05,Freshwater,50,749.032
2023-06-08 21:10,Control,5,580.86188
2023-06-08 21:10,Control,15,757.43816
2023-06-08 21:10,Control,30,754.1521733
2023-06-08 21:10,Control,50,789.0118333
2023-06-08 21:10,Saltwater,5,483.338302
2023-06-08 21:10,Saltwater,15,404.8293467
2023-06-08 21:10,Saltwater,30,626.66366
2023-06-08 21:10,Saltwater,50,672.73086
2023-06-08 21:10,Freshwater,5,554.389048
2023-06-08 21:10,Freshwater,15,306.067528
2023-06-08 21:10,Freshwater,30,294.7166
2023-06-08 21:10,Freshwater,50,749.40462
2023-06-08 21:15,Control,5,580.89816
2023-06-08 21:15,Control,15,757.50964
2023-06-08 21:15,Control,30,754.2236333
2023-06-08 21:15,Control,50,789.0151083
2023-06-08 21:15,Saltwater,5,483.201816
2023-06-08 21:15,Saltwater,15,404.48332
2023-06-08 21:15,Saltwater,30,626.62954
2023-06-08 21:15,Saltwater,50,672.5944
2023-06-08 21:15,Freshwater,5,554.187016
2023-06-08 21:15,Freshwater,15,306.000044
2023-06-08 21:15,Freshwater,30,294.30916
2023-06-08 21:15,Freshwater,50,749.03364
2023-06-08 21:20,Control,5,581.20602
2023-06-08 21:20,Control,15,757.51
2023-06-08 21:20,Control,30,754.3607133
2023-06-08 21:20,Control,50,789.0155333
2023-06-08 21:20,Saltwater,5,483.13358
2023-06-08 21:20,Saltwater,15,404.03972
2023-06-08 21:20,Saltwater,30,626.5319467
2023-06-08 21:20,Saltwater,50,672.5308867
2023-06-08 21:20,Freshwater,5,553.94922
2023-06-08 21:20,Freshwater,15,305.626206
2023-06-08 21:20,Freshwater,30,293.59536
2023-06-08 21:20,Freshwater,50,748.93194
2023-06-08 21:25,Control,5,580.99492
2023-06-08 21:25,Control,15,757.67194
2023-06-08 21:25,Control,30,754.4543733
2023-06-08 21:25,Control,50,789.0060833
2023-06-08 21:25,Saltwater,5,483.304184
2023-06-08 21:25,Saltwater,15,403.834958
2023-06-08 21:25,Saltwater,30,626.5367333
2023-06-08 21:25,Saltwater,50,672.3650533
2023-06-08 21:25,Freshwater,5,553.609322
2023-06-08 21:25,Freshwater,15,306.068074
2023-06-08 21:25,Freshwater,30,292.30374
2023-06-08 21:25,Freshwater,50,748.796
2023-06-08 21:30,Control,5,581.13226
2023-06-08 21:30,Control,15,757.60454
2023-06-08 21:30,Control,30,754.3869533
2023-06-08 21:30,Control,50,789.0070833
2023-06-08 21:30,Saltwater,5,483.099468
2023-06-08 21:30,Saltwater,15,403.561982
2023-06-08 21:30,Saltwater,30,626.43914
2023-06-08 21:30,Saltwater,50,672.33574
2023-06-08 21:30,Freshwater,5,553.915258
2023-06-08 21:30,Freshwater,15,306.068074
2023-06-08 21:30,Freshwater,30,292.37174
2023-06-08 21:30,Freshwater,50,748.66002
2023-06-08 21:35,Control,5,581.37458
2023-06-08 21:35,Control,15,757.64332
2023-06-08 21:35,Control,30,754.5623533
2023-06-08 21:35,Control,50,789.0973583
2023-06-08 21:35,Saltwater,5,483.1383787
2023-06-08 21:35,Saltwater,15,403.084232
2023-06-08 21:35,Saltwater,30,626.30266
2023-06-08 21:35,Saltwater,50,672.06274
2023-06-08 21:35,Freshwater,5,553.235434
2023-06-08 21:35,Freshwater,15,306.000106
2023-06-08 21:35,Freshwater,30,291.86188
2023-06-08 21:35,Freshwater,50,748.28612
2023-06-08 21:40,Control,5,581.26608
2023-06-08 21:40,Control,15,757.83956
2023-06-08 21:40,Control,30,754.5536133
2023-06-08 21:40,Control,50,789.0453333
2023-06-08 21:40,Saltwater,5,483.2796613
2023-06-08 21:40,Saltwater,15,402.811248
2023-06-08 21:40,Saltwater,30,626.26854
2023-06-08 21:40,Saltwater,50,671.9945
2023-06-08 21:40,Freshwater,5,553.09944
2023-06-08 21:40,Freshwater,15,306.272034
2023-06-08 21:40,Freshwater,30,291.0801
2023-06-08 21:40,Freshwater,50,748.49008
2023-06-08 21:45,Control,5,581.23164
2023-06-08 21:45,Control,15,757.805
2023-06-08 21:45,Control,30,754.7241733
2023-06-08 21:45,Control,50,789.0876583
2023-06-08 21:45,Saltwater,5,483.250316
2023-06-08 21:45,Saltwater,15,402.470006
2023-06-08 21:45,Saltwater,30,626.20028
2023-06-08 21:45,Saltwater,50,671.89212
2023-06-08 21:45,Freshwater,5,553.167458
2023-06-08 21:45,Freshwater,15,305.558224
2023-06-08 21:45,Freshwater,30,290.91014
2023-06-08 21:45,Freshwater,50,747.84422
2023-06-08 21:50,Control,5,581.40006
2023-06-08 21:50,Control,15,757.93802
2023-06-08 21:50,Control,30,754.7888533
2023-06-08 21:50,Control,50,789.0411083
2023-06-08 21:50,Saltwater,5,483.4305053
2023-06-08 21:50,Saltwater,15,402.231146
2023-06-08 21:50,Saltwater,30,626.20028
2023-06-08 21:50,Saltwater,50,671.858
2023-06-08 21:50,Freshwater,5,552.997506
2023-06-08 21:50,Freshwater,15,305.830146
2023-06-08 21:50,Freshwater,30,289.9584
2023-06-08 21:50,Freshwater,50,748.69398
2023-06-08 21:55,Control,5,581.2377
2023-06-08 21:55,Control,15,757.98484
2023-06-08 21:55,Control,30,754.9380933
2023-06-08 21:55,Control,50,789.1825333
2023-06-08 21:55,Saltwater,5,483.3718347
2023-06-08 21:55,Saltwater,15,401.855782
2023-06-08 21:55,Saltwater,30,626.09792
2023-06-08 21:55,Saltwater,50,671.75562
2023-06-08 21:55,Freshwater,5,552.827536
2023-06-08 21:55,Freshwater,15,306.204054
2023-06-08 21:55,Freshwater,30,289.10866
2023-06-08 21:55,Freshwater,50,748.18414
2023-06-08 22:00,Control,5,580.81706
2023-06-08 22:00,Control,15,757.93506
2023-06-08 22:00,Control,30,754.9909333
2023-06-08 22:00,Control,50,789.2087833
2023-06-08 22:00,Saltwater,5,483.244924
2023-06-08 22:00,Saltwater,15,401.75341
2023-06-08 22:00,Saltwater,30,625.99554
2023-06-08 22:00,Saltwater,50,671.55088
2023-06-08 22:00,Freshwater,5,552.453632
2023-06-08 22:00,Freshwater,15,306.238026
2023-06-08 22:00,Freshwater,30,288.73476
2023-06-08 22:00,Freshwater,50,747.77626
2023-06-08 22:05,Control,5,580.68844
2023-06-08 22:05,Control,15,757.9692733
2023-06-08 22:05,Control,30,754.9345133
2023-06-08 22:05,Control,50,789.1360333
2023-06-08 22:05,Saltwater,5,483.279048
2023-06-08 22:05,Saltwater,15,401.37804
2023-06-08 22:05,Saltwater,30,625.9273
2023-06-08 22:05,Saltwater,50,671.44852
2023-06-08 22:05,Freshwater,5,551.906084
2023-06-08 22:05,Freshwater,15,306.169016
2023-06-08 22:05,Freshwater,30,287.8162
2023-06-08 22:05,Freshwater,50,747.83842
2023-06-08 22:10,Control,5,580.65858
2023-06-08 22:10,Control,15,757.9636467
2023-06-08 22:10,Control,30,755.0774933
2023-06-08 22:10,Control,50,789.2709083
2023-06-08 22:10,Saltwater,5,483.415532
2023-06-08 22:10,Saltwater,15,401.036776
2023-06-08 22:10,Saltwater,30,625.9614
2023-06-08 22:10,Saltwater,50,671.34614
2023-06-08 22:10,Freshwater,5,551.773488
2023-06-08 22:10,Freshwater,15,306.271918
2023-06-08 22:10,Freshwater,30,286.96718
2023-06-08 22:10,Freshwater,50,747.63974
2023-06-08 22:15,Control,5,581.00092
2023-06-08 22:15,Control,15,758.02088
2023-06-08 22:15,Control,30,755.2150933
2023-06-08 22:15,Control,50,789.1436333
2023-06-08 22:15,Saltwater,5,483.279044
2023-06-08 22:15,Saltwater,15,400.866162
2023-06-08 22:15,Saltwater,30,625.82492
2023-06-08 22:15,Saltwater,50,671.24378
2023-06-08 22:15,Freshwater,5,552.181722
2023-06-08 22:15,Freshwater,15,306.034088
2023-06-08 22:15,Freshwater,30,286.52538
2023-06-08 22:15,Freshwater,50,747.09642
2023-06-08 22:20,Control,5,581.03116
2023-06-08 22:20,Control,15,758.08342
2023-06-08 22:20,Control,30,755.2434533
2023-06-08 22:20,Control,50,789.2229083
2023-06-08 22:20,Saltwater,5,483.3814
2023-06-08 22:20,Saltwater,15,400.524954
2023-06-08 22:20,Saltwater,30,625.68842
2023-06-08 22:20,Saltwater,50,671.10728
2023-06-08 22:20,Freshwater,5,551.9145767
2023-06-08 22:20,Freshwater,15,306.272018
2023-06-08 22:20,Freshwater,30,285.70962
2023-06-08 22:20,Freshwater,50,747.77624
2023-06-08 22:25,Control,5,581.17132
2023-06-08 22:25,Control,15,758.08852
2023-06-08 22:25,Control,30,755.2143733
2023-06-08 22:25,Control,50,789.2283583
2023-06-08 22:25,Saltwater,5,483.44966
2023-06-08 22:25,Saltwater,15,400.14959
2023-06-08 22:25,Saltwater,30,625.75666
2023-06-08 22:25,Saltwater,50,671.03904
2023-06-08 22:25,Freshwater,5,551.8173813
2023-06-08 22:25,Freshwater,15,306.475966
2023-06-08 22:25,Freshwater,30,285.06378
2023-06-08 22:25,Freshwater,50,747.33438
2023-06-08 22:30,Control,5,581.47682
2023-06-08 22:30,Control,15,758.18798
2023-06-08 22:30,Control,30,755.3479933
2023-06-08 22:30,Control,50,789.3105333
2023-06-08 22:30,Saltwater,5,483.41552
2023-06-08 22:30,Saltwater,15,399.876616
2023-06-08 22:30,Saltwater,30,625.62018
2023-06-08 22:30,Saltwater,50,670.76604
2023-06-08 22:30,Freshwater,5,551.618236
2023-06-08 22:30,Freshwater,15,306.068076
2023-06-08 22:30,Freshwater,30,284.41798
2023-06-08 22:30,Freshwater,50,747.13044
2023-06-08 22:35,Control,5,581.68418
2023-06-08 22:35,Control,15,758.22556
2023-06-08 22:35,Control,30,755.4539333
2023-06-08 22:35,Control,50,789.2286833
2023-06-08 22:35,Saltwater,5,482.93778
2023-06-08 22:35,Saltwater,15,399.501232
2023-06-08 22:35,Saltwater,30,625.7273467
2023-06-08 22:35,Saltwater,50,670.7367067
2023-06-08 22:35,Freshwater,5,551.210354
2023-06-08 22:35,Freshwater,15,306.543946
2023-06-08 22:35,Freshwater,30,283.19432
2023-06-08 22:35,Freshwater,50,746.99448
2023-06-08 22:40,Control,5,581.8212
2023-06-08 22:40,Control,15,758.29436
2023-06-08 22:40,Control,30,755.5569133
2023-06-08 22:40,Control,50,789.2291583
2023-06-08 22:40,Saltwater,5,482.90366
2023-06-08 22:40,Saltwater,15,399.228262
2023-06-08 22:40,Saltwater,30,625.4932533
2023-06-08 22:40,Saltwater,50,670.4685133
2023-06-08 22:40,Freshwater,5,551.30861
2023-06-08 22:40,Freshwater,15,306.474924
2023-06-08 22:40,Freshwater,30,282.3098
2023-06-08 22:40,Freshwater,50,746.95468
2023-06-08 22:45,Control,5,582.2883
2023-06-08 22:45,Control,15,758.34596
2023-06-08 22:45,Control,30,755.6427533
2023-06-08 22:45,Control,50,789.3396083
2023-06-08 22:45,Saltwater,5,482.83542
2023-06-08 22:45,Saltwater,15,398.98937
2023-06-08 22:45,Saltwater,30,625.6004
2023-06-08 22:45,Saltwater,50,670.4733
2023-06-08 22:45,Freshwater,5,551.311826
2023-06-08 22:45,Freshwater,15,306.373856
2023-06-08 22:45,Freshwater,30,282.1405
2023-06-08 22:45,Freshwater,50,746.65382
2023-06-08 22:50,Control,5,582.3382978
2023-06-08 22:50,Control,15,758.32332
2023-06-08 22:50,Control,30,755.6542733
2023-06-08 22:50,Control,50,789.3518083
2023-06-08 22:50,Saltwater,5,482.562436
2023-06-08 22:50,Saltwater,15,398.614018
2023-06-08 22:50,Saltwater,30,625.4639
2023-06-08 22:50,Saltwater,50,670.37094
2023-06-08 22:50,Freshwater,5,550.632506
2023-06-08 22:50,Freshwater,15,306.5487207
2023-06-08 22:50,Freshwater,30,281.35882
2023-06-08 22:50,Freshwater,50,746.65458
2023-06-08 22:55,Control,5,582.2431756
2023-06-08 22:55,Control,15,758.4934
2023-06-08 22:55,Control,30,755.6876333
2023-06-08 22:55,Control,50,789.2655333
2023-06-08 22:55,Saltwater,5,482.596524
2023-06-08 22:55,Saltwater,15,398.477548
2023-06-08 22:55,Saltwater,30,625.32742
2023-06-08 22:55,Saltwater,50,670.2003
2023-06-08 22:55,Freshwater,5,550.972414
2023-06-08 22:55,Freshwater,15,306.4515373
2023-06-08 22:55,Freshwater,30,280.57704
2023-06-08 22:55,Freshwater,50,746.58656
2023-06-08 23:00,Control,5,582.5244133
2023-06-08 23:00,Control,15,758.459
2023-06-08 23:00,Control,30,755.8582733
2023-06-08 23:00,Control,50,789.3080083
2023-06-08 23:00,Saltwater,5,482.8013
2023-06-08 23:00,Saltwater,15,398.20456
2023-06-08 23:00,Saltwater,30,625.36154
2023-06-08 23:00,Saltwater,50,670.0638
2023-06-08 23:00,Freshwater,5,550.59853
2023-06-08 23:00,Freshwater,15,305.742516
2023-06-08 23:00,Freshwater,30,279.9312
2023-06-08 23:00,Freshwater,50,746.14472
2023-06-08 23:05,Control,5,582.5623133
2023-06-08 23:05,Control,15,758.567
2023-06-08 23:05,Control,30,755.8979133
2023-06-08 23:05,Control,50,789.2283583
2023-06-08 23:05,Saltwater,5,482.8743187
2023-06-08 23:05,Saltwater,15,397.863264
2023-06-08 23:05,Saltwater,30,625.25916
2023-06-08 23:05,Saltwater,50,669.96146
2023-06-08 23:05,Freshwater,5,550.422804
2023-06-08 23:05,Freshwater,15,306.590672
2023-06-08 23:05,Freshwater,30,279.1143
2023-06-08 23:05,Freshwater,50,746.2716
2023-06-08 23:10,Control,5,582.1527133
2023-06-08 23:10,Control,15,758.60192
2023-06-08 23:10,Control,30,756.0011733
2023-06-08 23:10,Control,50,789.3573083
2023-06-08 23:10,Saltwater,5,482.8449933
2023-06-08 23:10,Saltwater,15,397.760926
2023-06-08 23:10,Saltwater,30,625.25916
2023-06-08 23:10,Saltwater,50,669.75666
2023-06-08 23:10,Freshwater,5,550.325866
2023-06-08 23:10,Freshwater,15,306.524094
2023-06-08 23:10,Freshwater,30,278.0956
2023-06-08 23:10,Freshwater,50,746.21148
2023-06-08 23:15,Control,5,582.0128333
2023-06-08 23:15,Control,15,758.56304
2023-06-08 23:15,Control,30,755.9281533
2023-06-08 23:15,Control,50,789.3096083
2023-06-08 23:15,Saltwater,5,482.918036
2023-06-08 23:15,Saltwater,15,397.385562
2023-06-08 23:15,Saltwater,30,625.12266
2023-06-08 23:15,Saltwater,50,669.75668
2023-06-08 23:15,Freshwater,5,550.054634
2023-06-08 23:15,Freshwater,15,306.490328
2023-06-08 23:15,Freshwater,30,277.55188
2023-06-08 23:15,Freshwater,50,746.0427
2023-06-08 23:20,Control,5,581.4004533
2023-06-08 23:20,Control,15,758.70392
2023-06-08 23:20,Control,30,756.2056733
2023-06-08 23:20,Control,50,789.3139833
2023-06-08 23:20,Saltwater,5,482.98626
2023-06-08 23:20,Saltwater,15,397.146678
2023-06-08 23:20,Saltwater,30,625.22504
2023-06-08 23:20,Saltwater,50,669.58608
2023-06-08 23:20,Freshwater,5,549.544832
2023-06-08 23:20,Freshwater,15,306.626284
2023-06-08 23:20,Freshwater,30,276.498192
2023-06-08 23:20,Freshwater,50,746.00874
2023-06-08 23:25,Control,5,581.1957733
2023-06-08 23:25,Control,15,758.73864
2023-06-08 23:25,Control,30,756.1378933
2023-06-08 23:25,Control,50,789.4000333
2023-06-08 23:25,Saltwater,5,483.156876
2023-06-08 23:25,Saltwater,15,396.907836
2023-06-08 23:25,Saltwater,30,624.95206
2023-06-08 23:25,Saltwater,50,669.44956
2023-06-08 23:25,Freshwater,5,549.782776
2023-06-08 23:25,Freshwater,15,306.694256
2023-06-08 23:25,Freshwater,30,275.98833
2023-06-08 23:25,Freshwater,50,745.66884
2023-06-08 23:30,Control,5,581.4008333
2023-06-08 23:30,Control,15,758.84118
2023-06-08 23:30,Control,30,756.1378933
2023-06-08 23:30,Control,50,789.3146083
2023-06-08 23:30,Saltwater,5,482.98626
2023-06-08 23:30,Saltwater,15,396.703092
2023-06-08 23:30,Saltwater,30,625.08854
2023-06-08 23:30,Saltwater,50,669.3472
2023-06-08 23:30,Freshwater,5,549.578834
2023-06-08 23:30,Freshwater,15,306.218408
2023-06-08 23:30,Freshwater,30,275.138568
2023-06-08 23:30,Freshwater,50,745.19296
2023-06-08 23:35,Control,5,581.6033333
2023-06-08 23:35,Control,15,758.73488
2023-06-08 23:35,Control,30,756.2628956
2023-06-08 23:35,Control,50,789.4308056
2023-06-08 23:35,Saltwater,5,483.0934467
2023-06-08 23:35,Saltwater,15,396.293614
2023-06-08 23:35,Saltwater,30,624.95206
2023-06-08 23:35,Saltwater,50,669.27894
2023-06-08 23:35,Freshwater,5,549.4816187
2023-06-08 23:35,Freshwater,15,306.626284
2023-06-08 23:35,Freshwater,30,274.356766
2023-06-08 23:35,Freshwater,50,745.63484
2023-06-08 23:40,Control,5,581.7724333
2023-06-08 23:40,Control,15,758.83474
2023-06-08 23:40,Control,30,756.3205978
2023-06-08 23:40,Control,50,789.3345278
2023-06-08 23:40,Saltwater,5,483.2006093
2023-06-08 23:40,Saltwater,15,396.157114
2023-06-08 23:40,Saltwater,30,624.8838
2023-06-08 23:40,Saltwater,50,669.04012
2023-06-08 23:40,Freshwater,5,549.3844413
2023-06-08 23:40,Freshwater,15,306.184406
2023-06-08 23:40,Freshwater,30,273.609004
2023-06-08 23:40,Freshwater,50,745.56686
2023-06-08 23:45,Control,5,581.8774133
2023-06-08 23:45,Control,15,758.83842
2023-06-08 23:45,Control,30,756.31626
2023-06-08 23:45,Control,50,789.373175
2023-06-08 23:45,Saltwater,5,483.06888
2023-06-08 23:45,Saltwater,15,395.815866
2023-06-08 23:45,Saltwater,30,624.91792
2023-06-08 23:45,Saltwater,50,668.86948
2023-06-08 23:45,Freshwater,5,548.947356
2023-06-08 23:45,Freshwater,15,306.524306
2023-06-08 23:45,Freshwater,30,272.65727
2023-06-08 23:45,Freshwater,50,745.39692
2023-06-08 23:50,Control,5,582.0841733
2023-06-08 23:50,Control,15,758.94342
2023-06-08 23:50,Control,30,756.4816622
2023-06-08 23:50,Control,50,789.4105472
2023-06-08 23:50,Saltwater,5,483.424488
2023-06-08 23:50,Saltwater,15,395.47463
2023-06-08 23:50,Saltwater,30,624.81556
2023-06-08 23:50,Saltwater,50,668.80124
2023-06-08 23:50,Freshwater,5,548.8841627
2023-06-08 23:50,Freshwater,15,306.524316
2023-06-08 23:50,Freshwater,30,271.127698
2023-06-08 23:50,Freshwater,50,745.53288
2023-06-08 23:55,Control,5,581.9476533
2023-06-08 23:55,Control,15,759.01204
2023-06-08 23:55,Control,30,756.5081244
2023-06-08 23:55,Control,50,789.4028694
2023-06-08 23:55,Saltwater,5,483.438848
2023-06-08 23:55,Saltwater,15,395.167488
2023-06-08 23:55,Saltwater,30,624.67906
2023-06-08 23:55,Saltwater,50,668.59648
2023-06-08 23:55,Freshwater,5,548.6850033
2023-06-08 23:55,Freshwater,15,306.456314
2023-06-08 23:55,Freshwater,30,270.991734
2023-06-08 23:55,Freshwater,50,744.92108
2023-06-09 00:00,Control,5,581.9755133
2023-06-09 00:00,Control,15,758.96854
2023-06-09 00:00,Control,30,756.4908467
2023-06-09 00:00,Control,50,789.3423167
2023-06-09 00:00,Saltwater,5,483.487328
2023-06-09 00:00,Saltwater,15,394.928652
2023-06-09 00:00,Saltwater,30,624.54258
2023-06-09 00:00,Saltwater,50,668.4941
2023-06-09 00:00,Freshwater,5,548.247906
2023-06-09 00:00,Freshwater,15,306.524314
2023-06-09 00:00,Freshwater,30,269.972032
2023-06-09 00:00,Freshwater,50,744.7511
2023-06-09 00:05,Control,5,582.0573511
2023-06-09 00:05,Control,15,759.0792
2023-06-09 00:05,Control,30,756.6014867
2023-06-09 00:05,Control,50,789.4363417
2023-06-09 00:05,Saltwater,5,483.4579747
2023-06-09 00:05,Saltwater,15,394.621534
2023-06-09 00:05,Saltwater,30,624.47432
2023-06-09 00:05,Saltwater,50,668.28936
2023-06-09 00:05,Freshwater,5,548.2165793
2023-06-09 00:05,Freshwater,15,306.624368
2023-06-09 00:05,Freshwater,30,269.25707
2023-06-09 00:05,Freshwater,50,745.0121
2023-06-09 00:10,Control,5,582.3052889
2023-06-09 00:10,Control,15,759.08032
2023-06-09 00:10,Control,30,756.6367267
2023-06-09 00:10,Control,50,789.3947667
2023-06-09 00:10,Saltwater,5,483.4968653
2023-06-09 00:10,Saltwater,15,393.870814
2023-06-09 00:10,Saltwater,30,624.47432
2023-06-09 00:10,Saltwater,50,668.22112
2023-06-09 00:10,Freshwater,5,548.1643807
2023-06-09 00:10,Freshwater,15,305.810312
2023-06-09 00:10,Freshwater,30,268.408336
2023-06-09 00:10,Freshwater,50,744.47806
2023-06-09 00:15,Control,5,582.3817267
2023-06-09 00:15,Control,15,759.11458
2023-06-09 00:15,Control,30,756.7052067
2023-06-09 00:15,Control,50,789.4376167
2023-06-09 00:15,Saltwater,5,483.5699
2023-06-09 00:15,Saltwater,15,393.76844
2023-06-09 00:15,Saltwater,30,624.40608
2023-06-09 00:15,Saltwater,50,668.08462
2023-06-09 00:15,Freshwater,5,547.732732
2023-06-09 00:15,Freshwater,15,306.388318
2023-06-09 00:15,Freshwater,30,267.558692
2023-06-09 00:15,Freshwater,50,744.853
2023-06-09 00:20,Control,5,582.5908267
2023-06-09 00:20,Control,15,759.18894
2023-06-09 00:20,Control,30,756.7795267
2023-06-09 00:20,Control,50,789.4012167
2023-06-09 00:20,Saltwater,5,483.60404
2023-06-09 00:20,Saltwater,15,393.5684807
2023-06-09 00:20,Saltwater,30,624.30372
2023-06-09 00:20,Saltwater,50,668.0164
2023-06-09 00:20,Freshwater,5,547.591104
2023-06-09 00:20,Freshwater,15,306.726642
2023-06-09 00:20,Freshwater,30,266.436066
2023-06-09 00:20,Freshwater,50,744.57208
2023-06-09 00:25,Control,5,582.4557467
2023-06-09 00:25,Control,15,759.2597
2023-06-09 00:25,Control,30,756.8502467
2023-06-09 00:25,Control,50,789.4891917
2023-06-09 00:25,Saltwater,5,483.60406
2023-06-09 00:25,Saltwater,15,393.3685253
2023-06-09 00:25,Saltwater,30,624.20132
2023-06-09 00:25,Saltwater,50,667.87988
2023-06-09 00:25,Freshwater,5,547.290322
2023-06-09 00:25,Freshwater,15,306.592132
2023-06-09 00:25,Freshwater,30,265.825074
2023-06-09 00:25,Freshwater,50,744.47822
2023-06-09 00:30,Control,5,582.7905667
2023-06-09 00:30,Control,15,759.18108
2023-06-09 00:30,Control,30,756.8742467
2023-06-09 00:30,Control,50,789.3928917
2023-06-09 00:30,Saltwater,5,483.604044
2023-06-09 00:30,Saltwater,15,393.134442
2023-06-09 00:30,Saltwater,30,624.06482
2023-06-09 00:30,Saltwater,50,667.7434
2023-06-09 00:30,Freshwater,5,546.741316
2023-06-09 00:30,Freshwater,15,306.590682
2023-06-09 00:30,Freshwater,30,264.80456
2023-06-09 00:30,Freshwater,50,744.40208
2023-06-09 00:35,Control,5,582.8731044
2023-06-09 00:35,Control,15,759.2586
2023-06-09 00:35,Control,30,756.9437489
2023-06-09 00:35,Control,50,789.4373389
2023-06-09 00:35,Saltwater,5,483.6746933
2023-06-09 00:35,Saltwater,15,392.827338
2023-06-09 00:35,Saltwater,30,623.96248
2023-06-09 00:35,Saltwater,50,667.53866
2023-06-09 00:35,Freshwater,5,547.15437
2023-06-09 00:35,Freshwater,15,306.694102
2023-06-09 00:35,Freshwater,30,263.887632
2023-06-09 00:35,Freshwater,50,744.3423
2023-06-09 00:40,Control,5,582.6717822
2023-06-09 00:40,Control,15,759.28656
2023-06-09 00:40,Control,30,757.0321111
2023-06-09 00:40,Control,50,789.4655111
2023-06-09 00:40,Saltwater,5,483.7453467
2023-06-09 00:40,Saltwater,15,392.690838
2023-06-09 00:40,Saltwater,30,623.96246
2023-06-09 00:40,Saltwater,50,667.53864
2023-06-09 00:40,Freshwater,5,547.085956
2023-06-09 00:40,Freshwater,15,306.35409
2023-06-09 00:40,Freshwater,30,263.241744
2023-06-09 00:40,Freshwater,50,743.42388
2023-06-09 00:45,Control,5,582.91844
2023-06-09 00:45,Control,15,759.3199
2023-06-09 00:45,Control,30,757.0573933
2023-06-09 00:45,Control,50,789.4566333
2023-06-09 00:45,Saltwater,5,483.713604
2023-06-09 00:45,Saltwater,15,392.247232
2023-06-09 00:45,Saltwater,30,623.86008
2023-06-09 00:45,Saltwater,50,667.36804
2023-06-09 00:45,Freshwater,5,547.051934
2023-06-09 00:45,Freshwater,15,306.52403
2023-06-09 00:45,Freshwater,30,262.357984
2023-06-09 00:45,Freshwater,50,743.89974
2023-06-09 00:50,Control,5,583.0669778
2023-06-09 00:50,Control,15,759.42808
2023-06-09 00:50,Control,30,757.1656133
2023-06-09 00:50,Control,50,789.4198833
2023-06-09 00:50,Saltwater,5,483.8327333
2023-06-09 00:50,Saltwater,15,392.076604
2023-06-09 00:50,Saltwater,30,623.79186
2023-06-09 00:50,Saltwater,50,667.23152
2023-06-09 00:50,Freshwater,5,546.9217327
2023-06-09 00:50,Freshwater,15,306.626256
2023-06-09 00:50,Freshwater,30,261.542372
2023-06-09 00:50,Freshwater,50,743.83326
2023-06-09 00:55,Control,5,583.3817356
2023-06-09 00:55,Control,15,759.4269
2023-06-09 00:55,Control,30,757.0960733
2023-06-09 00:55,Control,50,789.4613833
2023-06-09 00:55,Saltwater,5,483.8836147
2023-06-09 00:55,Saltwater,15,391.735378
2023-06-09 00:55,Saltwater,30,623.79184
2023-06-09 00:55,Saltwater,50,667.12914
2023-06-09 00:55,Freshwater,5,546.5866833
2023-06-09 00:55,Freshwater,15,306.320364
2023-06-09 00:55,Freshwater,30,260.76058
2023-06-09 00:55,Freshwater,50,743.7314
2023-06-09 01:00,Control,5,583.8325933
2023-06-09 01:00,Control,15,759.45902
2023-06-09 01:00,Control,30,757.1965533
2023-06-09 01:00,Control,50,789.3310083
2023-06-09 01:00,Saltwater,5,483.900364
2023-06-09 01:00,Saltwater,15,391.564738
2023-06-09 01:00,Saltwater,30,623.55296
2023-06-09 01:00,Saltwater,50,667.02678
2023-06-09 01:00,Freshwater,5,546.247008
2023-06-09 01:00,Freshwater,15,306.726966
2023-06-09 01:00,Freshwater,30,259.6722508
2023-06-09 01:00,Freshwater,50,743.45222
2023-06-09 01:05,Control,5,583.6976133
2023-06-09 01:05,Control,15,759.5641
2023-06-09 01:05,Control,30,757.2332533
2023-06-09 01:05,Control,50,789.4618833
2023-06-09 01:05,Saltwater,5,483.9392747
2023-06-09 01:05,Saltwater,15,391.3647887
2023-06-09 01:05,Saltwater,30,623.62124
2023-06-09 01:05,Saltwater,50,666.82206
2023-06-09 01:05,Freshwater,5,546.3202227
2023-06-09 01:05,Freshwater,15,306.727084
2023-06-09 01:05,Freshwater,30,258.3466908
2023-06-09 01:05,Freshwater,50,743.48694
2023-06-09 01:10,Control,5,583.8687133
2023-06-09 01:10,Control,15,759.5644
2023-06-09 01:10,Control,30,757.3361133
2023-06-09 01:10,Control,50,789.5476583
2023-06-09 01:10,Saltwater,5,483.9440613
2023-06-09 01:10,Saltwater,15,390.9600893
2023-06-09 01:10,Saltwater,30,623.55298
2023-06-09 01:10,Saltwater,50,666.7879
2023-06-09 01:10,Freshwater,5,546.1181793
2023-06-09 01:10,Freshwater,15,306.556306
2023-06-09 01:10,Freshwater,30,258.312293
2023-06-09 01:10,Freshwater,50,743.0405
2023-06-09 01:15,Control,5,583.8435533
2023-06-09 01:15,Control,15,759.61182
2023-06-09 01:15,Control,30,757.3834933
2023-06-09 01:15,Control,50,789.6043833
2023-06-09 01:15,Saltwater,5,484.085356
2023-06-09 01:15,Saltwater,15,390.726
2023-06-09 01:15,Saltwater,30,623.51886
2023-06-09 01:15,Saltwater,50,666.822
2023-06-09 01:15,Freshwater,5,545.810794
2023-06-09 01:15,Freshwater,15,306.82647
2023-06-09 01:15,Freshwater,30,257.5976818
2023-06-09 01:15,Freshwater,50,742.92858
2023-06-09 01:20,Control,5,584.0613711
2023-06-09 01:20,Control,15,759.6872
2023-06-09 01:20,Control,30,757.4930333
2023-06-09 01:20,Control,50,789.4408583
2023-06-09 01:20,Saltwater,5,484.119464
2023-06-09 01:20,Saltwater,15,390.3554267
2023-06-09 01:20,Saltwater,30,623.31412
2023-06-09 01:20,Saltwater,50,666.58316
2023-06-09 01:20,Freshwater,5,545.7211453
2023-06-09 01:20,Freshwater,15,306.7980287
2023-06-09 01:20,Freshwater,30,256.544388
2023-06-09 01:20,Freshwater,50,743.1029
2023-06-09 01:25,Control,5,584.1387089
2023-06-09 01:25,Control,15,759.6545
2023-06-09 01:25,Control,30,757.4261533
2023-06-09 01:25,Control,50,789.5278833
2023-06-09 01:25,Saltwater,5,484.017084
2023-06-09 01:25,Saltwater,15,390.0872233
2023-06-09 01:25,Saltwater,30,623.27998
2023-06-09 01:25,Saltwater,50,666.54902
2023-06-09 01:25,Freshwater,5,545.7058847
2023-06-09 01:25,Freshwater,15,306.0236553
2023-06-09 01:25,Freshwater,30,255.93377
2023-06-09 01:25,Freshwater,50,742.5056
2023-06-09 01:30,Control,5,584.2105067
2023-06-09 01:30,Control,15,759.78454
2023-06-09 01:30,Control,30,757.5562133
2023-06-09 01:30,Control,50,789.5208333
2023-06-09 01:30,Saltwater,5,484.119472
2023-06-09 01:30,Saltwater,15,389.887278
2023-06-09 01:30,Saltwater,30,623.34826
2023-06-09 01:30,Saltwater,50,666.34432
2023-06-09 01:30,Freshwater,5,545.434436
2023-06-09 01:30,Freshwater,15,305.991874
2023-06-09 01:30,Freshwater,30,255.116816
2023-06-09 01:30,Freshwater,50,742.79708
2023-06-09 01:35,Control,5,584.1322244
2023-06-09 01:35,Control,15,759.8768
2023-06-09 01:35,Control,30,757.6141733
2023-06-09 01:35,Control,50,789.5887583
2023-06-09 01:35,Saltwater,5,483.9242813
2023-06-09 01:35,Saltwater,15,389.58015
2023-06-09 01:35,Saltwater,30,623.17762
2023-06-09 01:35,Saltwater,50,666.3443
2023-06-09 01:35,Freshwater,5,545.2092167
2023-06-09 01:35,Freshwater,15,306.87784
2023-06-09 01:35,Freshwater,30,253.962188
2023-06-09 01:35,Freshwater,50,742.5377
2023-06-09 01:40,Control,5,583.8285022
2023-06-09 01:40,Control,15,759.905
2023-06-09 01:40,Control,30,757.6424333
2023-06-09 01:40,Control,50,789.6252083
2023-06-09 01:40,Saltwater,5,484.1727387
2023-06-09 01:40,Saltwater,15,389.170676
2023-06-09 01:40,Saltwater,30,623.10938
2023-06-09 01:40,Saltwater,50,666.10546
2023-06-09 01:40,Freshwater,5,545.1437553
2023-06-09 01:40,Freshwater,15,306.911192
2023-06-09 01:40,Freshwater,30,253.520012
2023-06-09 01:40,Freshwater,50,742.36418
2023-06-09 01:45,Control,5,583.97932
2023-06-09 01:45,Control,15,759.84562
2023-06-09 01:45,Control,30,757.8222533
2023-06-09 01:45,Control,50,789.5492083
2023-06-09 01:45,Saltwater,5,484.216428
2023-06-09 01:45,Saltwater,15,388.89768
2023-06-09 01:45,Saltwater,30,623.17764
2023-06-09 01:45,Saltwater,50,666.07132
2023-06-09 01:45,Freshwater,5,544.709032
2023-06-09 01:45,Freshwater,15,306.809916
2023-06-09 01:45,Freshwater,30,252.602568
2023-06-09 01:45,Freshwater,50,742.3679
2023-06-09 01:50,Control,5,583.74622
2023-06-09 01:50,Control,15,760.02566
2023-06-09 01:50,Control,30,757.9680533
2023-06-09 01:50,Control,50,789.6015333
2023-06-09 01:50,Saltwater,5,484.2211987
2023-06-09 01:50,Saltwater,15,388.692936
2023-06-09 01:50,Saltwater,30,623.0117867
2023-06-09 01:50,Saltwater,50,666.1102467
2023-06-09 01:50,Freshwater,5,544.57522
2023-06-09 01:50,Freshwater,15,306.9852467
2023-06-09 01:50,Freshwater,30,251.583118
2023-06-09 01:50,Freshwater,50,742.09942
2023-06-09 01:55,Control,5,583.91438
2023-06-09 01:55,Control,15,760.12412
2023-06-09 01:55,Control,30,757.8956533
2023-06-09 01:55,Control,50,789.7254083
2023-06-09 01:55,Saltwater,5,484.3624893
2023-06-09 01:55,Saltwater,15,388.38581
2023-06-09 01:55,Saltwater,30,622.9824533
2023-06-09 01:55,Saltwater,50,665.9443733
2023-06-09 01:55,Freshwater,5,544.709976
2023-06-09 01:55,Freshwater,15,306.7177693
2023-06-09 01:55,Freshwater,30,251.107118
2023-06-09 01:55,Freshwater,50,741.3157
2023-06-09 02:00,Control,5,584.15652
2023-06-09 02:00,Control,15,760.02586
2023-06-09 02:00,Control,30,757.9682533
2023-06-09 02:00,Control,50,789.6444583
2023-06-09 02:00,Saltwater,5,484.230788
2023-06-09 02:00,Saltwater,15,388.215198
2023-06-09 02:00,Saltwater,30,622.98724
2023-06-09 02:00,Saltwater,50,665.91504
2023-06-09 02:00,Freshwater,5,544.439358
2023-06-09 02:00,Freshwater,15,306.858876
2023-06-09 02:00,Freshwater,30,250.223524
2023-06-09 02:00,Freshwater,50,741.31784
2023-06-09 02:05,Control,5,584.46668
2023-06-09 02:05,Control,15,760.13216
2023-06-09 02:05,Control,30,758.0403533
2023-06-09 02:05,Control,50,789.7338583
2023-06-09 02:05,Saltwater,5,484.3038347
2023-06-09 02:05,Saltwater,15,388.0834687
2023-06-09 02:05,Saltwater,30,623.02136
2023-06-09 02:05,Saltwater,50,665.81268
2023-06-09 02:05,Freshwater,5,544.2403747
2023-06-09 02:05,Freshwater,15,307.130886
2023-06-09 02:05,Freshwater,30,249.4125387
2023-06-09 02:05,Freshwater,50,742.3085667
2023-06-09 02:10,Control,5,584.36288
2023-06-09 02:10,Control,15,760.33532
2023-06-09 02:10,Control,30,758.1068133
2023-06-09 02:10,Control,50,789.6464083
2023-06-09 02:10,Saltwater,5,484.4109813
2023-06-09 02:10,Saltwater,15,387.8835173
2023-06-09 02:10,Saltwater,30,622.81662
2023-06-09 02:10,Saltwater,50,665.67618
2023-06-09 02:10,Freshwater,5,544.0752173
2023-06-09 02:10,Freshwater,15,306.790966
2023-06-09 02:10,Freshwater,30,248.8734953
2023-06-09 02:10,Freshwater,50,741.5655733
2023-06-09 02:15,Control,5,584.32774
2023-06-09 02:15,Control,15,760.1972
2023-06-09 02:15,Control,30,758.1737733
2023-06-09 02:15,Control,50,789.6022083
2023-06-09 02:15,Saltwater,5,484.415792
2023-06-09 02:15,Saltwater,15,387.683568
2023-06-09 02:15,Saltwater,30,622.74834
2023-06-09 02:15,Saltwater,50,665.53972
2023-06-09 02:15,Freshwater,5,543.700322
2023-06-09 02:15,Freshwater,15,307.36715
2023-06-09 02:15,Freshwater,30,248.061886
2023-06-09 02:15,Freshwater,50,741.35722
2023-06-09 02:20,Control,5,584.6870956
2023-06-09 02:20,Control,15,760.30208
2023-06-09 02:20,Control,30,758.1419333
2023-06-09 02:20,Control,50,789.7328833
2023-06-09 02:20,Saltwater,5,484.6301093
2023-06-09 02:20,Saltwater,15,387.512952
2023-06-09 02:20,Saltwater,30,622.78248
2023-06-09 02:20,Saltwater,50,665.57382
2023-06-09 02:20,Freshwater,5,543.7374827
2023-06-09 02:20,Freshwater,15,307.196736
2023-06-09 02:20,Freshwater,30,246.634152
2023-06-09 02:20,Freshwater,50,741.28666
2023-06-09 02:25,Control,5,584.6119111
2023-06-09 02:25,Control,15,760.42144
2023-06-09 02:25,Control,30,758.2612333
2023-06-09 02:25,Control,50,789.7078583
2023-06-09 02:25,Saltwater,5,484.4690587
2023-06-09 02:25,Saltwater,15,387.34234
2023-06-09 02:25,Saltwater,30,622.71422
2023-06-09 02:25,Saltwater,50,665.47144
2023-06-09 02:25,Freshwater,5,543.5757093
2023-06-09 02:25,Freshwater,15,307.197732
2023-06-09 02:25,Freshwater,30,246.702468
2023-06-09 02:25,Freshwater,50,741.05414
2023-06-09 02:30,Control,5,584.8089267
2023-06-09 02:30,Control,15,760.40216
2023-06-09 02:30,Control,30,758.4127933
2023-06-09 02:30,Control,50,789.7235583
2023-06-09 02:30,Saltwater,5,484.41038
2023-06-09 02:30,Saltwater,15,387.342338
2023-06-09 02:30,Saltwater,30,622.61186
2023-06-09 02:30,Saltwater,50,665.33494
2023-06-09 02:30,Freshwater,5,543.2403
2023-06-09 02:30,Freshwater,15,307.299562
2023-06-09 02:30,Freshwater,30,245.988658
2023-06-09 02:30,Freshwater,50,740.8497
2023-06-09 02:35,Control,5,584.8775267
2023-06-09 02:35,Control,15,760.5051
2023-06-09 02:35,Control,30,758.4131533
2023-06-09 02:35,Control,50,789.6812333
2023-06-09 02:35,Saltwater,5,484.6588253
2023-06-09 02:35,Saltwater,15,387.1765207
2023-06-09 02:35,Saltwater,30,622.47538
2023-06-09 02:35,Saltwater,50,665.2667
2023-06-09 02:35,Freshwater,5,543.2093067
2023-06-09 02:35,Freshwater,15,307.4737947
2023-06-09 02:35,Freshwater,30,245.172718
2023-06-09 02:35,Freshwater,50,740.84686
2023-06-09 02:40,Control,5,584.8434067
2023-06-09 02:40,Control,15,760.50518
2023-06-09 02:40,Control,30,758.4816133
2023-06-09 02:40,Control,50,789.6813333
2023-06-09 02:40,Saltwater,5,484.7366387
2023-06-09 02:40,Saltwater,15,387.3177933
2023-06-09 02:40,Saltwater,30,622.54362
2023-06-09 02:40,Saltwater,50,665.0961
2023-06-09 02:40,Freshwater,5,543.1159533
2023-06-09 02:40,Freshwater,15,307.0378013
2023-06-09 02:40,Freshwater,30,244.731224
2023-06-09 02:40,Freshwater,50,740.24116
2023-06-09 02:45,Control,5,584.8102867
2023-06-09 02:45,Control,15,760.57514
2023-06-09 02:45,Control,30,758.5173733
2023-06-09 02:45,Control,50,789.7684583
2023-06-09 02:45,Saltwater,5,484.746216
2023-06-09 02:45,Saltwater,15,387.288458
2023-06-09 02:45,Saltwater,30,622.40712
2023-06-09 02:45,Saltwater,50,665.09608
2023-06-09 02:45,Freshwater,5,542.74596
2023-06-09 02:45,Freshwater,15,306.770436
2023-06-09 02:45,Freshwater,30,243.881382
2023-06-09 02:45,Freshwater,50,740.23972
2023-06-09 02:50,Control,5,584.7078667
2023-06-09 02:50,Control,15,760.5411
2023-06-09 02:50,Control,30,758.6200733
2023-06-09 02:50,Control,50,789.9394833
2023-06-09 02:50,Saltwater,5,484.74622
2023-06-09 02:50,Saltwater,15,387.117818
2023-06-09 02:50,Saltwater,30,622.44126
2023-06-09 02:50,Saltwater,50,664.9596
2023-06-09 02:50,Freshwater,5,542.8888067
2023-06-09 02:50,Freshwater,15,307.5623813
2023-06-09 02:50,Freshwater,30,242.8666727
2023-06-09 02:50,Freshwater,50,740.4518067
2023-06-09 02:55,Control,5,585.2547467
2023-06-09 02:55,Control,15,760.64364
2023-06-09 02:55,Control,30,758.6542533
2023-06-09 02:55,Control,50,789.8540333
2023-06-09 02:55,Saltwater,5,484.916816
2023-06-09 02:55,Saltwater,15,387.220214
2023-06-09 02:55,Saltwater,30,622.373
2023-06-09 02:55,Saltwater,50,664.8231
2023-06-09 02:55,Freshwater,5,542.7245933
2023-06-09 02:55,Freshwater,15,307.6062427
2023-06-09 02:55,Freshwater,30,242.3956573
2023-06-09 02:55,Freshwater,50,740.1861933
2023-06-09 03:00,Control,5,585.1506067
2023-06-09 03:00,Control,15,760.7438
2023-06-09 03:00,Control,30,758.7544333
2023-06-09 03:00,Control,50,789.8515333
2023-06-09 03:00,Saltwater,5,484.81446
2023-06-09 03:00,Saltwater,15,387.18606
2023-06-09 03:00,Saltwater,30,622.30474
2023-06-09 03:00,Saltwater,50,664.72072
2023-06-09 03:00,Freshwater,5,542.2196
2023-06-09 03:00,Freshwater,15,307.64983
2023-06-09 03:00,Freshwater,30,241.992586
2023-06-09 03:00,Freshwater,50,740.05514
2023-06-09 03:05,Control,5,585.0654822
2023-06-09 03:05,Control,15,760.81432
2023-06-09 03:05,Control,30,758.7565933
2023-06-09 03:05,Control,50,789.8110833
2023-06-09 03:05,Saltwater,5,484.8922933
2023-06-09 03:05,Saltwater,15,387.1908667
2023-06-09 03:05,Saltwater,30,622.2412667
2023-06-09 03:05,Saltwater,50,664.5890267
2023-06-09 03:05,Freshwater,5,541.8552533
2023-06-09 03:05,Freshwater,15,308.90748
2023-06-09 03:05,Freshwater,30,240.904868
2023-06-09 03:05,Freshwater,50,739.91918
2023-06-09 03:10,Control,5,585.3851778
2023-06-09 03:10,Control,15,760.77444
2023-06-09 03:10,Control,30,758.8534333
2023-06-09 03:10,Control,50,789.8478083
2023-06-09 03:10,Saltwater,5,485.0383427
2023-06-09 03:10,Saltwater,15,387.1273933
2023-06-09 03:10,Saltwater,30,622.1778133
2023-06-09 03:10,Saltwater,50,664.6620533
2023-06-09 03:10,Freshwater,5,542.2047467
2023-06-09 03:10,Freshwater,15,309.00946
2023-06-09 03:10,Freshwater,30,240.564978
2023-06-09 03:10,Freshwater,50,739.4093
2023-06-09 03:15,Control,5,585.7122933
2023-06-09 03:15,Control,15,760.88216
2023-06-09 03:15,Control,30,758.8927733
2023-06-09 03:15,Control,50,789.7677833
2023-06-09 03:15,Saltwater,5,485.013784
2023-06-09 03:15,Saltwater,15,387.063918
2023-06-09 03:15,Saltwater,30,622.285
2023-06-09 03:15,Saltwater,50,664.46208
2023-06-09 03:15,Freshwater,5,542.07838
2023-06-09 03:15,Freshwater,15,308.635524
2023-06-09 03:15,Freshwater,30,240.19107
2023-06-09 03:15,Freshwater,50,739.03546
2023-06-09 03:20,Control,5,585.5077333
2023-06-09 03:20,Control,15,760.95126
2023-06-09 03:20,Control,30,758.8935333
2023-06-09 03:20,Control,50,789.8113083
2023-06-09 03:20,Saltwater,5,485.116168
2023-06-09 03:20,Saltwater,15,387.063918
2023-06-09 03:20,Saltwater,30,622.25084
2023-06-09 03:20,Saltwater,50,664.25736
2023-06-09 03:20,Freshwater,5,541.86994
2023-06-09 03:20,Freshwater,15,308.770176
2023-06-09 03:20,Freshwater,30,239.442928
2023-06-09 03:20,Freshwater,50,739.5721
2023-06-09 03:25,Control,5,585.7811933
2023-06-09 03:25,Control,15,760.91708
2023-06-09 03:25,Control,30,759.0302733
2023-06-09 03:25,Control,50,789.8967583
2023-06-09 03:25,Saltwater,5,485.150288
2023-06-09 03:25,Saltwater,15,386.75681
2023-06-09 03:25,Saltwater,30,622.14848
2023-06-09 03:25,Saltwater,50,664.25736
2023-06-09 03:25,Freshwater,5,541.76626
2023-06-09 03:25,Freshwater,15,308.735698
2023-06-09 03:25,Freshwater,30,238.864956
2023-06-09 03:25,Freshwater,50,739.4334
2023-06-09 03:30,Control,5,586.1571733
2023-06-09 03:30,Control,15,760.98544
2023-06-09 03:30,Control,30,758.8935333
2023-06-09 03:30,Control,50,789.8540333
2023-06-09 03:30,Saltwater,5,485.218544
2023-06-09 03:30,Saltwater,15,386.688566
2023-06-09 03:30,Saltwater,30,622.14848
2023-06-09 03:30,Saltwater,50,664.155
2023-06-09 03:30,Freshwater,5,541.70388
2023-06-09 03:30,Freshwater,15,308.363434
2023-06-09 03:30,Freshwater,30,238.355538
2023-06-09 03:30,Freshwater,50,739.2384
2023-06-09 03:35,Control,5,586.2939133
2023-06-09 03:35,Control,15,760.98544
2023-06-09 03:35,Control,30,758.8935533
2023-06-09 03:35,Control,50,789.8540333
2023-06-09 03:35,Saltwater,5,485.403508
2023-06-09 03:35,Saltwater,15,386.586206
2023-06-09 03:35,Saltwater,30,622.01198
2023-06-09 03:35,Saltwater,50,664.0185
2023-06-09 03:35,Freshwater,5,541.29658
2023-06-09 03:35,Freshwater,15,308.873444
2023-06-09 03:35,Freshwater,30,237.709774
2023-06-09 03:35,Freshwater,50,739.13734
2023-06-09 03:40,Control,5,586.2255533
2023-06-09 03:40,Control,15,761.01964
2023-06-09 03:40,Control,30,759.0302733
2023-06-09 03:40,Control,50,789.8967583
2023-06-09 03:40,Saltwater,5,486.066226
2023-06-09 03:40,Saltwater,15,386.517958
2023-06-09 03:40,Saltwater,30,621.94374
2023-06-09 03:40,Saltwater,50,664.08674
2023-06-09 03:40,Freshwater,5,541.2626
2023-06-09 03:40,Freshwater,15,308.805484
2023-06-09 03:40,Freshwater,30,236.520084
2023-06-09 03:40,Freshwater,50,739.00146
2023-06-09 03:45,Control,5,585.9520933
2023-06-09 03:45,Control,15,761.12218
2023-06-09 03:45,Control,30,759.0986533
2023-06-09 03:45,Control,50,789.8113083
2023-06-09 03:45,Saltwater,5,485.534596
2023-06-09 03:45,Saltwater,15,386.415574
2023-06-09 03:45,Saltwater,30,621.90962
2023-06-09 03:45,Saltwater,50,663.88198
2023-06-09 03:45,Freshwater,5,541.09266
2023-06-09 03:45,Freshwater,15,308.805494
2023-06-09 03:45,Freshwater,30,236.826024
2023-06-09 03:45,Freshwater,50,738.72952
2023-06-09 03:50,Control,5,586.0364089
2023-06-09 03:50,Control,15,761.15636
2023-06-09 03:50,Control,30,759.3037333
2023-06-09 03:50,Control,50,789.9394833
2023-06-09 03:50,Saltwater,5,485.705216
2023-06-09 03:50,Saltwater,15,386.2838767
2023-06-09 03:50,Saltwater,30,621.97786
2023-06-09 03:50,Saltwater,50,663.84788
2023-06-09 03:50,Freshwater,5,541.0002333
2023-06-09 03:50,Freshwater,15,308.975456
2023-06-09 03:50,Freshwater,30,236.180206
2023-06-09 03:50,Freshwater,50,738.4236
2023-06-09 03:55,Control,5,586.2916444
2023-06-09 03:55,Control,15,761.1222
2023-06-09 03:55,Control,30,759.2695333
2023-06-09 03:55,Control,50,789.9822083
2023-06-09 03:55,Saltwater,5,485.500476
2023-06-09 03:55,Saltwater,15,386.2545433
2023-06-09 03:55,Saltwater,30,621.73902
2023-06-09 03:55,Saltwater,50,663.81374
2023-06-09 03:55,Freshwater,5,540.5679467
2023-06-09 03:55,Freshwater,15,309.043434
2023-06-09 03:55,Freshwater,30,235.636356
2023-06-09 03:55,Freshwater,50,738.01572
2023-06-09 04:00,Control,5,586.61524
2023-06-09 04:00,Control,15,761.3273
2023-06-09 04:00,Control,30,759.3378933
2023-06-09 04:00,Control,50,790.0249583
2023-06-09 04:00,Saltwater,5,485.705212
2023-06-09 04:00,Saltwater,15,386.156962
2023-06-09 04:00,Saltwater,30,621.80726
2023-06-09 04:00,Saltwater,50,663.6431
2023-06-09 04:00,Freshwater,5,540.67948
2023-06-09 04:00,Freshwater,15,308.771506
2023-06-09 04:00,Freshwater,30,235.194466
2023-06-09 04:00,Freshwater,50,738.11768
2023-06-09 04:05,Control,5,586.85452
2023-06-09 04:05,Control,15,761.4076067
2023-06-09 04:05,Control,30,759.4404533
2023-06-09 04:05,Control,50,790.0249583
2023-06-09 04:05,Saltwater,5,485.8171573
2023-06-09 04:05,Saltwater,15,385.952214
2023-06-09 04:05,Saltwater,30,621.73902
2023-06-09 04:05,Saltwater,50,663.60902
2023-06-09 04:05,Freshwater,5,540.4803267
2023-06-09 04:05,Freshwater,15,308.431598
2023-06-09 04:05,Freshwater,30,234.5922213
2023-06-09 04:05,Freshwater,50,737.8893133
2023-06-09 04:10,Control,5,587.36726
2023-06-09 04:10,Control,15,761.4879333
2023-06-09 04:10,Control,30,759.4746333
2023-06-09 04:10,Control,50,790.1104083
2023-06-09 04:10,Saltwater,5,485.8608547
2023-06-09 04:10,Saltwater,15,385.849846
2023-06-09 04:10,Saltwater,30,621.63664
2023-06-09 04:10,Saltwater,50,663.47248
2023-06-09 04:10,Freshwater,5,540.2131733
2023-06-09 04:10,Freshwater,15,309.179394
2023-06-09 04:10,Freshwater,30,234.0239547
2023-06-09 04:10,Freshwater,50,738.1708467
2023-06-09 04:15,Control,5,587.36728
2023-06-09 04:15,Control,15,761.43154
2023-06-09 04:15,Control,30,759.5088133
2023-06-09 04:15,Control,50,790.0249583
2023-06-09 04:15,Saltwater,5,485.836304
2023-06-09 04:15,Saltwater,15,385.849826
2023-06-09 04:15,Saltwater,30,621.50012
2023-06-09 04:15,Saltwater,50,663.40424
2023-06-09 04:15,Freshwater,5,540.31994
2023-06-09 04:15,Freshwater,15,309.281356
2023-06-09 04:15,Freshwater,30,233.55767
2023-06-09 04:15,Freshwater,50,737.8405
2023-06-09 04:20,Control,5,587.6749
2023-06-09 04:20,Control,15,761.5802467
2023-06-09 04:20,Control,30,759.4746533
2023-06-09 04:20,Control,50,789.9822083
2023-06-09 04:20,Saltwater,5,485.975802
2023-06-09 04:20,Saltwater,15,385.817622
2023-06-09 04:20,Saltwater,30,621.67524
2023-06-09 04:20,Saltwater,50,663.37508
2023-06-09 04:20,Freshwater,5,539.9848267
2023-06-09 04:20,Freshwater,15,309.315348
2023-06-09 04:20,Freshwater,30,233.18375
2023-06-09 04:20,Freshwater,50,737.60256
2023-06-09 04:25,Control,5,587.8458
2023-06-09 04:25,Control,15,761.6947733
2023-06-09 04:25,Control,30,759.6113733
2023-06-09 04:25,Control,50,790.0676833
2023-06-09 04:25,Saltwater,5,486.07753
2023-06-09 04:25,Saltwater,15,385.783074
2023-06-09 04:25,Saltwater,30,621.5719
2023-06-09 04:25,Saltwater,50,663.20338
2023-06-09 04:25,Freshwater,5,539.5137533
2023-06-09 04:25,Freshwater,15,309.383348
2023-06-09 04:25,Freshwater,30,232.84387
2023-06-09 04:25,Freshwater,50,737.67054
2023-06-09 04:30,Control,5,587.8458
2023-06-09 04:30,Control,15,761.74092
2023-06-09 04:30,Control,30,759.6455533
2023-06-09 04:30,Control,50,790.0249583
2023-06-09 04:30,Saltwater,5,486.075568
2023-06-09 04:30,Saltwater,15,385.645334
2023-06-09 04:30,Saltwater,30,621.4666
2023-06-09 04:30,Saltwater,50,663.09778
2023-06-09 04:30,Freshwater,5,539.51854
2023-06-09 04:30,Freshwater,15,309.553288
2023-06-09 04:30,Freshwater,30,232.096072
2023-06-09 04:30,Freshwater,50,737.46662
2023-06-09 04:35,Control,5,587.91416
2023-06-09 04:35,Control,15,761.77508
2023-06-09 04:35,Control,30,759.7139133
2023-06-09 04:35,Control,50,790.0249333
2023-06-09 04:35,Saltwater,5,486.1189713
2023-06-09 04:35,Saltwater,15,385.5864713
2023-06-09 04:35,Saltwater,30,621.43204
2023-06-09 04:35,Saltwater,50,663.06318
2023-06-09 04:35,Freshwater,5,539.7272867
2023-06-09 04:35,Freshwater,15,309.4561067
2023-06-09 04:35,Freshwater,30,232.028082
2023-06-09 04:35,Freshwater,50,737.0927
2023-06-09 04:40,Control,5,587.67488
2023-06-09 04:40,Control,15,761.84346
2023-06-09 04:40,Control,30,759.8506533
2023-06-09 04:40,Control,50,790.1104083
2023-06-09 04:40,Saltwater,5,486.5399367
2023-06-09 04:40,Saltwater,15,385.6996387
2023-06-09 04:40,Saltwater,30,621.469
2023-06-09 04:40,Saltwater,50,663.03216
2023-06-09 04:40,Freshwater,5,539.4261333
2023-06-09 04:40,Freshwater,15,309.1549753
2023-06-09 04:40,Freshwater,30,231.484232
2023-06-09 04:40,Freshwater,50,736.51486
2023-06-09 04:45,Control,5,587.6407
2023-06-09 04:45,Control,15,761.87762
2023-06-09 04:45,Control,30,759.7822533
2023-06-09 04:45,Control,50,790.1958833
2023-06-09 04:45,Saltwater,5,486.276772
2023-06-09 04:45,Saltwater,15,386.630718
2023-06-09 04:45,Saltwater,30,621.29872
2023-06-09 04:45,Saltwater,50,663.03254
2023-06-09 04:45,Freshwater,5,539.159
2023-06-09 04:45,Freshwater,15,309.7376
2023-06-09 04:45,Freshwater,30,231.008372
2023-06-09 04:45,Freshwater,50,737.05872
2023-06-09 04:50,Control,5,587.6144978
2023-06-09 04:50,Control,15,761.946
2023-06-09 04:50,Control,30,759.8506333
2023-06-09 04:50,Control,50,790.1531083
2023-06-09 04:50,Saltwater,5,486.3898313
2023-06-09 04:50,Saltwater,15,390.1851407
2023-06-09 04:50,Saltwater,30,621.3004
2023-06-09 04:50,Saltwater,50,662.79552
2023-06-09 04:50,Freshwater,5,539.19298
2023-06-09 04:50,Freshwater,15,309.6744067
2023-06-09 04:50,Freshwater,30,230.668452
2023-06-09 04:50,Freshwater,50,736.85478
2023-06-09 04:55,Control,5,587.7591956
2023-06-09 04:55,Control,15,761.98018
2023-06-09 04:55,Control,30,759.9189933
2023-06-09 04:55,Control,50,790.0676833
2023-06-09 04:55,Saltwater,5,486.2941447
2023-06-09 04:55,Saltwater,15,393.6004573
2023-06-09 04:55,Saltwater,30,621.262
2023-06-09 04:55,Saltwater,50,662.85904
2023-06-09 04:55,Freshwater,5,539.02304
2023-06-09 04:55,Freshwater,15,309.5092353
2023-06-09 04:55,Freshwater,30,230.260574
2023-06-09 04:55,Freshwater,50,736.71882
2023-06-09 05:00,Control,5,587.7671933
2023-06-09 05:00,Control,15,762.01436
2023-06-09 05:00,Control,30,759.9873533
2023-06-09 05:00,Control,50,790.0249583
2023-06-09 05:00,Saltwater,5,486.376898
2023-06-09 05:00,Saltwater,15,396.543194
2023-06-09 05:00,Saltwater,30,621.16696
2023-06-09 05:00,Saltwater,50,662.76474
2023-06-09 05:00,Freshwater,5,538.58118
2023-06-09 05:00,Freshwater,15,309.785962
2023-06-09 05:00,Freshwater,30,229.410814
2023-06-09 05:00,Freshwater,50,736.51488
2023-06-09 05:05,Control,5,587.8697333
2023-06-09 05:05,Control,15,762.15108
2023-06-09 05:05,Control,30,760.0899133
2023-06-09 05:05,Control,50,790.1958583
2023-06-09 05:05,Saltwater,5,486.7285247
2023-06-09 05:05,Saltwater,15,398.7016467
2023-06-09 05:05,Saltwater,30,621.17532
2023-06-09 05:05,Saltwater,50,662.70572
2023-06-09 05:05,Freshwater,5,538.9306533
2023-06-09 05:05,Freshwater,15,309.7907467
2023-06-09 05:05,Freshwater,30,228.832986
2023-06-09 05:05,Freshwater,50,736.3789
2023-06-09 05:10,Control,5,587.9380933
2023-06-09 05:10,Control,15,762.1511
2023-06-09 05:10,Control,30,760.0215533
2023-06-09 05:10,Control,50,790.1104333
2023-06-09 05:10,Saltwater,5,486.6647333
2023-06-09 05:10,Saltwater,15,400.6172133
2023-06-09 05:10,Saltwater,30,621.20892
2023-06-09 05:10,Saltwater,50,662.5004
2023-06-09 05:10,Freshwater,5,538.7702667
2023-06-09 05:10,Freshwater,15,309.8974973
2023-06-09 05:10,Freshwater,30,229.206886
2023-06-09 05:10,Freshwater,50,736.00502
2023-06-09 05:15,Control,5,588.0406333
2023-06-09 05:15,Control,15,762.11692
2023-06-09 05:15,Control,30,760.0557333
2023-06-09 05:15,Control,50,790.1104083
2023-06-09 05:15,Saltwater,5,486.872788
2023-06-09 05:15,Saltwater,15,402.29312
2023-06-09 05:15,Saltwater,30,621.13852
2023-06-09 05:15,Saltwater,50,662.56628
2023-06-09 05:15,Freshwater,5,538.5759
2023-06-09 05:15,Freshwater,15,310.208204
2023-06-09 05:15,Freshwater,30,228.731006
2023-06-09 05:15,Freshwater,50,735.86904
2023-06-09 05:20,Control,5,587.8515089
2023-06-09 05:20,Control,15,762.18528
2023-06-09 05:20,Control,30,759.9873733
2023-06-09 05:20,Control,50,790.1531333
2023-06-09 05:20,Saltwater,5,486.8494947
2023-06-09 05:20,Saltwater,15,403.66232
2023-06-09 05:20,Saltwater,30,620.9181933
2023-06-09 05:20,Saltwater,50,662.4833133
2023-06-09 05:20,Freshwater,5,538.6486667
2023-06-09 05:20,Freshwater,15,310.2469707
2023-06-09 05:20,Freshwater,30,228.357128
2023-06-09 05:20,Freshwater,50,735.83506
2023-06-09 05:25,Control,5,588.1067444
2023-06-09 05:25,Control,15,762.25364
2023-06-09 05:25,Control,30,760.1924733
2023-06-09 05:25,Control,50,790.1104083
2023-06-09 05:25,Saltwater,5,487.0643913
2023-06-09 05:25,Saltwater,15,404.89462
2023-06-09 05:25,Saltwater,30,621.0722067
2023-06-09 05:25,Saltwater,50,662.3992467
2023-06-09 05:25,Freshwater,5,538.5854733
2023-06-09 05:25,Freshwater,15,309.7079073
2023-06-09 05:25,Freshwater,30,227.915248
2023-06-09 05:25,Freshwater,50,735.3932
2023-06-09 05:30,Control,5,588.43034
2023-06-09 05:30,Control,15,762.28782
2023-06-09 05:30,Control,30,760.1240933
2023-06-09 05:30,Control,50,790.1104083
2023-06-09 05:30,Saltwater,5,486.93599
2023-06-09 05:30,Saltwater,15,406.05724
2023-06-09 05:30,Saltwater,30,621.08668
2023-06-09 05:30,Saltwater,50,662.4143
2023-06-09 05:30,Freshwater,5,538.52228
2023-06-09 05:30,Freshwater,15,309.610706
2023-06-09 05:30,Freshwater,30,227.541338
2023-06-09 05:30,Freshwater,50,735.3592
2023-06-09 05:35,Control,5,588.7459578
2023-06-09 05:35,Control,15,762.322
2023-06-09 05:35,Control,30,760.2950133
2023-06-09 05:35,Control,50,790.2385833
2023-06-09 05:35,Saltwater,5,486.7439413
2023-06-09 05:35,Saltwater,15,407.15156
2023-06-09 05:35,Saltwater,30,620.95488
2023-06-09 05:35,Saltwater,50,662.28296
2023-06-09 05:35,Freshwater,5,538.1871667
2023-06-09 05:35,Freshwater,15,310.358514
2023-06-09 05:35,Freshwater,30,227.09947
2023-06-09 05:35,Freshwater,50,735.42718
2023-06-09 05:40,Control,5,588.7197556
2023-06-09 05:40,Control,15,762.42454
2023-06-09 05:40,Control,30,760.2950133
2023-06-09 05:40,Control,50,790.1531333
2023-06-09 05:40,Saltwater,5,486.9245187
2023-06-09 05:40,Saltwater,15,408.07326
2023-06-09 05:40,Saltwater,30,620.9213
2023-06-09 05:40,Saltwater,50,662.28356
2023-06-09 05:40,Freshwater,5,538.2259533
2023-06-09 05:40,Freshwater,15,310.392504
2023-06-09 05:40,Freshwater,30,226.69158
2023-06-09 05:40,Freshwater,50,735.3592
2023-06-09 05:45,Control,5,588.4884533
2023-06-09 05:45,Control,15,762.42454
2023-06-09 05:45,Control,30,760.3633733
2023-06-09 05:45,Control,50,790.1958583
2023-06-09 05:45,Saltwater,5,486.523916
2023-06-09 05:45,Saltwater,15,408.9601
2023-06-09 05:45,Saltwater,30,620.8862
2023-06-09 05:45,Saltwater,50,662.18008
2023-06-09 05:45,Freshwater,5,537.99278
2023-06-09 05:45,Freshwater,15,310.290544
2023-06-09 05:45,Freshwater,30,226.58961
2023-06-09 05:45,Freshwater,50,735.12126
2023-06-09 05:50,Control,5,588.5568133
2023-06-09 05:50,Control,15,762.45874
2023-06-09 05:50,Control,30,760.3291933
2023-06-09 05:50,Control,50,790.1104083
2023-06-09 05:50,Saltwater,5,486.45673
2023-06-09 05:50,Saltwater,15,409.8529267
2023-06-09 05:50,Saltwater,30,620.7854
2023-06-09 05:50,Saltwater,50,662.07944
2023-06-09 05:50,Freshwater,5,537.6236667
2023-06-09 05:50,Freshwater,15,310.324524
2023-06-09 05:50,Freshwater,30,226.079742
2023-06-09 05:50,Freshwater,50,735.05328
2023-06-09 05:55,Control,5,588.9328333
2023-06-09 05:55,Control,15,762.45874
2023-06-09 05:55,Control,30,760.4659333
2023-06-09 05:55,Control,50,790.0676833
2023-06-09 05:55,Saltwater,5,486.484808
2023-06-09 05:55,Saltwater,15,410.6382733
2023-06-09 05:55,Saltwater,30,620.7764
2023-06-09 05:55,Saltwater,50,662.03538
2023-06-09 05:55,Freshwater,5,537.6964533
2023-06-09 05:55,Freshwater,15,310.562444
2023-06-09 05:55,Freshwater,30,225.433952
2023-06-09 05:55,Freshwater,50,734.5774
2023-06-09 06:00,Control,5,589.1379333
2023-06-09 06:00,Control,15,762.62966
2023-06-09 06:00,Control,30,760.4659133
2023-06-09 06:00,Control,50,790.1958833
2023-06-09 06:00,Saltwater,5,486.560234
2023-06-09 06:00,Saltwater,15,411.39906
2023-06-09 06:00,Saltwater,30,620.78708
2023-06-09 06:00,Saltwater,50,661.9448
2023-06-09 06:00,Freshwater,5,537.70124
2023-06-09 06:00,Freshwater,15,310.460484
2023-06-09 06:00,Freshwater,30,225.297994
2023-06-09 06:00,Freshwater,50,734.40746
2023-06-09 06:05,Control,5,588.9328333
2023-06-09 06:05,Control,15,762.7322
2023-06-09 06:05,Control,30,760.5422711
2023-06-09 06:05,Control,50,790.3320111
2023-06-09 06:05,Saltwater,5,486.4893053
2023-06-09 06:05,Saltwater,15,412.51632
2023-06-09 06:05,Saltwater,30,620.6712267
2023-06-09 06:05,Saltwater,50,661.8271267
2023-06-09 06:05,Freshwater,5,537.63326
2023-06-09 06:05,Freshwater,15,310.256548
2023-06-09 06:05,Freshwater,30,225.263984
2023-06-09 06:05,Freshwater,50,733.8636
2023-06-09 06:10,Control,5,588.9328333
2023-06-09 06:10,Control,15,762.83474
2023-06-09 06:10,Control,30,760.5844289
2023-06-09 06:10,Control,50,790.1690889
2023-06-09 06:10,Saltwater,5,486.5746347
2023-06-09 06:10,Saltwater,15,413.10196
2023-06-09 06:10,Saltwater,30,620.6189733
2023-06-09 06:10,Saltwater,50,661.6736133
2023-06-09 06:10,Freshwater,5,537.42932
2023-06-09 06:10,Freshwater,15,310.800396
2023-06-09 06:10,Freshwater,30,224.856094
2023-06-09 06:10,Freshwater,50,734.50944
2023-06-09 06:15,Control,5,588.8302533
2023-06-09 06:15,Control,15,762.69802
2023-06-09 06:15,Control,30,760.6265867
2023-06-09 06:15,Control,50,790.3052667
2023-06-09 06:15,Saltwater,5,486.790108
2023-06-09 06:15,Saltwater,15,413.7512
2023-06-09 06:15,Saltwater,30,620.59128
2023-06-09 06:15,Saltwater,50,661.57782
2023-06-09 06:15,Freshwater,5,537.59928
2023-06-09 06:15,Freshwater,15,310.766406
2023-06-09 06:15,Freshwater,30,224.652146
2023-06-09 06:15,Freshwater,50,734.33948
2023-06-09 06:20,Control,5,588.8382511
2023-06-09 06:20,Control,15,762.76636
2023-06-09 06:20,Control,30,760.6607667
2023-06-09 06:20,Control,50,790.3052667
2023-06-09 06:20,Saltwater,5,486.72551
2023-06-09 06:20,Saltwater,15,414.6742933
2023-06-09 06:20,Saltwater,30,620.64364
2023-06-09 06:20,Saltwater,50,661.4238
2023-06-09 06:20,Freshwater,5,537.44368
2023-06-09 06:20,Freshwater,15,310.528478
2023-06-09 06:20,Freshwater,30,224.482196
2023-06-09 06:20,Freshwater,50,734.20352
2023-06-09 06:25,Control,5,589.0171289
2023-06-09 06:25,Control,15,762.86892
2023-06-09 06:25,Control,30,760.7975067
2023-06-09 06:25,Control,50,790.3479917
2023-06-09 06:25,Saltwater,5,486.814974
2023-06-09 06:25,Saltwater,15,415.5762267
2023-06-09 06:25,Saltwater,30,620.58556
2023-06-09 06:25,Saltwater,50,661.4009
2023-06-09 06:25,Freshwater,5,537.2541
2023-06-09 06:25,Freshwater,15,311.004328
2023-06-09 06:25,Freshwater,30,223.904388
2023-06-09 06:25,Freshwater,50,733.9656
2023-06-09 06:30,Control,5,589.0251067
2023-06-09 06:30,Control,15,762.9373
2023-06-09 06:30,Control,30,760.8658667
2023-06-09 06:30,Control,50,790.5616667
2023-06-09 06:30,Saltwater,5,486.732726
2023-06-09 06:30,Saltwater,15,416.68216
2023-06-09 06:30,Saltwater,30,620.45764
2023-06-09 06:30,Saltwater,50,661.34208
2023-06-09 06:30,Freshwater,5,537.33642
2023-06-09 06:30,Freshwater,15,311.140278
2023-06-09 06:30,Freshwater,30,223.122608
2023-06-09 06:30,Freshwater,50,733.8296
2023-06-09 06:35,Control,5,589.5720267
2023-06-09 06:35,Control,15,763.03984
2023-06-09 06:35,Control,30,760.8738444
2023-06-09 06:35,Control,50,790.3559694
2023-06-09 06:35,Saltwater,5,486.996502
2023-06-09 06:35,Saltwater,15,417.6308
2023-06-09 06:35,Saltwater,30,620.5510867
2023-06-09 06:35,Saltwater,50,661.3659067
2023-06-09 06:35,Freshwater,5,537.0692867
2023-06-09 06:35,Freshwater,15,311.0770967
2023-06-09 06:35,Freshwater,30,223.6372347
2023-06-09 06:35,Freshwater,50,733.5285067
2023-06-09 06:40,Control,5,589.4011067
2023-06-09 06:40,Control,15,763.07402
2023-06-09 06:40,Control,30,760.9160022
2023-06-09 06:40,Control,50,790.4066722
2023-06-09 06:40,Saltwater,5,486.99323
2023-06-09 06:40,Saltwater,15,418.65212
2023-06-09 06:40,Saltwater,30,620.3803933
2023-06-09 06:40,Saltwater,50,661.1606133
2023-06-09 06:40,Freshwater,5,536.9720933
2023-06-09 06:40,Freshwater,15,311.2518253
2023-06-09 06:40,Freshwater,30,223.3021113
2023-06-09 06:40,Freshwater,50,733.3973133
2023-06-09 06:45,Control,5,589.1960067
2023-06-09 06:45,Control,15,763.07402
2023-06-09 06:45,Control,30,761.02652
2023-06-09 06:45,Control,50,790.414675
2023-06-09 06:45,Saltwater,5,487.230336
2023-06-09 06:45,Saltwater,15,419.70868
2023-06-09 06:45,Saltwater,30,620.48492
2023-06-09 06:45,Saltwater,50,661.09424
2023-06-09 06:45,Freshwater,5,536.77294
2023-06-09 06:45,Freshwater,15,311.290616
2023-06-09 06:45,Freshwater,30,223.10297
2023-06-09 06:45,Freshwater,50,733.57204
2023-06-09 06:50,Control,5,588.8017822
2023-06-09 06:50,Control,15,763.0859867
2023-06-09 06:50,Control,30,761.0607
2023-06-09 06:50,Control,50,790.54285
2023-06-09 06:50,Saltwater,5,487.02063
2023-06-09 06:50,Saltwater,15,420.7676067
2023-06-09 06:50,Saltwater,30,620.44344
2023-06-09 06:50,Saltwater,50,661.05204
2023-06-09 06:50,Freshwater,5,537.0836467
2023-06-09 06:50,Freshwater,15,311.222652
2023-06-09 06:50,Freshwater,30,222.69508
2023-06-09 06:50,Freshwater,50,733.30014
2023-06-09 06:55,Control,5,588.6810178
2023-06-09 06:55,Control,15,763.2346733
2023-06-09 06:55,Control,30,761.16324
2023-06-09 06:55,Control,50,790.585575
2023-06-09 06:55,Saltwater,5,487.393048
2023-06-09 06:55,Saltwater,15,421.9986133
2023-06-09 06:55,Saltwater,30,620.4049
2023-06-09 06:55,Saltwater,50,661.0813
2023-06-09 06:55,Freshwater,5,536.8505133
2023-06-09 06:55,Freshwater,15,310.746786
2023-06-09 06:55,Freshwater,30,222.559112
2023-06-09 06:55,Freshwater,50,732.79028
2023-06-09 07:00,Control,5,588.4235533
2023-06-09 07:00,Control,15,763.28082
2023-06-09 07:00,Control,30,761.19742
2023-06-09 07:00,Control,50,790.671025
2023-06-09 07:00,Saltwater,5,487.218066
2023-06-09 07:00,Saltwater,15,423.26268
2023-06-09 07:00,Saltwater,30,620.26196
2023-06-09 07:00,Saltwater,50,660.76706
2023-06-09 07:00,Freshwater,5,536.03956
2023-06-09 07:00,Freshwater,15,312.004428
2023-06-09 07:00,Freshwater,30,222.151232
2023-06-09 07:00,Freshwater,50,732.99422
2023-06-09 07:05,Control,5,588.4967511
2023-06-09 07:05,Control,15,763.34458
2023-06-09 07:05,Control,30,761.19284
2023-06-09 07:05,Control,50,790.5807
2023-06-09 07:05,Saltwater,5,487.1342327
2023-06-09 07:05,Saltwater,15,424.21768
2023-06-09 07:05,Saltwater,30,620.05636
2023-06-09 07:05,Saltwater,50,660.80026
2023-06-09 07:05,Freshwater,5,536.65138
2023-06-09 07:05,Freshwater,15,311.8052607
2023-06-09 07:05,Freshwater,30,221.709372
2023-06-09 07:05,Freshwater,50,732.96024
2023-06-09 07:10,Control,5,588.5074489
2023-06-09 07:10,Control,15,763.51954
2023-06-09 07:10,Control,30,761.33358
2023-06-09 07:10,Control,50,790.54225
2023-06-09 07:10,Saltwater,5,487.9040813
2023-06-09 07:10,Saltwater,15,425.07076
2023-06-09 07:10,Saltwater,30,620.26104
2023-06-09 07:10,Saltwater,50,660.73194
2023-06-09 07:10,Freshwater,5,536.1075
2023-06-09 07:10,Freshwater,15,311.6740873
2023-06-09 07:10,Freshwater,30,221.811312
2023-06-09 07:10,Freshwater,50,732.62034
2023-06-09 07:15,Control,5,588.6314667
2023-06-09 07:15,Control,15,763.48922
2023-06-09 07:15,Control,30,761.37176
2023-06-09 07:15,Control,50,790.595875
2023-06-09 07:15,Saltwater,5,487.309002
2023-06-09 07:15,Saltwater,15,425.9921
2023-06-09 07:15,Saltwater,30,620.29514
2023-06-09 07:15,Saltwater,50,660.73194
2023-06-09 07:15,Freshwater,5,535.7676
2023-06-09 07:15,Freshwater,15,311.746864
2023-06-09 07:15,Freshwater,30,221.437434
2023-06-09 07:15,Freshwater,50,732.62032
2023-06-09 07:20,Control,5,588.6652667
2023-06-09 07:20,Control,15,763.48862
2023-06-09 07:20,Control,30,761.4054
2023-06-09 07:20,Control,50,790.595275
2023-06-09 07:20,Saltwater,5,487.1772947
2023-06-09 07:20,Saltwater,15,426.3428933
2023-06-09 07:20,Saltwater,30,620.12452
2023-06-09 07:20,Saltwater,50,660.56134
2023-06-09 07:20,Freshwater,5,535.578
2023-06-09 07:20,Freshwater,15,311.965164
2023-06-09 07:20,Freshwater,30,221.029536
2023-06-09 07:20,Freshwater,50,732.41636
2023-06-09 07:25,Control,5,588.6121267
2023-06-09 07:25,Control,15,763.59754
2023-06-09 07:25,Control,30,761.41186
2023-06-09 07:25,Control,50,790.60885
2023-06-09 07:25,Saltwater,5,487.3526853
2023-06-09 07:25,Saltwater,15,426.2501067
2023-06-09 07:25,Saltwater,30,620.05628
2023-06-09 07:25,Saltwater,50,660.69782
2023-06-09 07:25,Freshwater,5,535.96626
2023-06-09 07:25,Freshwater,15,311.87756
2023-06-09 07:25,Freshwater,30,221.165506
2023-06-09 07:25,Freshwater,50,731.6686
2023-06-09 07:30,Control,5,588.1421467
2023-06-09 07:30,Control,15,763.59412
2023-06-09 07:30,Control,30,761.44274
2023-06-09 07:30,Control,50,790.5267
2023-06-09 07:30,Saltwater,5,486.436126
2023-06-09 07:30,Saltwater,15,426.56678
2023-06-09 07:30,Saltwater,30,618.58894
2023-06-09 07:30,Saltwater,50,658.92336
2023-06-09 07:30,Freshwater,5,535.97884
2023-06-09 07:30,Freshwater,15,311.925328
2023-06-09 07:30,Freshwater,30,220.927528
2023-06-09 07:30,Freshwater,50,731.69974
2023-06-09 07:35,Control,5,587.7772244
2023-06-09 07:35,Control,15,763.7353
2023-06-09 07:35,Control,30,761.54974
2023-06-09 07:35,Control,50,790.659525
2023-06-09 07:35,Saltwater,5,486.2702947
2023-06-09 07:35,Saltwater,15,427.6635467
2023-06-09 07:35,Saltwater,30,620.4705267
2023-06-09 07:35,Saltwater,50,661.6922067
2023-06-09 07:35,Freshwater,5,535.5773267
2023-06-09 07:35,Freshwater,15,312.197742
2023-06-09 07:35,Freshwater,30,220.383688
2023-06-09 07:35,Freshwater,50,731.73626
2023-06-09 07:40,Control,5,588.1260422
2023-06-09 07:40,Control,15,763.76808
2023-06-09 07:40,Control,30,761.5825
2023-06-09 07:40,Control,50,790.61535
2023-06-09 07:40,Saltwater,5,487.5717873
2023-06-09 07:40,Saltwater,15,428.0778133
2023-06-09 07:40,Saltwater,30,620.2364533
2023-06-09 07:40,Saltwater,50,660.5026533
2023-06-09 07:40,Freshwater,5,535.5483333
2023-06-09 07:40,Freshwater,15,312.16383
2023-06-09 07:40,Freshwater,30,220.553676
2023-06-09 07:40,Freshwater,50,731.87254
2023-06-09 07:45,Control,5,588.12662
2023-06-09 07:45,Control,15,763.82562
2023-06-09 07:45,Control,30,761.57176
2023-06-09 07:45,Control,50,790.5613
2023-06-09 07:45,Saltwater,5,487.542454
2023-06-09 07:45,Saltwater,15,428.32146
2023-06-09 07:45,Saltwater,30,619.90002
2023-06-09 07:45,Saltwater,50,660.3368
2023-06-09 07:45,Freshwater,5,535.28118
2023-06-09 07:45,Freshwater,15,312.367782
2023-06-09 07:45,Freshwater,30,220.213758
2023-06-09 07:45,Freshwater,50,731.6686
2023-06-09 07:50,Control,5,588.09132
2023-06-09 07:50,Control,15,763.82396
2023-06-09 07:50,Control,30,761.70676
2023-06-09 07:50,Control,50,790.687675
2023-06-09 07:50,Saltwater,5,487.7909193
2023-06-09 07:50,Saltwater,15,428.6333667
2023-06-09 07:50,Saltwater,30,619.83176
2023-06-09 07:50,Saltwater,50,660.1662
2023-06-09 07:50,Freshwater,5,535.13622
2023-06-09 07:50,Freshwater,15,312.602906
2023-06-09 07:50,Freshwater,30,219.32981
2023-06-09 07:50,Freshwater,50,731.58614
2023-06-09 07:55,Control,5,588.05796
2023-06-09 07:55,Control,15,763.82516
2023-06-09 07:55,Control,30,761.74214
2023-06-09 07:55,Control,50,790.68895
2023-06-09 07:55,Saltwater,5,487.6980887
2023-06-09 07:55,Saltwater,15,427.4096933
2023-06-09 07:55,Saltwater,30,620.24126
2023-06-09 07:55,Saltwater,50,660.0297
2023-06-09 07:55,Freshwater,5,535.2408
2023-06-09 07:55,Freshwater,15,312.50173
2023-06-09 07:55,Freshwater,30,219.90771
2023-06-09 07:55,Freshwater,50,731.35238
2023-06-09 08:00,Control,5,588.06448
2023-06-09 08:00,Control,15,763.97142
2023-06-09 08:00,Control,30,761.68338
2023-06-09 08:00,Control,50,790.656275
2023-06-09 08:00,Saltwater,5,487.025166
2023-06-09 08:00,Saltwater,15,427.51688
2023-06-09 08:00,Saltwater,30,619.1493
2023-06-09 08:00,Saltwater,50,659.92732
2023-06-09 08:00,Freshwater,5,534.86924
2023-06-09 08:00,Freshwater,15,312.74042
2023-06-09 08:00,Freshwater,30,219.669814
2023-06-09 08:00,Freshwater,50,730.94824
2023-06-09 08:05,Control,5,587.8387156
2023-06-09 08:05,Control,15,763.8994
2023-06-09 08:05,Control,30,761.81638
2023-06-09 08:05,Control,50,790.695125
2023-06-09 08:05,Saltwater,5,488.3655833
2023-06-09 08:05,Saltwater,15,424.75282
2023-06-09 08:05,Saltwater,30,619.49054
2023-06-09 08:05,Saltwater,50,659.1766
2023-06-09 08:05,Freshwater,5,534.71374
2023-06-09 08:05,Freshwater,15,312.774412
2023-06-09 08:05,Freshwater,30,219.4706767
2023-06-09 08:05,Freshwater,50,731.1231067
2023-06-09 08:10,Control,5,587.7209911
2023-06-09 08:10,Control,15,764.04058
2023-06-09 08:10,Control,30,761.92336
2023-06-09 08:10,Control,50,790.6144
2023-06-09 08:10,Saltwater,5,486.9078527
2023-06-09 08:10,Saltwater,15,424.8211
2023-06-09 08:10,Saltwater,30,618.67154
2023-06-09 08:10,Saltwater,50,660.47328
2023-06-09 08:10,Freshwater,5,534.79418
2023-06-09 08:10,Freshwater,15,312.467914
2023-06-09 08:10,Freshwater,30,219.2034953
2023-06-09 08:10,Freshwater,50,730.6830333
2023-06-09 08:15,Control,5,587.1563267
2023-06-09 08:15,Control,15,764.1437
2023-06-09 08:15,Control,30,761.88976
2023-06-09 08:15,Control,50,790.614975
2023-06-09 08:15,Saltwater,5,488.760088
2023-06-09 08:15,Saltwater,15,424.92344
2023-06-09 08:15,Saltwater,30,619.31992
2023-06-09 08:15,Saltwater,50,659.34722
2023-06-09 08:15,Freshwater,5,534.47378
2023-06-09 08:15,Freshwater,15,312.333552
2023-06-09 08:15,Freshwater,30,219.14041
2023-06-09 08:15,Freshwater,50,730.59408
2023-06-09 08:20,Control,5,587.0959644
2023-06-09 08:20,Control,15,764.1898267
2023-06-09 08:20,Control,30,761.9660778
2023-06-09 08:20,Control,50,790.6229778
2023-06-09 08:20,Saltwater,5,488.0872133
2023-06-09 08:20,Saltwater,15,426.2931667
2023-06-09 08:20,Saltwater,30,619.0175867
2023-06-09 08:20,Saltwater,50,660.8534867
2023-06-09 08:20,Freshwater,5,534.2460933
2023-06-09 08:20,Freshwater,15,313.081568
2023-06-09 08:20,Freshwater,30,218.732526
2023-06-09 08:20,Freshwater,50,730.66314
2023-06-09 08:25,Control,5,586.7621822
2023-06-09 08:25,Control,15,764.2701333
2023-06-09 08:25,Control,30,762.0424356
2023-06-09 08:25,Control,50,790.8018056
2023-06-09 08:25,Saltwater,5,487.4142947
2023-06-09 08:25,Saltwater,15,425.5472333
2023-06-09 08:25,Saltwater,30,619.9095933
2023-06-09 08:25,Saltwater,50,660.2781333
2023-06-09 08:25,Freshwater,5,534.1877467
2023-06-09 08:25,Freshwater,15,312.979594
2023-06-09 08:25,Freshwater,30,218.732554
2023-06-09 08:25,Freshwater,50,730.39132
2023-06-09 08:30,Control,5,586.94104
2023-06-09 08:30,Control,15,764.45298
2023-06-09 08:30,Control,30,762.1187533
2023-06-09 08:30,Control,50,790.8525083
2023-06-09 08:30,Saltwater,5,487.355622
2023-06-09 08:30,Saltwater,15,426.37102
2023-06-09 08:30,Saltwater,30,619.64138
2023-06-09 08:30,Saltwater,50,659.8052
2023-06-09 08:30,Freshwater,5,533.75544
2023-06-09 08:30,Freshwater,15,312.843634
2023-06-09 08:30,Freshwater,30,218.528604
2023-06-09 08:30,Freshwater,50,730.39132
2023-06-09 08:35,Control,5,587.07776
2023-06-09 08:35,Control,15,764.4307467
2023-06-09 08:35,Control,30,762.0503933
2023-06-09 08:35,Control,50,790.8525083
2023-06-09 08:35,Saltwater,5,487.1215527
2023-06-09 08:35,Saltwater,15,426.60988
2023-06-09 08:35,Saltwater,30,619.5049
2023-06-09 08:35,Saltwater,50,659.77108
2023-06-09 08:35,Freshwater,5,533.41116
2023-06-09 08:35,Freshwater,15,313.012196
2023-06-09 08:35,Freshwater,30,218.05264
2023-06-09 08:35,Freshwater,50,730.21432
2023-06-09 08:40,Control,5,586.93898
2023-06-09 08:40,Control,15,764.5422333
2023-06-09 08:40,Control,30,762.1499133
2023-06-09 08:40,Control,50,790.8920583
2023-06-09 08:40,Saltwater,5,487.1945793
2023-06-09 08:40,Saltwater,15,427.18998
2023-06-09 08:40,Saltwater,30,619.43666
2023-06-09 08:40,Saltwater,50,659.7028
2023-06-09 08:40,Freshwater,5,533.65286
2023-06-09 08:40,Freshwater,15,312.77547
2023-06-09 08:40,Freshwater,30,218.324624
2023-06-09 08:40,Freshwater,50,729.4047
2023-06-09 08:45,Control,5,587.00654
2023-06-09 08:45,Control,15,764.68976
2023-06-09 08:45,Control,30,762.2171133
2023-06-09 08:45,Control,50,790.8054083
2023-06-09 08:45,Saltwater,5,487.199362
2023-06-09 08:45,Saltwater,15,427.80422
2023-06-09 08:45,Saltwater,30,619.43666
2023-06-09 08:45,Saltwater,50,659.46396
2023-06-09 08:45,Freshwater,5,533.0416
2023-06-09 08:45,Freshwater,15,312.741654
2023-06-09 08:45,Freshwater,30,217.780808
2023-06-09 08:45,Freshwater,50,729.30356
2023-06-09 08:50,Control,5,586.7992778
2023-06-09 08:50,Control,15,764.67468
2023-06-09 08:50,Control,30,762.3046533
2023-06-09 08:50,Control,50,790.9605083
2023-06-09 08:50,Saltwater,5,486.7066567
2023-06-09 08:50,Saltwater,15,428.1160867
2023-06-09 08:50,Saltwater,30,618.8224
2023-06-09 08:50,Saltwater,50,659.05446
2023-06-09 08:50,Freshwater,5,533.3945
2023-06-09 08:50,Freshwater,15,313.4646053
2023-06-09 08:50,Freshwater,30,218.018696
2023-06-09 08:50,Freshwater,50,730.491
2023-06-09 08:55,Control,5,586.7058956
2023-06-09 08:55,Control,15,764.67644
2023-06-09 08:55,Control,30,762.3747133
2023-06-09 08:55,Control,50,791.0050083
2023-06-09 08:55,Saltwater,5,487.0670473
2023-06-09 08:55,Saltwater,15,428.7692533
2023-06-09 08:55,Saltwater,30,619.2319
2023-06-09 08:55,Saltwater,50,659.25922
2023-06-09 08:55,Freshwater,5,533.05666
2023-06-09 08:55,Freshwater,15,312.9604587
2023-06-09 08:55,Freshwater,30,217.81456
2023-06-09 08:55,Freshwater,50,729.5875
2023-06-09 09:00,Control,5,586.8694533
2023-06-09 09:00,Control,15,764.82478
2023-06-09 09:00,Control,30,762.4548133
2023-06-09 09:00,Control,50,790.9387083
2023-06-09 09:00,Saltwater,5,487.017942
2023-06-09 09:00,Saltwater,15,429.32004
2023-06-09 09:00,Saltwater,30,619.23192
2023-06-09 09:00,Saltwater,50,659.12274
2023-06-09 09:00,Freshwater,5,532.8724
2023-06-09 09:00,Freshwater,15,313.651486
2023-06-09 09:00,Freshwater,30,217.746682
2023-06-09 09:00,Freshwater,50,729.63
2023-06-09 09:05,Control,5,586.7610133
2023-06-09 09:05,Control,15,764.85018
2023-06-09 09:05,Control,30,762.5144333
2023-06-09 09:05,Control,50,790.9295083
2023-06-09 09:05,Saltwater,5,485.7918613
2023-06-09 09:05,Saltwater,15,428.7494533
2023-06-09 09:05,Saltwater,30,618.75418
2023-06-09 09:05,Saltwater,50,659.15684
2023-06-09 09:05,Freshwater,5,533.0706
2023-06-09 09:05,Freshwater,15,313.6204687
2023-06-09 09:05,Freshwater,30,216.760896
2023-06-09 09:05,Freshwater,50,729.2129
2023-06-09 09:10,Control,5,585.9962733
2023-06-09 09:10,Control,15,764.89938
2023-06-09 09:10,Control,30,762.4953533
2023-06-09 09:10,Control,50,790.9949083
2023-06-09 09:10,Saltwater,5,486.9886047
2023-06-09 09:10,Saltwater,15,430.2605067
2023-06-09 09:10,Saltwater,30,619.0613
2023-06-09 09:10,Saltwater,50,659.29334
2023-06-09 09:10,Freshwater,5,531.12092
2023-06-09 09:10,Freshwater,15,314.0971753
2023-06-09 09:10,Freshwater,30,216.862688
2023-06-09 09:10,Freshwater,50,728.4113
2023-06-09 09:15,Control,5,585.8984533
2023-06-09 09:15,Control,15,764.94054
2023-06-09 09:15,Control,30,762.6389733
2023-06-09 09:15,Control,50,791.0449333
2023-06-09 09:15,Saltwater,5,486.745538
2023-06-09 09:15,Saltwater,15,430.60608
2023-06-09 09:15,Saltwater,30,619.0174
2023-06-09 09:15,Saltwater,50,658.63426
2023-06-09 09:15,Freshwater,5,531.88858
2023-06-09 09:15,Freshwater,15,312.602068
2023-06-09 09:15,Freshwater,30,215.469058
2023-06-09 09:15,Freshwater,50,727.70882
2023-06-09 09:20,Control,5,585.9981667
2023-06-09 09:20,Control,15,765.03764
2023-06-09 09:20,Control,30,762.5995733
2023-06-09 09:20,Control,50,790.9607833
2023-06-09 09:20,Saltwater,5,486.653002
2023-06-09 09:20,Saltwater,15,431.18828
2023-06-09 09:20,Saltwater,30,618.95308
2023-06-09 09:20,Saltwater,50,658.6727
2023-06-09 09:20,Freshwater,5,530.7383133
2023-06-09 09:20,Freshwater,15,313.0521073
2023-06-09 09:20,Freshwater,30,215.638946
2023-06-09 09:20,Freshwater,50,726.44438
2023-06-09 09:25,Control,5,586.08972
2023-06-09 09:25,Control,15,765.1049
2023-06-09 09:25,Control,30,762.5985333
2023-06-09 09:25,Control,50,791.0024083
2023-06-09 09:25,Saltwater,5,486.76095
2023-06-09 09:25,Saltwater,15,431.56236
2023-06-09 09:25,Saltwater,30,618.91656
2023-06-09 09:25,Saltwater,50,658.5677
2023-06-09 09:25,Freshwater,5,531.6663267
2023-06-09 09:25,Freshwater,15,313.2658275
2023-06-09 09:25,Freshwater,30,219.207468
2023-06-09 09:25,Freshwater,50,730.21818
2023-06-09 09:30,Control,5,586.2463733
2023-06-09 09:30,Control,15,765.13324
2023-06-09 09:30,Control,30,762.6952333
2023-06-09 09:30,Control,50,791.0390083
2023-06-09 09:30,Saltwater,5,486.87249
2023-06-09 09:30,Saltwater,15,432.45118
2023-06-09 09:30,Saltwater,30,619.19252
2023-06-09 09:30,Saltwater,50,658.9463
2023-06-09 09:30,Freshwater,5,530.0361
2023-06-09 09:30,Freshwater,15,313.850472
2023-06-09 09:30,Freshwater,30,216.896312
2023-06-09 09:30,Freshwater,50,728.57304
2023-06-09 09:35,Control,5,586.4557533
2023-06-09 09:35,Control,15,765.1575
2023-06-09 09:35,Control,30,762.7538733
2023-06-09 09:35,Control,50,790.9928333
2023-06-09 09:35,Saltwater,5,486.272056
2023-06-09 09:35,Saltwater,15,432.4213467
2023-06-09 09:35,Saltwater,30,618.95278
2023-06-09 09:35,Saltwater,50,658.46766
2023-06-09 09:35,Freshwater,5,530.0096267
2023-06-09 09:35,Freshwater,15,313.953296
2023-06-09 09:35,Freshwater,30,216.7312247
2023-06-09 09:35,Freshwater,50,728.3103867
2023-06-09 09:40,Control,5,586.5273733
2023-06-09 09:40,Control,15,765.2307
2023-06-09 09:40,Control,30,762.7928333
2023-06-09 09:40,Control,50,791.0406333
2023-06-09 09:40,Saltwater,5,486.237334
2023-06-09 09:40,Saltwater,15,432.9600533
2023-06-09 09:40,Saltwater,30,618.35052
2023-06-09 09:40,Saltwater,50,658.17032
2023-06-09 09:40,Freshwater,5,528.8889533
2023-06-09 09:40,Freshwater,15,313.88405
2023-06-09 09:40,Freshwater,30,216.9058633
2023-06-09 09:40,Freshwater,50,728.2067933
2023-06-09 09:45,Control,5,586.4550333
2023-06-09 09:45,Control,15,765.39562
2023-06-09 09:45,Control,30,762.8894733
2023-06-09 09:45,Control,50,791.1198583
2023-06-09 09:45,Saltwater,5,486.118206
2023-06-09 09:45,Saltwater,15,433.68382
2023-06-09 09:45,Saltwater,30,618.6962
2023-06-09 09:45,Saltwater,50,658.58466
2023-06-09 09:45,Freshwater,5,528.00686
2023-06-09 09:45,Freshwater,15,313.984938
2023-06-09 09:45,Freshwater,30,216.366864
2023-06-09 09:45,Freshwater,50,728.1722
2023-06-09 09:50,Control,5,586.3194933
2023-06-09 09:50,Control,15,765.39728
2023-06-09 09:50,Control,30,762.8910933
2023-06-09 09:50,Control,50,791.1642833
2023-06-09 09:50,Saltwater,5,484.902938
2023-06-09 09:50,Saltwater,15,433.6033067
2023-06-09 09:50,Saltwater,30,618.80136
2023-06-09 09:50,Saltwater,50,657.83376
2023-06-09 09:50,Freshwater,5,528.2614
2023-06-09 09:50,Freshwater,15,314.01969
2023-06-09 09:50,Freshwater,30,216.6435427
2023-06-09 09:50,Freshwater,50,727.3991067
2023-06-09 09:55,Control,5,586.4540333
2023-06-09 09:55,Control,15,765.39412
2023-06-09 09:55,Control,30,762.9221333
2023-06-09 09:55,Control,50,791.1182833
2023-06-09 09:55,Saltwater,5,484.636412
2023-06-09 09:55,Saltwater,15,434.0227333
2023-06-09 09:55,Saltwater,30,618.74268
2023-06-09 09:55,Saltwater,50,658.52666
2023-06-09 09:55,Freshwater,5,527.8343
2023-06-09 09:55,Freshwater,15,314.01977
2023-06-09 09:55,Freshwater,30,216.5803773
2023-06-09 09:55,Freshwater,50,727.1325533
2023-06-09 10:00,Control,5,586.2309533
2023-06-09 10:00,Control,15,765.57236
2023-06-09 10:00,Control,30,762.9296733
2023-06-09 10:00,Control,50,791.0902833
2023-06-09 10:00,Saltwater,5,484.258962
2023-06-09 10:00,Saltwater,15,433.10456
2023-06-09 10:00,Saltwater,30,618.67128
2023-06-09 10:00,Saltwater,50,659.10318
2023-06-09 10:00,Freshwater,5,527.5768
2023-06-09 10:00,Freshwater,15,314.325634
2023-06-09 10:00,Freshwater,30,216.347264
2023-06-09 10:00,Freshwater,50,727.81704
2023-06-09 10:05,Control,5,586.3027711
2023-06-09 10:05,Control,15,765.6118267
2023-06-09 10:05,Control,30,762.9913533
2023-06-09 10:05,Control,50,791.0833333
2023-06-09 10:05,Saltwater,5,485.05578
2023-06-09 10:05,Saltwater,15,435.1253533
2023-06-09 10:05,Saltwater,30,617.9561467
2023-06-09 10:05,Saltwater,50,658.1489067
2023-06-09 10:05,Freshwater,5,527.37288
2023-06-09 10:05,Freshwater,15,314.087742
2023-06-09 10:05,Freshwater,30,216.449234
2023-06-09 10:05,Freshwater,50,727.54516
2023-06-09 10:10,Control,5,586.0368489
2023-06-09 10:10,Control,15,765.6229533
2023-06-09 10:10,Control,30,762.9905133
2023-06-09 10:10,Control,50,791.2105333
2023-06-09 10:10,Saltwater,5,486.577932
2023-06-09 10:10,Saltwater,15,433.7412667
2023-06-09 10:10,Saltwater,30,618.8235733
2023-06-09 10:10,Saltwater,50,657.9596133
2023-06-09 10:10,Freshwater,5,526.99906
2023-06-09 10:10,Freshwater,15,314.35964
2023-06-09 10:10,Freshwater,30,216.279304
2023-06-09 10:10,Freshwater,50,727.47718
2023-06-09 10:15,Control,5,586.2839667
2023-06-09 10:15,Control,15,765.63488
2023-06-09 10:15,Control,30,763.0246733
2023-06-09 10:15,Control,50,790.9970333
2023-06-09 10:15,Saltwater,5,485.248384
2023-06-09 10:15,Saltwater,15,434.32014
2023-06-09 10:15,Saltwater,30,618.53572
2023-06-09 10:15,Saltwater,50,657.9769
2023-06-09 10:15,Freshwater,5,526.7934
2023-06-09 10:15,Freshwater,15,314.494978
2023-06-09 10:15,Freshwater,30,215.8035
2023-06-09 10:15,Freshwater,50,727.23644
2023-06-09 10:20,Control,5,586.2919444
2023-06-09 10:20,Control,15,765.60072
2023-06-09 10:20,Control,30,763.0588533
2023-06-09 10:20,Control,50,791.1678333
2023-06-09 10:20,Saltwater,5,485.3256207
2023-06-09 10:20,Saltwater,15,434.35766
2023-06-09 10:20,Saltwater,30,618.5467867
2023-06-09 10:20,Saltwater,50,657.7838267
2023-06-09 10:20,Freshwater,5,526.8724733
2023-06-09 10:20,Freshwater,15,314.631448
2023-06-09 10:20,Freshwater,30,215.701532
2023-06-09 10:20,Freshwater,50,727.03508
2023-06-09 10:25,Control,5,586.2315822
2023-06-09 10:25,Control,15,765.70322
2023-06-09 10:25,Control,30,763.1271733
2023-06-09 10:25,Control,50,791.2532583
2023-06-09 10:25,Saltwater,5,485.2949553
2023-06-09 10:25,Saltwater,15,434.59542
2023-06-09 10:25,Saltwater,30,618.5495733
2023-06-09 10:25,Saltwater,50,657.7864533
2023-06-09 10:25,Freshwater,5,526.3350667
2023-06-09 10:25,Freshwater,15,314.69835
2023-06-09 10:25,Freshwater,30,216.21129
2023-06-09 10:25,Freshwater,50,726.62198
2023-06-09 10:30,Control,5,586.10292
2023-06-09 10:30,Control,15,765.83988
2023-06-09 10:30,Control,30,763.1613533
2023-06-09 10:30,Control,50,791.1251333
2023-06-09 10:30,Saltwater,5,485.127148
2023-06-09 10:30,Saltwater,15,434.5938
2023-06-09 10:30,Saltwater,30,618.4149
2023-06-09 10:30,Saltwater,50,657.54914
2023-06-09 10:30,Freshwater,5,526.68402
2023-06-09 10:30,Freshwater,15,314.800164
2023-06-09 10:30,Freshwater,30,216.007374
2023-06-09 10:30,Freshwater,50,726.89314
2023-06-09 10:35,Control,5,585.9822356
2023-06-09 10:35,Control,15,765.7835067
2023-06-09 10:35,Control,30,763.1954933
2023-06-09 10:35,Control,50,791.2105583
2023-06-09 10:35,Saltwater,5,485.2071487
2023-06-09 10:35,Saltwater,15,434.6042867
2023-06-09 10:35,Saltwater,30,618.49356
2023-06-09 10:35,Saltwater,50,657.56052
2023-06-09 10:35,Freshwater,5,526.4931933
2023-06-09 10:35,Freshwater,15,314.271918
2023-06-09 10:35,Freshwater,30,216.0461847
2023-06-09 10:35,Freshwater,50,726.4278667
2023-06-09 10:40,Control,5,586.6131311
2023-06-09 10:40,Control,15,766.0004933
2023-06-09 10:40,Control,30,763.2296533
2023-06-09 10:40,Control,50,791.2959583
2023-06-09 10:40,Saltwater,5,485.1375633
2023-06-09 10:40,Saltwater,15,434.3652133
2023-06-09 10:40,Saltwater,30,618.07498
2023-06-09 10:40,Saltwater,50,657.34584
2023-06-09 10:40,Freshwater,5,525.6787267
2023-06-09 10:40,Freshwater,15,314.895212
2023-06-09 10:40,Freshwater,30,215.8129913
2023-06-09 10:40,Freshwater,50,726.5887333
2023-06-09 10:45,Control,5,586.6290867
2023-06-09 10:45,Control,15,765.94412
2023-06-09 10:45,Control,30,763.2296533
2023-06-09 10:45,Control,50,791.1678333
2023-06-09 10:45,Saltwater,5,484.639442
2023-06-09 10:45,Saltwater,15,434.61612
2023-06-09 10:45,Saltwater,30,618.1565
2023-06-09 10:45,Saltwater,50,657.42858
2023-06-09 10:45,Freshwater,5,526.0877
2023-06-09 10:45,Freshwater,15,314.940804
2023-06-09 10:45,Freshwater,30,215.613784
2023-06-09 10:45,Freshwater,50,726.138
2023-06-09 10:50,Control,5,586.9024067
2023-06-09 10:50,Control,15,766.14912
2023-06-09 10:50,Control,30,763.3321733
2023-06-09 10:50,Control,50,791.1678333
2023-06-09 10:50,Saltwater,5,484.5013667
2023-06-09 10:50,Saltwater,15,434.7074
2023-06-09 10:50,Saltwater,30,618.2434267
2023-06-09 10:50,Saltwater,50,657.3770867
2023-06-09 10:50,Freshwater,5,525.8214267
2023-06-09 10:50,Freshwater,15,315.144968
2023-06-09 10:50,Freshwater,30,215.8224827
2023-06-09 10:50,Freshwater,50,726.3819267
2023-06-09 10:55,Control,5,587.1073867
2023-06-09 10:55,Control,15,766.04664
2023-06-09 10:55,Control,30,763.3663333
2023-06-09 10:55,Control,50,791.3386583
2023-06-09 10:55,Saltwater,5,484.7066013
2023-06-09 10:55,Saltwater,15,434.76624
2023-06-09 10:55,Saltwater,30,618.1628533
2023-06-09 10:55,Saltwater,50,657.2266133
2023-06-09 10:55,Freshwater,5,525.4222333
2023-06-09 10:55,Freshwater,15,315.214182
2023-06-09 10:55,Freshwater,30,215.4535073
2023-06-09 10:55,Freshwater,50,726.1891333
2023-06-09 11:00,Control,5,587.3123867
2023-06-09 11:00,Control,15,766.14912
2023-06-09 11:00,Control,30,763.4688333
2023-06-09 11:00,Control,50,791.2532333
2023-06-09 11:00,Saltwater,5,484.407874
2023-06-09 11:00,Saltwater,15,434.93386
2023-06-09 11:00,Saltwater,30,618.401
2023-06-09 11:00,Saltwater,50,657.2937
2023-06-09 11:00,Freshwater,5,525.7158
2023-06-09 11:00,Freshwater,15,315.242572
2023-06-09 11:00,Freshwater,30,215.899882
2023-06-09 11:00,Freshwater,50,725.6222
2023-06-09 11:05,Control,5,587.0732267
2023-06-09 11:05,Control,15,766.18326
2023-06-09 11:05,Control,30,763.4767911
2023-06-09 11:05,Control,50,791.4320361
2023-06-09 11:05,Saltwater,5,483.012442
2023-06-09 11:05,Saltwater,15,433.3320067
2023-06-09 11:05,Saltwater,30,616.82592
2023-06-09 11:05,Saltwater,50,656.80978
2023-06-09 11:05,Freshwater,5,525.7069467
2023-06-09 11:05,Freshwater,15,314.9758073
2023-06-09 11:05,Freshwater,30,215.7006227
2023-06-09 11:05,Freshwater,50,725.5027667
2023-06-09 11:10,Control,5,587.4490467
2023-06-09 11:10,Control,15,766.25158
2023-06-09 11:10,Control,30,763.5189489
2023-06-09 11:10,Control,50,791.3118889
2023-06-09 11:10,Saltwater,5,483.701952
2023-06-09 11:10,Saltwater,15,434.4626533
2023-06-09 11:10,Saltwater,30,617.84944
2023-06-09 11:10,Saltwater,50,656.02512
2023-06-09 11:10,Freshwater,5,525.7404933
2023-06-09 11:10,Freshwater,15,315.2555227
2023-06-09 11:10,Freshwater,30,215.6374013
2023-06-09 11:10,Freshwater,50,725.6348933
2023-06-09 11:15,Control,5,588.0640067
2023-06-09 11:15,Control,15,766.31992
2023-06-09 11:15,Control,30,763.6294267
2023-06-09 11:15,Control,50,791.3625917
2023-06-09 11:15,Saltwater,5,483.827132
2023-06-09 11:15,Saltwater,15,435.13458
2023-06-09 11:15,Saltwater,30,618.67466
2023-06-09 11:15,Saltwater,50,656.81366
2023-06-09 11:15,Freshwater,5,526.21678
2023-06-09 11:15,Freshwater,15,314.957882
2023-06-09 11:15,Freshwater,30,215.778054
2023-06-09 11:15,Freshwater,50,725.63276
2023-06-09 11:20,Control,5,588.3031667
2023-06-09 11:20,Control,15,766.3660467
2023-06-09 11:20,Control,30,763.6635867
2023-06-09 11:20,Control,50,791.4480167
2023-06-09 11:20,Saltwater,5,484.029088
2023-06-09 11:20,Saltwater,15,434.8372867
2023-06-09 11:20,Saltwater,30,617.98832
2023-06-09 11:20,Saltwater,50,656.74096
2023-06-09 11:20,Freshwater,5,527.0419667
2023-06-09 11:20,Freshwater,15,315.469196
2023-06-09 11:20,Freshwater,30,215.234456
2023-06-09 11:20,Freshwater,50,725.53888
2023-06-09 11:25,Control,5,588.9864467
2023-06-09 11:25,Control,15,766.5488533
2023-06-09 11:25,Control,30,763.6635867
2023-06-09 11:25,Control,50,791.4052917
2023-06-09 11:25,Saltwater,5,483.47725
2023-06-09 11:25,Saltwater,15,434.8784133
2023-06-09 11:25,Saltwater,30,618.21804
2023-06-09 11:25,Saltwater,50,656.3217
2023-06-09 11:25,Freshwater,5,527.4158733
2023-06-09 11:25,Freshwater,15,315.229788
2023-06-09 11:25,Freshwater,30,215.37032
2023-06-09 11:25,Freshwater,50,725.2934
2023-06-09 11:30,Control,5,588.9181467
2023-06-09 11:30,Control,15,766.49252
2023-06-09 11:30,Control,30,763.8002467
2023-06-09 11:30,Control,50,791.4053167
2023-06-09 11:30,Saltwater,5,483.373116
2023-06-09 11:30,Saltwater,15,435.4347
2023-06-09 11:30,Saltwater,30,618.11306
2023-06-09 11:30,Saltwater,50,657.00102
2023-06-09 11:30,Freshwater,5,527.17676
2023-06-09 11:30,Freshwater,15,315.397674
2023-06-09 11:30,Freshwater,30,215.540146
2023-06-09 11:30,Freshwater,50,724.87576
2023-06-09 11:35,Control,5,589.7722467
2023-06-09 11:35,Control,15,766.56082
2023-06-09 11:35,Control,30,763.8002267
2023-06-09 11:35,Control,50,791.5334417
2023-06-09 11:35,Saltwater,5,481.95454
2023-06-09 11:35,Saltwater,15,435.4028133
2023-06-09 11:35,Saltwater,30,617.8446267
2023-06-09 11:35,Saltwater,50,657.3807267
2023-06-09 11:35,Freshwater,5,526.9687467
2023-06-09 11:35,Freshwater,15,315.292836
2023-06-09 11:35,Freshwater,30,215.47211
2023-06-09 11:35,Freshwater,50,725.06518
2023-06-09 11:40,Control,5,590.1138867
2023-06-09 11:40,Control,15,766.59498
2023-06-09 11:40,Control,30,763.8685467
2023-06-09 11:40,Control,50,791.5334167
2023-06-09 11:40,Saltwater,5,481.832448
2023-06-09 11:40,Saltwater,15,433.7336867
2023-06-09 11:40,Saltwater,30,617.4059733
2023-06-09 11:40,Saltwater,50,656.5668133
2023-06-09 11:40,Freshwater,5,526.5317733
2023-06-09 11:40,Freshwater,15,314.749204
2023-06-09 11:40,Freshwater,30,215.608014
2023-06-09 11:40,Freshwater,50,724.58936
2023-06-09 11:45,Control,5,590.9338267
2023-06-09 11:45,Control,15,766.66332
2023-06-09 11:45,Control,30,763.9027067
2023-06-09 11:45,Control,50,791.4052917
2023-06-09 11:45,Saltwater,5,482.56686
2023-06-09 11:45,Saltwater,15,434.11432
2023-06-09 11:45,Saltwater,30,617.21158
2023-06-09 11:45,Saltwater,50,656.54354
2023-06-09 11:45,Freshwater,5,526.15748
2023-06-09 11:45,Freshwater,15,315.460954
2023-06-09 11:45,Freshwater,30,215.200236
2023-06-09 11:45,Freshwater,50,724.78454
2023-06-09 11:50,Control,5,591.5488067
2023-06-09 11:50,Control,15,766.6975
2023-06-09 11:50,Control,30,763.9710267
2023-06-09 11:50,Control,50,791.5761167
2023-06-09 11:50,Saltwater,5,482.290754
2023-06-09 11:50,Saltwater,15,435.7538867
2023-06-09 11:50,Saltwater,30,617.1092267
2023-06-09 11:50,Saltwater,50,657.0547267
2023-06-09 11:50,Freshwater,5,525.7170667
2023-06-09 11:50,Freshwater,15,315.5373413
2023-06-09 11:50,Freshwater,30,215.404048
2023-06-09 11:50,Freshwater,50,724.43908
2023-06-09 11:55,Control,5,591.8562867
2023-06-09 11:55,Control,15,766.6975
2023-06-09 11:55,Control,30,763.9710467
2023-06-09 11:55,Control,50,791.5334167
2023-06-09 11:55,Saltwater,5,483.245448
2023-06-09 11:55,Saltwater,15,434.3938133
2023-06-09 11:55,Saltwater,30,618.1367133
2023-06-09 11:55,Saltwater,50,656.2059733
2023-06-09 11:55,Freshwater,5,524.9808933
2023-06-09 11:55,Freshwater,15,315.3452187
2023-06-09 11:55,Freshwater,30,215.370154
2023-06-09 11:55,Freshwater,50,724.44968
2023-06-09 12:00,Control,5,592.3345867
2023-06-09 12:00,Control,15,766.79998
2023-06-09 12:00,Control,30,764.0052267
2023-06-09 12:00,Control,50,791.5761417
2023-06-09 12:00,Saltwater,5,482.563198
2023-06-09 12:00,Saltwater,15,434.7056
2023-06-09 12:00,Saltwater,30,617.83446
2023-06-09 12:00,Saltwater,50,656.48362
2023-06-09 12:00,Freshwater,5,524.92964
2023-06-09 12:00,Freshwater,15,315.494614
2023-06-09 12:00,Freshwater,30,215.098434
2023-06-09 12:00,Freshwater,50,724.36736
2023-06-09 12:05,Control,5,592.5737267
2023-06-09 12:05,Control,15,766.69748
2023-06-09 12:05,Control,30,764.0473244
2023-06-09 12:05,Control,50,791.6695194
2023-06-09 12:05,Saltwater,5,482.631418
2023-06-09 12:05,Saltwater,15,434.5787333
2023-06-09 12:05,Saltwater,30,617.80032
2023-06-09 12:05,Saltwater,50,656.27894
2023-06-09 12:05,Freshwater,5,524.95388
2023-06-09 12:05,Freshwater,15,315.28754
2023-06-09 12:05,Freshwater,30,215.370156
2023-06-09 12:05,Freshwater,50,723.43398
2023-06-09 12:10,Control,5,593.0520467
2023-06-09 12:10,Control,15,766.79998
2023-06-09 12:10,Control,30,764.0895022
2023-06-09 12:10,Control,50,791.6347972
2023-06-09 12:10,Saltwater,5,482.358522
2023-06-09 12:10,Saltwater,15,434.4859467
2023-06-09 12:10,Saltwater,30,617.6639
2023-06-09 12:10,Saltwater,50,656.27894
2023-06-09 12:10,Freshwater,5,524.34832
2023-06-09 12:10,Freshwater,15,315.697248
2023-06-09 12:10,Freshwater,30,215.234334
2023-06-09 12:10,Freshwater,50,724.08946
2023-06-09 12:15,Control,5,593.6328467
2023-06-09 12:15,Control,15,767.00496
2023-06-09 12:15,Control,30,764.23416
2023-06-09 12:15,Control,50,791.7282
2023-06-09 12:15,Saltwater,5,482.017394
2023-06-09 12:15,Saltwater,15,434.46142
2023-06-09 12:15,Saltwater,30,617.52744
2023-06-09 12:15,Saltwater,50,656.1766
2023-06-09 12:15,Freshwater,5,523.73922
2023-06-09 12:15,Freshwater,15,315.562176
2023-06-09 12:15,Freshwater,30,215.302304
2023-06-09 12:15,Freshwater,50,723.75378
2023-06-09 12:20,Control,5,593.5303667
2023-06-09 12:20,Control,15,767.03914
2023-06-09 12:20,Control,30,764.2
2023-06-09 12:20,Control,50,791.6855
2023-06-09 12:20,Saltwater,5,482.15383
2023-06-09 12:20,Saltwater,15,434.3932
2023-06-09 12:20,Saltwater,30,617.42508
2023-06-09 12:20,Saltwater,50,656.27894
2023-06-09 12:20,Freshwater,5,523.43258
2023-06-09 12:20,Freshwater,15,315.8045307
2023-06-09 12:20,Freshwater,30,214.996496
2023-06-09 12:20,Freshwater,50,724.33006
2023-06-09 12:25,Control,5,593.3595267
2023-06-09 12:25,Control,15,767.10744
2023-06-09 12:25,Control,30,764.37082
2023-06-09 12:25,Control,50,791.7282
2023-06-09 12:25,Saltwater,5,481.573942
2023-06-09 12:25,Saltwater,15,434.59786
2023-06-09 12:25,Saltwater,30,617.73212
2023-06-09 12:25,Saltwater,50,656.1425
2023-06-09 12:25,Freshwater,5,523.09156
2023-06-09 12:25,Freshwater,15,315.4011693
2023-06-09 12:25,Freshwater,30,214.486804
2023-06-09 12:25,Freshwater,50,722.6291
2023-06-09 12:30,Control,5,593.1545467
2023-06-09 12:30,Control,15,767.1758
2023-06-09 12:30,Control,30,764.33664
2023-06-09 12:30,Control,50,791.7282
2023-06-09 12:30,Saltwater,5,481.642176
2023-06-09 12:30,Saltwater,15,434.32496
2023-06-09 12:30,Saltwater,30,617.56158
2023-06-09 12:30,Saltwater,50,655.9378
2023-06-09 12:30,Freshwater,5,522.8944
2023-06-09 12:30,Freshwater,15,316.189704
2023-06-09 12:30,Freshwater,30,216.083858
2023-06-09 12:30,Freshwater,50,723.21772
2023-06-09 12:35,Control,5,592.3004267
2023-06-09 12:35,Control,15,767.2560867
2023-06-09 12:35,Control,30,764.40498
2023-06-09 12:35,Control,50,791.7709
2023-06-09 12:35,Saltwater,5,481.608048
2023-06-09 12:35,Saltwater,15,434.39318
2023-06-09 12:35,Saltwater,30,617.5663467
2023-06-09 12:35,Saltwater,50,656.1813667
2023-06-09 12:35,Freshwater,5,522.1090133
2023-06-09 12:35,Freshwater,15,315.7870807
2023-06-09 12:35,Freshwater,30,215.2052027
2023-06-09 12:35,Freshwater,50,723.1560867
2023-06-09 12:40,Control,5,593.2228867
2023-06-09 12:40,Control,15,767.3363733
2023-06-09 12:40,Control,30,764.37082
2023-06-09 12:40,Control,50,791.685475
2023-06-09 12:40,Saltwater,5,481.198696
2023-06-09 12:40,Saltwater,15,434.18852
2023-06-09 12:40,Saltwater,30,617.4687933
2023-06-09 12:40,Saltwater,50,656.0156133
2023-06-09 12:40,Freshwater,5,521.8324067
2023-06-09 12:40,Freshwater,15,314.6365633
2023-06-09 12:40,Freshwater,30,214.8022293
2023-06-09 12:40,Freshwater,50,722.9230333
2023-06-09 12:45,Control,5,593.6328467
2023-06-09 12:45,Control,15,767.3825
2023-06-09 12:45,Control,30,764.3708
2023-06-09 12:45,Control,50,791.7709
2023-06-09 12:45,Saltwater,5,481.16461
2023-06-09 12:45,Saltwater,15,434.18852
2023-06-09 12:45,Saltwater,30,617.5418
2023-06-09 12:45,Saltwater,50,655.88396
2023-06-09 12:45,Freshwater,5,522.09946
2023-06-09 12:45,Freshwater,15,315.490814
2023-06-09 12:45,Freshwater,30,215.282748
2023-06-09 12:45,Freshwater,50,723.0977
2023-06-09 12:50,Control,5,593.8378467
2023-06-09 12:50,Control,15,767.3261467
2023-06-09 12:50,Control,30,764.50746
2023-06-09 12:50,Control,50,791.8136
2023-06-09 12:50,Saltwater,5,480.7845833
2023-06-09 12:50,Saltwater,15,433.7546133
2023-06-09 12:50,Saltwater,30,617.16658
2023-06-09 12:50,Saltwater,50,655.57694
2023-06-09 12:50,Freshwater,5,522.03148
2023-06-09 12:50,Freshwater,15,315.830614
2023-06-09 12:50,Freshwater,30,216.030246
2023-06-09 12:50,Freshwater,50,722.79188
2023-06-09 12:55,Control,5,594.3161467
2023-06-09 12:55,Control,15,767.3380933
2023-06-09 12:55,Control,30,764.5758
2023-06-09 12:55,Control,50,791.899025
2023-06-09 12:55,Saltwater,5,480.8138867
2023-06-09 12:55,Saltwater,15,433.7301067
2023-06-09 12:55,Saltwater,30,616.38198
2023-06-09 12:55,Saltwater,50,654.75826
2023-06-09 12:55,Freshwater,5,521.96352
2023-06-09 12:55,Freshwater,15,315.830608
2023-06-09 12:55,Freshwater,30,215.554566
2023-06-09 12:55,Freshwater,50,722.72392
2023-06-09 13:00,Control,5,594.4527867
2023-06-09 13:00,Control,15,767.45258
2023-06-09 13:00,Control,30,764.5758
2023-06-09 13:00,Control,50,791.8136
2023-06-09 13:00,Saltwater,5,480.70679
2023-06-09 13:00,Saltwater,15,434.14902
2023-06-09 13:00,Saltwater,30,617.33714
2023-06-09 13:00,Saltwater,50,655.71338
2023-06-09 13:00,Freshwater,5,521.72568
2023-06-09 13:00,Freshwater,15,315.898572
2023-06-09 13:00,Freshwater,30,215.282742
2023-06-09 13:00,Freshwater,50,722.48608
2023-06-09 13:05,Control,5,594.6156689
2023-06-09 13:05,Control,15,767.5209
2023-06-09 13:05,Control,30,764.71246
2023-06-09 13:05,Control,50,791.7709
2023-06-09 13:05,Saltwater,5,480.6678633
2023-06-09 13:05,Saltwater,15,433.97844
2023-06-09 13:05,Saltwater,30,617.37124
2023-06-09 13:05,Saltwater,50,655.7475
2023-06-09 13:05,Freshwater,5,522.0946733
2023-06-09 13:05,Freshwater,15,315.5975527
2023-06-09 13:05,Freshwater,30,215.588544
2023-06-09 13:05,Freshwater,50,721.73856
2023-06-09 13:10,Control,5,594.8126711
2023-06-09 13:10,Control,15,767.38424
2023-06-09 13:10,Control,30,764.6783
2023-06-09 13:10,Control,50,791.899
2023-06-09 13:10,Saltwater,5,480.3560807
2023-06-09 13:10,Saltwater,15,433.77378
2023-06-09 13:10,Saltwater,30,617.30302
2023-06-09 13:10,Saltwater,50,655.57694
2023-06-09 13:10,Freshwater,5,521.9879467
2023-06-09 13:10,Freshwater,15,316.1120233
2023-06-09 13:10,Freshwater,30,215.792422
2023-06-09 13:10,Freshwater,50,722.72392
2023-06-09 13:15,Control,5,595.3171733
2023-06-09 13:15,Control,15,767.24756
2023-06-09 13:15,Control,30,764.81496
2023-06-09 13:15,Control,50,791.899
2023-06-09 13:15,Saltwater,5,480.11252
2023-06-09 13:15,Saltwater,15,433.73966
2023-06-09 13:15,Saltwater,30,617.30302
2023-06-09 13:15,Saltwater,50,655.67926
2023-06-09 13:15,Freshwater,5,521.91518
2023-06-09 13:15,Freshwater,15,315.777016
2023-06-09 13:15,Freshwater,30,215.724462
2023-06-09 13:15,Freshwater,50,722.07832
2023-06-09 13:20,Control,5,595.5904733
2023-06-09 13:20,Control,15,767.35006
2023-06-09 13:20,Control,30,764.8570978
2023-06-09 13:20,Control,50,791.9069778
2023-06-09 13:20,Saltwater,5,480.248948
2023-06-09 13:20,Saltwater,15,433.6445
2023-06-09 13:20,Saltwater,30,617.2395867
2023-06-09 13:20,Saltwater,50,655.5134867
2023-06-09 13:20,Freshwater,5,521.94916
2023-06-09 13:20,Freshwater,15,315.573132
2023-06-09 13:20,Freshwater,30,215.7632267
2023-06-09 13:20,Freshwater,50,722.0151467
2023-06-09 13:25,Control,5,596.1712733
2023-06-09 13:25,Control,15,767.45256
2023-06-09 13:25,Control,30,764.8650756
2023-06-09 13:25,Control,50,791.9149556
2023-06-09 13:25,Saltwater,5,479.873704
2023-06-09 13:25,Saltwater,15,433.61756
2023-06-09 13:25,Saltwater,30,617.2102733
2023-06-09 13:25,Saltwater,50,655.5523933
2023-06-09 13:25,Freshwater,5,521.98314
2023-06-09 13:25,Freshwater,15,315.878956
2023-06-09 13:25,Freshwater,30,214.9865113
2023-06-09 13:25,Freshwater,50,721.9180333
2023-06-09 13:30,Control,5,596.7178933
2023-06-09 13:30,Control,15,767.45256
2023-06-09 13:30,Control,30,764.8730533
2023-06-09 13:30,Control,50,791.9656333
2023-06-09 13:30,Saltwater,5,479.634938
2023-06-09 13:30,Saltwater,15,433.45416
2023-06-09 13:30,Saltwater,30,617.3856
2023-06-09 13:30,Saltwater,50,655.89832
2023-06-09 13:30,Freshwater,5,521.98314
2023-06-09 13:30,Freshwater,15,315.980872
2023-06-09 13:30,Freshwater,30,215.976676
2023-06-09 13:30,Freshwater,50,721.651
2023-06-09 13:35,Control,5,596.6074356
2023-06-09 13:35,Control,15,767.55506
2023-06-09 13:35,Control,30,765.0097133
2023-06-09 13:35,Control,50,792.0937833
2023-06-09 13:35,Saltwater,5,479.859356
2023-06-09 13:35,Saltwater,15,433.80252
2023-06-09 13:35,Saltwater,30,617.3903867
2023-06-09 13:35,Saltwater,50,655.6984267
2023-06-09 13:35,Freshwater,5,521.7065333
2023-06-09 13:35,Freshwater,15,317.1409647
2023-06-09 13:35,Freshwater,30,216.316456
2023-06-09 13:35,Freshwater,50,722.26258
2023-06-09 13:40,Control,5,597.1461178
2023-06-09 13:40,Control,15,767.55506
2023-06-09 13:40,Control,30,765.0780333
2023-06-09 13:40,Control,50,792.0083583
2023-06-09 13:40,Saltwater,5,479.537982
2023-06-09 13:40,Saltwater,15,433.0592
2023-06-09 13:40,Saltwater,30,616.8834933
2023-06-09 13:40,Saltwater,50,654.9527533
2023-06-09 13:40,Freshwater,5,521.9056467
2023-06-09 13:40,Freshwater,15,317.3836173
2023-06-09 13:40,Freshwater,30,216.656252
2023-06-09 13:40,Freshwater,50,722.46646
2023-06-09 13:45,Control,5,597.34312
2023-06-09 13:45,Control,15,767.7259
2023-06-09 13:45,Control,30,765.0780533
2023-06-09 13:45,Control,50,792.0083583
2023-06-09 13:45,Saltwater,5,479.455406
2023-06-09 13:45,Saltwater,15,433.74864
2023-06-09 13:45,Saltwater,30,617.5023
2023-06-09 13:45,Saltwater,50,655.36688
2023-06-09 13:45,Freshwater,5,520.81774
2023-06-09 13:45,Freshwater,15,314.025864
2023-06-09 13:45,Freshwater,30,214.685484
2023-06-09 13:45,Freshwater,50,720.12888
2023-06-09 13:50,Control,5,597.2668022
2023-06-09 13:50,Control,15,767.76008
2023-06-09 13:50,Control,30,765.1463933
2023-06-09 13:50,Control,50,792.0510583
2023-06-09 13:50,Saltwater,5,479.3776087
2023-06-09 13:50,Saltwater,15,433.3052
2023-06-09 13:50,Saltwater,30,617.0295267
2023-06-09 13:50,Saltwater,50,655.4057667
2023-06-09 13:50,Freshwater,5,522.1685133
2023-06-09 13:50,Freshwater,15,316.675054
2023-06-09 13:50,Freshwater,30,216.2532907
2023-06-09 13:50,Freshwater,50,721.9966067
2023-06-09 13:55,Control,5,597.7029844
2023-06-09 13:55,Control,15,767.69172
2023-06-09 13:55,Control,30,765.1805133
2023-06-09 13:55,Control,50,792.0510583
2023-06-09 13:55,Saltwater,5,479.9820513
2023-06-09 13:55,Saltwater,15,434.26032
2023-06-09 13:55,Saltwater,30,618.1258933
2023-06-09 13:55,Saltwater,50,655.0694333
2023-06-09 13:55,Freshwater,5,521.0420067
2023-06-09 13:55,Freshwater,15,316.029304
2023-06-09 13:55,Freshwater,30,215.9522533
2023-06-09 13:55,Freshwater,50,721.0492933
2023-06-09 14:00,Control,5,598.0708067
2023-06-09 14:00,Control,15,767.76004
2023-06-09 14:00,Control,30,765.2488733
2023-06-09 14:00,Control,50,792.0937333
2023-06-09 14:00,Saltwater,5,478.983222
2023-06-09 14:00,Saltwater,15,433.27108
2023-06-09 14:00,Saltwater,30,617.00496
2023-06-09 14:00,Saltwater,50,655.21068
2023-06-09 14:00,Freshwater,5,520.4256
2023-06-09 14:00,Freshwater,15,316.097264
2023-06-09 14:00,Freshwater,30,215.957076
2023-06-09 14:00,Freshwater,50,721.29192
2023-06-09 14:05,Control,5,598.3019889
2023-06-09 14:05,Control,15,767.8284
2023-06-09 14:05,Control,30,765.3513533
2023-06-09 14:05,Control,50,792.1364833
2023-06-09 14:05,Saltwater,5,478.74444
2023-06-09 14:05,Saltwater,15,433.16872
2023-06-09 14:05,Saltwater,30,616.93674
2023-06-09 14:05,Saltwater,50,655.10834
2023-06-09 14:05,Freshwater,5,520.4207933
2023-06-09 14:05,Freshwater,15,316.1360307
2023-06-09 14:05,Freshwater,30,215.991036
2023-06-09 14:05,Freshwater,50,720.88416
2023-06-09 14:10,Control,5,598.4989711
2023-06-09 14:10,Control,15,767.89672
2023-06-09 14:10,Control,30,765.3171933
2023-06-09 14:10,Control,50,792.1364583
2023-06-09 14:10,Saltwater,5,478.608008
2023-06-09 14:10,Saltwater,15,433.06638
2023-06-09 14:10,Saltwater,30,616.97086
2023-06-09 14:10,Saltwater,50,655.07422
2023-06-09 14:10,Freshwater,5,520.8237667
2023-06-09 14:10,Freshwater,15,315.9029513
2023-06-09 14:10,Freshwater,30,216.228896
2023-06-09 14:10,Freshwater,50,720.17062
2023-06-09 14:15,Control,5,598.1835333
2023-06-09 14:15,Control,15,767.9309
2023-06-09 14:15,Control,30,765.4538533
2023-06-09 14:15,Control,50,792.0937583
2023-06-09 14:15,Saltwater,5,478.676216
2023-06-09 14:15,Saltwater,15,433.20284
2023-06-09 14:15,Saltwater,30,616.93676
2023-06-09 14:15,Saltwater,50,654.86956
2023-06-09 14:15,Freshwater,5,522.59258
2023-06-09 14:15,Freshwater,15,316.45365
2023-06-09 14:15,Freshwater,30,216.908554
2023-06-09 14:15,Freshwater,50,720.6233
2023-06-09 14:20,Control,5,598.1334178
2023-06-09 14:20,Control,15,767.99922
2023-06-09 14:20,Control,30,765.4618311
2023-06-09 14:20,Control,50,792.1444611
2023-06-09 14:20,Saltwater,5,478.3985413
2023-06-09 14:20,Saltwater,15,432.79348
2023-06-09 14:20,Saltwater,30,616.9074267
2023-06-09 14:20,Saltwater,50,654.9425667
2023-06-09 14:20,Freshwater,5,522.1061933
2023-06-09 14:20,Freshwater,15,315.500254
2023-06-09 14:20,Freshwater,30,216.228902
2023-06-09 14:20,Freshwater,50,720.64766
2023-06-09 14:25,Control,5,598.9032222
2023-06-09 14:25,Control,15,768.1017
2023-06-09 14:25,Control,30,765.4698089
2023-06-09 14:25,Control,50,792.2378389
2023-06-09 14:25,Saltwater,5,478.2231947
2023-06-09 14:25,Saltwater,15,432.92996
2023-06-09 14:25,Saltwater,30,616.7757533
2023-06-09 14:25,Saltwater,50,654.9814533
2023-06-09 14:25,Freshwater,5,521.8967267
2023-06-09 14:25,Freshwater,15,315.941722
2023-06-09 14:25,Freshwater,30,215.991032
2023-06-09 14:25,Freshwater,50,720.40848
2023-06-09 14:30,Control,5,599.6047267
2023-06-09 14:30,Control,15,768.17004
2023-06-09 14:30,Control,30,765.5461067
2023-06-09 14:30,Control,50,792.1603917
2023-06-09 14:30,Saltwater,5,477.774926
2023-06-09 14:30,Saltwater,15,432.48648
2023-06-09 14:30,Saltwater,30,616.8829
2023-06-09 14:30,Saltwater,50,655.25916
2023-06-09 14:30,Freshwater,5,523.3912
2023-06-09 14:30,Freshwater,15,316.690662
2023-06-09 14:30,Freshwater,30,216.84055
2023-06-09 14:30,Freshwater,50,720.99296
2023-06-09 14:35,Control,5,600.0830267
2023-06-09 14:35,Control,15,768.2042
2023-06-09 14:35,Control,30,765.4436267
2023-06-09 14:35,Control,50,792.2457917
2023-06-09 14:35,Saltwater,5,478.7593973
2023-06-09 14:35,Saltwater,15,432.45236
2023-06-09 14:35,Saltwater,30,616.50766
2023-06-09 14:35,Saltwater,50,654.5087
2023-06-09 14:35,Freshwater,5,521.6546
2023-06-09 14:35,Freshwater,15,315.4370027
2023-06-09 14:35,Freshwater,30,215.8599167
2023-06-09 14:35,Freshwater,50,719.7344667
2023-06-09 14:40,Control,5,600.4246867
2023-06-09 14:40,Control,15,768.20418
2023-06-09 14:40,Control,30,765.6486067
2023-06-09 14:40,Control,50,792.3311917
2023-06-09 14:40,Saltwater,5,478.7887307
2023-06-09 14:40,Saltwater,15,432.41826
2023-06-09 14:40,Saltwater,30,616.64412
2023-06-09 14:40,Saltwater,50,654.78158
2023-06-09 14:40,Freshwater,5,521.75602
2023-06-09 14:40,Freshwater,15,315.7814013
2023-06-09 14:40,Freshwater,30,216.3403793
2023-06-09 14:40,Freshwater,50,720.1801933
2023-06-09 14:45,Control,5,600.5613267
2023-06-09 14:45,Control,15,768.27252
2023-06-09 14:45,Control,30,765.6827667
2023-06-09 14:45,Control,50,792.2885417
2023-06-09 14:45,Saltwater,5,478.579274
2023-06-09 14:45,Saltwater,15,432.55472
2023-06-09 14:45,Saltwater,30,616.50764
2023-06-09 14:45,Saltwater,50,654.71338
2023-06-09 14:45,Freshwater,5,521.99388
2023-06-09 14:45,Freshwater,15,315.310484
2023-06-09 14:45,Freshwater,30,216.549044
2023-06-09 14:45,Freshwater,50,719.47138
2023-06-09 14:50,Control,5,601.0999889
2023-06-09 14:50,Control,15,768.37502
2023-06-09 14:50,Control,30,765.7852467
2023-06-09 14:50,Control,50,792.2457917
2023-06-09 14:50,Saltwater,5,478.871918
2023-06-09 14:50,Saltwater,15,432.31594
2023-06-09 14:50,Saltwater,30,616.4783267
2023-06-09 14:50,Saltwater,50,654.6158267
2023-06-09 14:50,Freshwater,5,521.7464267
2023-06-09 14:50,Freshwater,15,315.5870927
2023-06-09 14:50,Freshwater,30,216.4906573
2023-06-09 14:50,Freshwater,50,719.5829533
2023-06-09 14:55,Control,5,601.1945311
2023-06-09 14:55,Control,15,768.4092
2023-06-09 14:55,Control,30,765.7511067
2023-06-09 14:55,Control,50,792.2885167
2023-06-09 14:55,Saltwater,5,478.653792
2023-06-09 14:55,Saltwater,15,432.3167
2023-06-09 14:55,Saltwater,30,617.0985533
2023-06-09 14:55,Saltwater,50,654.5880533
2023-06-09 14:55,Freshwater,5,522.3484933
2023-06-09 14:55,Freshwater,15,316.1355413
2023-06-09 14:55,Freshwater,30,216.7381067
2023-06-09 14:55,Freshwater,50,720.0682067
2023-06-09 15:00,Control,5,601.2207133
2023-06-09 15:00,Control,15,768.47752
2023-06-09 15:00,Control,30,765.7852467
2023-06-09 15:00,Control,50,792.3312667
2023-06-09 15:00,Saltwater,5,478.365702
2023-06-09 15:00,Saltwater,15,432.28188
2023-06-09 15:00,Saltwater,30,616.41982
2023-06-09 15:00,Saltwater,50,654.5232
2023-06-09 15:00,Freshwater,5,521.96516
2023-06-09 15:00,Freshwater,15,315.698588
2023-06-09 15:00,Freshwater,30,216.747658
2023-06-09 15:00,Freshwater,50,719.4322
2023-06-09 15:05,Control,5,601.3915333
2023-06-09 15:05,Control,15,768.44332
2023-06-09 15:05,Control,30,765.8194267
2023-06-09 15:05,Control,50,792.2458667
2023-06-09 15:05,Saltwater,5,478.4631853
2023-06-09 15:05,Saltwater,15,432.14536
2023-06-09 15:05,Saltwater,30,616.4879
2023-06-09 15:05,Saltwater,50,654.45482
2023-06-09 15:05,Freshwater,5,521.7517067
2023-06-09 15:05,Freshwater,15,315.902468
2023-06-09 15:05,Freshwater,30,216.509816
2023-06-09 15:05,Freshwater,50,719.33028
2023-06-09 15:10,Control,5,601.5281933
2023-06-09 15:10,Control,15,768.51168
2023-06-09 15:10,Control,30,766.0244067
2023-06-09 15:10,Control,50,792.3739417
2023-06-09 15:10,Saltwater,5,478.3219307
2023-06-09 15:10,Saltwater,15,432.07714
2023-06-09 15:10,Saltwater,30,616.4879
2023-06-09 15:10,Saltwater,50,654.48892
2023-06-09 15:10,Freshwater,5,522.0486133
2023-06-09 15:10,Freshwater,15,315.834732
2023-06-09 15:10,Freshwater,30,216.98555
2023-06-09 15:10,Freshwater,50,719.05948
2023-06-09 15:15,Control,5,601.6306733
2023-06-09 15:15,Control,15,768.51168
2023-06-09 15:15,Control,30,766.0585667
2023-06-09 15:15,Control,50,792.2458167
2023-06-09 15:15,Saltwater,5,478.1466
2023-06-09 15:15,Saltwater,15,431.90658
2023-06-09 15:15,Saltwater,30,616.14676
2023-06-09 15:15,Saltwater,50,654.28426
2023-06-09 15:15,Freshwater,5,521.97128
2023-06-09 15:15,Freshwater,15,315.698894
2023-06-09 15:15,Freshwater,30,217.053502
2023-06-09 15:15,Freshwater,50,718.65208
2023-06-09 15:20,Control,5,602.0930378
2023-06-09 15:20,Control,15,768.61414
2023-06-09 15:20,Control,30,766.0665644
2023-06-09 15:20,Control,50,792.2965194
2023-06-09 15:20,Saltwater,5,478.0346867
2023-06-09 15:20,Saltwater,15,431.94068
2023-06-09 15:20,Saltwater,30,616.28322
2023-06-09 15:20,Saltwater,50,654.38658
2023-06-09 15:20,Freshwater,5,522.07236
2023-06-09 15:20,Freshwater,15,316.310222
2023-06-09 15:20,Freshwater,30,217.529196
2023-06-09 15:20,Freshwater,50,719.05842
2023-06-09 15:25,Control,5,601.3596422
2023-06-09 15:25,Control,15,768.71666
2023-06-09 15:25,Control,30,766.0745222
2023-06-09 15:25,Control,50,792.3471972
2023-06-09 15:25,Saltwater,5,477.8204473
2023-06-09 15:25,Saltwater,15,431.83832
2023-06-09 15:25,Saltwater,30,616.35144
2023-06-09 15:25,Saltwater,50,654.45482
2023-06-09 15:25,Freshwater,5,521.56268
2023-06-09 15:25,Freshwater,15,315.358814
2023-06-09 15:25,Freshwater,30,217.121452
2023-06-09 15:25,Freshwater,50,718.7866
2023-06-09 15:30,Control,5,602.4027467
2023-06-09 15:30,Control,15,768.71666
2023-06-09 15:30,Control,30,766.15084
2023-06-09 15:30,Control,50,792.4406
2023-06-09 15:30,Saltwater,5,477.742654
2023-06-09 15:30,Saltwater,15,431.80422
2023-06-09 15:30,Saltwater,30,616.18086
2023-06-09 15:30,Saltwater,50,654.21602
2023-06-09 15:30,Freshwater,5,520.7132
2023-06-09 15:30,Freshwater,15,315.222898
2023-06-09 15:30,Freshwater,30,215.93219
2023-06-09 15:30,Freshwater,50,719.60208
2023-06-09 15:35,Control,5,602.5576311
2023-06-09 15:35,Control,15,768.6825
2023-06-09 15:35,Control,30,766.21916
2023-06-09 15:35,Control,50,792.4833
2023-06-09 15:35,Saltwater,5,477.55771
2023-06-09 15:35,Saltwater,15,431.63366
2023-06-09 15:35,Saltwater,30,616.2491
2023-06-09 15:35,Saltwater,50,654.21604
2023-06-09 15:35,Freshwater,5,518.1552067
2023-06-09 15:35,Freshwater,15,315.4559733
2023-06-09 15:35,Freshwater,30,217.257348
2023-06-09 15:35,Freshwater,50,718.6167
2023-06-09 15:40,Control,5,602.6441556
2023-06-09 15:40,Control,15,768.71664
2023-06-09 15:40,Control,30,766.2875
2023-06-09 15:40,Control,50,792.4406
2023-06-09 15:40,Saltwater,5,477.475114
2023-06-09 15:40,Saltwater,15,431.49722
2023-06-09 15:40,Saltwater,30,616.24912
2023-06-09 15:40,Saltwater,50,654.14782
2023-06-09 15:40,Freshwater,5,517.8398533
2023-06-09 15:40,Freshwater,15,315.2472967
2023-06-09 15:40,Freshwater,30,218.786408
2023-06-09 15:40,Freshwater,50,718.6167
2023-06-09 15:45,Control,5,601.97908
2023-06-09 15:45,Control,15,768.85332
2023-06-09 15:45,Control,30,766.32168
2023-06-09 15:45,Control,50,792.4406
2023-06-09 15:45,Saltwater,5,477.494894
2023-06-09 15:45,Saltwater,15,431.4631
2023-06-09 15:45,Saltwater,30,616.24912
2023-06-09 15:45,Saltwater,50,654.01136
2023-06-09 15:45,Freshwater,5,519.3253
2023-06-09 15:45,Freshwater,15,315.684242
2023-06-09 15:45,Freshwater,30,217.461242
2023-06-09 15:45,Freshwater,50,717.80118
2023-06-09 15:50,Control,5,603.0302222
2023-06-09 15:50,Control,15,768.8875
2023-06-09 15:50,Control,30,766.35584
2023-06-09 15:50,Control,50,792.4406
2023-06-09 15:50,Saltwater,5,477.3488547
2023-06-09 15:50,Saltwater,15,431.56546
2023-06-09 15:50,Saltwater,30,616.35144
2023-06-09 15:50,Saltwater,50,654.0796
2023-06-09 15:50,Freshwater,5,519.9661533
2023-06-09 15:50,Freshwater,15,315.480364
2023-06-09 15:50,Freshwater,30,218.1455847
2023-06-09 15:50,Freshwater,50,718.2476867
2023-06-09 15:55,Control,5,602.7489244
2023-06-09 15:55,Control,15,769.09252
2023-06-09 15:55,Control,30,766.35584
2023-06-09 15:55,Control,50,792.611375
2023-06-09 15:55,Saltwater,5,476.4523533
2023-06-09 15:55,Saltwater,15,431.3949
2023-06-09 15:55,Saltwater,30,616.35146
2023-06-09 15:55,Saltwater,50,654.38658
2023-06-09 15:55,Freshwater,5,519.9953467
2023-06-09 15:55,Freshwater,15,316.193924
2023-06-09 15:55,Freshwater,30,217.7426353
2023-06-09 15:55,Freshwater,50,718.2524933
2023-06-09 16:00,Control,5,602.3309467
2023-06-09 16:00,Control,15,769.0925
2023-06-09 16:00,Control,30,766.42416
2023-06-09 16:00,Control,50,792.4833
2023-06-09 16:00,Saltwater,5,476.818012
2023-06-09 16:00,Saltwater,15,431.1902
2023-06-09 16:00,Saltwater,30,616.215
2023-06-09 16:00,Saltwater,50,653.90902
2023-06-09 16:00,Freshwater,5,519.61678
2023-06-09 16:00,Freshwater,15,315.718244
2023-06-09 16:00,Freshwater,30,217.917318
2023-06-09 16:00,Freshwater,50,717.78156
2023-06-09 16:05,Control,5,602.0496689
2023-06-09 16:05,Control,15,769.1608
2023-06-09 16:05,Control,30,766.39
2023-06-09 16:05,Control,50,792.568675
2023-06-09 16:05,Saltwater,5,475.8581013
2023-06-09 16:05,Saltwater,15,430.7515467
2023-06-09 16:05,Saltwater,30,616.2491
2023-06-09 16:05,Saltwater,50,653.73842
2023-06-09 16:05,Freshwater,5,519.17504
2023-06-09 16:05,Freshwater,15,315.718244
2023-06-09 16:05,Freshwater,30,217.6455
2023-06-09 16:05,Freshwater,50,717.95146
2023-06-09 16:10,Control,5,602.2466711
2023-06-09 16:10,Control,15,769.16082
2023-06-09 16:10,Control,30,766.59498
2023-06-09 16:10,Control,50,792.611375
2023-06-09 16:10,Saltwater,5,474.6593907
2023-06-09 16:10,Saltwater,15,429.8693933
2023-06-09 16:10,Saltwater,30,615.05516
2023-06-09 16:10,Saltwater,50,652.4763
2023-06-09 16:10,Freshwater,5,519.48086
2023-06-09 16:10,Freshwater,15,315.37845
2023-06-09 16:10,Freshwater,30,217.645498
2023-06-09 16:10,Freshwater,50,717.64566
2023-06-09 16:15,Control,5,602.4095133
2023-06-09 16:15,Control,15,769.22914
2023-06-09 16:15,Control,30,766.59498
2023-06-09 16:15,Control,50,792.5687
2023-06-09 16:15,Saltwater,5,476.940114
2023-06-09 16:15,Saltwater,15,432.15972
2023-06-09 16:15,Saltwater,30,617.3748
2023-06-09 16:15,Saltwater,50,654.9665
2023-06-09 16:15,Freshwater,5,519.68472
2023-06-09 16:15,Freshwater,15,315.344478
2023-06-09 16:15,Freshwater,30,217.985276
2023-06-09 16:15,Freshwater,50,716.86412
2023-06-09 16:20,Control,5,602.3332356
2023-06-09 16:20,Control,15,769.22912
2023-06-09 16:20,Control,30,766.62914
2023-06-09 16:20,Control,50,792.483275
2023-06-09 16:20,Saltwater,5,476.175286
2023-06-09 16:20,Saltwater,15,430.9705667
2023-06-09 16:20,Saltwater,30,616.0492067
2023-06-09 16:20,Saltwater,50,653.6067867
2023-06-09 16:20,Freshwater,5,519.4277333
2023-06-09 16:20,Freshwater,15,315.412396
2023-06-09 16:20,Freshwater,30,217.713436
2023-06-09 16:20,Freshwater,50,717.71362
2023-06-09 16:25,Control,5,602.7693978
2023-06-09 16:25,Control,15,769.29748
2023-06-09 16:25,Control,30,766.52666
2023-06-09 16:25,Control,50,792.568675
2023-06-09 16:25,Saltwater,5,476.638482
2023-06-09 16:25,Saltwater,15,430.8730133
2023-06-09 16:25,Saltwater,30,616.0881333
2023-06-09 16:25,Saltwater,50,653.4068933
2023-06-09 16:25,Freshwater,5,519.4425467
2023-06-09 16:25,Freshwater,15,315.344464
2023-06-09 16:25,Freshwater,30,218.291072
2023-06-09 16:25,Freshwater,50,717.44178
2023-06-09 16:30,Control,5,602.65892
2023-06-09 16:30,Control,15,769.2633
2023-06-09 16:30,Control,30,766.73164
2023-06-09 16:30,Control,50,792.5687
2023-06-09 16:30,Saltwater,5,475.771338
2023-06-09 16:30,Saltwater,15,430.87782
2023-06-09 16:30,Saltwater,30,616.09288
2023-06-09 16:30,Saltwater,50,653.4117
2023-06-09 16:30,Freshwater,5,518.8118
2023-06-09 16:30,Freshwater,15,315.752186
2023-06-09 16:30,Freshwater,30,218.087192
2023-06-09 16:30,Freshwater,50,717.30586
2023-06-09 16:35,Control,5,602.7113044
2023-06-09 16:35,Control,15,769.26332
2023-06-09 16:35,Control,30,766.73164
2023-06-09 16:35,Control,50,792.5687
2023-06-09 16:35,Saltwater,5,475.7665513
2023-06-09 16:35,Saltwater,15,430.91192
2023-06-09 16:35,Saltwater,30,616.1318067
2023-06-09 16:35,Saltwater,50,653.5529267
2023-06-09 16:35,Freshwater,5,519.1128333
2023-06-09 16:35,Freshwater,15,315.6890267
2023-06-09 16:35,Freshwater,30,217.74741
2023-06-09 16:35,Freshwater,50,717.44178
2023-06-09 16:40,Control,5,603.0028089
2023-06-09 16:40,Control,15,769.29748
2023-06-09 16:40,Control,30,766.69748
2023-06-09 16:40,Control,50,792.654125
2023-06-09 16:40,Saltwater,5,476.0005327
2023-06-09 16:40,Saltwater,15,430.8437
2023-06-09 16:40,Saltwater,30,616.2048333
2023-06-09 16:40,Saltwater,50,653.6941533
2023-06-09 16:40,Freshwater,5,518.7054867
2023-06-09 16:40,Freshwater,15,315.5936393
2023-06-09 16:40,Freshwater,30,218.59697
2023-06-09 16:40,Freshwater,50,716.80472
2023-06-09 16:45,Control,5,602.7818733
2023-06-09 16:45,Control,15,769.50246
2023-06-09 16:45,Control,30,766.7658
2023-06-09 16:45,Control,50,792.73955
2023-06-09 16:45,Saltwater,5,475.34837
2023-06-09 16:45,Saltwater,15,430.70786
2023-06-09 16:45,Saltwater,30,615.97196
2023-06-09 16:45,Saltwater,50,653.25672
2023-06-09 16:45,Freshwater,5,518.5994
2023-06-09 16:45,Freshwater,15,315.632608
2023-06-09 16:45,Freshwater,30,218.563006
2023-06-09 16:45,Freshwater,50,716.33008
2023-06-09 16:50,Control,5,602.8763956
2023-06-09 16:50,Control,15,769.4563333
2023-06-09 16:50,Control,30,766.79998
2023-06-09 16:50,Control,50,792.611425
2023-06-09 16:50,Saltwater,5,475.4440667
2023-06-09 16:50,Saltwater,15,430.84674
2023-06-09 16:50,Saltwater,30,615.9471067
2023-06-09 16:50,Saltwater,50,653.3687467
2023-06-09 16:50,Freshwater,5,518.5596533
2023-06-09 16:50,Freshwater,15,315.08863
2023-06-09 16:50,Freshwater,30,218.6989
2023-06-09 16:50,Freshwater,50,716.60026
2023-06-09 16:55,Control,5,603.0392378
2023-06-09 16:55,Control,15,769.4101867
2023-06-09 16:55,Control,30,766.83412
2023-06-09 16:55,Control,50,792.611375
2023-06-09 16:55,Saltwater,5,474.6808113
2023-06-09 16:55,Saltwater,15,430.46886
2023-06-09 16:55,Saltwater,30,615.2306133
2023-06-09 16:55,Saltwater,50,653.3340733
2023-06-09 16:55,Freshwater,5,517.7349467
2023-06-09 16:55,Freshwater,15,314.849258
2023-06-09 16:55,Freshwater,30,218.087216
2023-06-09 16:55,Freshwater,50,716.2532
2023-06-09 17:00,Control,5,603.68036
2023-06-09 17:00,Control,15,769.39822
2023-06-09 17:00,Control,30,766.90246
2023-06-09 17:00,Control,50,792.526
2023-06-09 17:00,Saltwater,5,476.414132
2023-06-09 17:00,Saltwater,15,431.49484
2023-06-09 17:00,Saltwater,30,616.63886
2023-06-09 17:00,Saltwater,50,654.50396
2023-06-09 17:00,Freshwater,5,517.2273
2023-06-09 17:00,Freshwater,15,314.511784
2023-06-09 17:00,Freshwater,30,218.597034
2023-06-09 17:00,Freshwater,50,716.23054
2023-06-09 17:05,Control,5,603.78288
2023-06-09 17:05,Control,15,769.4887533
2023-06-09 17:05,Control,30,766.86828
2023-06-09 17:05,Control,50,792.6541
2023-06-09 17:05,Saltwater,5,474.8057373
2023-06-09 17:05,Saltwater,15,429.95952
2023-06-09 17:05,Saltwater,30,615.6198067
2023-06-09 17:05,Saltwater,50,653.5531067
2023-06-09 17:05,Freshwater,5,518.0001733
2023-06-09 17:05,Freshwater,15,315.7968893
2023-06-09 17:05,Freshwater,30,220.160006
2023-06-09 17:05,Freshwater,50,717.03962
2023-06-09 17:10,Control,5,603.71452
2023-06-09 17:10,Control,15,769.6476067
2023-06-09 17:10,Control,30,766.93662
2023-06-09 17:10,Control,50,792.6114
2023-06-09 17:10,Saltwater,5,474.7639347
2023-06-09 17:10,Saltwater,15,429.99122
2023-06-09 17:10,Saltwater,30,615.6883333
2023-06-09 17:10,Saltwater,50,653.5188533
2023-06-09 17:10,Freshwater,5,518.2307867
2023-06-09 17:10,Freshwater,15,315.6893387
2023-06-09 17:10,Freshwater,30,218.936704
2023-06-09 17:10,Freshwater,50,716.52596
2023-06-09 17:15,Control,5,603.95368
2023-06-09 17:15,Control,15,769.63564
2023-06-09 17:15,Control,30,766.90246
2023-06-09 17:15,Control,50,792.6114
2023-06-09 17:15,Saltwater,5,475.509228
2023-06-09 17:15,Saltwater,15,430.74136
2023-06-09 17:15,Saltwater,30,616.27244
2023-06-09 17:15,Saltwater,50,654.20526
2023-06-09 17:15,Freshwater,5,518.06118
2023-06-09 17:15,Freshwater,15,314.972704
2023-06-09 17:15,Freshwater,30,219.276576
2023-06-09 17:15,Freshwater,50,715.85468
2023-06-09 17:20,Control,5,604.0060644
2023-06-09 17:20,Control,15,769.63566
2023-06-09 17:20,Control,30,767.0391
2023-06-09 17:20,Control,50,792.696825
2023-06-09 17:20,Saltwater,5,474.5176947
2023-06-09 17:20,Saltwater,15,430.0897467
2023-06-09 17:20,Saltwater,30,615.70376
2023-06-09 17:20,Saltwater,50,653.19418
2023-06-09 17:20,Freshwater,5,517.91448
2023-06-09 17:20,Freshwater,15,314.5273873
2023-06-09 17:20,Freshwater,30,219.3834027
2023-06-09 17:20,Freshwater,50,715.8993667
2023-06-09 17:25,Control,5,603.9900889
2023-06-09 17:25,Control,15,769.63566
2023-06-09 17:25,Control,30,767.00494
2023-06-09 17:25,Control,50,792.611425
2023-06-09 17:25,Saltwater,5,474.6425453
2023-06-09 17:25,Saltwater,15,429.9761133
2023-06-09 17:25,Saltwater,30,615.5983
2023-06-09 17:25,Saltwater,50,653.15662
2023-06-09 17:25,Freshwater,5,517.73318
2023-06-09 17:25,Freshwater,15,314.3876627
2023-06-09 17:25,Freshwater,30,219.5581713
2023-06-09 17:25,Freshwater,50,716.1468733
2023-06-09 17:30,Control,5,604.1791533
2023-06-09 17:30,Control,15,769.73814
2023-06-09 17:30,Control,30,767.00494
2023-06-09 17:30,Control,50,792.654125
2023-06-09 17:30,Saltwater,5,474.322292
2023-06-09 17:30,Saltwater,15,429.89528
2023-06-09 17:30,Saltwater,30,615.52442
2023-06-09 17:30,Saltwater,50,652.9799
2023-06-09 17:30,Freshwater,5,517.58254
2023-06-09 17:30,Freshwater,15,313.703158
2023-06-09 17:30,Freshwater,30,219.63091
2023-06-09 17:30,Freshwater,50,715.8792
2023-06-09 17:35,Control,5,604.2394956
2023-06-09 17:35,Control,15,769.73814
2023-06-09 17:35,Control,30,767.07328
2023-06-09 17:35,Control,50,792.568725
2023-06-09 17:35,Saltwater,5,474.0870093
2023-06-09 17:35,Saltwater,15,429.8973733
2023-06-09 17:35,Saltwater,30,615.43486
2023-06-09 17:35,Saltwater,50,653.1303
2023-06-09 17:35,Freshwater,5,517.47894
2023-06-09 17:35,Freshwater,15,313.804548
2023-06-09 17:35,Freshwater,30,218.917286
2023-06-09 17:35,Freshwater,50,716.48812
2023-06-09 17:40,Control,5,604.1290178
2023-06-09 17:40,Control,15,769.84062
2023-06-09 17:40,Control,30,767.14164
2023-06-09 17:40,Control,50,792.6114
2023-06-09 17:40,Saltwater,5,474.0506447
2023-06-09 17:40,Saltwater,15,429.6559067
2023-06-09 17:40,Saltwater,30,615.47288
2023-06-09 17:40,Saltwater,50,653.06634
2023-06-09 17:40,Freshwater,5,517.39234
2023-06-09 17:40,Freshwater,15,313.3339
2023-06-09 17:40,Freshwater,30,219.937042
2023-06-09 17:40,Freshwater,50,715.73192
2023-06-09 17:45,Control,5,603.98438
2023-06-09 17:45,Control,15,769.94312
2023-06-09 17:45,Control,30,767.1416
2023-06-09 17:45,Control,50,792.654125
2023-06-09 17:45,Saltwater,5,474.081672
2023-06-09 17:45,Saltwater,15,429.65254
2023-06-09 17:45,Saltwater,30,615.30496
2023-06-09 17:45,Saltwater,50,653.06924
2023-06-09 17:45,Freshwater,5,517.18384
2023-06-09 17:45,Freshwater,15,313.366356
2023-06-09 17:45,Freshwater,30,220.106838
2023-06-09 17:45,Freshwater,50,715.28252
2023-06-09 17:50,Control,5,604.3864022
2023-06-09 17:50,Control,15,770.04562
2023-06-09 17:50,Control,30,767.24412
2023-06-09 17:50,Control,50,792.739525
2023-06-09 17:50,Saltwater,5,473.881384
2023-06-09 17:50,Saltwater,15,429.58796
2023-06-09 17:50,Saltwater,30,615.41404
2023-06-09 17:50,Saltwater,50,653.0084
2023-06-09 17:50,Freshwater,5,517.14356
2023-06-09 17:50,Freshwater,15,313.0196853
2023-06-09 17:50,Freshwater,30,219.936804
2023-06-09 17:50,Freshwater,50,715.50996
2023-06-09 17:55,Control,5,604.2759244
2023-06-09 17:55,Control,15,770.04562
2023-06-09 17:55,Control,30,767.24414
2023-06-09 17:55,Control,50,792.739525
2023-06-09 17:55,Saltwater,5,474.05186
2023-06-09 17:55,Saltwater,15,429.41728
2023-06-09 17:55,Saltwater,30,615.20922
2023-06-09 17:55,Saltwater,50,652.9059
2023-06-09 17:55,Freshwater,5,516.57844
2023-06-09 17:55,Freshwater,15,312.0335607
2023-06-09 17:55,Freshwater,30,220.174998
2023-06-09 17:55,Freshwater,50,715.12294
2023-06-09 18:00,Control,5,604.3362467
2023-06-09 18:00,Control,15,770.07978
2023-06-09 18:00,Control,30,767.27828
2023-06-09 18:00,Control,50,792.739525
2023-06-09 18:00,Saltwater,5,473.569756
2023-06-09 18:00,Saltwater,15,429.31122
2023-06-09 18:00,Saltwater,30,615.2705
2023-06-09 18:00,Saltwater,50,652.8983
2023-06-09 18:00,Freshwater,5,516.54846
2023-06-09 18:00,Freshwater,15,312.607782
2023-06-09 18:00,Freshwater,30,220.107092
2023-06-09 18:00,Freshwater,50,715.33338
2023-06-09 18:05,Control,5,604.2337667
2023-06-09 18:05,Control,15,770.18228
2023-06-09 18:05,Control,30,767.31244
2023-06-09 18:05,Control,50,792.696825
2023-06-09 18:05,Saltwater,5,473.9852027
2023-06-09 18:05,Saltwater,15,429.29006
2023-06-09 18:05,Saltwater,30,615.12396
2023-06-09 18:05,Saltwater,50,652.82226
2023-06-09 18:05,Freshwater,5,516.5285533
2023-06-09 18:05,Freshwater,15,312.500858
2023-06-09 18:05,Freshwater,30,220.3106
2023-06-09 18:05,Freshwater,50,715.17256
2023-06-09 18:10,Control,5,603.8921267
2023-06-09 18:10,Control,15,770.28476
2023-06-09 18:10,Control,30,767.27828
2023-06-09 18:10,Control,50,792.7395
2023-06-09 18:10,Saltwater,5,473.6750293
2023-06-09 18:10,Saltwater,15,429.26128
2023-06-09 18:10,Saltwater,30,615.168
2023-06-09 18:10,Saltwater,50,652.86722
2023-06-09 18:10,Freshwater,5,515.9088867
2023-06-09 18:10,Freshwater,15,312.193966
2023-06-09 18:10,Freshwater,30,220.582382
2023-06-09 18:10,Freshwater,50,715.16726
2023-06-09 18:15,Control,5,603.7213267
2023-06-09 18:15,Control,15,770.28478
2023-06-09 18:15,Control,30,767.4491
2023-06-09 18:15,Control,50,792.7822
2023-06-09 18:15,Saltwater,5,473.638454
2023-06-09 18:15,Saltwater,15,429.0625
2023-06-09 18:15,Saltwater,30,615.11072
2023-06-09 18:15,Saltwater,50,652.84506
2023-06-09 18:15,Freshwater,5,515.87544
2023-06-09 18:15,Freshwater,15,312.127772
2023-06-09 18:15,Freshwater,30,220.344658
2023-06-09 18:15,Freshwater,50,715.10802
2023-06-09 18:20,Control,5,603.6791489
2023-06-09 18:20,Control,15,770.3069533
2023-06-09 18:20,Control,30,767.4491
2023-06-09 18:20,Control,50,792.654125
2023-06-09 18:20,Saltwater,5,473.5985633
2023-06-09 18:20,Saltwater,15,428.9497467
2023-06-09 18:20,Saltwater,30,615.0751
2023-06-09 18:20,Saltwater,50,652.77518
2023-06-09 18:20,Freshwater,5,515.9703533
2023-06-09 18:20,Freshwater,15,311.6513
2023-06-09 18:20,Freshwater,30,220.820326
2023-06-09 18:20,Freshwater,50,714.28878
2023-06-09 18:25,Control,5,603.1690911
2023-06-09 18:25,Control,15,770.3439867
2023-06-09 18:25,Control,30,767.49806
2023-06-09 18:25,Control,50,792.840325
2023-06-09 18:25,Saltwater,5,473.7029747
2023-06-09 18:25,Saltwater,15,428.8775933
2023-06-09 18:25,Saltwater,30,615.0515
2023-06-09 18:25,Saltwater,50,652.68432
2023-06-09 18:25,Freshwater,5,515.6724067
2023-06-09 18:25,Freshwater,15,311.89332
2023-06-09 18:25,Freshwater,30,220.854664
2023-06-09 18:25,Freshwater,50,714.58158
2023-06-09 18:30,Control,5,603.0907933
2023-06-09 18:30,Control,15,770.43164
2023-06-09 18:30,Control,30,767.52932
2023-06-09 18:30,Control,50,792.79465
2023-06-09 18:30,Saltwater,5,473.112958
2023-06-09 18:30,Saltwater,15,428.79548
2023-06-09 18:30,Saltwater,30,615.14584
2023-06-09 18:30,Saltwater,50,652.70968
2023-06-09 18:30,Freshwater,5,515.62992
2023-06-09 18:30,Freshwater,15,311.68819
2023-06-09 18:30,Freshwater,30,221.160388
2023-06-09 18:30,Freshwater,50,714.8133
2023-06-09 18:35,Control,5,603.1147378
2023-06-09 18:35,Control,15,770.43982
2023-06-09 18:35,Control,30,767.53744
2023-06-09 18:35,Control,50,792.76045
2023-06-09 18:35,Saltwater,5,473.147558
2023-06-09 18:35,Saltwater,15,428.7959
2023-06-09 18:35,Saltwater,30,614.97594
2023-06-09 18:35,Saltwater,50,652.60814
2023-06-09 18:35,Freshwater,5,515.4615467
2023-06-09 18:35,Freshwater,15,311.3472173
2023-06-09 18:35,Freshwater,30,221.262644
2023-06-09 18:35,Freshwater,50,714.72974
2023-06-09 18:40,Control,5,602.9739822
2023-06-09 18:40,Control,15,770.38846
2023-06-09 18:40,Control,30,767.55436
2023-06-09 18:40,Control,50,792.863525
2023-06-09 18:40,Saltwater,5,472.981806
2023-06-09 18:40,Saltwater,15,428.59516
2023-06-09 18:40,Saltwater,30,614.98344
2023-06-09 18:40,Saltwater,50,652.61626
2023-06-09 18:40,Freshwater,5,515.3864733
2023-06-09 18:40,Freshwater,15,311.5131767
2023-06-09 18:40,Freshwater,30,220.786952
2023-06-09 18:40,Freshwater,50,714.69986
2023-06-09 18:45,Control,5,602.7497867
2023-06-09 18:45,Control,15,770.63764
2023-06-09 18:45,Control,30,767.66662
2023-06-09 18:45,Control,50,792.82405
2023-06-09 18:45,Saltwater,5,472.60864
2023-06-09 18:45,Saltwater,15,428.56284
2023-06-09 18:45,Saltwater,30,614.95264
2023-06-09 18:45,Saltwater,50,652.654
2023-06-09 18:45,Freshwater,5,515.36976
2023-06-09 18:45,Freshwater,15,311.200216
2023-06-09 18:45,Freshwater,30,221.3305
2023-06-09 18:45,Freshwater,50,714.58608
2023-06-09 18:50,Control,5,602.5808467
2023-06-09 18:50,Control,15,770.64034
2023-06-09 18:50,Control,30,767.77184
2023-06-09 18:50,Control,50,792.955
2023-06-09 18:50,Saltwater,5,472.7092493
2023-06-09 18:50,Saltwater,15,428.46302
2023-06-09 18:50,Saltwater,30,614.95736
2023-06-09 18:50,Saltwater,50,652.62508
2023-06-09 18:50,Freshwater,5,515.0260133
2023-06-09 18:50,Freshwater,15,311.336418
2023-06-09 18:50,Freshwater,30,221.636334
2023-06-09 18:50,Freshwater,50,714.28166
2023-06-09 18:55,Control,5,602.6033667
2023-06-09 18:55,Control,15,770.67256
2023-06-09 18:55,Control,30,767.83802
2023-06-09 18:55,Control,50,792.9885
2023-06-09 18:55,Saltwater,5,473.0057387
2023-06-09 18:55,Saltwater,15,428.35586
2023-06-09 18:55,Saltwater,30,614.84604
2023-06-09 18:55,Saltwater,50,652.51296
2023-06-09 18:55,Freshwater,5,515.0247067
2023-06-09 18:55,Freshwater,15,311.269588
2023-06-09 18:55,Freshwater,30,221.704416
2023-06-09 18:55,Freshwater,50,714.4913
2023-06-09 19:00,Control,5,602.3269867
2023-06-09 19:00,Control,15,770.7366
2023-06-09 19:00,Control,30,767.8679
2023-06-09 19:00,Control,50,792.941275
2023-06-09 19:00,Saltwater,5,472.665922
2023-06-09 19:00,Saltwater,15,428.32684
2023-06-09 19:00,Saltwater,30,614.92378
2023-06-09 19:00,Saltwater,50,652.38688
2023-06-09 19:00,Freshwater,5,515.02844
2023-06-09 19:00,Freshwater,15,310.728642
2023-06-09 19:00,Freshwater,30,221.976556
2023-06-09 19:00,Freshwater,50,713.9957
2023-06-09 19:05,Control,5,602.2682667
2023-06-09 19:05,Control,15,770.81868
2023-06-09 19:05,Control,30,767.84744
2023-06-09 19:05,Control,50,792.82745
2023-06-09 19:05,Saltwater,5,472.7534467
2023-06-09 19:05,Saltwater,15,428.28838
2023-06-09 19:05,Saltwater,30,614.7840067
2023-06-09 19:05,Saltwater,50,652.4169067
2023-06-09 19:05,Freshwater,5,514.75448
2023-06-09 19:05,Freshwater,15,311.203728
2023-06-09 19:05,Freshwater,30,222.078448
2023-06-09 19:05,Freshwater,50,714.23006
2023-06-09 19:10,Control,5,601.9777467
2023-06-09 19:10,Control,15,770.87728
2023-06-09 19:10,Control,30,767.87172
2023-06-09 19:10,Control,50,792.938275
2023-06-09 19:10,Saltwater,5,472.7828133
2023-06-09 19:10,Saltwater,15,428.15588
2023-06-09 19:10,Saltwater,30,614.7620933
2023-06-09 19:10,Saltwater,50,652.3957133
2023-06-09 19:10,Freshwater,5,514.85226
2023-06-09 19:10,Freshwater,15,311.202364
2023-06-09 19:10,Freshwater,30,222.010336
2023-06-09 19:10,Freshwater,50,714.08726
2023-06-09 19:15,Control,5,601.9216667
2023-06-09 19:15,Control,15,770.92902
2023-06-09 19:15,Control,30,767.95752
2023-06-09 19:15,Control,50,792.999225
2023-06-09 19:15,Saltwater,5,472.87562
2023-06-09 19:15,Saltwater,15,428.12178
2023-06-09 19:15,Saltwater,30,614.69868
2023-06-09 19:15,Saltwater,50,652.4005
2023-06-09 19:15,Freshwater,5,514.52138
2023-06-09 19:15,Freshwater,15,311.069358
2023-06-09 19:15,Freshwater,30,222.384446
2023-06-09 19:15,Freshwater,50,713.9662
2023-06-09 19:20,Control,5,601.9314867
2023-06-09 19:20,Control,15,771.04564
2023-06-09 19:20,Control,30,767.97152
2023-06-09 19:20,Control,50,793.056575
2023-06-09 19:20,Saltwater,5,472.941818
2023-06-09 19:20,Saltwater,15,428.01774
2023-06-09 19:20,Saltwater,30,614.6955
2023-06-09 19:20,Saltwater,50,652.32882
2023-06-09 19:20,Freshwater,5,514.2129533
2023-06-09 19:20,Freshwater,15,311.172042
2023-06-09 19:20,Freshwater,30,222.180616
2023-06-09 19:20,Freshwater,50,714.03782
2023-06-09 19:25,Control,5,601.7609467
2023-06-09 19:25,Control,15,771.08032
2023-06-09 19:25,Control,30,768.07452
2023-06-09 19:25,Control,50,793.0571
2023-06-09 19:25,Saltwater,5,473.07849
2023-06-09 19:25,Saltwater,15,427.98376
2023-06-09 19:25,Saltwater,30,614.62756
2023-06-09 19:25,Saltwater,50,652.22676
2023-06-09 19:25,Freshwater,5,514.3426267
2023-06-09 19:25,Freshwater,15,311.17155
2023-06-09 19:25,Freshwater,30,222.7243
2023-06-09 19:25,Freshwater,50,713.72952
2023-06-09 19:30,Control,5,601.4888867
2023-06-09 19:30,Control,15,771.1506
2023-06-09 19:30,Control,30,768.00812
2023-06-09 19:30,Control,50,793.0164
2023-06-09 19:30,Saltwater,5,472.737664
2023-06-09 19:30,Saltwater,15,427.81346
2023-06-09 19:30,Saltwater,30,614.6964
2023-06-09 19:30,Saltwater,50,652.3298
2023-06-09 19:30,Freshwater,5,514.20506
2023-06-09 19:30,Freshwater,15,310.934708
2023-06-09 19:30,Freshwater,30,222.622466
2023-06-09 19:30,Freshwater,50,713.15696
2023-06-09 19:35,Control,5,601.4504889
2023-06-09 19:35,Control,15,771.1439933
2023-06-09 19:35,Control,30,768.11598
2023-06-09 19:35,Control,50,793.0647
2023-06-09 19:35,Saltwater,5,472.9023947
2023-06-09 19:35,Saltwater,15,427.78244
2023-06-09 19:35,Saltwater,30,614.668
2023-06-09 19:35,Saltwater,50,652.16544
2023-06-09 19:35,Freshwater,5,514.06718
2023-06-09 19:35,Freshwater,15,311.239926
2023-06-09 19:35,Freshwater,30,222.7631187
2023-06-09 19:35,Freshwater,50,713.7362867
2023-06-09 19:40,Control,5,600.4152511
2023-06-09 19:40,Control,15,771.1633667
2023-06-09 19:40,Control,30,768.21568
2023-06-09 19:40,Control,50,793.1472
2023-06-09 19:40,Saltwater,5,472.8673573
2023-06-09 19:40,Saltwater,15,427.85782
2023-06-09 19:40,Saltwater,30,614.6472
2023-06-09 19:40,Saltwater,50,652.11176
2023-06-09 19:40,Freshwater,5,513.86534
2023-06-09 19:40,Freshwater,15,310.866772
2023-06-09 19:40,Freshwater,30,223.0398733
2023-06-09 19:40,Freshwater,50,713.6086333
2023-06-09 19:45,Control,5,601.3664333
2023-06-09 19:45,Control,15,771.22296
2023-06-09 19:45,Control,30,768.32144
2023-06-09 19:45,Control,50,793.19325
2023-06-09 19:45,Saltwater,5,472.822188
2023-06-09 19:45,Saltwater,15,427.82244
2023-06-09 19:45,Saltwater,30,614.54258
2023-06-09 19:45,Saltwater,50,652.14338
2023-06-09 19:45,Freshwater,5,513.62772
2023-06-09 19:45,Freshwater,15,311.27469
2023-06-09 19:45,Freshwater,30,223.078622
2023-06-09 19:45,Freshwater,50,713.51188
2023-06-09 19:50,Control,5,601.2934533
2023-06-09 19:50,Control,15,771.31888
2023-06-09 19:50,Control,30,768.28066
2023-06-09 19:50,Control,50,793.1009
2023-06-09 19:50,Saltwater,5,472.681638
2023-06-09 19:50,Saltwater,15,427.7119533
2023-06-09 19:50,Saltwater,30,614.57044
2023-06-09 19:50,Saltwater,50,652.10246
2023-06-09 19:50,Freshwater,5,513.69418
2023-06-09 19:50,Freshwater,15,311.34214
2023-06-09 19:50,Freshwater,30,222.500836
2023-06-09 19:50,Freshwater,50,713.50938
2023-06-09 19:55,Control,5,601.0585533
2023-06-09 19:55,Control,15,771.32504
2023-06-09 19:55,Control,30,768.32098
2023-06-09 19:55,Control,50,793.0219
2023-06-09 19:55,Saltwater,5,472.72276
2023-06-09 19:55,Saltwater,15,427.6106267
2023-06-09 19:55,Saltwater,30,614.58124
2023-06-09 19:55,Saltwater,50,652.08016
2023-06-09 19:55,Freshwater,5,513.5596
2023-06-09 19:55,Freshwater,15,311.274628
2023-06-09 19:55,Freshwater,30,223.282532
2023-06-09 19:55,Freshwater,50,713.10378
2023-06-09 20:00,Control,5,600.8540333
2023-06-09 20:00,Control,15,771.36006
2023-06-09 20:00,Control,30,768.39018
2023-06-09 20:00,Control,50,793.150925
2023-06-09 20:00,Saltwater,5,472.696564
2023-06-09 20:00,Saltwater,15,427.51
2023-06-09 20:00,Saltwater,30,614.55934
2023-06-09 20:00,Saltwater,50,651.9911
2023-06-09 20:00,Freshwater,5,513.49178
2023-06-09 20:00,Freshwater,15,311.75044
2023-06-09 20:00,Freshwater,30,223.5544
2023-06-09 20:00,Freshwater,50,713.17204
2023-06-09 20:05,Control,5,601.6310756
2023-06-09 20:05,Control,15,771.35848
2023-06-09 20:05,Control,30,768.35442
2023-06-09 20:05,Control,50,793.192
2023-06-09 20:05,Saltwater,5,472.383954
2023-06-09 20:05,Saltwater,15,427.43722
2023-06-09 20:05,Saltwater,30,614.51672
2023-06-09 20:05,Saltwater,50,651.94768
2023-06-09 20:05,Freshwater,5,513.54538
2023-06-09 20:05,Freshwater,15,311.682474
2023-06-09 20:05,Freshwater,30,223.58839
2023-06-09 20:05,Freshwater,50,713.24002
2023-06-09 20:10,Control,5,601.7949378
2023-06-09 20:10,Control,15,771.4966
2023-06-09 20:10,Control,30,768.38998
2023-06-09 20:10,Control,50,793.065325
2023-06-09 20:10,Saltwater,5,472.412916
2023-06-09 20:10,Saltwater,15,427.26234
2023-06-09 20:10,Saltwater,30,614.33814
2023-06-09 20:10,Saltwater,50,651.87072
2023-06-09 20:10,Freshwater,5,513.49706
2023-06-09 20:10,Freshwater,15,311.070776
2023-06-09 20:10,Freshwater,30,223.89426
2023-06-09 20:10,Freshwater,50,712.83218
2023-06-09 20:15,Control,5,601.81702
2023-06-09 20:15,Control,15,771.49072
2023-06-09 20:15,Control,30,768.34998
2023-06-09 20:15,Control,50,793.144675
2023-06-09 20:15,Saltwater,5,472.392294
2023-06-09 20:15,Saltwater,15,427.3417
2023-06-09 20:15,Saltwater,30,614.46132
2023-06-09 20:15,Saltwater,50,651.8594
2023-06-09 20:15,Freshwater,5,513.31276
2023-06-09 20:15,Freshwater,15,311.886396
2023-06-09 20:15,Freshwater,30,223.962244
2023-06-09 20:15,Freshwater,50,713.17202
2023-06-09 20:20,Control,5,601.5393022
2023-06-09 20:20,Control,15,771.4840133
2023-06-09 20:20,Control,30,768.42356
2023-06-09 20:20,Control,50,793.1074
2023-06-09 20:20,Saltwater,5,472.2932093
2023-06-09 20:20,Saltwater,15,427.28016
2023-06-09 20:20,Saltwater,30,614.4103667
2023-06-09 20:20,Saltwater,50,651.8778467
2023-06-09 20:20,Freshwater,5,513.31278
2023-06-09 20:20,Freshwater,15,312.0855153
2023-06-09 20:20,Freshwater,30,223.928268
2023-06-09 20:20,Freshwater,50,712.96812
2023-06-09 20:25,Control,5,600.8130844
2023-06-09 20:25,Control,15,771.4712067
2023-06-09 20:25,Control,30,768.52528
2023-06-09 20:25,Control,50,793.063825
2023-06-09 20:25,Saltwater,5,472.3576627
2023-06-09 20:25,Saltwater,15,427.28096
2023-06-09 20:25,Saltwater,30,614.3825133
2023-06-09 20:25,Saltwater,50,651.8160133
2023-06-09 20:25,Freshwater,5,512.93892
2023-06-09 20:25,Freshwater,15,312.0807427
2023-06-09 20:25,Freshwater,30,224.336058
2023-06-09 20:25,Freshwater,50,713.03608
2023-06-09 20:30,Control,5,601.3871067
2023-06-09 20:30,Control,15,771.66576
2023-06-09 20:30,Control,30,768.49252
2023-06-09 20:30,Control,50,793.2362
2023-06-09 20:30,Saltwater,5,472.58782
2023-06-09 20:30,Saltwater,15,427.17536
2023-06-09 20:30,Saltwater,30,614.24478
2023-06-09 20:30,Saltwater,50,651.84834
2023-06-09 20:30,Freshwater,5,512.66706
2023-06-09 20:30,Freshwater,15,312.21188
2023-06-09 20:30,Freshwater,30,224.166152
2023-06-09 20:30,Freshwater,50,713.0021
2023-06-09 20:35,Control,5,600.1226667
2023-06-09 20:35,Control,15,771.63176
2023-06-09 20:35,Control,30,768.5269
2023-06-09 20:35,Control,50,793.150925
2023-06-09 20:35,Saltwater,5,472.6173073
2023-06-09 20:35,Saltwater,15,427.07314
2023-06-09 20:35,Saltwater,30,614.24498
2023-06-09 20:35,Saltwater,50,651.7803
2023-06-09 20:35,Freshwater,5,512.7724333
2023-06-09 20:35,Freshwater,15,312.214586
2023-06-09 20:35,Freshwater,30,224.778226
2023-06-09 20:35,Freshwater,50,712.64192
2023-06-09 20:40,Control,5,601.0112667
2023-06-09 20:40,Control,15,771.59758
2023-06-09 20:40,Control,30,768.5269
2023-06-09 20:40,Control,50,793.150925
2023-06-09 20:40,Saltwater,5,472.7162027
2023-06-09 20:40,Saltwater,15,427.00596
2023-06-09 20:40,Saltwater,30,614.28112
2023-06-09 20:40,Saltwater,50,651.68014
2023-06-09 20:40,Freshwater,5,512.6630267
2023-06-09 20:40,Freshwater,15,312.111794
2023-06-09 20:40,Freshwater,30,224.846064
2023-06-09 20:40,Freshwater,50,712.1617
2023-06-09 20:45,Control,5,600.2935267
2023-06-09 20:45,Control,15,771.70012
2023-06-09 20:45,Control,30,768.59526
2023-06-09 20:45,Control,50,793.279075
2023-06-09 20:45,Saltwater,5,472.774998
2023-06-09 20:45,Saltwater,15,426.89974
2023-06-09 20:45,Saltwater,30,614.2057
2023-06-09 20:45,Saltwater,50,651.77468
2023-06-09 20:45,Freshwater,5,512.58552
2023-06-09 20:45,Freshwater,15,312.7219
2023-06-09 20:45,Freshwater,30,224.947826
2023-06-09 20:45,Freshwater,50,712.66354
2023-06-09 20:50,Control,5,600.9428667
2023-06-09 20:50,Control,15,771.52922
2023-06-09 20:50,Control,30,768.6636
2023-06-09 20:50,Control,50,793.23635
2023-06-09 20:50,Saltwater,5,472.67758
2023-06-09 20:50,Saltwater,15,426.80146
2023-06-09 20:50,Saltwater,30,614.17924
2023-06-09 20:50,Saltwater,50,651.78304
2023-06-09 20:50,Freshwater,5,512.3968
2023-06-09 20:50,Freshwater,15,312.2803873
2023-06-09 20:50,Freshwater,30,225.18635
2023-06-09 20:50,Freshwater,50,712.58692
2023-06-09 20:55,Control,5,600.8728867
2023-06-09 20:55,Control,15,771.6293
2023-06-09 20:55,Control,30,768.6953
2023-06-09 20:55,Control,50,793.233825
2023-06-09 20:55,Saltwater,5,472.745566
2023-06-09 20:55,Saltwater,15,426.69886
2023-06-09 20:55,Saltwater,30,614.07644
2023-06-09 20:55,Saltwater,50,651.74846
2023-06-09 20:55,Freshwater,5,512.09248
2023-06-09 20:55,Freshwater,15,312.8199067
2023-06-09 20:55,Freshwater,30,225.186408
2023-06-09 20:55,Freshwater,50,712.45358
2023-06-09 21:00,Control,5,600.6693467
2023-06-09 21:00,Control,15,771.7682
2023-06-09 21:00,Control,30,768.69752
2023-06-09 21:00,Control,50,793.278825
2023-06-09 21:00,Saltwater,5,472.777594
2023-06-09 21:00,Saltwater,15,426.73128
2023-06-09 21:00,Saltwater,30,614.10738
2023-06-09 21:00,Saltwater,50,651.6426
2023-06-09 21:00,Freshwater,5,512.11698
2023-06-09 21:00,Freshwater,15,312.879944
2023-06-09 21:00,Freshwater,30,224.744216
2023-06-09 21:00,Freshwater,50,712.3018
2023-06-09 21:05,Control,5,600.6256289
2023-06-09 21:05,Control,15,771.83432
2023-06-09 21:05,Control,30,768.83202
2023-06-09 21:05,Control,50,793.31925
2023-06-09 21:05,Saltwater,5,472.646202
2023-06-09 21:05,Saltwater,15,426.6306867
2023-06-09 21:05,Saltwater,30,614.0858667
2023-06-09 21:05,Saltwater,50,651.5194467
2023-06-09 21:05,Freshwater,5,512.0416333
2023-06-09 21:05,Freshwater,15,313.0102113
2023-06-09 21:05,Freshwater,30,225.661724
2023-06-09 21:05,Freshwater,50,712.09358
2023-06-09 21:10,Control,5,600.5508511
2023-06-09 21:10,Control,15,771.83656
2023-06-09 21:10,Control,30,768.8684
2023-06-09 21:10,Control,50,793.32155
2023-06-09 21:10,Saltwater,5,473.013972
2023-06-09 21:10,Saltwater,15,426.6220733
2023-06-09 21:10,Saltwater,30,614.1130933
2023-06-09 21:10,Saltwater,50,651.5455933
2023-06-09 21:10,Freshwater,5,511.6809267
2023-06-09 21:10,Freshwater,15,313.3173327
2023-06-09 21:10,Freshwater,30,225.696472
2023-06-09 21:10,Freshwater,50,711.98752
2023-06-09 21:15,Control,5,600.3710733
2023-06-09 21:15,Control,15,771.80106
2023-06-09 21:15,Control,30,768.9354
2023-06-09 21:15,Control,50,793.27745
2023-06-09 21:15,Saltwater,5,472.949854
2023-06-09 21:15,Saltwater,15,426.5207
2023-06-09 21:15,Saltwater,30,613.95362
2023-06-09 21:15,Saltwater,50,651.5573
2023-06-09 21:15,Freshwater,5,511.80016
2023-06-09 21:15,Freshwater,15,313.376504
2023-06-09 21:15,Freshwater,30,225.865896
2023-06-09 21:15,Freshwater,50,712.17156
2023-06-09 21:20,Control,5,600.2353533
2023-06-09 21:20,Control,15,771.8930533
2023-06-09 21:20,Control,30,768.97102
2023-06-09 21:20,Control,50,793.449775
2023-06-09 21:20,Saltwater,5,472.91939
2023-06-09 21:20,Saltwater,15,426.3824133
2023-06-09 21:20,Saltwater,30,614.06162
2023-06-09 21:20,Saltwater,50,651.56346
2023-06-09 21:20,Freshwater,5,512.14638
2023-06-09 21:20,Freshwater,15,312.868822
2023-06-09 21:20,Freshwater,30,226.307988
2023-06-09 21:20,Freshwater,50,711.80826
2023-06-09 21:25,Control,5,599.9909333
2023-06-09 21:25,Control,15,771.8394467
2023-06-09 21:25,Control,30,768.89524
2023-06-09 21:25,Control,50,793.313925
2023-06-09 21:25,Saltwater,5,472.989312
2023-06-09 21:25,Saltwater,15,426.4131667
2023-06-09 21:25,Saltwater,30,614.03012
2023-06-09 21:25,Saltwater,50,651.5322
2023-06-09 21:25,Freshwater,5,511.77736
2023-06-09 21:25,Freshwater,15,313.720138
2023-06-09 21:25,Freshwater,30,226.444162
2023-06-09 21:25,Freshwater,50,712.02022
2023-06-09 21:30,Control,5,599.7210533
2023-06-09 21:30,Control,15,771.9009
2023-06-09 21:30,Control,30,768.96864
2023-06-09 21:30,Control,50,793.319175
2023-06-09 21:30,Saltwater,5,472.989538
2023-06-09 21:30,Saltwater,15,426.34026
2023-06-09 21:30,Saltwater,30,613.96216
2023-06-09 21:30,Saltwater,50,651.39606
2023-06-09 21:30,Freshwater,5,511.90672
2023-06-09 21:30,Freshwater,15,313.819858
2023-06-09 21:30,Freshwater,30,226.273934
2023-06-09 21:30,Freshwater,50,711.87336
2023-06-09 21:35,Control,5,599.3071933
2023-06-09 21:35,Control,15,771.99806
2023-06-09 21:35,Control,30,769.03166
2023-06-09 21:35,Control,50,793.228175
2023-06-09 21:35,Saltwater,5,473.2236313
2023-06-09 21:35,Saltwater,15,426.2013867
2023-06-09 21:35,Saltwater,30,614.0304
2023-06-09 21:35,Saltwater,50,651.43018
2023-06-09 21:35,Freshwater,5,511.7122867
2023-06-09 21:35,Freshwater,15,313.821464
2023-06-09 21:35,Freshwater,30,226.987872
2023-06-09 21:35,Freshwater,50,711.88116
2023-06-09 21:40,Control,5,599.5156933
2023-06-09 21:40,Control,15,772.00302
2023-06-09 21:40,Control,30,769.0708
2023-06-09 21:40,Control,50,793.31875
2023-06-09 21:40,Saltwater,5,473.3553207
2023-06-09 21:40,Saltwater,15,426.1648533
2023-06-09 21:40,Saltwater,30,613.89392
2023-06-09 21:40,Saltwater,50,651.43018
2023-06-09 21:40,Freshwater,5,511.3232333
2023-06-09 21:40,Freshwater,15,313.860186
2023-06-09 21:40,Freshwater,30,226.682644
2023-06-09 21:40,Freshwater,50,711.80256
2023-06-09 21:45,Control,5,599.6883733
2023-06-09 21:45,Control,15,771.97144
2023-06-09 21:45,Control,30,769.17588
2023-06-09 21:45,Control,50,793.4069
2023-06-09 21:45,Saltwater,5,473.111662
2023-06-09 21:45,Saltwater,15,426.12832
2023-06-09 21:45,Saltwater,30,613.8598
2023-06-09 21:45,Saltwater,50,651.43018
2023-06-09 21:45,Freshwater,5,511.72664
2023-06-09 21:45,Freshwater,15,313.925026
2023-06-09 21:45,Freshwater,30,227.327974
2023-06-09 21:45,Freshwater,50,711.78712
2023-06-09 21:50,Control,5,599.3113333
2023-06-09 21:50,Control,15,772.20906
2023-06-09 21:50,Control,30,769.1401
2023-06-09 21:50,Control,50,793.44795
2023-06-09 21:50,Saltwater,5,473.21405
2023-06-09 21:50,Saltwater,15,426.0942
2023-06-09 21:50,Saltwater,30,613.96216
2023-06-09 21:50,Saltwater,50,651.25958
2023-06-09 21:50,Freshwater,5,511.7623
2023-06-09 21:50,Freshwater,15,313.653702
2023-06-09 21:50,Freshwater,30,227.430008
2023-06-09 21:50,Freshwater,50,710.9402
2023-06-09 21:55,Control,5,599.2044133
2023-06-09 21:55,Control,15,772.13436
2023-06-09 21:55,Control,30,769.2705
2023-06-09 21:55,Control,50,793.313175
2023-06-09 21:55,Saltwater,5,473.28227
2023-06-09 21:55,Saltwater,15,426.09424
2023-06-09 21:55,Saltwater,30,613.89394
2023-06-09 21:55,Saltwater,50,651.2937
2023-06-09 21:55,Freshwater,5,511.41848
2023-06-09 21:55,Freshwater,15,314.128218
2023-06-09 21:55,Freshwater,30,227.633752
2023-06-09 21:55,Freshwater,50,711.57946
2023-06-09 22:00,Control,5,599.1399733
2023-06-09 22:00,Control,15,772.1742
2023-06-09 22:00,Control,30,769.20776
2023-06-09 22:00,Control,50,793.48995
2023-06-09 22:00,Saltwater,5,473.248162
2023-06-09 22:00,Saltwater,15,425.95774
2023-06-09 22:00,Saltwater,30,613.79156
2023-06-09 22:00,Saltwater,50,651.2937
2023-06-09 22:00,Freshwater,5,511.46686
2023-06-09 22:00,Freshwater,15,313.963164
2023-06-09 22:00,Freshwater,30,227.906366
2023-06-09 22:00,Freshwater,50,711.43348
2023-06-09 22:05,Control,5,599.2863111
2023-06-09 22:05,Control,15,772.21078
2023-06-09 22:05,Control,30,769.2363422
2023-06-09 22:05,Control,50,793.4844722
2023-06-09 22:05,Saltwater,5,473.111672
2023-06-09 22:05,Saltwater,15,425.92364
2023-06-09 22:05,Saltwater,30,613.82568
2023-06-09 22:05,Saltwater,50,651.08894
2023-06-09 22:05,Freshwater,5,511.28938
2023-06-09 22:05,Freshwater,15,313.9218053
2023-06-09 22:05,Freshwater,30,228.177902
2023-06-09 22:05,Freshwater,50,711.48892
2023-06-09 22:10,Control,5,599.2519489
2023-06-09 22:10,Control,15,772.36984
2023-06-09 22:10,Control,30,769.1824844
2023-06-09 22:10,Control,50,793.3787694
2023-06-09 22:10,Saltwater,5,473.244634
2023-06-09 22:10,Saltwater,15,425.7842
2023-06-09 22:10,Saltwater,30,613.88846
2023-06-09 22:10,Saltwater,50,651.21946
2023-06-09 22:10,Freshwater,5,511.19044
2023-06-09 22:10,Freshwater,15,314.1899447
2023-06-09 22:10,Freshwater,30,227.464284
2023-06-09 22:10,Freshwater,50,711.29002
2023-06-09 22:15,Control,5,599.2979867
2023-06-09 22:15,Control,15,772.34128
2023-06-09 22:15,Control,30,769.2825867
2023-06-09 22:15,Control,50,793.4620917
2023-06-09 22:15,Saltwater,5,473.280664
2023-06-09 22:15,Saltwater,15,425.71756
2023-06-09 22:15,Saltwater,30,613.7208
2023-06-09 22:15,Saltwater,50,650.94974
2023-06-09 22:15,Freshwater,5,511.22584
2023-06-09 22:15,Freshwater,15,314.253628
2023-06-09 22:15,Freshwater,30,228.246096
2023-06-09 22:15,Freshwater,50,711.25832
2023-06-09 22:20,Control,5,599.0865467
2023-06-09 22:20,Control,15,772.4004
2023-06-09 22:20,Control,30,769.4101467
2023-06-09 22:20,Control,50,793.4524667
2023-06-09 22:20,Saltwater,5,473.247984
2023-06-09 22:20,Saltwater,15,425.85522
2023-06-09 22:20,Saltwater,30,613.6889
2023-06-09 22:20,Saltwater,50,651.08862
2023-06-09 22:20,Freshwater,5,510.92422
2023-06-09 22:20,Freshwater,15,314.289094
2023-06-09 22:20,Freshwater,30,228.756172
2023-06-09 22:20,Freshwater,50,710.89162
2023-06-09 22:25,Control,5,598.8553467
2023-06-09 22:25,Control,15,772.37786
2023-06-09 22:25,Control,30,769.3874867
2023-06-09 22:25,Control,50,793.4645667
2023-06-09 22:25,Saltwater,5,473.69177
2023-06-09 22:25,Saltwater,15,425.65062
2023-06-09 22:25,Saltwater,30,613.68918
2023-06-09 22:25,Saltwater,50,650.95244
2023-06-09 22:25,Freshwater,5,510.8562
2023-06-09 22:25,Freshwater,15,314.32306
2023-06-09 22:25,Freshwater,30,228.89214
2023-06-09 22:25,Freshwater,50,711.23146
2023-06-09 22:30,Control,5,598.7539067
2023-06-09 22:30,Control,15,772.51612
2023-06-09 22:30,Control,30,769.3890467
2023-06-09 22:30,Control,50,793.5088917
2023-06-09 22:30,Saltwater,5,473.35054
2023-06-09 22:30,Saltwater,15,425.88948
2023-06-09 22:30,Saltwater,30,613.5868
2023-06-09 22:30,Saltwater,50,650.91832
2023-06-09 22:30,Freshwater,5,511.10308
2023-06-09 22:30,Freshwater,15,314.42808
2023-06-09 22:30,Freshwater,30,229.062586
2023-06-09 22:30,Freshwater,50,711.11036
2023-06-09 22:35,Control,5,598.6465067
2023-06-09 22:35,Control,15,772.54326
2023-06-09 22:35,Control,30,769.5449689
2023-06-09 22:35,Control,50,793.5363389
2023-06-09 22:35,Saltwater,5,473.350548
2023-06-09 22:35,Saltwater,15,425.48002
2023-06-09 22:35,Saltwater,30,613.62094
2023-06-09 22:35,Saltwater,50,650.91832
2023-06-09 22:35,Freshwater,5,510.9298
2023-06-09 22:35,Freshwater,15,313.7423593
2023-06-09 22:35,Freshwater,30,229.266344
2023-06-09 22:35,Freshwater,50,710.697
2023-06-09 22:40,Control,5,598.5155467
2023-06-09 22:40,Control,15,772.51736
2023-06-09 22:40,Control,30,769.5110111
2023-06-09 22:40,Control,50,793.4514861
2023-06-09 22:40,Saltwater,5,473.282296
2023-06-09 22:40,Saltwater,15,425.48
2023-06-09 22:40,Saltwater,30,613.58682
2023-06-09 22:40,Saltwater,50,650.91832
2023-06-09 22:40,Freshwater,5,510.86376
2023-06-09 22:40,Freshwater,15,314.5879907
2023-06-09 22:40,Freshwater,30,229.164448
2023-06-09 22:40,Freshwater,50,710.90418
2023-06-09 22:45,Control,5,597.6823667
2023-06-09 22:45,Control,15,772.60114
2023-06-09 22:45,Control,30,769.5185733
2023-06-09 22:45,Control,50,793.5095083
2023-06-09 22:45,Saltwater,5,473.179916
2023-06-09 22:45,Saltwater,15,425.6165
2023-06-09 22:45,Saltwater,30,613.62096
2023-06-09 22:45,Saltwater,50,650.81594
2023-06-09 22:45,Freshwater,5,510.7955
2023-06-09 22:45,Freshwater,15,314.481144
2023-06-09 22:45,Freshwater,30,229.572306
2023-06-09 22:45,Freshwater,50,710.76772
2023-06-09 22:50,Control,5,598.2230467
2023-06-09 22:50,Control,15,772.52388
2023-06-09 22:50,Control,30,769.6464333
2023-06-09 22:50,Control,50,793.4575333
2023-06-09 22:50,Saltwater,5,472.8728
2023-06-09 22:50,Saltwater,15,425.3435
2023-06-09 22:50,Saltwater,30,613.48444
2023-06-09 22:50,Saltwater,50,650.81594
2023-06-09 22:50,Freshwater,5,510.28994
2023-06-09 22:50,Freshwater,15,314.38065
2023-06-09 22:50,Freshwater,30,229.742496
2023-06-09 22:50,Freshwater,50,710.74084
2023-06-09 22:55,Control,5,597.9982467
2023-06-09 22:55,Control,15,772.64736
2023-06-09 22:55,Control,30,769.6330733
2023-06-09 22:55,Control,50,793.5220083
2023-06-09 22:55,Saltwater,5,473.521166
2023-06-09 22:55,Saltwater,15,425.37764
2023-06-09 22:55,Saltwater,30,613.65504
2023-06-09 22:55,Saltwater,50,650.7818
2023-06-09 22:55,Freshwater,5,510.49446
2023-06-09 22:55,Freshwater,15,314.61877
2023-06-09 22:55,Freshwater,30,229.504614
2023-06-09 22:55,Freshwater,50,710.74186
2023-06-09 23:00,Control,5,598.3399667
2023-06-09 23:00,Control,15,772.71564
2023-06-09 23:00,Control,30,769.6330333
2023-06-09 23:00,Control,50,793.5219333
2023-06-09 23:00,Saltwater,5,473.214056
2023-06-09 23:00,Saltwater,15,425.27528
2023-06-09 23:00,Saltwater,30,613.5868
2023-06-09 23:00,Saltwater,50,650.71358
2023-06-09 23:00,Freshwater,5,510.63046
2023-06-09 23:00,Freshwater,15,314.24489
2023-06-09 23:00,Freshwater,30,230.082442
2023-06-09 23:00,Freshwater,50,709.96012
2023-06-09 23:05,Control,5,598.4089867
2023-06-09 23:05,Control,15,772.75076
2023-06-09 23:05,Control,30,769.6681533
2023-06-09 23:05,Control,50,793.5229333
2023-06-09 23:05,Saltwater,5,473.179916
2023-06-09 23:05,Saltwater,15,425.20702
2023-06-09 23:05,Saltwater,30,613.62092
2023-06-09 23:05,Saltwater,50,650.81596
2023-06-09 23:05,Freshwater,5,510.59648
2023-06-09 23:05,Freshwater,15,314.414858
2023-06-09 23:05,Freshwater,30,230.184432
2023-06-09 23:05,Freshwater,50,710.46998
2023-06-09 23:10,Control,5,598.2873467
2023-06-09 23:10,Control,15,772.75724
2023-06-09 23:10,Control,30,769.7089733
2023-06-09 23:10,Control,50,793.4942083
2023-06-09 23:10,Saltwater,5,473.487038
2023-06-09 23:10,Saltwater,15,425.17288
2023-06-09 23:10,Saltwater,30,613.55266
2023-06-09 23:10,Saltwater,50,650.71356
2023-06-09 23:10,Freshwater,5,510.4265
2023-06-09 23:10,Freshwater,15,314.584798
2023-06-09 23:10,Freshwater,30,230.388374
2023-06-09 23:10,Freshwater,50,710.46996
2023-06-09 23:15,Control,5,597.7579867
2023-06-09 23:15,Control,15,772.85088
2023-06-09 23:15,Control,30,769.8024533
2023-06-09 23:15,Control,50,793.4777333
2023-06-09 23:15,Saltwater,5,473.35052
2023-06-09 23:15,Saltwater,15,425.10462
2023-06-09 23:15,Saltwater,30,613.51856
2023-06-09 23:15,Saltwater,50,650.67944
2023-06-09 23:15,Freshwater,5,510.5285
2023-06-09 23:15,Freshwater,15,314.142918
2023-06-09 23:15,Freshwater,30,230.694274
2023-06-09 23:15,Freshwater,50,710.26604
2023-06-09 23:20,Control,5,597.9003867
2023-06-09 23:20,Control,15,772.8471333
2023-06-09 23:20,Control,30,769.7764733
2023-06-09 23:20,Control,50,793.4862333
2023-06-09 23:20,Saltwater,5,473.350528
2023-06-09 23:20,Saltwater,15,425.0609267
2023-06-09 23:20,Saltwater,30,613.51854
2023-06-09 23:20,Saltwater,50,650.67944
2023-06-09 23:20,Freshwater,5,510.35854
2023-06-09 23:20,Freshwater,15,314.652758
2023-06-09 23:20,Freshwater,30,230.490336
2023-06-09 23:20,Freshwater,50,710.33402
2023-06-09 23:25,Control,5,597.7922467
2023-06-09 23:25,Control,15,772.8612267
2023-06-09 23:25,Control,30,769.8709333
2023-06-09 23:25,Control,50,793.6486833
2023-06-09 23:25,Saltwater,5,473.521144
2023-06-09 23:25,Saltwater,15,424.8466133
2023-06-09 23:25,Saltwater,30,613.4162
2023-06-09 23:25,Saltwater,50,650.64532
2023-06-09 23:25,Freshwater,5,510.66338
2023-06-09 23:25,Freshwater,15,314.55044
2023-06-09 23:25,Freshwater,30,230.4223
2023-06-09 23:25,Freshwater,50,709.61848
2023-06-09 23:30,Control,5,597.6270067
2023-06-09 23:30,Control,15,772.89166
2023-06-09 23:30,Control,30,769.8448733
2023-06-09 23:30,Control,50,793.5290583
2023-06-09 23:30,Saltwater,5,473.521136
2023-06-09 23:30,Saltwater,15,424.80294
2023-06-09 23:30,Saltwater,30,613.4503
2023-06-09 23:30,Saltwater,50,650.6112
2023-06-09 23:30,Freshwater,5,510.49438
2023-06-09 23:30,Freshwater,15,314.550748
2023-06-09 23:30,Freshwater,30,231.30611
2023-06-09 23:30,Freshwater,50,709.756
2023-06-09 23:35,Control,5,597.6190867
2023-06-09 23:35,Control,15,772.8682333
2023-06-09 23:35,Control,30,769.8676333
2023-06-09 23:35,Control,50,793.6880333
2023-06-09 23:35,Saltwater,5,473.6965587
2023-06-09 23:35,Saltwater,15,424.66644
2023-06-09 23:35,Saltwater,30,613.21146
2023-06-09 23:35,Saltwater,50,650.64532
2023-06-09 23:35,Freshwater,5,510.39146
2023-06-09 23:35,Freshwater,15,314.822372
2023-06-09 23:35,Freshwater,30,231.44203
2023-06-09 23:35,Freshwater,50,710.02636
2023-06-09 23:40,Control,5,597.4825667
2023-06-09 23:40,Control,15,773.0273467
2023-06-09 23:40,Control,30,769.9020733
2023-06-09 23:40,Control,50,793.6455583
2023-06-09 23:40,Saltwater,5,473.8378293
2023-06-09 23:40,Saltwater,15,424.70056
2023-06-09 23:40,Saltwater,30,613.38206
2023-06-09 23:40,Saltwater,50,650.71358
2023-06-09 23:40,Freshwater,5,510.86622
2023-06-09 23:40,Freshwater,15,314.753988
2023-06-09 23:40,Freshwater,30,231.713866
2023-06-09 23:40,Freshwater,50,710.02446
2023-06-09 23:45,Control,5,597.0115667
2023-06-09 23:45,Control,15,773.1288
2023-06-09 23:45,Control,30,769.9812133
2023-06-09 23:45,Control,50,793.4859083
2023-06-09 23:45,Saltwater,5,473.842632
2023-06-09 23:45,Saltwater,15,424.66644
2023-06-09 23:45,Saltwater,30,613.34796
2023-06-09 23:45,Saltwater,50,650.54296
2023-06-09 23:45,Freshwater,5,510.76618
2023-06-09 23:45,Freshwater,15,313.938888
2023-06-09 23:45,Freshwater,30,231.781964
2023-06-09 23:45,Freshwater,50,709.61982
2023-06-09 23:50,Control,5,596.4998667
2023-06-09 23:50,Control,15,773.096
2023-06-09 23:50,Control,30,770.0167933
2023-06-09 23:50,Control,50,793.6582333
2023-06-09 23:50,Saltwater,5,473.842628
2023-06-09 23:50,Saltwater,15,424.5982
2023-06-09 23:50,Saltwater,30,613.41618
2023-06-09 23:50,Saltwater,50,650.4747
2023-06-09 23:50,Freshwater,5,510.59646
2023-06-09 23:50,Freshwater,15,314.822722
2023-06-09 23:50,Freshwater,30,231.98592
2023-06-09 23:50,Freshwater,50,709.89214
2023-06-09 23:55,Control,5,597.0809667
2023-06-09 23:55,Control,15,773.1987
2023-06-09 23:55,Control,30,770.1536333
2023-06-09 23:55,Control,50,793.6157083
2023-06-09 23:55,Saltwater,5,474.115628
2023-06-09 23:55,Saltwater,15,424.56408
2023-06-09 23:55,Saltwater,30,613.24556
2023-06-09 23:55,Saltwater,50,650.6112
2023-06-09 23:55,Freshwater,5,510.69582
2023-06-09 23:55,Freshwater,15,314.923808
2023-06-09 23:55,Freshwater,30,231.951774
2023-06-09 23:55,Freshwater,50,709.75184
2023-06-10 00:00,Control,5,597.2860267
2023-06-10 00:00,Control,15,773.23288
2023-06-10 00:00,Control,30,770.1194733
2023-06-10 00:00,Control,50,793.6157083
2023-06-10 00:00,Saltwater,5,474.047372
2023-06-10 00:00,Saltwater,15,424.42756
2023-06-10 00:00,Saltwater,30,613.1432
2023-06-10 00:00,Saltwater,50,650.50882
2023-06-10 00:00,Freshwater,5,510.221
2023-06-10 00:00,Freshwater,15,314.856188
2023-06-10 00:00,Freshwater,30,232.665614
2023-06-10 00:00,Freshwater,50,709.75356
2023-06-10 00:05,Control,5,597.3149667
2023-06-10 00:05,Control,15,773.19104
2023-06-10 00:05,Control,30,770.1118733
2023-06-10 00:05,Control,50,793.6505333
2023-06-10 00:05,Saltwater,5,474.183862
2023-06-10 00:05,Saltwater,15,424.4568933
2023-06-10 00:05,Saltwater,30,613.21144
2023-06-10 00:05,Saltwater,50,650.50882
2023-06-10 00:05,Freshwater,5,510.32432
2023-06-10 00:05,Freshwater,15,314.992616
2023-06-10 00:05,Freshwater,30,232.427788
2023-06-10 00:05,Freshwater,50,709.78986
2023-06-10 00:10,Control,5,597.2853667
2023-06-10 00:10,Control,15,773.23186
2023-06-10 00:10,Control,30,770.0843333
2023-06-10 00:10,Control,50,793.7856083
2023-06-10 00:10,Saltwater,5,474.183874
2023-06-10 00:10,Saltwater,15,424.4521467
2023-06-10 00:10,Saltwater,30,613.1432
2023-06-10 00:10,Saltwater,50,650.4406
2023-06-10 00:10,Freshwater,5,510.59644
2023-06-10 00:10,Freshwater,15,314.924696
2023-06-10 00:10,Freshwater,30,233.073612
2023-06-10 00:10,Freshwater,50,709.7562
2023-06-10 00:15,Control,5,597.1129867
2023-06-10 00:15,Control,15,773.26386
2023-06-10 00:15,Control,30,770.1504733
2023-06-10 00:15,Control,50,793.6551083
2023-06-10 00:15,Saltwater,5,474.320362
2023-06-10 00:15,Saltwater,15,424.2767
2023-06-10 00:15,Saltwater,30,613.1432
2023-06-10 00:15,Saltwater,50,650.47472
2023-06-10 00:15,Freshwater,5,510.6272
2023-06-10 00:15,Freshwater,15,315.059564
2023-06-10 00:15,Freshwater,30,233.24336
2023-06-10 00:15,Freshwater,50,709.00298
2023-06-10 00:20,Control,5,597.4908667
2023-06-10 00:20,Control,15,773.30088
2023-06-10 00:20,Control,30,770.1533133
2023-06-10 00:20,Control,50,793.7008083
2023-06-10 00:20,Saltwater,5,474.3251447
2023-06-10 00:20,Saltwater,15,424.27672
2023-06-10 00:20,Saltwater,30,613.10908
2023-06-10 00:20,Saltwater,50,650.40646
2023-06-10 00:20,Freshwater,5,510.63004
2023-06-10 00:20,Freshwater,15,315.298434
2023-06-10 00:20,Freshwater,30,233.345524
2023-06-10 00:20,Freshwater,50,709.4496
2023-06-10 00:25,Control,5,597.3819867
2023-06-10 00:25,Control,15,773.32582
2023-06-10 00:25,Control,30,770.2124533
2023-06-10 00:25,Control,50,793.6912333
2023-06-10 00:25,Saltwater,5,474.2958193
2023-06-10 00:25,Saltwater,15,424.20846
2023-06-10 00:25,Saltwater,30,613.04084
2023-06-10 00:25,Saltwater,50,650.37234
2023-06-10 00:25,Freshwater,5,510.69844
2023-06-10 00:25,Freshwater,15,314.720746
2023-06-10 00:25,Freshwater,30,233.719426
2023-06-10 00:25,Freshwater,50,709.6202
2023-06-10 00:30,Control,5,597.2851867
2023-06-10 00:30,Control,15,773.29998
2023-06-10 00:30,Control,30,770.1865733
2023-06-10 00:30,Control,50,793.6998583
2023-06-10 00:30,Saltwater,5,474.402962
2023-06-10 00:30,Saltwater,15,424.1061
2023-06-10 00:30,Saltwater,30,613.10908
2023-06-10 00:30,Saltwater,50,650.30406
2023-06-10 00:30,Freshwater,5,510.56246
2023-06-10 00:30,Freshwater,15,315.230608
2023-06-10 00:30,Freshwater,30,233.821406
2023-06-10 00:30,Freshwater,50,709.3143
2023-06-10 00:35,Control,5,596.8838444
2023-06-10 00:35,Control,15,773.40364
2023-06-10 00:35,Control,30,770.2560533
2023-06-10 00:35,Control,50,793.7010333
2023-06-10 00:35,Saltwater,5,474.3736287
2023-06-10 00:35,Saltwater,15,424.1012933
2023-06-10 00:35,Saltwater,30,612.9726
2023-06-10 00:35,Saltwater,50,650.26996
2023-06-10 00:35,Freshwater,5,510.66446
2023-06-10 00:35,Freshwater,15,315.230618
2023-06-10 00:35,Freshwater,30,233.277568
2023-06-10 00:35,Freshwater,50,709.2803
2023-06-10 00:40,Control,5,597.0285622
2023-06-10 00:40,Control,15,773.47206
2023-06-10 00:40,Control,30,770.3245333
2023-06-10 00:40,Control,50,793.7438833
2023-06-10 00:40,Saltwater,5,474.3442873
2023-06-10 00:40,Saltwater,15,423.9258867
2023-06-10 00:40,Saltwater,30,612.9726
2023-06-10 00:40,Saltwater,50,650.2017
2023-06-10 00:40,Freshwater,5,510.90238
2023-06-10 00:40,Freshwater,15,315.128638
2023-06-10 00:40,Freshwater,30,234.399258
2023-06-10 00:40,Freshwater,50,709.17832
2023-06-10 00:45,Control,5,596.73424
2023-06-10 00:45,Control,15,773.58232
2023-06-10 00:45,Control,30,770.3321733
2023-06-10 00:45,Control,50,793.8799583
2023-06-10 00:45,Saltwater,5,474.519694
2023-06-10 00:45,Saltwater,15,423.9211
2023-06-10 00:45,Saltwater,30,612.9726
2023-06-10 00:45,Saltwater,50,650.13346
2023-06-10 00:45,Freshwater,5,510.48404
2023-06-10 00:45,Freshwater,15,315.261
2023-06-10 00:45,Freshwater,30,234.50045
2023-06-10 00:45,Freshwater,50,708.95702
2023-06-10 00:50,Control,5,596.39454
2023-06-10 00:50,Control,15,773.51698
2023-06-10 00:50,Control,30,770.4376933
2023-06-10 00:50,Control,50,793.7976583
2023-06-10 00:50,Saltwater,5,474.5292793
2023-06-10 00:50,Saltwater,15,423.95522
2023-06-10 00:50,Saltwater,30,612.93848
2023-06-10 00:50,Saltwater,50,650.0652
2023-06-10 00:50,Freshwater,5,510.6272
2023-06-10 00:50,Freshwater,15,315.365462
2023-06-10 00:50,Freshwater,30,234.6321533
2023-06-10 00:50,Freshwater,50,709.1341733
2023-06-10 00:55,Control,5,596.06768
2023-06-10 00:55,Control,15,773.67546
2023-06-10 00:55,Control,30,770.4593733
2023-06-10 00:55,Control,50,793.8629583
2023-06-10 00:55,Saltwater,5,474.7435887
2023-06-10 00:55,Saltwater,15,423.7505
2023-06-10 00:55,Saltwater,30,612.9726
2023-06-10 00:55,Saltwater,50,650.06522
2023-06-10 00:55,Freshwater,5,510.76608
2023-06-10 00:55,Freshwater,15,314.95859
2023-06-10 00:55,Freshwater,30,234.9335027
2023-06-10 00:55,Freshwater,50,708.6583867
2023-06-10 01:00,Control,5,595.89628
2023-06-10 01:00,Control,15,773.64054
2023-06-10 01:00,Control,30,770.5611333
2023-06-10 01:00,Control,50,793.7767333
2023-06-10 01:00,Saltwater,5,474.616662
2023-06-10 01:00,Saltwater,15,423.78462
2023-06-10 01:00,Saltwater,30,612.90434
2023-06-10 01:00,Saltwater,50,649.92872
2023-06-10 01:00,Freshwater,5,510.79646
2023-06-10 01:00,Freshwater,15,314.99131
2023-06-10 01:00,Freshwater,30,235.132384
2023-06-10 01:00,Freshwater,50,708.78356
2023-06-10 01:05,Control,5,595.45576
2023-06-10 01:05,Control,15,773.71446
2023-06-10 01:05,Control,30,770.5324933
2023-06-10 01:05,Control,50,793.9961083
2023-06-10 01:05,Saltwater,5,474.582562
2023-06-10 01:05,Saltwater,15,423.64812
2023-06-10 01:05,Saltwater,30,612.80196
2023-06-10 01:05,Saltwater,50,649.92872
2023-06-10 01:05,Freshwater,5,510.8333667
2023-06-10 01:05,Freshwater,15,315.534512
2023-06-10 01:05,Freshwater,30,235.132228
2023-06-10 01:05,Freshwater,50,708.91638
2023-06-10 01:10,Control,5,595.15284
2023-06-10 01:10,Control,15,773.75558
2023-06-10 01:10,Control,30,770.5393733
2023-06-10 01:10,Control,50,793.9178333
2023-06-10 01:10,Saltwater,5,474.68491
2023-06-10 01:10,Saltwater,15,423.64812
2023-06-10 01:10,Saltwater,30,612.83608
2023-06-10 01:10,Saltwater,50,649.8946
2023-06-10 01:10,Freshwater,5,510.8303533
2023-06-10 01:10,Freshwater,15,315.565808
2023-06-10 01:10,Freshwater,30,235.709458
2023-06-10 01:10,Freshwater,50,708.80148
2023-06-10 01:15,Control,5,595.02434
2023-06-10 01:15,Control,15,773.93848
2023-06-10 01:15,Control,30,770.6196733
2023-06-10 01:15,Control,50,793.9730083
2023-06-10 01:15,Saltwater,5,474.78729
2023-06-10 01:15,Saltwater,15,423.44338
2023-06-10 01:15,Saltwater,30,612.73372
2023-06-10 01:15,Saltwater,50,649.79222
2023-06-10 01:15,Freshwater,5,510.2338
2023-06-10 01:15,Freshwater,15,315.569436
2023-06-10 01:15,Freshwater,30,235.84624
2023-06-10 01:15,Freshwater,50,708.7849
2023-06-10 01:20,Control,5,594.98882
2023-06-10 01:20,Control,15,773.834
2023-06-10 01:20,Control,30,770.7544733
2023-06-10 01:20,Control,50,793.9709833
2023-06-10 01:20,Saltwater,5,474.855538
2023-06-10 01:20,Saltwater,15,423.37512
2023-06-10 01:20,Saltwater,30,612.63134
2023-06-10 01:20,Saltwater,50,649.7581
2023-06-10 01:20,Freshwater,5,510.2010267
2023-06-10 01:20,Freshwater,15,315.73815
2023-06-10 01:20,Freshwater,30,235.777974
2023-06-10 01:20,Freshwater,50,708.37106
2023-06-10 01:25,Control,5,594.68822
2023-06-10 01:25,Control,15,773.87844
2023-06-10 01:25,Control,30,770.7304933
2023-06-10 01:25,Control,50,793.9816083
2023-06-10 01:25,Saltwater,5,475.026162
2023-06-10 01:25,Saltwater,15,423.37512
2023-06-10 01:25,Saltwater,30,612.73372
2023-06-10 01:25,Saltwater,50,649.7581
2023-06-10 01:25,Freshwater,5,510.5833533
2023-06-10 01:25,Freshwater,15,315.63744
2023-06-10 01:25,Freshwater,30,236.322088
2023-06-10 01:25,Freshwater,50,708.37716
2023-06-10 01:30,Control,5,594.57586
2023-06-10 01:30,Control,15,773.93236
2023-06-10 01:30,Control,30,770.6477933
2023-06-10 01:30,Control,50,793.9239583
2023-06-10 01:30,Saltwater,5,475.128534
2023-06-10 01:30,Saltwater,15,423.34102
2023-06-10 01:30,Saltwater,30,612.66548
2023-06-10 01:30,Saltwater,50,649.79222
2023-06-10 01:30,Freshwater,5,510.55282
2023-06-10 01:30,Freshwater,15,315.500988
2023-06-10 01:30,Freshwater,30,236.593932
2023-06-10 01:30,Freshwater,50,707.86506
2023-06-10 01:35,Control,5,594.2979578
2023-06-10 01:35,Control,15,773.93014
2023-06-10 01:35,Control,30,770.7137133
2023-06-10 01:35,Control,50,793.9570083
2023-06-10 01:35,Saltwater,5,475.060294
2023-06-10 01:35,Saltwater,15,423.37514
2023-06-10 01:35,Saltwater,30,612.6996
2023-06-10 01:35,Saltwater,50,649.7581
2023-06-10 01:35,Freshwater,5,510.58994
2023-06-10 01:35,Freshwater,15,315.808006
2023-06-10 01:35,Freshwater,30,236.764098
2023-06-10 01:35,Freshwater,50,708.58406
2023-06-10 01:40,Control,5,593.8655556
2023-06-10 01:40,Control,15,774.10694
2023-06-10 01:40,Control,30,770.8904933
2023-06-10 01:40,Control,50,793.9631083
2023-06-10 01:40,Saltwater,5,475.128542
2023-06-10 01:40,Saltwater,15,423.2045
2023-06-10 01:40,Saltwater,30,612.5631
2023-06-10 01:40,Saltwater,50,649.72396
2023-06-10 01:40,Freshwater,5,510.69302
2023-06-10 01:40,Freshwater,15,315.842396
2023-06-10 01:40,Freshwater,30,237.03614
2023-06-10 01:40,Freshwater,50,708.44996
2023-06-10 01:45,Control,5,593.8733133
2023-06-10 01:45,Control,15,774.10658
2023-06-10 01:45,Control,30,770.7875733
2023-06-10 01:45,Control,50,793.9627833
2023-06-10 01:45,Saltwater,5,475.12855
2023-06-10 01:45,Saltwater,15,423.13626
2023-06-10 01:45,Saltwater,30,612.4266
2023-06-10 01:45,Saltwater,50,649.72396
2023-06-10 01:45,Freshwater,5,510.55554
2023-06-10 01:45,Freshwater,15,315.637914
2023-06-10 01:45,Freshwater,30,237.273956
2023-06-10 01:45,Freshwater,50,708.44746
2023-06-10 01:50,Control,5,594.2860511
2023-06-10 01:50,Control,15,774.1328
2023-06-10 01:50,Control,30,770.9505533
2023-06-10 01:50,Control,50,794.0399583
2023-06-10 01:50,Saltwater,5,475.3380647
2023-06-10 01:50,Saltwater,15,422.99976
2023-06-10 01:50,Saltwater,30,612.32422
2023-06-10 01:50,Saltwater,50,649.7581
2023-06-10 01:50,Freshwater,5,510.5601867
2023-06-10 01:50,Freshwater,15,316.113732
2023-06-10 01:50,Freshwater,30,236.6668847
2023-06-10 01:50,Freshwater,50,708.2820467
2023-06-10 01:55,Control,5,594.4716889
2023-06-10 01:55,Control,15,774.1428
2023-06-10 01:55,Control,30,770.9263333
2023-06-10 01:55,Control,50,794.0075583
2023-06-10 01:55,Saltwater,5,475.1722433
2023-06-10 01:55,Saltwater,15,422.99978
2023-06-10 01:55,Saltwater,30,612.35834
2023-06-10 01:55,Saltwater,50,649.7581
2023-06-10 01:55,Freshwater,5,510.8015533
2023-06-10 01:55,Freshwater,15,316.079268
2023-06-10 01:55,Freshwater,30,237.3513753
2023-06-10 01:55,Freshwater,50,708.2845533
2023-06-10 02:00,Control,5,594.6822267
2023-06-10 02:00,Control,15,774.2074
2023-06-10 02:00,Control,30,770.9567933
2023-06-10 02:00,Control,50,794.0891833
2023-06-10 02:00,Saltwater,5,475.415874
2023-06-10 02:00,Saltwater,15,422.99978
2023-06-10 02:00,Saltwater,30,612.25598
2023-06-10 02:00,Saltwater,50,649.6216
2023-06-10 02:00,Freshwater,5,510.70636
2023-06-10 02:00,Freshwater,15,316.113984
2023-06-10 02:00,Freshwater,30,238.03612
2023-06-10 02:00,Freshwater,50,707.98676
2023-06-10 02:05,Control,5,594.7223867
2023-06-10 02:05,Control,15,774.31874
2023-06-10 02:05,Control,30,770.9996933
2023-06-10 02:05,Control,50,794.0555333
2023-06-10 02:05,Saltwater,5,475.3913233
2023-06-10 02:05,Saltwater,15,422.89742
2023-06-10 02:05,Saltwater,30,612.25596
2023-06-10 02:05,Saltwater,50,649.65572
2023-06-10 02:05,Freshwater,5,510.4073933
2023-06-10 02:05,Freshwater,15,316.28301
2023-06-10 02:05,Freshwater,30,238.137882
2023-06-10 02:05,Freshwater,50,708.3563
2023-06-10 02:10,Control,5,594.9586067
2023-06-10 02:10,Control,15,774.3484
2023-06-10 02:10,Control,30,770.9951933
2023-06-10 02:10,Control,50,794.0936083
2023-06-10 02:10,Saltwater,5,475.4009167
2023-06-10 02:10,Saltwater,15,422.93154
2023-06-10 02:10,Saltwater,30,612.18772
2023-06-10 02:10,Saltwater,50,649.68986
2023-06-10 02:10,Freshwater,5,510.5538667
2023-06-10 02:10,Freshwater,15,316.419282
2023-06-10 02:10,Freshwater,30,238.273898
2023-06-10 02:10,Freshwater,50,708.08592
2023-06-10 02:15,Control,5,595.2013467
2023-06-10 02:15,Control,15,774.35346
2023-06-10 02:15,Control,30,771.0685933
2023-06-10 02:15,Control,50,794.0988083
2023-06-10 02:15,Saltwater,5,475.717594
2023-06-10 02:15,Saltwater,15,422.8633
2023-06-10 02:15,Saltwater,30,612.11948
2023-06-10 02:15,Saltwater,50,649.75812
2023-06-10 02:15,Freshwater,5,510.566
2023-06-10 02:15,Freshwater,15,315.570442
2023-06-10 02:15,Freshwater,30,238.648026
2023-06-10 02:15,Freshwater,50,707.54636
2023-06-10 02:20,Control,5,595.3123044
2023-06-10 02:20,Control,15,774.38832
2023-06-10 02:20,Control,30,771.0692533
2023-06-10 02:20,Control,50,794.0994833
2023-06-10 02:20,Saltwater,5,476.1659927
2023-06-10 02:20,Saltwater,15,422.79504
2023-06-10 02:20,Saltwater,30,612.08534
2023-06-10 02:20,Saltwater,50,649.6557
2023-06-10 02:20,Freshwater,5,510.5030867
2023-06-10 02:20,Freshwater,15,316.216344
2023-06-10 02:20,Freshwater,30,238.817994
2023-06-10 02:20,Freshwater,50,707.81874
2023-06-10 02:25,Control,5,595.3503222
2023-06-10 02:25,Control,15,774.4506
2023-06-10 02:25,Control,30,770.9948933
2023-06-10 02:25,Control,50,794.0504833
2023-06-10 02:25,Saltwater,5,476.2049113
2023-06-10 02:25,Saltwater,15,422.7268
2023-06-10 02:25,Saltwater,30,611.91476
2023-06-10 02:25,Saltwater,50,649.6216
2023-06-10 02:25,Freshwater,5,510.6438333
2023-06-10 02:25,Freshwater,15,316.352292
2023-06-10 02:25,Freshwater,30,238.784004
2023-06-10 02:25,Freshwater,50,709.17834
2023-06-10 02:30,Control,5,595.49864
2023-06-10 02:30,Control,15,774.45588
2023-06-10 02:30,Control,30,771.0684533
2023-06-10 02:30,Control,50,794.0559833
2023-06-10 02:30,Saltwater,5,476.414414
2023-06-10 02:30,Saltwater,15,422.65854
2023-06-10 02:30,Saltwater,30,611.91472
2023-06-10 02:30,Saltwater,50,649.62158
2023-06-10 02:30,Freshwater,5,510.47702
2023-06-10 02:30,Freshwater,15,316.385728
2023-06-10 02:30,Freshwater,30,239.36171
2023-06-10 02:30,Freshwater,50,707.68002
2023-06-10 02:35,Control,5,595.6780578
2023-06-10 02:35,Control,15,774.5934
2023-06-10 02:35,Control,30,771.1376133
2023-06-10 02:35,Control,50,794.0995083
2023-06-10 02:35,Saltwater,5,476.414434
2023-06-10 02:35,Saltwater,15,422.5950667
2023-06-10 02:35,Saltwater,30,611.74414
2023-06-10 02:35,Saltwater,50,649.51922
2023-06-10 02:35,Freshwater,5,510.1709
2023-06-10 02:35,Freshwater,15,316.35166
2023-06-10 02:35,Freshwater,30,239.599634
2023-06-10 02:35,Freshwater,50,707.74766
2023-06-10 02:40,Control,5,595.7202156
2023-06-10 02:40,Control,15,774.55922
2023-06-10 02:40,Control,30,771.2059733
2023-06-10 02:40,Control,50,794.1849583
2023-06-10 02:40,Saltwater,5,476.414434
2023-06-10 02:40,Saltwater,15,422.5657133
2023-06-10 02:40,Saltwater,30,611.60764
2023-06-10 02:40,Saltwater,50,649.58748
2023-06-10 02:40,Freshwater,5,510.34048
2023-06-10 02:40,Freshwater,15,316.487482
2023-06-10 02:40,Freshwater,30,239.42964
2023-06-10 02:40,Freshwater,50,707.67906
2023-06-10 02:45,Control,5,596.1042133
2023-06-10 02:45,Control,15,774.52504
2023-06-10 02:45,Control,30,771.2401533
2023-06-10 02:45,Control,50,794.2276833
2023-06-10 02:45,Saltwater,5,476.687426
2023-06-10 02:45,Saltwater,15,422.5364
2023-06-10 02:45,Saltwater,30,611.4029
2023-06-10 02:45,Saltwater,50,649.58748
2023-06-10 02:45,Freshwater,5,510.61442
2023-06-10 02:45,Freshwater,15,316.216252
2023-06-10 02:45,Freshwater,30,240.07565
2023-06-10 02:45,Freshwater,50,707.1045
2023-06-10 02:50,Control,5,596.3092933
2023-06-10 02:50,Control,15,774.62758
2023-06-10 02:50,Control,30,771.2401733
2023-06-10 02:50,Control,50,794.0994833
2023-06-10 02:50,Saltwater,5,476.2827327
2023-06-10 02:50,Saltwater,15,422.43402
2023-06-10 02:50,Saltwater,30,611.33464
2023-06-10 02:50,Saltwater,50,649.6216
2023-06-10 02:50,Freshwater,5,510.8233667
2023-06-10 02:50,Freshwater,15,316.488248
2023-06-10 02:50,Freshwater,30,240.347588
2023-06-10 02:50,Freshwater,50,706.79902
2023-06-10 02:55,Control,5,596.3776533
2023-06-10 02:55,Control,15,774.62758
2023-06-10 02:55,Control,30,771.3085333
2023-06-10 02:55,Control,50,794.1422083
2023-06-10 02:55,Saltwater,5,476.7993613
2023-06-10 02:55,Saltwater,15,422.46816
2023-06-10 02:55,Saltwater,30,611.30054
2023-06-10 02:55,Saltwater,50,649.55332
2023-06-10 02:55,Freshwater,5,510.5562333
2023-06-10 02:55,Freshwater,15,316.760176
2023-06-10 02:55,Freshwater,30,240.483548
2023-06-10 02:55,Freshwater,50,707.58078
2023-06-10 03:00,Control,5,596.7878533
2023-06-10 03:00,Control,15,774.69594
2023-06-10 03:00,Control,30,771.3085333
2023-06-10 03:00,Control,50,794.1849333
2023-06-10 03:00,Saltwater,5,476.531178
2023-06-10 03:00,Saltwater,15,422.33166
2023-06-10 03:00,Saltwater,30,611.06164
2023-06-10 03:00,Saltwater,50,649.45098
2023-06-10 03:00,Freshwater,5,510.595
2023-06-10 03:00,Freshwater,15,316.454258
2023-06-10 03:00,Freshwater,30,240.823458
2023-06-10 03:00,Freshwater,50,707.44484
2023-06-10 03:05,Control,5,596.5485933
2023-06-10 03:05,Control,15,774.69594
2023-06-10 03:05,Control,30,771.3689156
2023-06-10 03:05,Control,50,794.2624056
2023-06-10 03:05,Saltwater,5,476.6042007
2023-06-10 03:05,Saltwater,15,422.3071133
2023-06-10 03:05,Saltwater,30,611.02752
2023-06-10 03:05,Saltwater,50,649.45096
2023-06-10 03:05,Freshwater,5,510.527
2023-06-10 03:05,Freshwater,15,316.59023
2023-06-10 03:05,Freshwater,30,241.06138
2023-06-10 03:05,Freshwater,50,707.30886
2023-06-10 03:10,Control,5,595.4889333
2023-06-10 03:10,Control,15,774.73012
2023-06-10 03:10,Control,30,771.3609378
2023-06-10 03:10,Control,50,794.2117028
2023-06-10 03:10,Saltwater,5,476.5065913
2023-06-10 03:10,Saltwater,15,422.4190667
2023-06-10 03:10,Saltwater,30,610.95928
2023-06-10 03:10,Saltwater,50,649.38272
2023-06-10 03:10,Freshwater,5,510.595
2023-06-10 03:10,Freshwater,15,316.86214
2023-06-10 03:10,Freshwater,30,240.51754
2023-06-10 03:10,Freshwater,50,707.1389
2023-06-10 03:15,Control,5,595.0787333
2023-06-10 03:15,Control,15,774.7643
2023-06-10 03:15,Control,30,771.35296
2023-06-10 03:15,Control,50,794.246475
2023-06-10 03:15,Saltwater,5,476.57965
2023-06-10 03:15,Saltwater,15,422.32624
2023-06-10 03:15,Saltwater,30,611.02752
2023-06-10 03:15,Saltwater,50,649.3486
2023-06-10 03:15,Freshwater,5,510.595
2023-06-10 03:15,Freshwater,15,316.93014
2023-06-10 03:15,Freshwater,30,241.333312
2023-06-10 03:15,Freshwater,50,707.2409
2023-06-10 03:20,Control,5,595.4627311
2023-06-10 03:20,Control,15,774.83266
2023-06-10 03:20,Control,30,771.42132
2023-06-10 03:20,Control,50,794.203725
2023-06-10 03:20,Saltwater,5,476.620934
2023-06-10 03:20,Saltwater,15,422.46274
2023-06-10 03:20,Saltwater,30,610.85692
2023-06-10 03:20,Saltwater,50,649.3486
2023-06-10 03:20,Freshwater,5,510.56102
2023-06-10 03:20,Freshwater,15,317.066082
2023-06-10 03:20,Freshwater,30,241.741212
2023-06-10 03:20,Freshwater,50,706.833
2023-06-10 03:25,Control,5,595.4707089
2023-06-10 03:25,Control,15,774.86684
2023-06-10 03:25,Control,30,771.42132
2023-06-10 03:25,Control,50,794.2892
2023-06-10 03:25,Saltwater,5,476.594022
2023-06-10 03:25,Saltwater,15,422.2239
2023-06-10 03:25,Saltwater,30,610.72042
2023-06-10 03:25,Saltwater,50,649.31448
2023-06-10 03:25,Freshwater,5,510.28908
2023-06-10 03:25,Freshwater,15,317.134062
2023-06-10 03:25,Freshwater,30,241.979124
2023-06-10 03:25,Freshwater,50,707.03692
2023-06-10 03:30,Control,5,595.8888667
2023-06-10 03:30,Control,15,774.9352
2023-06-10 03:30,Control,30,771.4555
2023-06-10 03:30,Control,50,794.20375
2023-06-10 03:30,Saltwater,5,476.70355
2023-06-10 03:30,Saltwater,15,422.12152
2023-06-10 03:30,Saltwater,30,610.7204
2023-06-10 03:30,Saltwater,50,649.3486
2023-06-10 03:30,Freshwater,5,510.93492
2023-06-10 03:30,Freshwater,15,317.439976
2023-06-10 03:30,Freshwater,30,242.455004
2023-06-10 03:30,Freshwater,50,707.1389
2023-06-10 03:35,Control,5,596.0597867
2023-06-10 03:35,Control,15,775.00356
2023-06-10 03:35,Control,30,771.48968
2023-06-10 03:35,Control,50,794.2892
2023-06-10 03:35,Saltwater,5,476.744858
2023-06-10 03:35,Saltwater,15,422.0580467
2023-06-10 03:35,Saltwater,30,610.68628
2023-06-10 03:35,Saltwater,50,649.28036
2023-06-10 03:35,Freshwater,5,511.49312
2023-06-10 03:35,Freshwater,15,316.9689247
2023-06-10 03:35,Freshwater,30,242.930856
2023-06-10 03:35,Freshwater,50,706.83298
2023-06-10 03:40,Control,5,596.1623067
2023-06-10 03:40,Control,15,775.00356
2023-06-10 03:40,Control,30,771.55804
2023-06-10 03:40,Control,50,794.331925
2023-06-10 03:40,Saltwater,5,476.854406
2023-06-10 03:40,Saltwater,15,421.9604533
2023-06-10 03:40,Saltwater,30,610.61804
2023-06-10 03:40,Saltwater,50,649.38272
2023-06-10 03:40,Freshwater,5,510.41978
2023-06-10 03:40,Freshwater,15,317.4155593
2023-06-10 03:40,Freshwater,30,242.828876
2023-06-10 03:40,Freshwater,50,707.03694
2023-06-10 03:45,Control,5,595.9572267
2023-06-10 03:45,Control,15,775.03776
2023-06-10 03:45,Control,30,771.6606
2023-06-10 03:45,Control,50,794.24645
2023-06-10 03:45,Saltwater,5,476.861578
2023-06-10 03:45,Saltwater,15,421.82872
2023-06-10 03:45,Saltwater,30,610.54978
2023-06-10 03:45,Saltwater,50,649.21212
2023-06-10 03:45,Freshwater,5,510.46812
2023-06-10 03:45,Freshwater,15,317.454336
2023-06-10 03:45,Freshwater,30,242.692916
2023-06-10 03:45,Freshwater,50,706.83298
2023-06-10 03:50,Control,5,595.7982733
2023-06-10 03:50,Control,15,775.14032
2023-06-10 03:50,Control,30,771.55806
2023-06-10 03:50,Control,50,794.246475
2023-06-10 03:50,Saltwater,5,476.895694
2023-06-10 03:50,Saltwater,15,421.7994067
2023-06-10 03:50,Saltwater,30,610.4474
2023-06-10 03:50,Saltwater,50,649.31448
2023-06-10 03:50,Freshwater,5,510.4389267
2023-06-10 03:50,Freshwater,15,317.522308
2023-06-10 03:50,Freshwater,30,243.304738
2023-06-10 03:50,Freshwater,50,706.73102
2023-06-10 03:55,Control,5,596.1179
2023-06-10 03:55,Control,15,775.10614
2023-06-10 03:55,Control,30,771.62642
2023-06-10 03:55,Control,50,794.2892
2023-06-10 03:55,Saltwater,5,476.929834
2023-06-10 03:55,Saltwater,15,421.7359533
2023-06-10 03:55,Saltwater,30,610.37916
2023-06-10 03:55,Saltwater,50,649.31448
2023-06-10 03:55,Freshwater,5,510.0358333
2023-06-10 03:55,Freshwater,15,317.488348
2023-06-10 03:55,Freshwater,30,243.508688
2023-06-10 03:55,Freshwater,50,706.76502
2023-06-10 04:00,Control,5,596.4033067
2023-06-10 04:00,Control,15,775.1745
2023-06-10 04:00,Control,30,771.59224
2023-06-10 04:00,Control,50,794.37465
2023-06-10 04:00,Saltwater,5,476.96395
2023-06-10 04:00,Saltwater,15,421.77488
2023-06-10 04:00,Saltwater,30,610.37918
2023-06-10 04:00,Saltwater,50,649.28036
2023-06-10 04:00,Freshwater,5,510.14258
2023-06-10 04:00,Freshwater,15,317.794258
2023-06-10 04:00,Freshwater,30,243.33872
2023-06-10 04:00,Freshwater,50,706.62906
2023-06-10 04:05,Control,5,596.6465756
2023-06-10 04:05,Control,15,775.24288
2023-06-10 04:05,Control,30,771.6606
2023-06-10 04:05,Control,50,794.37465
2023-06-10 04:05,Saltwater,5,476.9735213
2023-06-10 04:05,Saltwater,15,421.6725
2023-06-10 04:05,Saltwater,30,610.34504
2023-06-10 04:05,Saltwater,50,649.24624
2023-06-10 04:05,Freshwater,5,510.4485
2023-06-10 04:05,Freshwater,15,317.760262
2023-06-10 04:05,Freshwater,30,243.882608
2023-06-10 04:05,Freshwater,50,706.35714
2023-06-10 04:10,Control,5,596.7872844
2023-06-10 04:10,Control,15,775.27704
2023-06-10 04:10,Control,30,771.72896
2023-06-10 04:10,Control,50,794.331925
2023-06-10 04:10,Saltwater,5,477.0172347
2023-06-10 04:10,Saltwater,15,421.63838
2023-06-10 04:10,Saltwater,30,610.2768
2023-06-10 04:10,Saltwater,50,649.28036
2023-06-10 04:10,Freshwater,5,510.21056
2023-06-10 04:10,Freshwater,15,317.556324
2023-06-10 04:10,Freshwater,30,244.052538
2023-06-10 04:10,Freshwater,50,705.7453
2023-06-10 04:15,Control,5,597.0305733
2023-06-10 04:15,Control,15,775.3796
2023-06-10 04:15,Control,30,771.76314
2023-06-10 04:15,Control,50,794.417375
2023-06-10 04:15,Saltwater,5,477.026802
2023-06-10 04:15,Saltwater,15,421.50188
2023-06-10 04:15,Saltwater,30,610.20854
2023-06-10 04:15,Saltwater,50,649.28036
2023-06-10 04:15,Freshwater,5,510.17656
2023-06-10 04:15,Freshwater,15,317.998202
2023-06-10 04:15,Freshwater,30,244.2225
2023-06-10 04:15,Freshwater,50,706.39112
2023-06-10 04:20,Control,5,596.8596533
2023-06-10 04:20,Control,15,775.3915467
2023-06-10 04:20,Control,30,771.76314
2023-06-10 04:20,Control,50,794.37465
2023-06-10 04:20,Saltwater,5,476.8998753
2023-06-10 04:20,Saltwater,15,421.536
2023-06-10 04:20,Saltwater,30,610.14028
2023-06-10 04:20,Saltwater,50,649.07564
2023-06-10 04:20,Freshwater,5,510.1086
2023-06-10 04:20,Freshwater,15,318.066174
2023-06-10 04:20,Freshwater,30,244.59638
2023-06-10 04:20,Freshwater,50,706.28914
2023-06-10 04:25,Control,5,596.9963933
2023-06-10 04:25,Control,15,775.4035333
2023-06-10 04:25,Control,30,771.93404
2023-06-10 04:25,Control,50,794.37465
2023-06-10 04:25,Saltwater,5,477.1210607
2023-06-10 04:25,Saltwater,15,421.57554
2023-06-10 04:25,Saltwater,30,610.11648
2023-06-10 04:25,Saltwater,50,649.25758
2023-06-10 04:25,Freshwater,5,510.1426
2023-06-10 04:25,Freshwater,15,317.658316
2023-06-10 04:25,Freshwater,30,244.8683
2023-06-10 04:25,Freshwater,50,706.22116
2023-06-10 04:30,Control,5,597.1331333
2023-06-10 04:30,Control,15,775.55222
2023-06-10 04:30,Control,30,771.8657
2023-06-10 04:30,Control,50,794.4601
2023-06-10 04:30,Saltwater,5,477.227104
2023-06-10 04:30,Saltwater,15,421.57088
2023-06-10 04:30,Saltwater,30,610.10762
2023-06-10 04:30,Saltwater,50,649.14546
2023-06-10 04:30,Freshwater,5,509.90468
2023-06-10 04:30,Freshwater,15,318.134166
2023-06-10 04:30,Freshwater,30,245.038252
2023-06-10 04:30,Freshwater,50,706.05122
2023-06-10 04:35,Control,5,597.3199889
2023-06-10 04:35,Control,15,775.62058
2023-06-10 04:35,Control,30,771.93406
2023-06-10 04:35,Control,50,794.289175
2023-06-10 04:35,Saltwater,5,477.398426
2023-06-10 04:35,Saltwater,15,421.5373
2023-06-10 04:35,Saltwater,30,610.1428
2023-06-10 04:35,Saltwater,50,649.07838
2023-06-10 04:35,Freshwater,5,510.0794067
2023-06-10 04:35,Freshwater,15,318.066186
2023-06-10 04:35,Freshwater,30,244.528394
2023-06-10 04:35,Freshwater,50,706.1192
2023-06-10 04:40,Control,5,597.5410244
2023-06-10 04:40,Control,15,775.5864
2023-06-10 04:40,Control,30,771.86568
2023-06-10 04:40,Control,50,794.54555
2023-06-10 04:40,Saltwater,5,477.329708
2023-06-10 04:40,Saltwater,15,421.60522
2023-06-10 04:40,Saltwater,30,610.00562
2023-06-10 04:40,Saltwater,50,649.11174
2023-06-10 04:40,Freshwater,5,510.2881333
2023-06-10 04:40,Freshwater,15,318.066176
2023-06-10 04:40,Freshwater,30,245.310204
2023-06-10 04:40,Freshwater,50,706.56108
2023-06-10 04:45,Control,5,597.79624
2023-06-10 04:45,Control,15,775.58642
2023-06-10 04:45,Control,30,771.89986
2023-06-10 04:45,Control,50,794.502825
2023-06-10 04:45,Saltwater,5,477.502986
2023-06-10 04:45,Saltwater,15,421.70966
2023-06-10 04:45,Saltwater,30,610.00956
2023-06-10 04:45,Saltwater,50,649.11606
2023-06-10 04:45,Freshwater,5,510.15694
2023-06-10 04:45,Freshwater,15,318.168148
2023-06-10 04:45,Freshwater,30,245.854034
2023-06-10 04:45,Freshwater,50,705.60934
2023-06-10 04:50,Control,5,597.76206
2023-06-10 04:50,Control,15,775.72314
2023-06-10 04:50,Control,30,771.93404
2023-06-10 04:50,Control,50,794.545575
2023-06-10 04:50,Saltwater,5,477.5137793
2023-06-10 04:50,Saltwater,15,421.57414
2023-06-10 04:50,Saltwater,30,609.94316
2023-06-10 04:50,Saltwater,50,649.11812
2023-06-10 04:50,Freshwater,5,509.89938
2023-06-10 04:50,Freshwater,15,318.304118
2023-06-10 04:50,Freshwater,30,245.854036
2023-06-10 04:50,Freshwater,50,705.98322
2023-06-10 04:55,Control,5,597.62534
2023-06-10 04:55,Control,15,775.75732
2023-06-10 04:55,Control,30,772.0366
2023-06-10 04:55,Control,50,794.502825
2023-06-10 04:55,Saltwater,5,477.5290007
2023-06-10 04:55,Saltwater,15,421.68098
2023-06-10 04:55,Saltwater,30,609.95162
2023-06-10 04:55,Saltwater,50,649.05916
2023-06-10 04:55,Freshwater,5,510.21966
2023-06-10 04:55,Freshwater,15,318.270128
2023-06-10 04:55,Freshwater,30,246.227936
2023-06-10 04:55,Freshwater,50,705.20146
2023-06-10 05:00,Control,5,597.93298
2023-06-10 05:00,Control,15,775.75732
2023-06-10 05:00,Control,30,771.96822
2023-06-10 05:00,Control,50,794.54555
2023-06-10 05:00,Saltwater,5,477.677784
2023-06-10 05:00,Saltwater,15,421.61482
2023-06-10 05:00,Saltwater,30,609.85328
2023-06-10 05:00,Saltwater,50,649.02946
2023-06-10 05:00,Freshwater,5,510.336
2023-06-10 05:00,Freshwater,15,317.692292
2023-06-10 05:00,Freshwater,30,246.499856
2023-06-10 05:00,Freshwater,50,705.33742
2023-06-10 05:05,Control,5,595.4114778
2023-06-10 05:05,Control,15,775.82568
2023-06-10 05:05,Control,30,772.13914
2023-06-10 05:05,Control,50,794.631025
2023-06-10 05:05,Saltwater,5,477.6791107
2023-06-10 05:05,Saltwater,15,421.6121
2023-06-10 05:05,Saltwater,30,609.88226
2023-06-10 05:05,Saltwater,50,649.05792
2023-06-10 05:05,Freshwater,5,510.16604
2023-06-10 05:05,Freshwater,15,318.44006
2023-06-10 05:05,Freshwater,30,246.669818
2023-06-10 05:05,Freshwater,50,705.67732
2023-06-10 05:10,Control,5,595.8980356
2023-06-10 05:10,Control,15,775.92822
2023-06-10 05:10,Control,30,772.10496
2023-06-10 05:10,Control,50,794.588275
2023-06-10 05:10,Saltwater,5,477.7828013
2023-06-10 05:10,Saltwater,15,421.67762
2023-06-10 05:10,Saltwater,30,609.8088
2023-06-10 05:10,Saltwater,50,649.08632
2023-06-10 05:10,Freshwater,5,510.36998
2023-06-10 05:10,Freshwater,15,318.54203
2023-06-10 05:10,Freshwater,30,246.703808
2023-06-10 05:10,Freshwater,50,705.64332
2023-06-10 05:15,Control,5,596.5212733
2023-06-10 05:15,Control,15,775.9624
2023-06-10 05:15,Control,30,772.27592
2023-06-10 05:15,Control,50,794.631025
2023-06-10 05:15,Saltwater,5,477.787702
2023-06-10 05:15,Saltwater,15,421.5412
2023-06-10 05:15,Saltwater,30,609.7748
2023-06-10 05:15,Saltwater,50,648.98414
2023-06-10 05:15,Freshwater,5,510.03008
2023-06-10 05:15,Freshwater,15,318.576032
2023-06-10 05:15,Freshwater,30,247.179668
2023-06-10 05:15,Freshwater,50,705.4054
2023-06-10 05:20,Control,5,594.9226911
2023-06-10 05:20,Control,15,775.92822
2023-06-10 05:20,Control,30,772.20754
2023-06-10 05:20,Control,50,794.67375
2023-06-10 05:20,Saltwater,5,477.9696933
2023-06-10 05:20,Saltwater,15,421.64498
2023-06-10 05:20,Saltwater,30,609.7823267
2023-06-10 05:20,Saltwater,50,649.0260467
2023-06-10 05:20,Freshwater,5,509.8941
2023-06-10 05:20,Freshwater,15,318.5468287
2023-06-10 05:20,Freshwater,30,247.383628
2023-06-10 05:20,Freshwater,50,705.54134
2023-06-10 05:25,Control,5,593.8710289
2023-06-10 05:25,Control,15,776.06494
2023-06-10 05:25,Control,30,772.20752
2023-06-10 05:25,Control,50,794.716475
2023-06-10 05:25,Saltwater,5,478.0484047
2023-06-10 05:25,Saltwater,15,421.57748
2023-06-10 05:25,Saltwater,30,609.7201933
2023-06-10 05:25,Saltwater,50,648.9639933
2023-06-10 05:25,Freshwater,5,509.9281
2023-06-10 05:25,Freshwater,15,318.7215773
2023-06-10 05:25,Freshwater,30,247.315632
2023-06-10 05:25,Freshwater,50,705.33742
2023-06-10 05:30,Control,5,593.9473667
2023-06-10 05:30,Control,15,776.1333
2023-06-10 05:30,Control,30,772.31008
2023-06-10 05:30,Control,50,794.67375
2023-06-10 05:30,Saltwater,5,478.024038
2023-06-10 05:30,Saltwater,15,421.67996
2023-06-10 05:30,Saltwater,30,609.75938
2023-06-10 05:30,Saltwater,50,648.9691
2023-06-10 05:30,Freshwater,5,510.33598
2023-06-10 05:30,Freshwater,15,318.726364
2023-06-10 05:30,Freshwater,30,248.029442
2023-06-10 05:30,Freshwater,50,705.13348
2023-06-10 05:35,Control,5,594.0840867
2023-06-10 05:35,Control,15,776.09912
2023-06-10 05:35,Control,30,772.24168
2023-06-10 05:35,Control,50,794.631025
2023-06-10 05:35,Saltwater,5,477.8915807
2023-06-10 05:35,Saltwater,15,421.6841867
2023-06-10 05:35,Saltwater,30,609.68998
2023-06-10 05:35,Saltwater,50,648.96788
2023-06-10 05:35,Freshwater,5,510.2388067
2023-06-10 05:35,Freshwater,15,318.488426
2023-06-10 05:35,Freshwater,30,248.165412
2023-06-10 05:35,Freshwater,50,704.45368
2023-06-10 05:40,Control,5,594.2891867
2023-06-10 05:40,Control,15,776.16748
2023-06-10 05:40,Control,30,772.34426
2023-06-10 05:40,Control,50,794.67375
2023-06-10 05:40,Saltwater,5,478.1742193
2023-06-10 05:40,Saltwater,15,421.7610333
2023-06-10 05:40,Saltwater,30,609.66312
2023-06-10 05:40,Saltwater,50,648.87342
2023-06-10 05:40,Freshwater,5,510.1076133
2023-06-10 05:40,Freshwater,15,318.964286
2023-06-10 05:40,Freshwater,30,248.267372
2023-06-10 05:40,Freshwater,50,705.0315
2023-06-10 05:45,Control,5,594.7335267
2023-06-10 05:45,Control,15,776.27006
2023-06-10 05:45,Control,30,772.34426
2023-06-10 05:45,Control,50,794.801975
2023-06-10 05:45,Saltwater,5,478.185722
2023-06-10 05:45,Saltwater,15,421.80524
2023-06-10 05:45,Saltwater,30,609.63902
2023-06-10 05:45,Saltwater,50,648.81618
2023-06-10 05:45,Freshwater,5,510.1124
2023-06-10 05:45,Freshwater,15,318.964296
2023-06-10 05:45,Freshwater,30,248.675252
2023-06-10 05:45,Freshwater,50,705.0315
2023-06-10 05:50,Control,5,594.9044667
2023-06-10 05:50,Control,15,776.2478467
2023-06-10 05:50,Control,30,772.41262
2023-06-10 05:50,Control,50,794.887425
2023-06-10 05:50,Saltwater,5,478.2919273
2023-06-10 05:50,Saltwater,15,421.73244
2023-06-10 05:50,Saltwater,30,609.63044
2023-06-10 05:50,Saltwater,50,648.87504
2023-06-10 05:50,Freshwater,5,510.05878
2023-06-10 05:50,Freshwater,15,318.6679513
2023-06-10 05:50,Freshwater,30,248.947174
2023-06-10 05:50,Freshwater,50,704.79358
2023-06-10 05:55,Control,5,595.4172067
2023-06-10 05:55,Control,15,776.2939733
2023-06-10 05:55,Control,30,772.51518
2023-06-10 05:55,Control,50,794.801975
2023-06-10 05:55,Saltwater,5,478.3474267
2023-06-10 05:55,Saltwater,15,421.84412
2023-06-10 05:55,Saltwater,30,609.5457
2023-06-10 05:55,Saltwater,50,648.86026
2023-06-10 05:55,Freshwater,5,509.80122
2023-06-10 05:55,Freshwater,15,319.1533847
2023-06-10 05:55,Freshwater,30,249.049164
2023-06-10 05:55,Freshwater,50,704.82756
2023-06-10 06:00,Control,5,595.6564867
2023-06-10 06:00,Control,15,776.37432
2023-06-10 06:00,Control,30,772.58354
2023-06-10 06:00,Control,50,794.80195
2023-06-10 06:00,Saltwater,5,478.397026
2023-06-10 06:00,Saltwater,15,421.84876
2023-06-10 06:00,Saltwater,30,609.58862
2023-06-10 06:00,Saltwater,50,648.86992
2023-06-10 06:00,Freshwater,5,510.0535
2023-06-10 06:00,Freshwater,15,319.29893
2023-06-10 06:00,Freshwater,30,248.811226
2023-06-10 06:00,Freshwater,50,704.86154
2023-06-10 06:05,Control,5,595.9117022
2023-06-10 06:05,Control,15,776.37432
2023-06-10 06:05,Control,30,772.54934
2023-06-10 06:05,Control,50,794.844675
2023-06-10 06:05,Saltwater,5,478.5540747
2023-06-10 06:05,Saltwater,15,421.7073933
2023-06-10 06:05,Saltwater,30,609.59534
2023-06-10 06:05,Saltwater,50,648.77156
2023-06-10 06:05,Freshwater,5,509.9563267
2023-06-10 06:05,Freshwater,15,319.162972
2023-06-10 06:05,Freshwater,30,249.796936
2023-06-10 06:05,Freshwater,50,704.6916
2023-06-10 06:10,Control,5,596.3036578
2023-06-10 06:10,Control,15,776.51104
2023-06-10 06:10,Control,30,772.58354
2023-06-10 06:10,Control,50,794.844675
2023-06-10 06:10,Saltwater,5,478.5216133
2023-06-10 06:10,Saltwater,15,421.7486467
2023-06-10 06:10,Saltwater,30,609.52242
2023-06-10 06:10,Saltwater,50,648.76644
2023-06-10 06:10,Freshwater,5,509.6891933
2023-06-10 06:10,Freshwater,15,319.400914
2023-06-10 06:10,Freshwater,30,250.034888
2023-06-10 06:10,Freshwater,50,704.41968
2023-06-10 06:15,Control,5,596.6614533
2023-06-10 06:15,Control,15,776.4085
2023-06-10 06:15,Control,30,772.58356
2023-06-10 06:15,Control,50,794.887425
2023-06-10 06:15,Saltwater,5,478.553546
2023-06-10 06:15,Saltwater,15,421.7527
2023-06-10 06:15,Saltwater,30,609.61438
2023-06-10 06:15,Saltwater,50,648.75502
2023-06-10 06:15,Freshwater,5,509.62602
2023-06-10 06:15,Freshwater,15,319.536864
2023-06-10 06:15,Freshwater,30,250.204828
2023-06-10 06:15,Freshwater,50,704.75958
2023-06-10 06:20,Control,5,596.8403311
2023-06-10 06:20,Control,15,776.51106
2023-06-10 06:20,Control,30,772.61772
2023-06-10 06:20,Control,50,794.887425
2023-06-10 06:20,Saltwater,5,478.6956707
2023-06-10 06:20,Saltwater,15,421.75334
2023-06-10 06:20,Saltwater,30,609.51326
2023-06-10 06:20,Saltwater,50,648.6881
2023-06-10 06:20,Freshwater,5,509.72796
2023-06-10 06:20,Freshwater,15,319.230944
2023-06-10 06:20,Freshwater,30,250.476758
2023-06-10 06:20,Freshwater,50,704.38568
2023-06-10 06:25,Control,5,597.2243089
2023-06-10 06:25,Control,15,776.64778
2023-06-10 06:25,Control,30,772.58354
2023-06-10 06:25,Control,50,794.93015
2023-06-10 06:25,Saltwater,5,478.8709433
2023-06-10 06:25,Saltwater,15,421.75326
2023-06-10 06:25,Saltwater,30,609.47894
2023-06-10 06:25,Saltwater,50,648.68792
2023-06-10 06:25,Freshwater,5,509.72798
2023-06-10 06:25,Freshwater,15,318.857058
2023-06-10 06:25,Freshwater,30,250.81664
2023-06-10 06:25,Freshwater,50,704.14776
2023-06-10 06:30,Control,5,597.4373667
2023-06-10 06:30,Control,15,776.71614
2023-06-10 06:30,Control,30,772.85698
2023-06-10 06:30,Control,50,794.972875
2023-06-10 06:30,Saltwater,5,478.64081
2023-06-10 06:30,Saltwater,15,421.75634
2023-06-10 06:30,Saltwater,30,609.51894
2023-06-10 06:30,Saltwater,50,648.76264
2023-06-10 06:30,Freshwater,5,509.59202
2023-06-10 06:30,Freshwater,15,319.876756
2023-06-10 06:30,Freshwater,30,251.02058
2023-06-10 06:30,Freshwater,50,704.38568
2023-06-10 06:35,Control,5,597.5479044
2023-06-10 06:35,Control,15,776.68198
2023-06-10 06:35,Control,30,772.78862
2023-06-10 06:35,Control,50,794.93015
2023-06-10 06:35,Saltwater,5,478.8560493
2023-06-10 06:35,Saltwater,15,421.72296
2023-06-10 06:35,Saltwater,30,609.38378
2023-06-10 06:35,Saltwater,50,648.52524
2023-06-10 06:35,Freshwater,5,509.9074933
2023-06-10 06:35,Freshwater,15,319.8475647
2023-06-10 06:35,Freshwater,30,251.0254067
2023-06-10 06:35,Freshwater,50,704.2884867
2023-06-10 06:40,Control,5,597.6584222
2023-06-10 06:40,Control,15,776.71614
2023-06-10 06:40,Control,30,772.85698
2023-06-10 06:40,Control,50,795.0156
2023-06-10 06:40,Saltwater,5,479.1305107
2023-06-10 06:40,Saltwater,15,421.78484
2023-06-10 06:40,Saltwater,30,609.50824
2023-06-10 06:40,Saltwater,50,648.58028
2023-06-10 06:40,Freshwater,5,509.4412267
2023-06-10 06:40,Freshwater,15,319.5804113
2023-06-10 06:40,Freshwater,30,251.4720533
2023-06-10 06:40,Freshwater,50,704.1913133
2023-06-10 06:45,Control,5,597.63222
2023-06-10 06:45,Control,15,776.71614
2023-06-10 06:45,Control,30,772.89116
2023-06-10 06:45,Control,50,795.05835
2023-06-10 06:45,Saltwater,5,479.002508
2023-06-10 06:45,Saltwater,15,421.71574
2023-06-10 06:45,Saltwater,30,609.43838
2023-06-10 06:45,Saltwater,50,648.54436
2023-06-10 06:45,Freshwater,5,509.48478
2023-06-10 06:45,Freshwater,15,319.925108
2023-06-10 06:45,Freshwater,30,251.714742
2023-06-10 06:45,Freshwater,50,704.73994
2023-06-10 06:50,Control,5,597.80316
2023-06-10 06:50,Control,15,776.7622867
2023-06-10 06:50,Control,30,772.78864
2023-06-10 06:50,Control,50,795.058325
2023-06-10 06:50,Saltwater,5,479.2166833
2023-06-10 06:50,Saltwater,15,421.71566
2023-06-10 06:50,Saltwater,30,609.40408
2023-06-10 06:50,Saltwater,50,648.61242
2023-06-10 06:50,Freshwater,5,509.3196067
2023-06-10 06:50,Freshwater,15,319.891108
2023-06-10 06:50,Freshwater,30,251.6127834
2023-06-10 06:50,Freshwater,50,703.99214
2023-06-10 06:55,Control,5,597.9057
2023-06-10 06:55,Control,15,776.7742733
2023-06-10 06:55,Control,30,772.857
2023-06-10 06:55,Control,50,795.10105
2023-06-10 06:55,Saltwater,5,479.0897707
2023-06-10 06:55,Saltwater,15,421.61328
2023-06-10 06:55,Saltwater,30,609.40408
2023-06-10 06:55,Saltwater,50,648.64654
2023-06-10 06:55,Freshwater,5,509.6303333
2023-06-10 06:55,Freshwater,15,319.891102
2023-06-10 06:55,Freshwater,30,252.2246034
2023-06-10 06:55,Freshwater,50,703.51628
2023-06-10 07:00,Control,5,597.86042
2023-06-10 07:00,Control,15,776.87256
2023-06-10 07:00,Control,30,772.94344
2023-06-10 07:00,Control,50,795.041575
2023-06-10 07:00,Saltwater,5,479.61121
2023-06-10 07:00,Saltwater,15,421.68152
2023-06-10 07:00,Saltwater,30,609.54056
2023-06-10 07:00,Saltwater,50,648.61242
2023-06-10 07:00,Freshwater,5,509.83904
2023-06-10 07:00,Freshwater,15,320.027086
2023-06-10 07:00,Freshwater,30,252.5985128
2023-06-10 07:00,Freshwater,50,703.4823
2023-06-10 07:05,Control,5,598.0113178
2023-06-10 07:05,Control,15,776.95
2023-06-10 07:05,Control,30,772.9183
2023-06-10 07:05,Control,50,795.179125
2023-06-10 07:05,Saltwater,5,479.5477647
2023-06-10 07:05,Saltwater,15,421.61328
2023-06-10 07:05,Saltwater,30,609.9842
2023-06-10 07:05,Saltwater,50,648.85128
2023-06-10 07:05,Freshwater,5,509.1688133
2023-06-10 07:05,Freshwater,15,319.619196
2023-06-10 07:05,Freshwater,30,252.2586138
2023-06-10 07:05,Freshwater,50,704.1961
2023-06-10 07:10,Control,5,597.9547356
2023-06-10 07:10,Control,15,777.00802
2023-06-10 07:10,Control,30,772.90828
2023-06-10 07:10,Control,50,795.133175
2023-06-10 07:10,Saltwater,5,479.2112913
2023-06-10 07:10,Saltwater,15,421.40854
2023-06-10 07:10,Saltwater,30,609.13106
2023-06-10 07:10,Saltwater,50,648.27114
2023-06-10 07:10,Freshwater,5,507.9886867
2023-06-10 07:10,Freshwater,15,318.905412
2023-06-10 07:10,Freshwater,30,251.6807642
2023-06-10 07:10,Freshwater,50,703.31232
2023-06-10 07:15,Control,5,598.0962933
2023-06-10 07:15,Control,15,777.00338
2023-06-10 07:15,Control,30,772.97204
2023-06-10 07:15,Control,50,795.04295
2023-06-10 07:15,Saltwater,5,479.181936
2023-06-10 07:15,Saltwater,15,421.40854
2023-06-10 07:15,Saltwater,30,609.33582
2023-06-10 07:15,Saltwater,50,648.4759
2023-06-10 07:15,Freshwater,5,508.67808
2023-06-10 07:15,Freshwater,15,319.245294
2023-06-10 07:15,Freshwater,30,252.2246262
2023-06-10 07:15,Freshwater,50,702.66654
2023-06-10 07:20,Control,5,598.2213511
2023-06-10 07:20,Control,15,777.07718
2023-06-10 07:20,Control,30,772.9435
2023-06-10 07:20,Control,50,795.09875
2023-06-10 07:20,Saltwater,5,479.2208647
2023-06-10 07:20,Saltwater,15,421.4863733
2023-06-10 07:20,Saltwater,30,609.33582
2023-06-10 07:20,Saltwater,50,648.4759
2023-06-10 07:20,Freshwater,5,508.33816
2023-06-10 07:20,Freshwater,15,319.3908293
2023-06-10 07:20,Freshwater,30,252.4965462
2023-06-10 07:20,Freshwater,50,703.4143
2023-06-10 07:25,Control,5,598.0858689
2023-06-10 07:25,Control,15,777.06732
2023-06-10 07:25,Control,30,773.03626
2023-06-10 07:25,Control,50,795.045875
2023-06-10 07:25,Saltwater,5,479.1232753
2023-06-10 07:25,Saltwater,15,421.4618067
2023-06-10 07:25,Saltwater,30,609.36994
2023-06-10 07:25,Saltwater,50,648.6124
2023-06-10 07:25,Freshwater,5,509.79722
2023-06-10 07:25,Freshwater,15,319.7393667
2023-06-10 07:25,Freshwater,30,252.530191
2023-06-10 07:25,Freshwater,50,702.93422
2023-06-10 07:30,Control,5,598.1955067
2023-06-10 07:30,Control,15,777.10024
2023-06-10 07:30,Control,30,773.06916
2023-06-10 07:30,Control,50,795.130025
2023-06-10 07:30,Saltwater,5,479.093942
2023-06-10 07:30,Saltwater,15,421.06188
2023-06-10 07:30,Saltwater,30,608.55098
2023-06-10 07:30,Saltwater,50,647.34982
2023-06-10 07:30,Freshwater,5,509.25562
2023-06-10 07:30,Freshwater,15,320.463574
2023-06-10 07:30,Freshwater,30,253.856109
2023-06-10 07:30,Freshwater,50,703.3798
2023-06-10 07:35,Control,5,598.1954467
2023-06-10 07:35,Control,15,777.13434
2023-06-10 07:35,Control,30,773.03488
2023-06-10 07:35,Control,50,795.1299
2023-06-10 07:35,Saltwater,5,479.176542
2023-06-10 07:35,Saltwater,15,421.5055
2023-06-10 07:35,Saltwater,30,609.3017
2023-06-10 07:35,Saltwater,50,648.44178
2023-06-10 07:35,Freshwater,5,508.9535067
2023-06-10 07:35,Freshwater,15,320.735134
2023-06-10 07:35,Freshwater,30,254.1279054
2023-06-10 07:35,Freshwater,50,703.4801
2023-06-10 07:40,Control,5,598.2296267
2023-06-10 07:40,Control,15,777.16852
2023-06-10 07:40,Control,30,773.20578
2023-06-10 07:40,Control,50,795.172625
2023-06-10 07:40,Saltwater,5,479.463894
2023-06-10 07:40,Saltwater,15,421.26664
2023-06-10 07:40,Saltwater,30,609.47232
2023-06-10 07:40,Saltwater,50,648.23704
2023-06-10 07:40,Freshwater,5,509.1554333
2023-06-10 07:40,Freshwater,15,320.562712
2023-06-10 07:40,Freshwater,30,254.228949
2023-06-10 07:40,Freshwater,50,703.36694
2023-06-10 07:45,Control,5,597.4408667
2023-06-10 07:45,Control,15,777.26706
2023-06-10 07:45,Control,30,773.20182
2023-06-10 07:45,Control,50,795.2112
2023-06-10 07:45,Saltwater,5,478.65928
2023-06-10 07:45,Saltwater,15,421.60784
2023-06-10 07:45,Saltwater,30,608.96048
2023-06-10 07:45,Saltwater,50,647.96406
2023-06-10 07:45,Freshwater,5,509.13018
2023-06-10 07:45,Freshwater,15,320.088276
2023-06-10 07:45,Freshwater,30,254.3994196
2023-06-10 07:45,Freshwater,50,703.03354
2023-06-10 07:50,Control,5,596.1570422
2023-06-10 07:50,Control,15,777.23132
2023-06-10 07:50,Control,30,773.23444
2023-06-10 07:50,Control,50,795.252325
2023-06-10 07:50,Saltwater,5,479.3124307
2023-06-10 07:50,Saltwater,15,420.8325933
2023-06-10 07:50,Saltwater,30,609.0287
2023-06-10 07:50,Saltwater,50,647.65696
2023-06-10 07:50,Freshwater,5,508.8980133
2023-06-10 07:50,Freshwater,15,320.834674
2023-06-10 07:50,Freshwater,30,254.4668876
2023-06-10 07:50,Freshwater,50,703.33318
2023-06-10 07:55,Control,5,596.2787378
2023-06-10 07:55,Control,15,777.27022
2023-06-10 07:55,Control,30,773.30748
2023-06-10 07:55,Control,50,795.1718
2023-06-10 07:55,Saltwater,5,478.3276373
2023-06-10 07:55,Saltwater,15,422.4459867
2023-06-10 07:55,Saltwater,30,609.06282
2023-06-10 07:55,Saltwater,50,648.20292
2023-06-10 07:55,Freshwater,5,509.0132467
2023-06-10 07:55,Freshwater,15,320.836012
2023-06-10 07:55,Freshwater,30,254.7393002
2023-06-10 07:55,Freshwater,50,703.20332
2023-06-10 08:00,Control,5,596.5668333
2023-06-10 08:00,Control,15,777.3025
2023-06-10 08:00,Control,30,773.40816
2023-06-10 08:00,Control,50,795.255275
2023-06-10 08:00,Saltwater,5,478.264182
2023-06-10 08:00,Saltwater,15,420.71524
2023-06-10 08:00,Saltwater,30,608.65334
2023-06-10 08:00,Saltwater,50,649.15838
2023-06-10 08:00,Freshwater,5,508.75474
2023-06-10 08:00,Freshwater,15,320.837452
2023-06-10 08:00,Freshwater,30,255.1477634
2023-06-10 08:00,Freshwater,50,703.00574
2023-06-10 08:05,Control,5,596.4999933
2023-06-10 08:05,Control,15,777.33898
2023-06-10 08:05,Control,30,773.4104
2023-06-10 08:05,Control,50,795.300325
2023-06-10 08:05,Saltwater,5,480.41396
2023-06-10 08:05,Saltwater,15,420.3787867
2023-06-10 08:05,Saltwater,30,608.75572
2023-06-10 08:05,Saltwater,50,647.55458
2023-06-10 08:05,Freshwater,5,508.3568533
2023-06-10 08:05,Freshwater,15,321.0463207
2023-06-10 08:05,Freshwater,30,254.9438626
2023-06-10 08:05,Freshwater,50,703.07442
2023-06-10 08:10,Control,5,596.4659933
2023-06-10 08:10,Control,15,777.3392
2023-06-10 08:10,Control,30,773.44482
2023-06-10 08:10,Control,50,795.300625
2023-06-10 08:10,Saltwater,5,477.786432
2023-06-10 08:10,Saltwater,15,421.4413933
2023-06-10 08:10,Saltwater,30,609.4382
2023-06-10 08:10,Saltwater,50,648.23704
2023-06-10 08:10,Freshwater,5,508.6715267
2023-06-10 08:10,Freshwater,15,321.0848093
2023-06-10 08:10,Freshwater,30,255.589566
2023-06-10 08:10,Freshwater,50,702.46122
2023-06-10 08:15,Control,5,596.5685333
2023-06-10 08:15,Control,15,777.40754
2023-06-10 08:15,Control,30,773.479
2023-06-10 08:15,Control,50,795.343325
2023-06-10 08:15,Saltwater,5,479.117256
2023-06-10 08:15,Saltwater,15,421.5827
2023-06-10 08:15,Saltwater,30,609.40408
2023-06-10 08:15,Saltwater,50,648.0664
2023-06-10 08:15,Freshwater,5,508.71582
2023-06-10 08:15,Freshwater,15,320.98791
2023-06-10 08:15,Freshwater,30,255.8276238
2023-06-10 08:15,Freshwater,50,702.22456
2023-06-10 08:20,Control,5,596.3649111
2023-06-10 08:20,Control,15,777.46626
2023-06-10 08:20,Control,30,773.4694
2023-06-10 08:20,Control,50,795.4188
2023-06-10 08:20,Saltwater,5,478.9514067
2023-06-10 08:20,Saltwater,15,421.27558
2023-06-10 08:20,Saltwater,30,609.3017
2023-06-10 08:20,Saltwater,50,648.37354
2023-06-10 08:20,Freshwater,5,508.7159
2023-06-10 08:20,Freshwater,15,321.225816
2023-06-10 08:20,Freshwater,30,255.963574
2023-06-10 08:20,Freshwater,50,702.83648
2023-06-10 08:25,Control,5,596.3720289
2023-06-10 08:25,Control,15,777.56754
2023-06-10 08:25,Control,30,773.57072
2023-06-10 08:25,Control,50,795.289375
2023-06-10 08:25,Saltwater,5,478.8538493
2023-06-10 08:25,Saltwater,15,421.27562
2023-06-10 08:25,Saltwater,30,609.30168
2023-06-10 08:25,Saltwater,50,648.30528
2023-06-10 08:25,Freshwater,5,508.61392
2023-06-10 08:25,Freshwater,15,321.429786
2023-06-10 08:25,Freshwater,30,256.745355
2023-06-10 08:25,Freshwater,50,703.61826
2023-06-10 08:30,Control,5,596.4088067
2023-06-10 08:30,Control,15,777.49128
2023-06-10 08:30,Control,30,773.66538
2023-06-10 08:30,Control,50,795.323925
2023-06-10 08:30,Saltwater,5,478.722132
2023-06-10 08:30,Saltwater,15,421.24146
2023-06-10 08:30,Saltwater,30,609.30168
2023-06-10 08:30,Saltwater,50,648.27116
2023-06-10 08:30,Freshwater,5,508.46828
2023-06-10 08:30,Freshwater,15,321.08635
2023-06-10 08:30,Freshwater,30,256.43802
2023-06-10 08:30,Freshwater,50,702.61656
2023-06-10 08:35,Control,5,596.2741444
2023-06-10 08:35,Control,15,777.4944667
2023-06-10 08:35,Control,30,773.69082
2023-06-10 08:35,Control,50,795.443
2023-06-10 08:35,Saltwater,5,478.4000367
2023-06-10 08:35,Saltwater,15,421.24148
2023-06-10 08:35,Saltwater,30,609.19932
2023-06-10 08:35,Saltwater,50,648.23704
2023-06-10 08:35,Freshwater,5,508.3018867
2023-06-10 08:35,Freshwater,15,321.35779
2023-06-10 08:35,Freshwater,30,255.8940016
2023-06-10 08:35,Freshwater,50,702.64848
2023-06-10 08:40,Control,5,596.0690822
2023-06-10 08:40,Control,15,777.5971733
2023-06-10 08:40,Control,30,773.67916
2023-06-10 08:40,Control,50,795.4736
2023-06-10 08:40,Saltwater,5,478.0779173
2023-06-10 08:40,Saltwater,15,421.07082
2023-06-10 08:40,Saltwater,30,609.23344
2023-06-10 08:40,Saltwater,50,648.10056
2023-06-10 08:40,Freshwater,5,509.2040333
2023-06-10 08:40,Freshwater,15,321.5542
2023-06-10 08:40,Freshwater,30,257.2844936
2023-06-10 08:40,Freshwater,50,702.47894
2023-06-10 08:45,Control,5,595.99036
2023-06-10 08:45,Control,15,777.54794
2023-06-10 08:45,Control,30,773.61814
2023-06-10 08:45,Control,50,795.232125
2023-06-10 08:45,Saltwater,5,478.199464
2023-06-10 08:45,Saltwater,15,420.90022
2023-06-10 08:45,Saltwater,30,609.1652
2023-06-10 08:45,Saltwater,50,648.10054
2023-06-10 08:45,Freshwater,5,507.32854
2023-06-10 08:45,Freshwater,15,321.10832
2023-06-10 08:45,Freshwater,30,256.535128
2023-06-10 08:45,Freshwater,50,701.50902
2023-06-10 08:50,Control,5,595.85796
2023-06-10 08:50,Control,15,777.6345667
2023-06-10 08:50,Control,30,773.6665378
2023-06-10 08:50,Control,50,795.4174528
2023-06-10 08:50,Saltwater,5,478.12833
2023-06-10 08:50,Saltwater,15,421.2439467
2023-06-10 08:50,Saltwater,30,609.46796
2023-06-10 08:50,Saltwater,50,648.1299
2023-06-10 08:50,Freshwater,5,507.87974
2023-06-10 08:50,Freshwater,15,321.4164207
2023-06-10 08:50,Freshwater,30,257.3593021
2023-06-10 08:50,Freshwater,50,702.4247133
2023-06-10 08:55,Control,5,596.06768
2023-06-10 08:55,Control,15,777.5689333
2023-06-10 08:55,Control,30,773.6655556
2023-06-10 08:55,Control,50,795.4660806
2023-06-10 08:55,Saltwater,5,477.957548
2023-06-10 08:55,Saltwater,15,421.1121533
2023-06-10 08:55,Saltwater,30,609.36536
2023-06-10 08:55,Saltwater,50,648.09554
2023-06-10 08:55,Freshwater,5,508.165
2023-06-10 08:55,Freshwater,15,321.0470373
2023-06-10 08:55,Freshwater,30,257.7425733
2023-06-10 08:55,Freshwater,50,701.9569067
2023-06-10 09:00,Control,5,596.1866
2023-06-10 09:00,Control,15,777.58898
2023-06-10 09:00,Control,30,773.7159533
2023-06-10 09:00,Control,50,795.3616333
2023-06-10 09:00,Saltwater,5,477.947832
2023-06-10 09:00,Saltwater,15,421.1434
2023-06-10 09:00,Saltwater,30,609.38496
2023-06-10 09:00,Saltwater,50,648.1137
2023-06-10 09:00,Freshwater,5,508.45116
2023-06-10 09:00,Freshwater,15,321.323642
2023-06-10 09:00,Freshwater,30,257.8201068
2023-06-10 09:00,Freshwater,50,702.3062
2023-06-10 09:05,Control,5,594.6184156
2023-06-10 09:05,Control,15,777.57056
2023-06-10 09:05,Control,30,773.6635133
2023-06-10 09:05,Control,50,795.4708833
2023-06-10 09:05,Saltwater,5,478.0917413
2023-06-10 09:05,Saltwater,15,421.31234
2023-06-10 09:05,Saltwater,30,609.48412
2023-06-10 09:05,Saltwater,50,648.11018
2023-06-10 09:05,Freshwater,5,508.4518867
2023-06-10 09:05,Freshwater,15,321.729982
2023-06-10 09:05,Freshwater,30,257.7175466
2023-06-10 09:05,Freshwater,50,702.19754
2023-06-10 09:10,Control,5,595.4106711
2023-06-10 09:10,Control,15,777.52234
2023-06-10 09:10,Control,30,773.7520333
2023-06-10 09:10,Control,50,795.4136083
2023-06-10 09:10,Saltwater,5,477.6832647
2023-06-10 09:10,Saltwater,15,420.7255
2023-06-10 09:10,Saltwater,30,609.09592
2023-06-10 09:10,Saltwater,50,647.78896
2023-06-10 09:10,Freshwater,5,508.3582733
2023-06-10 09:10,Freshwater,15,321.79926
2023-06-10 09:10,Freshwater,30,258.4657314
2023-06-10 09:10,Freshwater,50,702.10148
2023-06-10 09:15,Control,5,595.9565867
2023-06-10 09:15,Control,15,777.56602
2023-06-10 09:15,Control,30,773.6933933
2023-06-10 09:15,Control,50,795.3882333
2023-06-10 09:15,Saltwater,5,477.551622
2023-06-10 09:15,Saltwater,15,421.02886
2023-06-10 09:15,Saltwater,30,609.32766
2023-06-10 09:15,Saltwater,50,647.9518
2023-06-10 09:15,Freshwater,5,508.32236
2023-06-10 09:15,Freshwater,15,322.816294
2023-06-10 09:15,Freshwater,30,259.55219
2023-06-10 09:15,Freshwater,50,703.38176
2023-06-10 09:20,Control,5,596.2946867
2023-06-10 09:20,Control,15,777.59498
2023-06-10 09:20,Control,30,773.7224133
2023-06-10 09:20,Control,50,795.5109333
2023-06-10 09:20,Saltwater,5,476.895302
2023-06-10 09:20,Saltwater,15,420.9590667
2023-06-10 09:20,Saltwater,30,609.3251733
2023-06-10 09:20,Saltwater,50,647.8457733
2023-06-10 09:20,Freshwater,5,508.28564
2023-06-10 09:20,Freshwater,15,322.014004
2023-06-10 09:20,Freshwater,30,258.5030331
2023-06-10 09:20,Freshwater,50,702.0566267
2023-06-10 09:25,Control,5,596.9433667
2023-06-10 09:25,Control,15,777.6626
2023-06-10 09:25,Control,30,773.7900333
2023-06-10 09:25,Control,50,795.4675583
2023-06-10 09:25,Saltwater,5,476.793204
2023-06-10 09:25,Saltwater,15,421.0322733
2023-06-10 09:25,Saltwater,30,609.4716467
2023-06-10 09:25,Saltwater,50,647.9240267
2023-06-10 09:25,Freshwater,5,508.45462
2023-06-10 09:25,Freshwater,15,321.722158
2023-06-10 09:25,Freshwater,30,259.1193979
2023-06-10 09:25,Freshwater,50,701.2782533
2023-06-10 09:30,Control,5,595.8842667
2023-06-10 09:30,Control,15,777.73094
2023-06-10 09:30,Control,30,773.8925333
2023-06-10 09:30,Control,50,795.4248333
2023-06-10 09:30,Saltwater,5,476.208306
2023-06-10 09:30,Saltwater,15,420.4191
2023-06-10 09:30,Saltwater,30,609.43972
2023-06-10 09:30,Saltwater,50,648.53968
2023-06-10 09:30,Freshwater,5,508.4829
2023-06-10 09:30,Freshwater,15,322.210184
2023-06-10 09:30,Freshwater,30,259.1912406
2023-06-10 09:30,Freshwater,50,701.9872
2023-06-10 09:35,Control,5,595.7214044
2023-06-10 09:35,Control,15,777.69678
2023-06-10 09:35,Control,30,773.8925333
2023-06-10 09:35,Control,50,795.4675583
2023-06-10 09:35,Saltwater,5,477.892942
2023-06-10 09:35,Saltwater,15,421.23674
2023-06-10 09:35,Saltwater,30,609.36922
2023-06-10 09:35,Saltwater,50,647.75242
2023-06-10 09:35,Freshwater,5,508.4461933
2023-06-10 09:35,Freshwater,15,321.933782
2023-06-10 09:35,Freshwater,30,259.6650618
2023-06-10 09:35,Freshwater,50,701.86502
2023-06-10 09:40,Control,5,595.9685622
2023-06-10 09:40,Control,15,777.73094
2023-06-10 09:40,Control,30,773.9608533
2023-06-10 09:40,Control,50,795.5102333
2023-06-10 09:40,Saltwater,5,478.695946
2023-06-10 09:40,Saltwater,15,420.38684
2023-06-10 09:40,Saltwater,30,609.20444
2023-06-10 09:40,Saltwater,50,646.87174
2023-06-10 09:40,Freshwater,5,508.5571867
2023-06-10 09:40,Freshwater,15,321.899596
2023-06-10 09:40,Freshwater,30,259.9708052
2023-06-10 09:40,Freshwater,50,701.5923
2023-06-10 09:45,Control,5,596.42068
2023-06-10 09:45,Control,15,777.73092
2023-06-10 09:45,Control,30,773.9266933
2023-06-10 09:45,Control,50,795.5529333
2023-06-10 09:45,Saltwater,5,476.425562
2023-06-10 09:45,Saltwater,15,420.52426
2023-06-10 09:45,Saltwater,30,608.7969
2023-06-10 09:45,Saltwater,50,647.89736
2023-06-10 09:45,Freshwater,5,508.7348
2023-06-10 09:45,Freshwater,15,322.238698
2023-06-10 09:45,Freshwater,30,259.3248898
2023-06-10 09:45,Freshwater,50,701.7251
2023-06-10 09:50,Control,5,596.8727778
2023-06-10 09:50,Control,15,777.6404067
2023-06-10 09:50,Control,30,773.8583733
2023-06-10 09:50,Control,50,795.5529333
2023-06-10 09:50,Saltwater,5,477.0013887
2023-06-10 09:50,Saltwater,15,420.7997133
2023-06-10 09:50,Saltwater,30,608.8564067
2023-06-10 09:50,Saltwater,50,646.5566867
2023-06-10 09:50,Freshwater,5,508.6372533
2023-06-10 09:50,Freshwater,15,322.1396407
2023-06-10 09:50,Freshwater,30,260.3434946
2023-06-10 09:50,Freshwater,50,701.27484
2023-06-10 09:55,Control,5,597.5640556
2023-06-10 09:55,Control,15,777.6181933
2023-06-10 09:55,Control,30,773.9950133
2023-06-10 09:55,Control,50,795.6383833
2023-06-10 09:55,Saltwater,5,475.9091533
2023-06-10 09:55,Saltwater,15,420.8051667
2023-06-10 09:55,Saltwater,30,609.7063133
2023-06-10 09:55,Saltwater,50,647.7811533
2023-06-10 09:55,Freshwater,5,507.5846467
2023-06-10 09:55,Freshwater,15,322.4809393
2023-06-10 09:55,Freshwater,30,260.6138634
2023-06-10 09:55,Freshwater,50,701.3622
2023-06-10 10:00,Control,5,598.0503333
2023-06-10 10:00,Control,15,777.73266
2023-06-10 10:00,Control,30,773.9950133
2023-06-10 10:00,Control,50,795.6383583
2023-06-10 10:00,Saltwater,5,475.63616
2023-06-10 10:00,Saltwater,15,420.74264
2023-06-10 10:00,Saltwater,30,609.94258
2023-06-10 10:00,Saltwater,50,647.36852
2023-06-10 10:00,Freshwater,5,507.99946
2023-06-10 10:00,Freshwater,15,322.450818
2023-06-10 10:00,Freshwater,30,260.7493839
2023-06-10 10:00,Freshwater,50,701.01828
2023-06-10 10:05,Control,5,598.2974711
2023-06-10 10:05,Control,15,777.69852
2023-06-10 10:05,Control,30,773.9950133
2023-06-10 10:05,Control,50,795.6383833
2023-06-10 10:05,Saltwater,5,475.4191147
2023-06-10 10:05,Saltwater,15,421.0749867
2023-06-10 10:05,Saltwater,30,609.64374
2023-06-10 10:05,Saltwater,50,647.88596
2023-06-10 10:05,Freshwater,5,508.0020467
2023-06-10 10:05,Freshwater,15,321.87235
2023-06-10 10:05,Freshwater,30,261.0888251
2023-06-10 10:05,Freshwater,50,701.11654
2023-06-10 10:10,Control,5,599.3303689
2023-06-10 10:10,Control,15,777.76682
2023-06-10 10:10,Control,30,774.0633533
2023-06-10 10:10,Control,50,795.6383583
2023-06-10 10:10,Saltwater,5,475.7514453
2023-06-10 10:10,Saltwater,15,421.0348133
2023-06-10 10:10,Saltwater,30,609.65732
2023-06-10 10:10,Saltwater,50,647.8293
2023-06-10 10:10,Freshwater,5,508.2783733
2023-06-10 10:10,Freshwater,15,322.721742
2023-06-10 10:10,Freshwater,30,261.0208032
2023-06-10 10:10,Freshwater,50,701.286
2023-06-10 10:15,Control,5,599.7483667
2023-06-10 10:15,Control,15,777.73268
2023-06-10 10:15,Control,30,774.0291933
2023-06-10 10:15,Control,50,795.6383833
2023-06-10 10:15,Saltwater,5,475.008334
2023-06-10 10:15,Saltwater,15,420.90522
2023-06-10 10:15,Saltwater,30,609.69528
2023-06-10 10:15,Saltwater,50,647.83356
2023-06-10 10:15,Freshwater,5,508.58898
2023-06-10 10:15,Freshwater,15,322.823654
2023-06-10 10:15,Freshwater,30,261.7003832
2023-06-10 10:15,Freshwater,50,701.08212
2023-06-10 10:20,Control,5,600.1662844
2023-06-10 10:20,Control,15,777.83518
2023-06-10 10:20,Control,30,774.1316933
2023-06-10 10:20,Control,50,795.6810583
2023-06-10 10:20,Saltwater,5,474.9789713
2023-06-10 10:20,Saltwater,15,420.8720667
2023-06-10 10:20,Saltwater,30,609.55154
2023-06-10 10:20,Saltwater,50,647.82558
2023-06-10 10:20,Freshwater,5,508.11328
2023-06-10 10:20,Freshwater,15,322.721718
2023-06-10 10:20,Freshwater,30,261.6664011
2023-06-10 10:20,Freshwater,50,701.21806
2023-06-10 10:25,Control,5,600.8234022
2023-06-10 10:25,Control,15,777.86934
2023-06-10 10:25,Control,30,774.1999933
2023-06-10 10:25,Control,50,795.6810833
2023-06-10 10:25,Saltwater,5,474.6127007
2023-06-10 10:25,Saltwater,15,420.9446133
2023-06-10 10:25,Saltwater,30,609.78946
2023-06-10 10:25,Saltwater,50,647.79052
2023-06-10 10:25,Freshwater,5,508.58898
2023-06-10 10:25,Freshwater,15,322.891614
2023-06-10 10:25,Freshwater,30,261.8702768
2023-06-10 10:25,Freshwater,50,701.04814
2023-06-10 10:30,Control,5,601.78798
2023-06-10 10:30,Control,15,777.76684
2023-06-10 10:30,Control,30,774.1316733
2023-06-10 10:30,Control,50,795.6810583
2023-06-10 10:30,Saltwater,5,474.656314
2023-06-10 10:30,Saltwater,15,420.98344
2023-06-10 10:30,Saltwater,30,609.89164
2023-06-10 10:30,Saltwater,50,647.82444
2023-06-10 10:30,Freshwater,5,508.62296
2023-06-10 10:30,Freshwater,15,322.755702
2023-06-10 10:30,Freshwater,30,262.3120179
2023-06-10 10:30,Freshwater,50,700.30064
2023-06-10 10:35,Control,5,602.57376
2023-06-10 10:35,Control,15,777.83514
2023-06-10 10:35,Control,30,774.3104711
2023-06-10 10:35,Control,50,795.8598361
2023-06-10 10:35,Saltwater,5,474.6658893
2023-06-10 10:35,Saltwater,15,421.05168
2023-06-10 10:35,Saltwater,30,610.1010867
2023-06-10 10:35,Saltwater,50,647.8974267
2023-06-10 10:35,Freshwater,5,508.5645533
2023-06-10 10:35,Freshwater,15,323.639168
2023-06-10 10:35,Freshwater,30,262.7877158
2023-06-10 10:35,Freshwater,50,700.6744
2023-06-10 10:40,Control,5,603.83788
2023-06-10 10:40,Control,15,777.80102
2023-06-10 10:40,Control,30,774.2842689
2023-06-10 10:40,Control,50,795.7397639
2023-06-10 10:40,Saltwater,5,474.5048947
2023-06-10 10:40,Saltwater,15,420.71054
2023-06-10 10:40,Saltwater,30,610.1740933
2023-06-10 10:40,Saltwater,50,647.7657733
2023-06-10 10:40,Freshwater,5,508.6728267
2023-06-10 10:40,Freshwater,15,322.754484
2023-06-10 10:40,Freshwater,30,263.0250528
2023-06-10 10:40,Freshwater,50,700.90684
2023-06-10 10:45,Control,5,604.93114
2023-06-10 10:45,Control,15,777.801
2023-06-10 10:45,Control,30,774.3264067
2023-06-10 10:45,Control,50,795.7477417
2023-06-10 10:45,Saltwater,5,474.002774
2023-06-10 10:45,Saltwater,15,420.67644
2023-06-10 10:45,Saltwater,30,610.34946
2023-06-10 10:45,Saltwater,50,647.77054
2023-06-10 10:45,Freshwater,5,508.78706
2023-06-10 10:45,Freshwater,15,323.299168
2023-06-10 10:45,Freshwater,30,262.6517334
2023-06-10 10:45,Freshwater,50,700.8774
2023-06-10 10:50,Control,5,605.8194
2023-06-10 10:50,Control,15,777.7327
2023-06-10 10:50,Control,30,774.3947467
2023-06-10 10:50,Control,50,795.9184917
2023-06-10 10:50,Saltwater,5,473.7005627
2023-06-10 10:50,Saltwater,15,420.88112
2023-06-10 10:50,Saltwater,30,610.3542467
2023-06-10 10:50,Saltwater,50,647.7753467
2023-06-10 10:50,Freshwater,5,508.98302
2023-06-10 10:50,Freshwater,15,323.1311027
2023-06-10 10:50,Freshwater,30,263.0921238
2023-06-10 10:50,Freshwater,50,700.66052
2023-06-10 10:55,Control,5,606.8102
2023-06-10 10:55,Control,15,777.801
2023-06-10 10:55,Control,30,774.3605867
2023-06-10 10:55,Control,50,795.7904167
2023-06-10 10:55,Saltwater,5,473.9441133
2023-06-10 10:55,Saltwater,15,420.84698
2023-06-10 10:55,Saltwater,30,610.4613733
2023-06-10 10:55,Saltwater,50,647.8142333
2023-06-10 10:55,Freshwater,5,508.98672
2023-06-10 10:55,Freshwater,15,323.3411433
2023-06-10 10:55,Freshwater,30,263.7723024
2023-06-10 10:55,Freshwater,50,700.56466
2023-06-10 11:00,Control,5,607.66432
2023-06-10 11:00,Control,15,777.76686
2023-06-10 11:00,Control,30,774.3605867
2023-06-10 11:00,Control,50,795.9185167
2023-06-10 11:00,Saltwater,5,474.699374
2023-06-10 11:00,Saltwater,15,421.76804
2023-06-10 11:00,Saltwater,30,611.31898
2023-06-10 11:00,Saltwater,50,647.81906
2023-06-10 11:00,Freshwater,5,509.14424
2023-06-10 11:00,Freshwater,15,323.40925
2023-06-10 11:00,Freshwater,30,263.7022268
2023-06-10 11:00,Freshwater,50,700.64622
2023-06-10 11:05,Control,5,608.4318756
2023-06-10 11:05,Control,15,777.83516
2023-06-10 11:05,Control,30,774.3947467
2023-06-10 11:05,Control,50,795.7904417
2023-06-10 11:05,Saltwater,5,474.460582
2023-06-10 11:05,Saltwater,15,421.95294
2023-06-10 11:05,Saltwater,30,611.18252
2023-06-10 11:05,Saltwater,50,648.43306
2023-06-10 11:05,Freshwater,5,509.4204333
2023-06-10 11:05,Freshwater,15,322.727774
2023-06-10 11:05,Freshwater,30,264.1430002
2023-06-10 11:05,Freshwater,50,700.196
2023-06-10 11:10,Control,5,609.2336311
2023-06-10 11:10,Control,15,777.80098
2023-06-10 11:10,Control,30,774.4289467
2023-06-10 11:10,Control,50,795.7904417
2023-06-10 11:10,Saltwater,5,473.02788
2023-06-10 11:10,Saltwater,15,420.8075
2023-06-10 11:10,Saltwater,30,610.63672
2023-06-10 11:10,Saltwater,50,647.88728
2023-06-10 11:10,Freshwater,5,510.5070267
2023-06-10 11:10,Freshwater,15,323.67528
2023-06-10 11:10,Freshwater,30,264.1072826
2023-06-10 11:10,Freshwater,50,701.23246
2023-06-10 11:15,Control,5,609.8303467
2023-06-10 11:15,Control,15,777.9035
2023-06-10 11:15,Control,30,774.4289267
2023-06-10 11:15,Control,50,796.0038917
2023-06-10 11:15,Saltwater,5,472.857304
2023-06-10 11:15,Saltwater,15,420.82184
2023-06-10 11:15,Saltwater,30,610.63672
2023-06-10 11:15,Saltwater,50,647.81904
2023-06-10 11:15,Freshwater,5,511.45218
2023-06-10 11:15,Freshwater,15,323.737396
2023-06-10 11:15,Freshwater,30,264.8179882
2023-06-10 11:15,Freshwater,50,700.28952
2023-06-10 11:20,Control,5,610.4111867
2023-06-10 11:20,Control,15,777.7907533
2023-06-10 11:20,Control,30,774.4631067
2023-06-10 11:20,Control,50,795.9185167
2023-06-10 11:20,Saltwater,5,472.3845407
2023-06-10 11:20,Saltwater,15,420.9583
2023-06-10 11:20,Saltwater,30,610.97784
2023-06-10 11:20,Saltwater,50,647.205
2023-06-10 11:20,Freshwater,5,512.1342667
2023-06-10 11:20,Freshwater,15,323.8141053
2023-06-10 11:20,Freshwater,30,264.8516174
2023-06-10 11:20,Freshwater,50,700.55778
2023-06-10 11:25,Control,5,610.4111867
2023-06-10 11:25,Control,15,777.7805267
2023-06-10 11:25,Control,30,774.4972667
2023-06-10 11:25,Control,50,795.8758167
2023-06-10 11:25,Saltwater,5,472.3210993
2023-06-10 11:25,Saltwater,15,420.20782
2023-06-10 11:25,Saltwater,30,611.38716
2023-06-10 11:25,Saltwater,50,647.30736
2023-06-10 11:25,Freshwater,5,513.6347533
2023-06-10 11:25,Freshwater,15,323.9938307
2023-06-10 11:25,Freshwater,30,265.531219
2023-06-10 11:25,Freshwater,50,700.38928
2023-06-10 11:30,Control,5,610.1037267
2023-06-10 11:30,Control,15,777.8728
2023-06-10 11:30,Control,30,774.5655867
2023-06-10 11:30,Control,50,795.9611917
2023-06-10 11:30,Saltwater,5,471.950622
2023-06-10 11:30,Saltwater,15,420.3784
2023-06-10 11:30,Saltwater,30,611.28484
2023-06-10 11:30,Saltwater,50,647.27326
2023-06-10 11:30,Freshwater,5,514.38926
2023-06-10 11:30,Freshwater,15,323.732514
2023-06-10 11:30,Freshwater,30,265.599571
2023-06-10 11:30,Freshwater,50,699.7815
2023-06-10 11:35,Control,5,610.3519267
2023-06-10 11:35,Control,15,777.90544
2023-06-10 11:35,Control,30,774.5642867
2023-06-10 11:35,Control,50,795.9244167
2023-06-10 11:35,Saltwater,5,472.1942367
2023-06-10 11:35,Saltwater,15,421.2359867
2023-06-10 11:35,Saltwater,30,609.30632
2023-06-10 11:35,Saltwater,50,647.68258
2023-06-10 11:35,Freshwater,5,514.3862
2023-06-10 11:35,Freshwater,15,323.8720587
2023-06-10 11:35,Freshwater,30,265.7688772
2023-06-10 11:35,Freshwater,50,700.28614
2023-06-10 11:40,Control,5,610.7736667
2023-06-10 11:40,Control,15,777.94198
2023-06-10 11:40,Control,30,774.5668467
2023-06-10 11:40,Control,50,795.9342917
2023-06-10 11:40,Saltwater,5,471.6532193
2023-06-10 11:40,Saltwater,15,422.0253133
2023-06-10 11:40,Saltwater,30,610.29558
2023-06-10 11:40,Saltwater,50,647.78494
2023-06-10 11:40,Freshwater,5,514.01216
2023-06-10 11:40,Freshwater,15,323.7408373
2023-06-10 11:40,Freshwater,30,266.1425296
2023-06-10 11:40,Freshwater,50,700.0478
2023-06-10 11:45,Control,5,610.5025067
2023-06-10 11:45,Control,15,777.80834
2023-06-10 11:45,Control,30,774.5698267
2023-06-10 11:45,Control,50,795.8946667
2023-06-10 11:45,Saltwater,5,472.23791
2023-06-10 11:45,Saltwater,15,420.11986
2023-06-10 11:45,Saltwater,30,610.56848
2023-06-10 11:45,Saltwater,50,648.91066
2023-06-10 11:45,Freshwater,5,513.8423
2023-06-10 11:45,Freshwater,15,324.119318
2023-06-10 11:45,Freshwater,30,265.5649892
2023-06-10 11:45,Freshwater,50,700.14974
2023-06-10 11:50,Control,5,610.4742244
2023-06-10 11:50,Control,15,777.73706
2023-06-10 11:50,Control,30,774.6693667
2023-06-10 11:50,Control,50,795.8916167
2023-06-10 11:50,Saltwater,5,471.385096
2023-06-10 11:50,Saltwater,15,420.69976
2023-06-10 11:50,Saltwater,30,611.08016
2023-06-10 11:50,Saltwater,50,647.61434
2023-06-10 11:50,Freshwater,5,513.0609
2023-06-10 11:50,Freshwater,15,324.0901367
2023-06-10 11:50,Freshwater,30,266.5597761
2023-06-10 11:50,Freshwater,50,699.7855933
2023-06-10 11:55,Control,5,611.0619622
2023-06-10 11:55,Control,15,777.83818
2023-06-10 11:55,Control,30,774.6338667
2023-06-10 11:55,Control,50,796.0183167
2023-06-10 11:55,Saltwater,5,470.56639
2023-06-10 11:55,Saltwater,15,420.8021
2023-06-10 11:55,Saltwater,30,610.73904
2023-06-10 11:55,Saltwater,50,647.64848
2023-06-10 11:55,Freshwater,5,512.48336
2023-06-10 11:55,Freshwater,15,324.1968293
2023-06-10 11:55,Freshwater,30,266.8411285
2023-06-10 11:55,Freshwater,50,699.9650467
2023-06-10 12:00,Control,5,611.34196
2023-06-10 12:00,Control,15,777.80224
2023-06-10 12:00,Control,30,774.7345667
2023-06-10 12:00,Control,50,796.0164917
2023-06-10 12:00,Saltwater,5,470.668734
2023-06-10 12:00,Saltwater,15,420.69974
2023-06-10 12:00,Saltwater,30,610.80724
2023-06-10 12:00,Saltwater,50,647.58024
2023-06-10 12:00,Freshwater,5,512.48336
2023-06-10 12:00,Freshwater,15,323.522176
2023-06-10 12:00,Freshwater,30,267.0545556
2023-06-10 12:00,Freshwater,50,699.465
2023-06-10 12:05,Control,5,611.6650044
2023-06-10 12:05,Control,15,777.8668
2023-06-10 12:05,Control,30,774.6625267
2023-06-10 12:05,Control,50,796.0980167
2023-06-10 12:05,Saltwater,5,470.66876
2023-06-10 12:05,Saltwater,15,420.6363267
2023-06-10 12:05,Saltwater,30,610.9826267
2023-06-10 12:05,Saltwater,50,647.6532467
2023-06-10 12:05,Freshwater,5,512.48334
2023-06-10 12:05,Freshwater,15,324.269562
2023-06-10 12:05,Freshwater,30,267.7340218
2023-06-10 12:05,Freshwater,50,700.00858
2023-06-10 12:10,Control,5,611.8553689
2023-06-10 12:10,Control,15,777.80044
2023-06-10 12:10,Control,30,774.6303067
2023-06-10 12:10,Control,50,796.0573667
2023-06-10 12:10,Saltwater,5,470.225278
2023-06-10 12:10,Saltwater,15,420.7093133
2023-06-10 12:10,Saltwater,30,610.9191733
2023-06-10 12:10,Saltwater,50,647.3510533
2023-06-10 12:10,Freshwater,5,512.14362
2023-06-10 12:10,Freshwater,15,324.405476
2023-06-10 12:10,Freshwater,30,267.462255
2023-06-10 12:10,Freshwater,50,699.94066
2023-06-10 12:15,Control,5,612.2557533
2023-06-10 12:15,Control,15,777.74122
2023-06-10 12:15,Control,30,774.6393267
2023-06-10 12:15,Control,50,796.1093917
2023-06-10 12:15,Saltwater,5,470.054728
2023-06-10 12:15,Saltwater,15,420.68
2023-06-10 12:15,Saltwater,30,610.85574
2023-06-10 12:15,Saltwater,50,647.62872
2023-06-10 12:15,Freshwater,5,511.0225
2023-06-10 12:15,Freshwater,15,324.20161
2023-06-10 12:15,Freshwater,30,267.4622414
2023-06-10 12:15,Freshwater,50,699.7368
2023-06-10 12:20,Control,5,612.2873533
2023-06-10 12:20,Control,15,777.80588
2023-06-10 12:20,Control,30,774.7803244
2023-06-10 12:20,Control,50,796.1136444
2023-06-10 12:20,Saltwater,5,469.98653
2023-06-10 12:20,Saltwater,15,420.57768
2023-06-10 12:20,Saltwater,30,610.95806
2023-06-10 12:20,Saltwater,50,647.42406
2023-06-10 12:20,Freshwater,5,511.22634
2023-06-10 12:20,Freshwater,15,324.54138
2023-06-10 12:20,Freshwater,30,268.481434
2023-06-10 12:20,Freshwater,50,699.6349
2023-06-10 12:25,Control,5,612.4864133
2023-06-10 12:25,Control,15,777.76338
2023-06-10 12:25,Control,30,774.7458422
2023-06-10 12:25,Control,50,796.0703472
2023-06-10 12:25,Saltwater,5,469.713604
2023-06-10 12:25,Saltwater,15,420.47536
2023-06-10 12:25,Saltwater,30,611.12862
2023-06-10 12:25,Saltwater,50,647.5264
2023-06-10 12:25,Freshwater,5,510.10526
2023-06-10 12:25,Freshwater,15,323.454208
2023-06-10 12:25,Freshwater,30,267.6660676
2023-06-10 12:25,Freshwater,50,699.12528
2023-06-10 12:30,Control,5,612.4077533
2023-06-10 12:30,Control,15,777.81708
2023-06-10 12:30,Control,30,774.77342
2023-06-10 12:30,Control,50,796.0205
2023-06-10 12:30,Saltwater,5,469.236032
2023-06-10 12:30,Saltwater,15,420.57766
2023-06-10 12:30,Saltwater,30,610.95808
2023-06-10 12:30,Saltwater,50,647.28762
2023-06-10 12:30,Freshwater,5,511.1635
2023-06-10 12:30,Freshwater,15,324.373398
2023-06-10 12:30,Freshwater,30,268.4823674
2023-06-10 12:30,Freshwater,50,699.30344
2023-06-10 12:35,Control,5,613.4006333
2023-06-10 12:35,Control,15,777.71784
2023-06-10 12:35,Control,30,774.81076
2023-06-10 12:35,Control,50,796.023775
2023-06-10 12:35,Saltwater,5,468.8901173
2023-06-10 12:35,Saltwater,15,420.5483467
2023-06-10 12:35,Saltwater,30,610.85574
2023-06-10 12:35,Saltwater,50,647.2535
2023-06-10 12:35,Freshwater,5,511.46482
2023-06-10 12:35,Freshwater,15,324.43967
2023-06-10 12:35,Freshwater,30,268.7533298
2023-06-10 12:35,Freshwater,50,699.33018
2023-06-10 12:40,Control,5,613.5311333
2023-06-10 12:40,Control,15,777.81162
2023-06-10 12:40,Control,30,774.80216
2023-06-10 12:40,Control,50,796.057525
2023-06-10 12:40,Saltwater,5,468.6806647
2023-06-10 12:40,Saltwater,15,420.4507933
2023-06-10 12:40,Saltwater,30,610.92396
2023-06-10 12:40,Saltwater,50,647.38994
2023-06-10 12:40,Freshwater,5,512.45352
2023-06-10 12:40,Freshwater,15,324.64483
2023-06-10 12:40,Freshwater,30,268.3802852
2023-06-10 12:40,Freshwater,50,699.26784
2023-06-10 12:45,Control,5,613.0862533
2023-06-10 12:45,Control,15,777.74216
2023-06-10 12:45,Control,30,774.86932
2023-06-10 12:45,Control,50,796.14175
2023-06-10 12:45,Saltwater,5,468.539426
2023-06-10 12:45,Saltwater,15,420.59202
2023-06-10 12:45,Saltwater,30,610.88984
2023-06-10 12:45,Saltwater,50,647.1853
2023-06-10 12:45,Freshwater,5,513.2313
2023-06-10 12:45,Freshwater,15,324.643468
2023-06-10 12:45,Freshwater,30,269.3988158
2023-06-10 12:45,Freshwater,50,698.95626
2023-06-10 12:50,Control,5,613.7594978
2023-06-10 12:50,Control,15,777.7968067
2023-06-10 12:50,Control,30,774.87782
2023-06-10 12:50,Control,50,796.065175
2023-06-10 12:50,Saltwater,5,468.5005313
2023-06-10 12:50,Saltwater,15,420.5968067
2023-06-10 12:50,Saltwater,30,610.95808
2023-06-10 12:50,Saltwater,50,647.28764
2023-06-10 12:50,Freshwater,5,514.1432933
2023-06-10 12:50,Freshwater,15,325.968252
2023-06-10 12:50,Freshwater,30,270.6944865
2023-06-10 12:50,Freshwater,50,699.8775267
2023-06-10 12:55,Control,5,613.5674222
2023-06-10 12:55,Control,15,777.8695533
2023-06-10 12:55,Control,30,774.87032
2023-06-10 12:55,Control,50,796.185475
2023-06-10 12:55,Saltwater,5,468.2228367
2023-06-10 12:55,Saltwater,15,420.6015933
2023-06-10 12:55,Saltwater,30,611.0263
2023-06-10 12:55,Saltwater,50,647.35584
2023-06-10 12:55,Freshwater,5,512.1366467
2023-06-10 12:55,Freshwater,15,323.96478
2023-06-10 12:55,Freshwater,30,269.7485121
2023-06-10 12:55,Freshwater,50,698.6634533
2023-06-10 13:00,Control,5,613.7556667
2023-06-10 13:00,Control,15,777.84634
2023-06-10 13:00,Control,30,774.93762
2023-06-10 13:00,Control,50,796.141725
2023-06-10 13:00,Saltwater,5,467.842806
2023-06-10 13:00,Saltwater,15,420.43586
2023-06-10 13:00,Saltwater,30,611.09454
2023-06-10 13:00,Saltwater,50,647.28762
2023-06-10 13:00,Freshwater,5,511.3533
2023-06-10 13:00,Freshwater,15,324.679248
2023-06-10 13:00,Freshwater,30,269.6179526
2023-06-10 13:00,Freshwater,50,698.97858
2023-06-10 13:05,Control,5,613.7556667
2023-06-10 13:05,Control,15,777.84626
2023-06-10 13:05,Control,30,774.93754
2023-06-10 13:05,Control,50,796.22705
2023-06-10 13:05,Saltwater,5,467.903862
2023-06-10 13:05,Saltwater,15,420.6794067
2023-06-10 13:05,Saltwater,30,610.99218
2023-06-10 13:05,Saltwater,50,646.81006
2023-06-10 13:05,Freshwater,5,510.7322533
2023-06-10 13:05,Freshwater,15,324.7502167
2023-06-10 13:05,Freshwater,30,270.2285426
2023-06-10 13:05,Freshwater,50,698.86892
2023-06-10 13:10,Control,5,613.3072067
2023-06-10 13:10,Control,15,777.77176
2023-06-10 13:10,Control,30,774.9997
2023-06-10 13:10,Control,50,796.220675
2023-06-10 13:10,Saltwater,5,467.146208
2023-06-10 13:10,Saltwater,15,421.2299933
2023-06-10 13:10,Saltwater,30,610.2758
2023-06-10 13:10,Saltwater,50,647.35584
2023-06-10 13:10,Freshwater,5,510.0134067
2023-06-10 13:10,Freshwater,15,324.7547913
2023-06-10 13:10,Freshwater,30,270.0245922
2023-06-10 13:10,Freshwater,50,698.69806
2023-06-10 13:15,Control,5,612.9665667
2023-06-10 13:15,Control,15,777.84142
2023-06-10 13:15,Control,30,774.96684
2023-06-10 13:15,Control,50,796.307425
2023-06-10 13:15,Saltwater,5,467.480144
2023-06-10 13:15,Saltwater,15,419.32448
2023-06-10 13:15,Saltwater,30,613.07302
2023-06-10 13:15,Saltwater,50,646.63948
2023-06-10 13:15,Freshwater,5,509.80474
2023-06-10 13:15,Freshwater,15,324.351872
2023-06-10 13:15,Freshwater,30,270.7380188
2023-06-10 13:15,Freshwater,50,698.08646
2023-06-10 13:20,Control,5,612.4148889
2023-06-10 13:20,Control,15,777.87962
2023-06-10 13:20,Control,30,774.97092
2023-06-10 13:20,Control,50,796.226225
2023-06-10 13:20,Saltwater,5,467.1707447
2023-06-10 13:20,Saltwater,15,420.4502
2023-06-10 13:20,Saltwater,30,611.81086
2023-06-10 13:20,Saltwater,50,647.18524
2023-06-10 13:20,Freshwater,5,509.5621333
2023-06-10 13:20,Freshwater,15,324.82752
2023-06-10 13:20,Freshwater,30,270.805965
2023-06-10 13:20,Freshwater,50,698.59608
2023-06-10 13:25,Control,5,612.7808511
2023-06-10 13:25,Control,15,777.91124
2023-06-10 13:25,Control,30,775.13918
2023-06-10 13:25,Control,50,796.351725
2023-06-10 13:25,Saltwater,5,467.8164973
2023-06-10 13:25,Saltwater,15,421.54178
2023-06-10 13:25,Saltwater,30,609.86648
2023-06-10 13:25,Saltwater,50,648.68622
2023-06-10 13:25,Freshwater,5,509.1836667
2023-06-10 13:25,Freshwater,15,324.35188
2023-06-10 13:25,Freshwater,30,271.247605
2023-06-10 13:25,Freshwater,50,698.39224
2023-06-10 13:30,Control,5,613.1847933
2023-06-10 13:30,Control,15,777.81158
2023-06-10 13:30,Control,30,775.10782
2023-06-10 13:30,Control,50,796.3546
2023-06-10 13:30,Saltwater,5,467.472984
2023-06-10 13:30,Saltwater,15,420.07498
2023-06-10 13:30,Saltwater,30,611.57212
2023-06-10 13:30,Saltwater,50,646.70772
2023-06-10 13:30,Freshwater,5,509.48464
2023-06-10 13:30,Freshwater,15,324.657652
2023-06-10 13:30,Freshwater,30,271.2815914
2023-06-10 13:30,Freshwater,50,698.29032
2023-06-10 13:35,Control,5,613.2648578
2023-06-10 13:35,Control,15,777.83664
2023-06-10 13:35,Control,30,775.09872
2023-06-10 13:35,Control,50,796.3025
2023-06-10 13:35,Saltwater,5,466.4448153
2023-06-10 13:35,Saltwater,15,421.2054467
2023-06-10 13:35,Saltwater,30,610.20758
2023-06-10 13:35,Saltwater,50,647.62876
2023-06-10 13:35,Freshwater,5,508.7616267
2023-06-10 13:35,Freshwater,15,324.6624327
2023-06-10 13:35,Freshwater,30,271.2815978
2023-06-10 13:35,Freshwater,50,698.22238
2023-06-10 13:40,Control,5,613.1523022
2023-06-10 13:40,Control,15,777.81072
2023-06-10 13:40,Control,30,775.14114
2023-06-10 13:40,Control,50,796.26835
2023-06-10 13:40,Saltwater,5,467.0199347
2023-06-10 13:40,Saltwater,15,420.0845133
2023-06-10 13:40,Saltwater,30,610.85576
2023-06-10 13:40,Saltwater,50,646.9124
2023-06-10 13:40,Freshwater,5,508.2095133
2023-06-10 13:40,Freshwater,15,324.7015673
2023-06-10 13:40,Freshwater,30,271.8933042
2023-06-10 13:40,Freshwater,50,697.71448
2023-06-10 13:45,Control,5,612.8638267
2023-06-10 13:45,Control,15,777.98262
2023-06-10 13:45,Control,30,775.21054
2023-06-10 13:45,Control,50,796.312125
2023-06-10 13:45,Saltwater,5,466.264678
2023-06-10 13:45,Saltwater,15,420.25986
2023-06-10 13:45,Saltwater,30,611.19686
2023-06-10 13:45,Saltwater,50,646.91236
2023-06-10 13:45,Freshwater,5,508.50906
2023-06-10 13:45,Freshwater,15,324.775567
2023-06-10 13:45,Freshwater,30,271.9958918
2023-06-10 13:45,Freshwater,50,697.686
2023-06-10 13:50,Control,5,612.6070489
2023-06-10 13:50,Control,15,777.9006
2023-06-10 13:50,Control,30,775.3073378
2023-06-10 13:50,Control,50,796.3913778
2023-06-10 13:50,Saltwater,5,466.420894
2023-06-10 13:50,Saltwater,15,420.25986
2023-06-10 13:50,Saltwater,30,611.0993267
2023-06-10 13:50,Saltwater,50,646.9171467
2023-06-10 13:50,Freshwater,5,508.64096
2023-06-10 13:50,Freshwater,15,324.5022832
2023-06-10 13:50,Freshwater,30,272.47076
2023-06-10 13:50,Freshwater,50,697.91728
2023-06-10 13:55,Control,5,612.7442311
2023-06-10 13:55,Control,15,777.94678
2023-06-10 13:55,Control,30,775.1564756
2023-06-10 13:55,Control,50,796.3263556
2023-06-10 13:55,Saltwater,5,466.133632
2023-06-10 13:55,Saltwater,15,420.15754
2023-06-10 13:55,Saltwater,30,611.1382133
2023-06-10 13:55,Saltwater,50,646.9219733
2023-06-10 13:55,Freshwater,5,508.40274
2023-06-10 13:55,Freshwater,15,324.7739258
2023-06-10 13:55,Freshwater,30,272.3347504
2023-06-10 13:55,Freshwater,50,697.84866
2023-06-10 14:00,Control,5,612.3260733
2023-06-10 14:00,Control,15,777.94636
2023-06-10 14:00,Control,30,775.1640533
2023-06-10 14:00,Control,50,796.3339583
2023-06-10 14:00,Saltwater,5,466.085152
2023-06-10 14:00,Saltwater,15,420.19164
2023-06-10 14:00,Saltwater,30,611.04068
2023-06-10 14:00,Saltwater,50,646.96084
2023-06-10 14:00,Freshwater,5,507.92816
2023-06-10 14:00,Freshwater,15,324.7742958
2023-06-10 14:00,Freshwater,30,272.9804706
2023-06-10 14:00,Freshwater,50,697.78244
2023-06-10 14:05,Control,5,612.7635556
2023-06-10 14:05,Control,15,777.91422
2023-06-10 14:05,Control,30,775.2343533
2023-06-10 14:05,Control,50,796.4640833
2023-06-10 14:05,Saltwater,5,465.7003467
2023-06-10 14:05,Saltwater,15,420.0211
2023-06-10 14:05,Saltwater,30,611.04066
2023-06-10 14:05,Saltwater,50,646.79028
2023-06-10 14:05,Freshwater,5,508.25258
2023-06-10 14:05,Freshwater,15,325.1816402
2023-06-10 14:05,Freshwater,30,272.878364
2023-06-10 14:05,Freshwater,50,697.91678
2023-06-10 14:10,Control,5,612.3457978
2023-06-10 14:10,Control,15,777.94854
2023-06-10 14:10,Control,30,775.3028733
2023-06-10 14:10,Control,50,796.3361833
2023-06-10 14:10,Saltwater,5,465.4861053
2023-06-10 14:10,Saltwater,15,419.71408
2023-06-10 14:10,Saltwater,30,610.8019
2023-06-10 14:10,Saltwater,50,646.82438
2023-06-10 14:10,Freshwater,5,508.08172
2023-06-10 14:10,Freshwater,15,324.9828708
2023-06-10 14:10,Freshwater,30,273.594544
2023-06-10 14:10,Freshwater,50,697.56506
2023-06-10 14:15,Control,5,613.35914
2023-06-10 14:15,Control,15,777.87538
2023-06-10 14:15,Control,30,775.2638733
2023-06-10 14:15,Control,50,796.3311583
2023-06-10 14:15,Saltwater,5,465.78356
2023-06-10 14:15,Saltwater,15,420.0552
2023-06-10 14:15,Saltwater,30,611.1089
2023-06-10 14:15,Saltwater,50,646.96086
2023-06-10 14:15,Freshwater,5,507.99236
2023-06-10 14:15,Freshwater,15,325.0821288
2023-06-10 14:15,Freshwater,30,273.661036
2023-06-10 14:15,Freshwater,50,697.7233
2023-06-10 14:20,Control,5,613.7982422
2023-06-10 14:20,Control,15,778.01628
2023-06-10 14:20,Control,30,775.3705933
2023-06-10 14:20,Control,50,796.4209833
2023-06-10 14:20,Saltwater,5,466.0175533
2023-06-10 14:20,Saltwater,15,420.02108
2023-06-10 14:20,Saltwater,30,611.143
2023-06-10 14:20,Saltwater,50,646.99496
2023-06-10 14:20,Freshwater,5,507.8130467
2023-06-10 14:20,Freshwater,15,324.7472107
2023-06-10 14:20,Freshwater,30,274.0395627
2023-06-10 14:20,Freshwater,50,697.6602867
2023-06-10 14:25,Control,5,613.9614644
2023-06-10 14:25,Control,15,777.98272
2023-06-10 14:25,Control,30,775.2687333
2023-06-10 14:25,Control,50,796.4215583
2023-06-10 14:25,Saltwater,5,465.6034167
2023-06-10 14:25,Saltwater,15,419.95288
2023-06-10 14:25,Saltwater,30,611.07478
2023-06-10 14:25,Saltwater,50,646.92676
2023-06-10 14:25,Freshwater,5,507.4580133
2023-06-10 14:25,Freshwater,15,325.2254687
2023-06-10 14:25,Freshwater,30,273.9752013
2023-06-10 14:25,Freshwater,50,697.4858933
2023-06-10 14:30,Control,5,614.2267467
2023-06-10 14:30,Control,15,778.11934
2023-06-10 14:30,Control,30,775.4053533
2023-06-10 14:30,Control,50,796.3788833
2023-06-10 14:30,Saltwater,5,465.598638
2023-06-10 14:30,Saltwater,15,420.19166
2023-06-10 14:30,Saltwater,30,611.07478
2023-06-10 14:30,Saltwater,50,646.96086
2023-06-10 14:30,Freshwater,5,507.07398
2023-06-10 14:30,Freshwater,15,324.8902156
2023-06-10 14:30,Freshwater,30,274.081742
2023-06-10 14:30,Freshwater,50,697.45542
2023-06-10 14:35,Control,5,614.0356711
2023-06-10 14:35,Control,15,778.04492
2023-06-10 14:35,Control,30,775.4334333
2023-06-10 14:35,Control,50,796.4579583
2023-06-10 14:35,Saltwater,5,465.550134
2023-06-10 14:35,Saltwater,15,419.88464
2023-06-10 14:35,Saltwater,30,611.1137067
2023-06-10 14:35,Saltwater,50,646.9315067
2023-06-10 14:35,Freshwater,5,506.6665333
2023-06-10 14:35,Freshwater,15,325.0911851
2023-06-10 14:35,Freshwater,30,274.626396
2023-06-10 14:35,Freshwater,50,696.92018
2023-06-10 14:40,Control,5,613.7502156
2023-06-10 14:40,Control,15,777.98194
2023-06-10 14:40,Control,30,775.3703933
2023-06-10 14:40,Control,50,796.5061583
2023-06-10 14:40,Saltwater,5,465.467534
2023-06-10 14:40,Saltwater,15,419.91876
2023-06-10 14:40,Saltwater,30,611.1525933
2023-06-10 14:40,Saltwater,50,646.9021733
2023-06-10 14:40,Freshwater,5,506.8610267
2023-06-10 14:40,Freshwater,15,325.3224803
2023-06-10 14:40,Freshwater,30,274.897226
2023-06-10 14:40,Freshwater,50,696.87866
2023-06-10 14:45,Control,5,613.63238
2023-06-10 14:45,Control,15,778.01686
2023-06-10 14:45,Control,30,775.4053533
2023-06-10 14:45,Control,50,796.5069833
2023-06-10 14:45,Saltwater,5,465.316772
2023-06-10 14:45,Saltwater,15,419.85052
2023-06-10 14:45,Saltwater,30,611.19148
2023-06-10 14:45,Saltwater,50,646.90698
2023-06-10 14:45,Freshwater,5,506.71988
2023-06-10 14:45,Freshwater,15,324.8418896
2023-06-10 14:45,Freshwater,30,275.134922
2023-06-10 14:45,Freshwater,50,696.97978
2023-06-10 14:50,Control,5,614.1629444
2023-06-10 14:50,Control,15,778.05104
2023-06-10 14:50,Control,30,775.4053533
2023-06-10 14:50,Control,50,796.4642583
2023-06-10 14:50,Saltwater,5,465.1024987
2023-06-10 14:50,Saltwater,15,420.1282467
2023-06-10 14:50,Saltwater,30,610.8257933
2023-06-10 14:50,Saltwater,50,646.7460133
2023-06-10 14:50,Freshwater,5,506.7450667
2023-06-10 14:50,Freshwater,15,325.3177952
2023-06-10 14:50,Freshwater,30,275.2757687
2023-06-10 14:50,Freshwater,50,697.1557467
2023-06-10 14:55,Control,5,614.9667889
2023-06-10 14:55,Control,15,778.11934
2023-06-10 14:55,Control,30,775.4053733
2023-06-10 14:55,Control,50,796.4642833
2023-06-10 14:55,Saltwater,5,465.2635033
2023-06-10 14:55,Saltwater,15,420.2353333
2023-06-10 14:55,Saltwater,30,611.0059667
2023-06-10 14:55,Saltwater,50,646.3803467
2023-06-10 14:55,Freshwater,5,506.1937133
2023-06-10 14:55,Freshwater,15,325.2505458
2023-06-10 14:55,Freshwater,30,275.8244973
2023-06-10 14:55,Freshwater,50,697.0955133
2023-06-10 15:00,Control,5,615.0874933
2023-06-10 15:00,Control,15,778.11934
2023-06-10 15:00,Control,30,775.5078333
2023-06-10 15:00,Control,50,796.5496583
2023-06-10 15:00,Saltwater,5,465.52684
2023-06-10 15:00,Saltwater,15,419.11442
2023-06-10 15:00,Saltwater,30,610.53794
2023-06-10 15:00,Saltwater,50,646.66282
2023-06-10 15:00,Freshwater,5,506.1487
2023-06-10 15:00,Freshwater,15,325.4538236
2023-06-10 15:00,Freshwater,30,275.659144
2023-06-10 15:00,Freshwater,50,697.23376
2023-06-10 15:05,Control,5,614.7379156
2023-06-10 15:05,Control,15,778.11934
2023-06-10 15:05,Control,30,775.4474911
2023-06-10 15:05,Control,50,796.5576611
2023-06-10 15:05,Saltwater,5,464.693766
2023-06-10 15:05,Saltwater,15,418.87564
2023-06-10 15:05,Saltwater,30,610.7085
2023-06-10 15:05,Saltwater,50,647.07216
2023-06-10 15:05,Freshwater,5,506.2420933
2023-06-10 15:05,Freshwater,15,325.2173462
2023-06-10 15:05,Freshwater,30,276.339322
2023-06-10 15:05,Freshwater,50,696.32222
2023-06-10 15:10,Control,5,614.9690378
2023-06-10 15:10,Control,15,778.1535
2023-06-10 15:10,Control,30,775.5237889
2023-06-10 15:10,Control,50,796.5656139
2023-06-10 15:10,Saltwater,5,463.621928
2023-06-10 15:10,Saltwater,15,419.6261
2023-06-10 15:10,Saltwater,30,612.14124
2023-06-10 15:10,Saltwater,50,646.01466
2023-06-10 15:10,Freshwater,5,506.0962467
2023-06-10 15:10,Freshwater,15,325.4558968
2023-06-10 15:10,Freshwater,30,276.339772
2023-06-10 15:10,Freshwater,50,696.937
2023-06-10 15:15,Control,5,613.86798
2023-06-10 15:15,Control,15,778.22182
2023-06-10 15:15,Control,30,775.6342267
2023-06-10 15:15,Control,50,796.5309167
2023-06-10 15:15,Saltwater,5,465.176722
2023-06-10 15:15,Saltwater,15,419.62612
2023-06-10 15:15,Saltwater,30,610.06038
2023-06-10 15:15,Saltwater,50,646.96982
2023-06-10 15:15,Freshwater,5,505.87966
2023-06-10 15:15,Freshwater,15,325.2178038
2023-06-10 15:15,Freshwater,30,276.713326
2023-06-10 15:15,Freshwater,50,696.83382
2023-06-10 15:20,Control,5,613.7801467
2023-06-10 15:20,Control,15,778.2622
2023-06-10 15:20,Control,30,775.6404267
2023-06-10 15:20,Control,50,796.5800417
2023-06-10 15:20,Saltwater,5,464.7141253
2023-06-10 15:20,Saltwater,15,419.69432
2023-06-10 15:20,Saltwater,30,610.2698467
2023-06-10 15:20,Saltwater,50,647.9638667
2023-06-10 15:20,Freshwater,5,505.53072
2023-06-10 15:20,Freshwater,15,325.7606062
2023-06-10 15:20,Freshwater,30,276.780822
2023-06-10 15:20,Freshwater,50,696.79652
2023-06-10 15:25,Control,5,614.3400733
2023-06-10 15:25,Control,15,778.16412
2023-06-10 15:25,Control,30,775.6789867
2023-06-10 15:25,Control,50,796.6272417
2023-06-10 15:25,Saltwater,5,464.8314287
2023-06-10 15:25,Saltwater,15,419.42142
2023-06-10 15:25,Saltwater,30,610.9568533
2023-06-10 15:25,Saltwater,50,646.9111933
2023-06-10 15:25,Freshwater,5,505.79802
2023-06-10 15:25,Freshwater,15,325.8296028
2023-06-10 15:25,Freshwater,30,277.223096
2023-06-10 15:25,Freshwater,50,696.90286
2023-06-10 15:30,Control,5,614.54876
2023-06-10 15:30,Control,15,778.1892
2023-06-10 15:30,Control,30,775.5674467
2023-06-10 15:30,Control,50,796.6605917
2023-06-10 15:30,Saltwater,5,463.652482
2023-06-10 15:30,Saltwater,15,419.72846
2023-06-10 15:30,Saltwater,30,611.13222
2023-06-10 15:30,Saltwater,50,646.91598
2023-06-10 15:30,Freshwater,5,505.51468
2023-06-10 15:30,Freshwater,15,325.8958306
2023-06-10 15:30,Freshwater,30,277.7317
2023-06-10 15:30,Freshwater,50,696.72582
2023-06-10 15:35,Control,5,615.3290822
2023-06-10 15:35,Control,15,778.2492533
2023-06-10 15:35,Control,30,775.5791044
2023-06-10 15:35,Control,50,796.6723694
2023-06-10 15:35,Saltwater,5,463.8038873
2023-06-10 15:35,Saltwater,15,419.59202
2023-06-10 15:35,Saltwater,30,611.3028
2023-06-10 15:35,Saltwater,50,646.95008
2023-06-10 15:35,Freshwater,5,505.5711067
2023-06-10 15:35,Freshwater,15,325.7252236
2023-06-10 15:35,Freshwater,30,277.765248
2023-06-10 15:35,Freshwater,50,696.75654
2023-06-10 15:40,Control,5,615.7426644
2023-06-10 15:40,Control,15,778.3560867
2023-06-10 15:40,Control,30,775.7399822
2023-06-10 15:40,Control,50,796.6545222
2023-06-10 15:40,Saltwater,5,463.4777427
2023-06-10 15:40,Saltwater,15,419.52378
2023-06-10 15:40,Saltwater,30,611.13222
2023-06-10 15:40,Saltwater,50,646.7795
2023-06-10 15:40,Freshwater,5,505.4933933
2023-06-10 15:40,Freshwater,15,325.3175006
2023-06-10 15:40,Freshwater,30,278.274812
2023-06-10 15:40,Freshwater,50,696.62038
2023-06-10 15:45,Control,5,615.7719867
2023-06-10 15:45,Control,15,778.34852
2023-06-10 15:45,Control,30,775.75232
2023-06-10 15:45,Control,50,796.70975
2023-06-10 15:45,Saltwater,5,463.799696
2023-06-10 15:45,Saltwater,15,419.52378
2023-06-10 15:45,Saltwater,30,610.99578
2023-06-10 15:45,Saltwater,50,646.81362
2023-06-10 15:45,Freshwater,5,505.34794
2023-06-10 15:45,Freshwater,15,325.8610746
2023-06-10 15:45,Freshwater,30,278.070972
2023-06-10 15:45,Freshwater,50,696.5864
2023-06-10 15:50,Control,5,615.3740111
2023-06-10 15:50,Control,15,778.27142
2023-06-10 15:50,Control,30,775.70942
2023-06-10 15:50,Control,50,796.700675
2023-06-10 15:50,Saltwater,5,463.614756
2023-06-10 15:50,Saltwater,15,419.38734
2023-06-10 15:50,Saltwater,30,611.1322
2023-06-10 15:50,Saltwater,50,646.7454
2023-06-10 15:50,Freshwater,5,504.0813667
2023-06-10 15:50,Freshwater,15,325.2835254
2023-06-10 15:50,Freshwater,30,278.274806
2023-06-10 15:50,Freshwater,50,696.28062
2023-06-10 15:55,Control,5,615.9632756
2023-06-10 15:55,Control,15,778.33988
2023-06-10 15:55,Control,30,775.77774
2023-06-10 15:55,Control,50,796.7788
2023-06-10 15:55,Saltwater,5,463.429856
2023-06-10 15:55,Saltwater,15,419.35322
2023-06-10 15:55,Saltwater,30,610.96166
2023-06-10 15:55,Saltwater,50,646.67716
2023-06-10 15:55,Freshwater,5,504.4836733
2023-06-10 15:55,Freshwater,15,325.8626668
2023-06-10 15:55,Freshwater,30,278.44561
2023-06-10 15:55,Freshwater,50,696.42352
2023-06-10 16:00,Control,5,616.50394
2023-06-10 16:00,Control,15,778.30618
2023-06-10 16:00,Control,30,775.81248
2023-06-10 16:00,Control,50,796.786675
2023-06-10 16:00,Saltwater,5,463.449618
2023-06-10 16:00,Saltwater,15,419.42144
2023-06-10 16:00,Saltwater,30,610.99576
2023-06-10 16:00,Saltwater,50,646.81362
2023-06-10 16:00,Freshwater,5,504.74478
2023-06-10 16:00,Freshwater,15,325.6584326
2023-06-10 16:00,Freshwater,30,279.260738
2023-06-10 16:00,Freshwater,50,695.81012
2023-06-10 16:05,Control,5,616.1645467
2023-06-10 16:05,Control,15,778.41106
2023-06-10 16:05,Control,30,775.98556
2023-06-10 16:05,Control,50,796.824475
2023-06-10 16:05,Saltwater,5,463.1575673
2023-06-10 16:05,Saltwater,15,419.42144
2023-06-10 16:05,Saltwater,30,611.1322
2023-06-10 16:05,Saltwater,50,646.71128
2023-06-10 16:05,Freshwater,5,504.90612
2023-06-10 16:05,Freshwater,15,326.136312
2023-06-10 16:05,Freshwater,30,279.4707127
2023-06-10 16:05,Freshwater,50,696.2322467
2023-06-10 16:10,Control,5,616.2301133
2023-06-10 16:10,Control,15,778.35878
2023-06-10 16:10,Control,30,775.83088
2023-06-10 16:10,Control,50,796.763025
2023-06-10 16:10,Saltwater,5,463.0019787
2023-06-10 16:10,Saltwater,15,418.97796
2023-06-10 16:10,Saltwater,30,610.72286
2023-06-10 16:10,Saltwater,50,646.57486
2023-06-10 16:10,Freshwater,5,505.74236
2023-06-10 16:10,Freshwater,15,327.2919326
2023-06-10 16:10,Freshwater,30,281.6840813
2023-06-10 16:10,Freshwater,50,698.0736333
2023-06-10 16:15,Control,5,616.77746
2023-06-10 16:15,Control,15,778.49578
2023-06-10 16:15,Control,30,775.93354
2023-06-10 16:15,Control,50,796.884075
2023-06-10 16:15,Saltwater,5,463.528634
2023-06-10 16:15,Saltwater,15,419.79666
2023-06-10 16:15,Saltwater,30,611.57568
2023-06-10 16:15,Saltwater,50,647.3594
2023-06-10 16:15,Freshwater,5,503.37466
2023-06-10 16:15,Freshwater,15,326.7107866
2023-06-10 16:15,Freshwater,30,280.191896
2023-06-10 16:15,Freshwater,50,695.2775
2023-06-10 16:20,Control,5,616.6544844
2023-06-10 16:20,Control,15,778.55778
2023-06-10 16:20,Control,30,775.96142
2023-06-10 16:20,Control,50,796.920275
2023-06-10 16:20,Saltwater,5,463.2461367
2023-06-10 16:20,Saltwater,15,419.2412867
2023-06-10 16:20,Saltwater,30,611.02988
2023-06-10 16:20,Saltwater,50,646.71128
2023-06-10 16:20,Freshwater,5,504.2055933
2023-06-10 16:20,Freshwater,15,325.4540496
2023-06-10 16:20,Freshwater,30,280.293996
2023-06-10 16:20,Freshwater,50,695.04088
2023-06-10 16:25,Control,5,617.1772089
2023-06-10 16:25,Control,15,778.51252
2023-06-10 16:25,Control,30,775.98454
2023-06-10 16:25,Control,50,796.908775
2023-06-10 16:25,Saltwater,5,463.2024633
2023-06-10 16:25,Saltwater,15,419.1293533
2023-06-10 16:25,Saltwater,30,611.09812
2023-06-10 16:25,Saltwater,50,646.54074
2023-06-10 16:25,Freshwater,5,502.8259467
2023-06-10 16:25,Freshwater,15,325.9970028
2023-06-10 16:25,Freshwater,30,280.36156
2023-06-10 16:25,Freshwater,50,694.59664
2023-06-10 16:30,Control,5,617.5546733
2023-06-10 16:30,Control,15,778.5713
2023-06-10 16:30,Control,30,776.07738
2023-06-10 16:30,Control,50,796.9769
2023-06-10 16:30,Saltwater,5,462.91999
2023-06-10 16:30,Saltwater,15,419.56328
2023-06-10 16:30,Saltwater,30,610.92754
2023-06-10 16:30,Saltwater,50,646.26782
2023-06-10 16:30,Freshwater,5,504.23948
2023-06-10 16:30,Freshwater,15,326.3390156
2023-06-10 16:30,Freshwater,30,280.906492
2023-06-10 16:30,Freshwater,50,696.06712
2023-06-10 16:35,Control,5,617.5716778
2023-06-10 16:35,Control,15,778.6259933
2023-06-10 16:35,Control,30,775.9732
2023-06-10 16:35,Control,50,796.9325
2023-06-10 16:35,Saltwater,5,463.1055033
2023-06-10 16:35,Saltwater,15,419.1491533
2023-06-10 16:35,Saltwater,30,610.62052
2023-06-10 16:35,Saltwater,50,646.8136
2023-06-10 16:35,Freshwater,5,504.2303133
2023-06-10 16:35,Freshwater,15,325.4200348
2023-06-10 16:35,Freshwater,30,281.211236
2023-06-10 16:35,Freshwater,50,695.65218
2023-06-10 16:40,Control,5,617.5269822
2023-06-10 16:40,Control,15,778.6899267
2023-06-10 16:40,Control,30,776.11742
2023-06-10 16:40,Control,50,796.94035
2023-06-10 16:40,Saltwater,5,462.8817007
2023-06-10 16:40,Saltwater,15,418.6667667
2023-06-10 16:40,Saltwater,30,611.81444
2023-06-10 16:40,Saltwater,50,646.54072
2023-06-10 16:40,Freshwater,5,503.5445867
2023-06-10 16:40,Freshwater,15,326.1668436
2023-06-10 16:40,Freshwater,30,281.007058
2023-06-10 16:40,Freshwater,50,695.98944
2023-06-10 16:45,Control,5,617.5153467
2023-06-10 16:45,Control,15,778.7865
2023-06-10 16:45,Control,30,776.15762
2023-06-10 16:45,Control,50,797.031975
2023-06-10 16:45,Saltwater,5,463.442468
2023-06-10 16:45,Saltwater,15,419.41246
2023-06-10 16:45,Saltwater,30,610.5864
2023-06-10 16:45,Saltwater,50,647.42764
2023-06-10 16:45,Freshwater,5,503.2339
2023-06-10 16:45,Freshwater,15,325.9969612
2023-06-10 16:45,Freshwater,30,281.652536
2023-06-10 16:45,Freshwater,50,695.71746
2023-06-10 16:50,Control,5,618.1854111
2023-06-10 16:50,Control,15,778.89284
2023-06-10 16:50,Control,30,776.16142
2023-06-10 16:50,Control,50,797.035925
2023-06-10 16:50,Saltwater,5,462.1270633
2023-06-10 16:50,Saltwater,15,417.0491267
2023-06-10 16:50,Saltwater,30,610.99576
2023-06-10 16:50,Saltwater,50,646.40426
2023-06-10 16:50,Freshwater,5,502.64326
2023-06-10 16:50,Freshwater,15,326.1917057
2023-06-10 16:50,Freshwater,30,281.6576247
2023-06-10 16:50,Freshwater,50,695.9282067
2023-06-10 16:55,Control,5,617.5496356
2023-06-10 16:55,Control,15,778.9885
2023-06-10 16:55,Control,30,776.15464
2023-06-10 16:55,Control,50,796.986225
2023-06-10 16:55,Saltwater,5,461.8691167
2023-06-10 16:55,Saltwater,15,419.7003333
2023-06-10 16:55,Saltwater,30,610.48408
2023-06-10 16:55,Saltwater,50,646.4384
2023-06-10 16:55,Freshwater,5,503.03544
2023-06-10 16:55,Freshwater,15,326.1137373
2023-06-10 16:55,Freshwater,30,282.1717033
2023-06-10 16:55,Freshwater,50,695.2855533
2023-06-10 17:00,Control,5,616.99164
2023-06-10 17:00,Control,15,778.9608
2023-06-10 17:00,Control,30,776.2635
2023-06-10 17:00,Control,50,796.9928
2023-06-10 17:00,Saltwater,5,462.53223
2023-06-10 17:00,Saltwater,15,419.65664
2023-06-10 17:00,Saltwater,30,609.56304
2023-06-10 17:00,Saltwater,50,646.33604
2023-06-10 17:00,Freshwater,5,502.86472
2023-06-10 17:00,Freshwater,15,326.109453
2023-06-10 17:00,Freshwater,30,282.41753
2023-06-10 17:00,Freshwater,50,695.58456
2023-06-10 17:05,Control,5,616.4311044
2023-06-10 17:05,Control,15,778.8150133
2023-06-10 17:05,Control,30,776.2322
2023-06-10 17:05,Control,50,797.081225
2023-06-10 17:05,Saltwater,5,462.6297433
2023-06-10 17:05,Saltwater,15,417.6099
2023-06-10 17:05,Saltwater,30,610.21118
2023-06-10 17:05,Saltwater,50,646.50662
2023-06-10 17:05,Freshwater,5,502.7813933
2023-06-10 17:05,Freshwater,15,326.0665663
2023-06-10 17:05,Freshwater,30,282.72076
2023-06-10 17:05,Freshwater,50,695.66898
2023-06-10 17:10,Control,5,615.9028889
2023-06-10 17:10,Control,15,778.8033467
2023-06-10 17:10,Control,30,776.2325
2023-06-10 17:10,Control,50,797.0388
2023-06-10 17:10,Saltwater,5,462.4202867
2023-06-10 17:10,Saltwater,15,418.76972
2023-06-10 17:10,Saltwater,30,610.757
2023-06-10 17:10,Saltwater,50,647.2912
2023-06-10 17:10,Freshwater,5,502.5111667
2023-06-10 17:10,Freshwater,15,326.1321987
2023-06-10 17:10,Freshwater,30,283.062034
2023-06-10 17:10,Freshwater,50,695.57752
2023-06-10 17:15,Control,5,616.6385533
2023-06-10 17:15,Control,15,778.89386
2023-06-10 17:15,Control,30,776.36916
2023-06-10 17:15,Control,50,797.0388
2023-06-10 17:15,Saltwater,5,462.108508
2023-06-10 17:15,Saltwater,15,418.4968
2023-06-10 17:15,Saltwater,30,610.8252
2023-06-10 17:15,Saltwater,50,646.64306
2023-06-10 17:15,Freshwater,5,502.51176
2023-06-10 17:15,Freshwater,15,326.027595
2023-06-10 17:15,Freshwater,30,282.485798
2023-06-10 17:15,Freshwater,50,695.3487
2023-06-10 17:20,Control,5,617.1692378
2023-06-10 17:20,Control,15,778.99636
2023-06-10 17:20,Control,30,776.335
2023-06-10 17:20,Control,50,797.08145
2023-06-10 17:20,Saltwater,5,462.128262
2023-06-10 17:20,Saltwater,15,418.5261333
2023-06-10 17:20,Saltwater,30,610.96166
2023-06-10 17:20,Saltwater,50,646.5066
2023-06-10 17:20,Freshwater,5,502.3480533
2023-06-10 17:20,Freshwater,15,326.1601058
2023-06-10 17:20,Freshwater,30,283.536866
2023-06-10 17:20,Freshwater,50,695.30034
2023-06-10 17:25,Control,5,617.1874422
2023-06-10 17:25,Control,15,779.0647
2023-06-10 17:25,Control,30,776.30082
2023-06-10 17:25,Control,50,797.0815
2023-06-10 17:25,Saltwater,5,461.909222
2023-06-10 17:25,Saltwater,15,418.6919467
2023-06-10 17:25,Saltwater,30,611.20042
2023-06-10 17:25,Saltwater,50,646.64304
2023-06-10 17:25,Freshwater,5,501.9838467
2023-06-10 17:25,Freshwater,15,326.090056
2023-06-10 17:25,Freshwater,30,283.433678
2023-06-10 17:25,Freshwater,50,695.4613
2023-06-10 17:30,Control,5,617.6156667
2023-06-10 17:30,Control,15,779.09888
2023-06-10 17:30,Control,30,776.4033
2023-06-10 17:30,Control,50,797.0815
2023-06-10 17:30,Saltwater,5,461.758428
2023-06-10 17:30,Saltwater,15,418.55068
2023-06-10 17:30,Saltwater,30,610.92754
2023-06-10 17:30,Saltwater,50,646.47248
2023-06-10 17:30,Freshwater,5,502.17278
2023-06-10 17:30,Freshwater,15,325.4462356
2023-06-10 17:30,Freshwater,30,283.944314
2023-06-10 17:30,Freshwater,50,694.92482
2023-06-10 17:35,Control,5,617.1213911
2023-06-10 17:35,Control,15,779.2577333
2023-06-10 17:35,Control,30,776.40332
2023-06-10 17:35,Control,50,797.124175
2023-06-10 17:35,Saltwater,5,461.64172
2023-06-10 17:35,Saltwater,15,418.44836
2023-06-10 17:35,Saltwater,30,610.96164
2023-06-10 17:35,Saltwater,50,646.47248
2023-06-10 17:35,Freshwater,5,501.9324333
2023-06-10 17:35,Freshwater,15,326.3304358
2023-06-10 17:35,Freshwater,30,284.114718
2023-06-10 17:35,Freshwater,50,695.54
2023-06-10 17:40,Control,5,617.0029356
2023-06-10 17:40,Control,15,779.2116067
2023-06-10 17:40,Control,30,776.40332
2023-06-10 17:40,Control,50,797.0815
2023-06-10 17:40,Saltwater,5,461.79792
2023-06-10 17:40,Saltwater,15,418.41422
2023-06-10 17:40,Saltwater,30,610.92752
2023-06-10 17:40,Saltwater,50,646.06314
2023-06-10 17:40,Freshwater,5,501.7564067
2023-06-10 17:40,Freshwater,15,325.956166
2023-06-10 17:40,Freshwater,30,283.910554
2023-06-10 17:40,Freshwater,50,695.09616
2023-06-10 17:45,Control,5,617.05532
2023-06-10 17:45,Control,15,779.26796
2023-06-10 17:45,Control,30,776.4375
2023-06-10 17:45,Control,50,797.0388
2023-06-10 17:45,Saltwater,5,461.510632
2023-06-10 17:45,Saltwater,15,418.44836
2023-06-10 17:45,Saltwater,30,610.99576
2023-06-10 17:45,Saltwater,50,646.54072
2023-06-10 17:45,Freshwater,5,501.23942
2023-06-10 17:45,Freshwater,15,326.4647394
2023-06-10 17:45,Freshwater,30,284.691292
2023-06-10 17:45,Freshwater,50,695.26166
2023-06-10 17:50,Control,5,616.9630467
2023-06-10 17:50,Control,15,779.3021
2023-06-10 17:50,Control,30,776.47164
2023-06-10 17:50,Control,50,797.1242
2023-06-10 17:50,Saltwater,5,461.3305187
2023-06-10 17:50,Saltwater,15,418.2047933
2023-06-10 17:50,Saltwater,30,610.99578
2023-06-10 17:50,Saltwater,50,646.47248
2023-06-10 17:50,Freshwater,5,501.2896933
2023-06-10 17:50,Freshwater,15,326.4993252
2023-06-10 17:50,Freshwater,30,284.6868813
2023-06-10 17:50,Freshwater,50,695.2253933
2023-06-10 17:55,Control,5,617.3490933
2023-06-10 17:55,Control,15,779.33628
2023-06-10 17:55,Control,30,776.50582
2023-06-10 17:55,Control,50,797.1669
2023-06-10 17:55,Saltwater,5,460.9457213
2023-06-10 17:55,Saltwater,15,417.8588667
2023-06-10 17:55,Saltwater,30,610.62054
2023-06-10 17:55,Saltwater,50,646.13138
2023-06-10 17:55,Freshwater,5,501.0983867
2023-06-10 17:55,Freshwater,15,326.1247074
2023-06-10 17:55,Freshwater,30,285.1911207
2023-06-10 17:55,Freshwater,50,694.3674267
2023-06-10 18:00,Control,5,617.4618
2023-06-10 18:00,Control,15,779.4388
2023-06-10 18:00,Control,30,776.64248
2023-06-10 18:00,Control,50,797.209575
2023-06-10 18:00,Saltwater,5,461.82306
2023-06-10 18:00,Saltwater,15,418.741
2023-06-10 18:00,Saltwater,30,611.43922
2023-06-10 18:00,Saltwater,50,647.52998
2023-06-10 18:00,Freshwater,5,500.24328
2023-06-10 18:00,Freshwater,15,325.6543156
2023-06-10 18:00,Freshwater,30,284.985864
2023-06-10 18:00,Freshwater,50,694.79268
2023-06-10 18:05,Control,5,617.5904822
2023-06-10 18:05,Control,15,779.50714
2023-06-10 18:05,Control,30,776.50582
2023-06-10 18:05,Control,50,797.1669
2023-06-10 18:05,Saltwater,5,461.501702
2023-06-10 18:05,Saltwater,15,418.434
2023-06-10 18:05,Saltwater,30,611.064
2023-06-10 18:05,Saltwater,50,647.08648
2023-06-10 18:05,Freshwater,5,500.2854533
2023-06-10 18:05,Freshwater,15,325.6254846
2023-06-10 18:05,Freshwater,30,285.430814
2023-06-10 18:05,Freshwater,50,694.8144
2023-06-10 18:10,Control,5,617.8216844
2023-06-10 18:10,Control,15,779.54128
2023-06-10 18:10,Control,30,776.64248
2023-06-10 18:10,Control,50,797.209625
2023-06-10 18:10,Saltwater,5,460.70276
2023-06-10 18:10,Saltwater,15,417.95642
2023-06-10 18:10,Saltwater,30,610.85932
2023-06-10 18:10,Saltwater,50,646.40428
2023-06-10 18:10,Freshwater,5,500.4068267
2023-06-10 18:10,Freshwater,15,326.3691066
2023-06-10 18:10,Freshwater,30,285.0886
2023-06-10 18:10,Freshwater,50,694.90008
2023-06-10 18:15,Control,5,617.9503467
2023-06-10 18:15,Control,15,779.5413
2023-06-10 18:15,Control,30,776.64248
2023-06-10 18:15,Control,50,797.209625
2023-06-10 18:15,Saltwater,5,461.063626
2023-06-10 18:15,Saltwater,15,417.95642
2023-06-10 18:15,Saltwater,30,610.99576
2023-06-10 18:15,Saltwater,50,646.40426
2023-06-10 18:15,Freshwater,5,500.06612
2023-06-10 18:15,Freshwater,15,326.302673
2023-06-10 18:15,Freshwater,30,286.210768
2023-06-10 18:15,Freshwater,50,694.8045
2023-06-10 18:20,Control,5,618.1473689
2023-06-10 18:20,Control,15,779.5293333
2023-06-10 18:20,Control,30,776.67666
2023-06-10 18:20,Control,50,797.2523
2023-06-10 18:20,Saltwater,5,460.7129247
2023-06-10 18:20,Saltwater,15,417.9809467
2023-06-10 18:20,Saltwater,30,610.99576
2023-06-10 18:20,Saltwater,50,646.37018
2023-06-10 18:20,Freshwater,5,499.7181533
2023-06-10 18:20,Freshwater,15,326.6276236
2023-06-10 18:20,Freshwater,30,286.451402
2023-06-10 18:20,Freshwater,50,694.78888
2023-06-10 18:25,Control,5,618.6518511
2023-06-10 18:25,Control,15,779.5856667
2023-06-10 18:25,Control,30,776.67666
2023-06-10 18:25,Control,50,797.2096
2023-06-10 18:25,Saltwater,5,461.1127133
2023-06-10 18:25,Saltwater,15,417.9713733
2023-06-10 18:25,Saltwater,30,610.92752
2023-06-10 18:25,Saltwater,50,646.40424
2023-06-10 18:25,Freshwater,5,500.0012467
2023-06-10 18:25,Freshwater,15,326.5730737
2023-06-10 18:25,Freshwater,30,286.620366
2023-06-10 18:25,Freshwater,50,694.91882
2023-06-10 18:30,Control,5,618.4046933
2023-06-10 18:30,Control,15,779.64204
2023-06-10 18:30,Control,30,776.77914
2023-06-10 18:30,Control,50,797.252325
2023-06-10 18:30,Saltwater,5,460.625562
2023-06-10 18:30,Saltwater,15,417.79124
2023-06-10 18:30,Saltwater,30,610.92754
2023-06-10 18:30,Saltwater,50,646.4725
2023-06-10 18:30,Freshwater,5,499.8083
2023-06-10 18:30,Freshwater,15,325.9747677
2023-06-10 18:30,Freshwater,30,286.959148
2023-06-10 18:30,Freshwater,50,694.50458
2023-06-10 18:35,Control,5,618.5516
2023-06-10 18:35,Control,15,779.6300733
2023-06-10 18:35,Control,30,776.67664
2023-06-10 18:35,Control,50,797.295
2023-06-10 18:35,Saltwater,5,460.645302
2023-06-10 18:35,Saltwater,15,417.75712
2023-06-10 18:35,Saltwater,30,610.99574
2023-06-10 18:35,Saltwater,50,646.47248
2023-06-10 18:35,Freshwater,5,499.96188
2023-06-10 18:35,Freshwater,15,326.6613333
2023-06-10 18:35,Freshwater,30,286.895728
2023-06-10 18:35,Freshwater,50,694.77196
2023-06-10 18:40,Control,5,618.2885067
2023-06-10 18:40,Control,15,779.6864467
2023-06-10 18:40,Control,30,776.71084
2023-06-10 18:40,Control,50,797.252325
2023-06-10 18:40,Saltwater,5,460.49451
2023-06-10 18:40,Saltwater,15,417.55246
2023-06-10 18:40,Saltwater,30,611.06398
2023-06-10 18:40,Saltwater,50,646.40428
2023-06-10 18:40,Freshwater,5,499.51416
2023-06-10 18:40,Freshwater,15,326.7268937
2023-06-10 18:40,Freshwater,30,287.437834
2023-06-10 18:40,Freshwater,50,694.59204
2023-06-10 18:45,Control,5,618.3670733
2023-06-10 18:45,Control,15,779.67448
2023-06-10 18:45,Control,30,776.74496
2023-06-10 18:45,Control,50,797.295
2023-06-10 18:45,Saltwater,5,460.34368
2023-06-10 18:45,Saltwater,15,417.68892
2023-06-10 18:45,Saltwater,30,610.92756
2023-06-10 18:45,Saltwater,50,646.43838
2023-06-10 18:45,Freshwater,5,499.00482
2023-06-10 18:45,Freshwater,15,326.7610037
2023-06-10 18:45,Freshwater,30,287.132094
2023-06-10 18:45,Freshwater,50,694.49068
2023-06-10 18:50,Control,5,618.5379133
2023-06-10 18:50,Control,15,779.7428
2023-06-10 18:50,Control,30,776.81332
2023-06-10 18:50,Control,50,797.2523
2023-06-10 18:50,Saltwater,5,460.3389133
2023-06-10 18:50,Saltwater,15,417.6111067
2023-06-10 18:50,Saltwater,30,610.89342
2023-06-10 18:50,Saltwater,50,646.33606
2023-06-10 18:50,Freshwater,5,499.33382
2023-06-10 18:50,Freshwater,15,326.7624301
2023-06-10 18:50,Freshwater,30,287.914532
2023-06-10 18:50,Freshwater,50,694.36074
2023-06-10 18:55,Control,5,618.4012733
2023-06-10 18:55,Control,15,779.67448
2023-06-10 18:55,Control,30,776.81332
2023-06-10 18:55,Control,50,797.295025
2023-06-10 18:55,Saltwater,5,460.2658947
2023-06-10 18:55,Saltwater,15,417.5333133
2023-06-10 18:55,Saltwater,30,610.96164
2023-06-10 18:55,Saltwater,50,646.37016
2023-06-10 18:55,Freshwater,5,499.82482
2023-06-10 18:55,Freshwater,15,326.7267328
2023-06-10 18:55,Freshwater,30,288.015322
2023-06-10 18:55,Freshwater,50,694.31954
2023-06-10 19:00,Control,5,616.9663333
2023-06-10 19:00,Control,15,779.70864
2023-06-10 19:00,Control,30,776.8133
2023-06-10 19:00,Control,50,797.209625
2023-06-10 19:00,Saltwater,5,460.295228
2023-06-10 19:00,Saltwater,15,417.48964
2023-06-10 19:00,Saltwater,30,610.92754
2023-06-10 19:00,Saltwater,50,646.37016
2023-06-10 19:00,Freshwater,5,500.97548
2023-06-10 19:00,Freshwater,15,327.0703818
2023-06-10 19:00,Freshwater,30,288.357672
2023-06-10 19:00,Freshwater,50,694.60766
2023-06-10 19:05,Control,5,618.2907756
2023-06-10 19:05,Control,15,779.8674733
2023-06-10 19:05,Control,30,776.7711622
2023-06-10 19:05,Control,50,797.2016472
2023-06-10 19:05,Saltwater,5,460.1126933
2023-06-10 19:05,Saltwater,15,417.4166133
2023-06-10 19:05,Saltwater,30,610.99576
2023-06-10 19:05,Saltwater,50,646.33606
2023-06-10 19:05,Freshwater,5,501.3059867
2023-06-10 19:05,Freshwater,15,326.6240029
2023-06-10 19:05,Freshwater,30,288.561636
2023-06-10 19:05,Freshwater,50,694.40432
2023-06-10 19:10,Control,5,618.2144978
2023-06-10 19:10,Control,15,779.7871867
2023-06-10 19:10,Control,30,776.8656844
2023-06-10 19:10,Control,50,797.2363194
2023-06-10 19:10,Saltwater,5,459.9301667
2023-06-10 19:10,Saltwater,15,417.4118467
2023-06-10 19:10,Saltwater,30,610.92754
2023-06-10 19:10,Saltwater,50,646.26782
2023-06-10 19:10,Freshwater,5,501.5682933
2023-06-10 19:10,Freshwater,15,327.1289163
2023-06-10 19:10,Freshwater,30,288.085934
2023-06-10 19:10,Freshwater,50,694.47234
2023-06-10 19:15,Control,5,618.17232
2023-06-10 19:15,Control,15,779.8777
2023-06-10 19:15,Control,30,776.8577067
2023-06-10 19:15,Control,50,797.2710667
2023-06-10 19:15,Saltwater,5,459.88408
2023-06-10 19:15,Saltwater,15,417.33884
2023-06-10 19:15,Saltwater,30,610.96166
2023-06-10 19:15,Saltwater,50,646.37014
2023-06-10 19:15,Freshwater,5,501.86556
2023-06-10 19:15,Freshwater,15,327.1924702
2023-06-10 19:15,Freshwater,30,289.037612
2023-06-10 19:15,Freshwater,50,694.16822
2023-06-10 19:20,Control,5,618.2588644
2023-06-10 19:20,Control,15,779.8777
2023-06-10 19:20,Control,30,776.8759111
2023-06-10 19:20,Control,50,797.3405361
2023-06-10 19:20,Saltwater,5,459.8379933
2023-06-10 19:20,Saltwater,15,417.3292267
2023-06-10 19:20,Saltwater,30,611.0299
2023-06-10 19:20,Saltwater,50,646.30192
2023-06-10 19:20,Freshwater,5,501.5550133
2023-06-10 19:20,Freshwater,15,327.2508989
2023-06-10 19:20,Freshwater,30,289.275468
2023-06-10 19:20,Freshwater,50,694.4741
2023-06-10 19:25,Control,5,617.9696089
2023-06-10 19:25,Control,15,779.84354
2023-06-10 19:25,Control,30,776.8941156
2023-06-10 19:25,Control,50,797.2391806
2023-06-10 19:25,Saltwater,5,459.5531267
2023-06-10 19:25,Saltwater,15,417.2173333
2023-06-10 19:25,Saltwater,30,610.92756
2023-06-10 19:25,Saltwater,50,646.4384
2023-06-10 19:25,Freshwater,5,501.8220467
2023-06-10 19:25,Freshwater,15,326.8675675
2023-06-10 19:25,Freshwater,30,289.41137
2023-06-10 19:25,Freshwater,50,694.30422
2023-06-10 19:30,Control,5,617.8853133
2023-06-10 19:30,Control,15,779.84354
2023-06-10 19:30,Control,30,776.77566
2023-06-10 19:30,Control,50,797.265925
2023-06-10 19:30,Saltwater,5,459.44152
2023-06-10 19:30,Saltwater,15,417.21
2023-06-10 19:30,Saltwater,30,610.89776
2023-06-10 19:30,Saltwater,50,646.34076
2023-06-10 19:30,Freshwater,5,501.61338
2023-06-10 19:30,Freshwater,15,326.790026
2023-06-10 19:30,Freshwater,30,289.683208
2023-06-10 19:30,Freshwater,50,693.99842
2023-06-10 19:35,Control,5,617.9035178
2023-06-10 19:35,Control,15,779.8777
2023-06-10 19:35,Control,30,776.94648
2023-06-10 19:35,Control,50,797.22325
2023-06-10 19:35,Saltwater,5,459.4637067
2023-06-10 19:35,Saltwater,15,417.1715467
2023-06-10 19:35,Saltwater,30,611.0011067
2023-06-10 19:35,Saltwater,50,646.3073467
2023-06-10 19:35,Freshwater,5,501.49712
2023-06-10 19:35,Freshwater,15,327.1637922
2023-06-10 19:35,Freshwater,30,289.615266
2023-06-10 19:35,Freshwater,50,694.23626
2023-06-10 19:40,Control,5,617.6825622
2023-06-10 19:40,Control,15,779.91186
2023-06-10 19:40,Control,30,776.87816
2023-06-10 19:40,Control,50,797.308625
2023-06-10 19:40,Saltwater,5,459.3855733
2023-06-10 19:40,Saltwater,15,417.1006533
2023-06-10 19:40,Saltwater,30,610.9371133
2023-06-10 19:40,Saltwater,50,646.3115133
2023-06-10 19:40,Freshwater,5,501.14296
2023-06-10 19:40,Freshwater,15,327.095831
2023-06-10 19:40,Freshwater,30,290.158946
2023-06-10 19:40,Freshwater,50,694.13432
2023-06-10 19:45,Control,5,617.2566467
2023-06-10 19:45,Control,15,779.94602
2023-06-10 19:45,Control,30,776.87816
2023-06-10 19:45,Control,50,797.265925
2023-06-10 19:45,Saltwater,5,459.38074
2023-06-10 19:45,Saltwater,15,417.13628
2023-06-10 19:45,Saltwater,30,611.05188
2023-06-10 19:45,Saltwater,50,646.35872
2023-06-10 19:45,Freshwater,5,500.7888
2023-06-10 19:45,Freshwater,15,327.231751
2023-06-10 19:45,Freshwater,30,289.853122
2023-06-10 19:45,Freshwater,50,694.06636
2023-06-10 19:50,Control,5,617.1578467
2023-06-10 19:50,Control,15,779.9272667
2023-06-10 19:50,Control,30,776.95162
2023-06-10 19:50,Control,50,797.228525
2023-06-10 19:50,Saltwater,5,459.3777933
2023-06-10 19:50,Saltwater,15,416.9307267
2023-06-10 19:50,Saltwater,30,611.02068
2023-06-10 19:50,Saltwater,50,646.396
2023-06-10 19:50,Freshwater,5,501.2297133
2023-06-10 19:50,Freshwater,15,327.1993514
2023-06-10 19:50,Freshwater,30,290.635688
2023-06-10 19:50,Freshwater,50,693.76714
2023-06-10 19:55,Control,5,617.2932067
2023-06-10 19:55,Control,15,779.9357133
2023-06-10 19:55,Control,30,777.01816
2023-06-10 19:55,Control,50,797.3548
2023-06-10 19:55,Saltwater,5,459.1318067
2023-06-10 19:55,Saltwater,15,417.0627733
2023-06-10 19:55,Saltwater,30,610.9827
2023-06-10 19:55,Saltwater,50,646.4259
2023-06-10 19:55,Freshwater,5,501.1536067
2023-06-10 19:55,Freshwater,15,327.1980028
2023-06-10 19:55,Freshwater,30,290.83867
2023-06-10 19:55,Freshwater,50,693.76156
2023-06-10 20:00,Control,5,617.3596267
2023-06-10 20:00,Control,15,779.8749
2023-06-10 20:00,Control,30,776.98134
2023-06-10 20:00,Control,50,797.35205
2023-06-10 20:00,Saltwater,5,459.08926
2023-06-10 20:00,Saltwater,15,416.88682
2023-06-10 20:00,Saltwater,30,610.94272
2023-06-10 20:00,Saltwater,50,646.5901
2023-06-10 20:00,Freshwater,5,500.74068
2023-06-10 20:00,Freshwater,15,327.3677412
2023-06-10 20:00,Freshwater,30,291.008422
2023-06-10 20:00,Freshwater,50,694.06668
2023-06-10 20:05,Control,5,616.8927533
2023-06-10 20:05,Control,15,779.91078
2023-06-10 20:05,Control,30,776.983
2023-06-10 20:05,Control,50,797.396525
2023-06-10 20:05,Saltwater,5,459.0885467
2023-06-10 20:05,Saltwater,15,417.0306
2023-06-10 20:05,Saltwater,30,610.99112
2023-06-10 20:05,Saltwater,50,646.4692
2023-06-10 20:05,Freshwater,5,500.4944667
2023-06-10 20:05,Freshwater,15,327.0236559
2023-06-10 20:05,Freshwater,30,291.314602
2023-06-10 20:05,Freshwater,50,693.83086
2023-06-10 20:10,Control,5,616.90718
2023-06-10 20:10,Control,15,779.88246
2023-06-10 20:10,Control,30,777.05718
2023-06-10 20:10,Control,50,797.3171
2023-06-10 20:10,Saltwater,5,459.1173533
2023-06-10 20:10,Saltwater,15,416.82944
2023-06-10 20:10,Saltwater,30,611.0662
2023-06-10 20:10,Saltwater,50,646.57902
2023-06-10 20:10,Freshwater,5,500.4837733
2023-06-10 20:10,Freshwater,15,327.4261629
2023-06-10 20:10,Freshwater,30,290.668702
2023-06-10 20:10,Freshwater,50,693.93096
2023-06-10 20:15,Control,5,616.7427667
2023-06-10 20:15,Control,15,779.97962
2023-06-10 20:15,Control,30,777.05186
2023-06-10 20:15,Control,50,797.397
2023-06-10 20:15,Saltwater,5,459.04086
2023-06-10 20:15,Saltwater,15,416.8305
2023-06-10 20:15,Saltwater,30,610.8295
2023-06-10 20:15,Saltwater,50,646.54716
2023-06-10 20:15,Freshwater,5,500.37774
2023-06-10 20:15,Freshwater,15,327.3895964
2023-06-10 20:15,Freshwater,30,291.72354
2023-06-10 20:15,Freshwater,50,693.94008
2023-06-10 20:20,Control,5,616.3934867
2023-06-10 20:20,Control,15,780.08514
2023-06-10 20:20,Control,30,777.08884
2023-06-10 20:20,Control,50,797.392625
2023-06-10 20:20,Saltwater,5,458.8318867
2023-06-10 20:20,Saltwater,15,416.8300933
2023-06-10 20:20,Saltwater,30,610.87216
2023-06-10 20:20,Saltwater,50,646.59058
2023-06-10 20:20,Freshwater,5,500.1339733
2023-06-10 20:20,Freshwater,15,327.6222207
2023-06-10 20:20,Freshwater,30,291.995078
2023-06-10 20:20,Freshwater,50,693.6324
2023-06-10 20:25,Control,5,616.3961267
2023-06-10 20:25,Control,15,780.0547
2023-06-10 20:25,Control,30,777.09254
2023-06-10 20:25,Control,50,797.439175
2023-06-10 20:25,Saltwater,5,458.9290533
2023-06-10 20:25,Saltwater,15,416.7948667
2023-06-10 20:25,Saltwater,30,610.98156
2023-06-10 20:25,Saltwater,50,646.59828
2023-06-10 20:25,Freshwater,5,500.2749467
2023-06-10 20:25,Freshwater,15,327.4854139
2023-06-10 20:25,Freshwater,30,292.167658
2023-06-10 20:25,Freshwater,50,693.34292
2023-06-10 20:30,Control,5,616.5834867
2023-06-10 20:30,Control,15,780.14622
2023-06-10 20:30,Control,30,777.14972
2023-06-10 20:30,Control,50,797.59115
2023-06-10 20:30,Saltwater,5,458.79938
2023-06-10 20:30,Saltwater,15,416.7354
2023-06-10 20:30,Saltwater,30,610.9056
2023-06-10 20:30,Saltwater,50,646.62708
2023-06-10 20:30,Freshwater,5,500.23264
2023-06-10 20:30,Freshwater,15,326.9015708
2023-06-10 20:30,Freshwater,30,292.404574
2023-06-10 20:30,Freshwater,50,693.439
2023-06-10 20:35,Control,5,616.5517467
2023-06-10 20:35,Control,15,780.1717933
2023-06-10 20:35,Control,30,777.1873
2023-06-10 20:35,Control,50,797.466525
2023-06-10 20:35,Saltwater,5,458.8086667
2023-06-10 20:35,Saltwater,15,416.6695133
2023-06-10 20:35,Saltwater,30,610.91512
2023-06-10 20:35,Saltwater,50,646.66848
2023-06-10 20:35,Freshwater,5,499.9484267
2023-06-10 20:35,Freshwater,15,327.6676292
2023-06-10 20:35,Freshwater,30,292.505722
2023-06-10 20:35,Freshwater,50,693.74016
2023-06-10 20:40,Control,5,616.3221067
2023-06-10 20:40,Control,15,780.2415667
2023-06-10 20:40,Control,30,777.23478
2023-06-10 20:40,Control,50,797.523075
2023-06-10 20:40,Saltwater,5,458.7372733
2023-06-10 20:40,Saltwater,15,416.6556667
2023-06-10 20:40,Saltwater,30,610.95956
2023-06-10 20:40,Saltwater,50,646.67974
2023-06-10 20:40,Freshwater,5,500.1614933
2023-06-10 20:40,Freshwater,15,327.6268002
2023-06-10 20:40,Freshwater,30,292.748772
2023-06-10 20:40,Freshwater,50,693.7035
2023-06-10 20:45,Control,5,616.3056467
2023-06-10 20:45,Control,15,780.15196
2023-06-10 20:45,Control,30,777.22534
2023-06-10 20:45,Control,50,797.548675
2023-06-10 20:45,Saltwater,5,458.59206
2023-06-10 20:45,Saltwater,15,416.70544
2023-06-10 20:45,Saltwater,30,610.89268
2023-06-10 20:45,Saltwater,50,646.7153
2023-06-10 20:45,Freshwater,5,499.634
2023-06-10 20:45,Freshwater,15,327.47325
2023-06-10 20:45,Freshwater,30,292.98436
2023-06-10 20:45,Freshwater,50,693.58788
2023-06-10 20:50,Control,5,616.3960911
2023-06-10 20:50,Control,15,780.32826
2023-06-10 20:50,Control,30,777.23074
2023-06-10 20:50,Control,50,797.55425
2023-06-10 20:50,Saltwater,5,458.63134
2023-06-10 20:50,Saltwater,15,416.50498
2023-06-10 20:50,Saltwater,30,610.83276
2023-06-10 20:50,Saltwater,50,646.7585
2023-06-10 20:50,Freshwater,5,499.7264267
2023-06-10 20:50,Freshwater,15,327.6431692
2023-06-10 20:50,Freshwater,30,292.984406
2023-06-10 20:50,Freshwater,50,693.48602
2023-06-10 20:55,Control,5,616.3972756
2023-06-10 20:55,Control,15,780.38644
2023-06-10 20:55,Control,30,777.32296
2023-06-10 20:55,Control,50,797.579
2023-06-10 20:55,Saltwater,5,458.53374
2023-06-10 20:55,Saltwater,15,416.6454
2023-06-10 20:55,Saltwater,30,610.87456
2023-06-10 20:55,Saltwater,50,646.86924
2023-06-10 20:55,Freshwater,5,499.8952733
2023-06-10 20:55,Freshwater,15,327.4426712
2023-06-10 20:55,Freshwater,30,293.564468
2023-06-10 20:55,Freshwater,50,692.7186
2023-06-10 21:00,Control,5,616.29146
2023-06-10 21:00,Control,15,780.37006
2023-06-10 21:00,Control,30,777.37482
2023-06-10 21:00,Control,50,797.64005
2023-06-10 21:00,Saltwater,5,458.59886
2023-06-10 21:00,Saltwater,15,416.404
2023-06-10 21:00,Saltwater,30,610.86954
2023-06-10 21:00,Saltwater,50,646.76136
2023-06-10 21:00,Freshwater,5,499.89138
2023-06-10 21:00,Freshwater,15,327.8867438
2023-06-10 21:00,Freshwater,30,293.66802
2023-06-10 21:00,Freshwater,50,693.47574
2023-06-10 21:05,Control,5,616.0965
2023-06-10 21:05,Control,15,780.35002
2023-06-10 21:05,Control,30,777.52556
2023-06-10 21:05,Control,50,797.56915
2023-06-10 21:05,Saltwater,5,458.5524133
2023-06-10 21:05,Saltwater,15,416.512
2023-06-10 21:05,Saltwater,30,610.84644
2023-06-10 21:05,Saltwater,50,646.84162
2023-06-10 21:05,Freshwater,5,499.7499133
2023-06-10 21:05,Freshwater,15,327.7504862
2023-06-10 21:05,Freshwater,30,294.177528
2023-06-10 21:05,Freshwater,50,693.44048
2023-06-10 21:10,Control,5,615.95772
2023-06-10 21:10,Control,15,780.41544
2023-06-10 21:10,Control,30,777.4543
2023-06-10 21:10,Control,50,797.6516
2023-06-10 21:10,Saltwater,5,458.4666667
2023-06-10 21:10,Saltwater,15,416.30862
2023-06-10 21:10,Saltwater,30,610.78084
2023-06-10 21:10,Saltwater,50,646.94688
2023-06-10 21:10,Freshwater,5,499.6555467
2023-06-10 21:10,Freshwater,15,327.8234196
2023-06-10 21:10,Freshwater,30,294.215014
2023-06-10 21:10,Freshwater,50,693.29122
2023-06-10 21:15,Control,5,616.12964
2023-06-10 21:15,Control,15,780.41692
2023-06-10 21:15,Control,30,777.52418
2023-06-10 21:15,Control,50,797.65315
2023-06-10 21:15,Saltwater,5,458.50888
2023-06-10 21:15,Saltwater,15,416.3712
2023-06-10 21:15,Saltwater,30,610.83798
2023-06-10 21:15,Saltwater,50,646.96888
2023-06-10 21:15,Freshwater,5,499.71244
2023-06-10 21:15,Freshwater,15,327.8549216
2023-06-10 21:15,Freshwater,30,293.669502
2023-06-10 21:15,Freshwater,50,693.34874
2023-06-10 21:20,Control,5,616.1634822
2023-06-10 21:20,Control,15,780.4499133
2023-06-10 21:20,Control,30,777.4926822
2023-06-10 21:20,Control,50,797.6562222
2023-06-10 21:20,Saltwater,5,458.37742
2023-06-10 21:20,Saltwater,15,416.34116
2023-06-10 21:20,Saltwater,30,610.8412133
2023-06-10 21:20,Saltwater,50,647.0069933
2023-06-10 21:20,Freshwater,5,499.6451733
2023-06-10 21:20,Freshwater,15,327.7503497
2023-06-10 21:20,Freshwater,30,294.724566
2023-06-10 21:20,Freshwater,50,693.18792
2023-06-10 21:25,Control,5,616.0906844
2023-06-10 21:25,Control,15,780.4770467
2023-06-10 21:25,Control,30,777.5921844
2023-06-10 21:25,Control,50,797.6960444
2023-06-10 21:25,Saltwater,5,458.509
2023-06-10 21:25,Saltwater,15,416.26892
2023-06-10 21:25,Saltwater,30,610.6921067
2023-06-10 21:25,Saltwater,50,647.0618467
2023-06-10 21:25,Freshwater,5,499.4355267
2023-06-10 21:25,Freshwater,15,328.1529857
2023-06-10 21:25,Freshwater,30,294.894194
2023-06-10 21:25,Freshwater,50,693.15234
2023-06-10 21:30,Control,5,616.0501667
2023-06-10 21:30,Control,15,780.53572
2023-06-10 21:30,Control,30,777.5864467
2023-06-10 21:30,Control,50,797.7331417
2023-06-10 21:30,Saltwater,5,458.23878
2023-06-10 21:30,Saltwater,15,416.20294
2023-06-10 21:30,Saltwater,30,610.75994
2023-06-10 21:30,Saltwater,50,647.09598
2023-06-10 21:30,Freshwater,5,499.67278
2023-06-10 21:30,Freshwater,15,328.0818942
2023-06-10 21:30,Freshwater,30,295.065286
2023-06-10 21:30,Freshwater,50,693.15926
2023-06-10 21:35,Control,5,615.8810867
2023-06-10 21:35,Control,15,780.4579333
2023-06-10 21:35,Control,30,777.6151889
2023-06-10 21:35,Control,50,797.6850639
2023-06-10 21:35,Saltwater,5,458.4098333
2023-06-10 21:35,Saltwater,15,416.2318467
2023-06-10 21:35,Saltwater,30,610.7636533
2023-06-10 21:35,Saltwater,50,647.2369133
2023-06-10 21:35,Freshwater,5,499.5298333
2023-06-10 21:35,Freshwater,15,327.3285781
2023-06-10 21:35,Freshwater,30,295.336538
2023-06-10 21:35,Freshwater,50,692.91766
2023-06-10 21:40,Control,5,614.9228067
2023-06-10 21:40,Control,15,780.4782667
2023-06-10 21:40,Control,30,777.5369911
2023-06-10 21:40,Control,50,797.7178361
2023-06-10 21:40,Saltwater,5,458.4749267
2023-06-10 21:40,Saltwater,15,416.0871533
2023-06-10 21:40,Saltwater,30,610.7273867
2023-06-10 21:40,Saltwater,50,647.2691267
2023-06-10 21:40,Freshwater,5,499.1873667
2023-06-10 21:40,Freshwater,15,328.2082405
2023-06-10 21:40,Freshwater,30,295.37115
2023-06-10 21:40,Freshwater,50,693.29512
2023-06-10 21:45,Control,5,615.8747867
2023-06-10 21:45,Control,15,780.42518
2023-06-10 21:45,Control,30,777.6246133
2023-06-10 21:45,Control,50,797.7454583
2023-06-10 21:45,Saltwater,5,458.36354
2023-06-10 21:45,Saltwater,15,416.07406
2023-06-10 21:45,Saltwater,30,610.68164
2023-06-10 21:45,Saltwater,50,647.18866
2023-06-10 21:45,Freshwater,5,499.32046
2023-06-10 21:45,Freshwater,15,328.3061884
2023-06-10 21:45,Freshwater,30,295.711548
2023-06-10 21:45,Freshwater,50,693.09436
2023-06-10 21:50,Control,5,615.8931911
2023-06-10 21:50,Control,15,780.56212
2023-06-10 21:50,Control,30,777.6590333
2023-06-10 21:50,Control,50,797.6602833
2023-06-10 21:50,Saltwater,5,458.3603933
2023-06-10 21:50,Saltwater,15,416.0365133
2023-06-10 21:50,Saltwater,30,610.61604
2023-06-10 21:50,Saltwater,50,647.2598
2023-06-10 21:50,Freshwater,5,498.9064333
2023-06-10 21:50,Freshwater,15,328.1649019
2023-06-10 21:50,Freshwater,30,296.152968
2023-06-10 21:50,Freshwater,50,692.95614
2023-06-10 21:55,Control,5,615.8434956
2023-06-10 21:55,Control,15,780.52856
2023-06-10 21:55,Control,30,777.6254733
2023-06-10 21:55,Control,50,797.7463083
2023-06-10 21:55,Saltwater,5,458.2600067
2023-06-10 21:55,Saltwater,15,415.9690667
2023-06-10 21:55,Saltwater,30,610.66108
2023-06-10 21:55,Saltwater,50,647.37402
2023-06-10 21:55,Freshwater,5,498.8980867
2023-06-10 21:55,Freshwater,15,328.2946301
2023-06-10 21:55,Freshwater,30,295.846054
2023-06-10 21:55,Freshwater,50,693.08616
2023-06-10 22:00,Control,5,615.86566
2023-06-10 22:00,Control,15,780.60244
2023-06-10 22:00,Control,30,777.5967733
2023-06-10 22:00,Control,50,797.7093333
2023-06-10 22:00,Saltwater,5,458.21892
2023-06-10 22:00,Saltwater,15,415.86012
2023-06-10 22:00,Saltwater,30,610.5552
2023-06-10 22:00,Saltwater,50,647.43844
2023-06-10 22:00,Freshwater,5,499.1682
2023-06-10 22:00,Freshwater,15,328.3250252
2023-06-10 22:00,Freshwater,30,296.492656
2023-06-10 22:00,Freshwater,50,692.5814
2023-06-10 22:05,Control,5,615.56262
2023-06-10 22:05,Control,15,780.57466
2023-06-10 22:05,Control,30,777.6714933
2023-06-10 22:05,Control,50,797.6731833
2023-06-10 22:05,Saltwater,5,458.1500333
2023-06-10 22:05,Saltwater,15,415.8198467
2023-06-10 22:05,Saltwater,30,610.59602
2023-06-10 22:05,Saltwater,50,647.54812
2023-06-10 22:05,Freshwater,5,498.8241933
2023-06-10 22:05,Freshwater,15,328.3836811
2023-06-10 22:05,Freshwater,30,296.7211247
2023-06-10 22:05,Freshwater,50,692.7427667
2023-06-10 22:10,Control,5,615.69996
2023-06-10 22:10,Control,15,780.54136
2023-06-10 22:10,Control,30,777.7407333
2023-06-10 22:10,Control,50,797.8022333
2023-06-10 22:10,Saltwater,5,458.2412467
2023-06-10 22:10,Saltwater,15,415.7708933
2023-06-10 22:10,Saltwater,30,610.65394
2023-06-10 22:10,Saltwater,50,647.4345
2023-06-10 22:10,Freshwater,5,498.8498267
2023-06-10 22:10,Freshwater,15,328.4406233
2023-06-10 22:10,Freshwater,30,296.8124713
2023-06-10 22:10,Freshwater,50,692.9991533
2023-06-10 22:15,Control,5,615.69996
2023-06-10 22:15,Control,15,780.50726
2023-06-10 22:15,Control,30,777.7407933
2023-06-10 22:15,Control,50,797.7596083
2023-06-10 22:15,Saltwater,5,458.07388
2023-06-10 22:15,Saltwater,15,415.83618
2023-06-10 22:15,Saltwater,30,610.59864
2023-06-10 22:15,Saltwater,50,647.48274
2023-06-10 22:15,Freshwater,5,498.78036
2023-06-10 22:15,Freshwater,15,328.1605096
2023-06-10 22:15,Freshwater,30,297.109712
2023-06-10 22:15,Freshwater,50,693.02906
2023-06-10 22:20,Control,5,615.5291
2023-06-10 22:20,Control,15,780.5294533
2023-06-10 22:20,Control,30,777.6724333
2023-06-10 22:20,Control,50,797.7596083
2023-06-10 22:20,Saltwater,5,458.18078
2023-06-10 22:20,Saltwater,15,415.7327733
2023-06-10 22:20,Saltwater,30,610.57186
2023-06-10 22:20,Saltwater,50,647.5249
2023-06-10 22:20,Freshwater,5,498.74794
2023-06-10 22:20,Freshwater,15,328.5010006
2023-06-10 22:20,Freshwater,30,296.940256
2023-06-10 22:20,Freshwater,50,693.2356
2023-06-10 22:25,Control,5,615.63052
2023-06-10 22:25,Control,15,780.5500867
2023-06-10 22:25,Control,30,777.6708333
2023-06-10 22:25,Control,50,797.8006583
2023-06-10 22:25,Saltwater,5,458.24536
2023-06-10 22:25,Saltwater,15,415.4520067
2023-06-10 22:25,Saltwater,30,610.56596
2023-06-10 22:25,Saltwater,50,647.51846
2023-06-10 22:25,Freshwater,5,498.8501
2023-06-10 22:25,Freshwater,15,328.4671094
2023-06-10 22:25,Freshwater,30,297.3821
2023-06-10 22:25,Freshwater,50,692.82812
2023-06-10 22:30,Control,5,615.52902
2023-06-10 22:30,Control,15,780.57372
2023-06-10 22:30,Control,30,777.7406333
2023-06-10 22:30,Control,50,797.8021583
2023-06-10 22:30,Saltwater,5,458.21732
2023-06-10 22:30,Saltwater,15,415.48634
2023-06-10 22:30,Saltwater,30,610.57578
2023-06-10 22:30,Saltwater,50,647.66568
2023-06-10 22:30,Freshwater,5,498.813
2023-06-10 22:30,Freshwater,15,328.6017806
2023-06-10 22:30,Freshwater,30,297.823006
2023-06-10 22:30,Freshwater,50,692.55104
2023-06-10 22:35,Control,5,615.46074
2023-06-10 22:35,Control,15,780.5960933
2023-06-10 22:35,Control,30,777.7407933
2023-06-10 22:35,Control,50,797.9304833
2023-06-10 22:35,Saltwater,5,458.15392
2023-06-10 22:35,Saltwater,15,415.62682
2023-06-10 22:35,Saltwater,30,610.61772
2023-06-10 22:35,Saltwater,50,647.64004
2023-06-10 22:35,Freshwater,5,498.67978
2023-06-10 22:35,Freshwater,15,328.6028534
2023-06-10 22:35,Freshwater,30,297.857796
2023-06-10 22:35,Freshwater,50,692.86144
2023-06-10 22:40,Control,5,615.22152
2023-06-10 22:40,Control,15,780.6183067
2023-06-10 22:40,Control,30,777.8775133
2023-06-10 22:40,Control,50,797.8450583
2023-06-10 22:40,Saltwater,5,458.21418
2023-06-10 22:40,Saltwater,15,415.48376
2023-06-10 22:40,Saltwater,30,610.50246
2023-06-10 22:40,Saltwater,50,647.6601
2023-06-10 22:40,Freshwater,5,498.81614
2023-06-10 22:40,Freshwater,15,328.1272776
2023-06-10 22:40,Freshwater,30,298.367644
2023-06-10 22:40,Freshwater,50,692.4543
2023-06-10 22:45,Control,5,614.33294
2023-06-10 22:45,Control,15,780.60634
2023-06-10 22:45,Control,30,777.9116733
2023-06-10 22:45,Control,50,797.8450583
2023-06-10 22:45,Saltwater,5,458.12264
2023-06-10 22:45,Saltwater,15,415.42446
2023-06-10 22:45,Saltwater,30,610.48578
2023-06-10 22:45,Saltwater,50,647.74744
2023-06-10 22:45,Freshwater,5,498.6462
2023-06-10 22:45,Freshwater,15,328.433119
2023-06-10 22:45,Freshwater,30,298.639528
2023-06-10 22:45,Freshwater,50,692.82812
2023-06-10 22:50,Control,5,614.98226
2023-06-10 22:50,Control,15,780.60634
2023-06-10 22:50,Control,30,777.9458533
2023-06-10 22:50,Control,50,797.8450583
2023-06-10 22:50,Saltwater,5,458.2816733
2023-06-10 22:50,Saltwater,15,415.5164333
2023-06-10 22:50,Saltwater,30,610.54314
2023-06-10 22:50,Saltwater,50,647.83788
2023-06-10 22:50,Freshwater,5,498.7773533
2023-06-10 22:50,Freshwater,15,328.8653457
2023-06-10 22:50,Freshwater,30,298.435638
2023-06-10 22:50,Freshwater,50,692.76014
2023-06-10 22:55,Control,5,615.04952
2023-06-10 22:55,Control,15,780.63894
2023-06-10 22:55,Control,30,777.8417133
2023-06-10 22:55,Control,50,797.9288333
2023-06-10 22:55,Saltwater,5,458.1403867
2023-06-10 22:55,Saltwater,15,415.3068867
2023-06-10 22:55,Saltwater,30,610.57716
2023-06-10 22:55,Saltwater,50,647.76954
2023-06-10 22:55,Freshwater,5,498.5007067
2023-06-10 22:55,Freshwater,15,328.7538417
2023-06-10 22:55,Freshwater,30,299.115328
2023-06-10 22:55,Freshwater,50,692.6242
2023-06-10 23:00,Control,5,615.11888
2023-06-10 23:00,Control,15,780.64036
2023-06-10 23:00,Control,30,777.8431533
2023-06-10 23:00,Control,50,797.8021583
2023-06-10 23:00,Saltwater,5,458.17934
2023-06-10 23:00,Saltwater,15,415.27588
2023-06-10 23:00,Saltwater,30,610.55856
2023-06-10 23:00,Saltwater,50,647.88888
2023-06-10 23:00,Freshwater,5,498.0881
2023-06-10 23:00,Freshwater,15,328.6423036
2023-06-10 23:00,Freshwater,30,299.047348
2023-06-10 23:00,Freshwater,50,692.69218
2023-06-10 23:05,Control,5,615.18342
2023-06-10 23:05,Control,15,780.60078
2023-06-10 23:05,Control,30,777.9061533
2023-06-10 23:05,Control,50,797.7966083
2023-06-10 23:05,Saltwater,5,458.24674
2023-06-10 23:05,Saltwater,15,415.2411
2023-06-10 23:05,Saltwater,30,610.45486
2023-06-10 23:05,Saltwater,50,647.92154
2023-06-10 23:05,Freshwater,5,498.39394
2023-06-10 23:05,Freshwater,15,328.8122132
2023-06-10 23:05,Freshwater,30,299.115346
2023-06-10 23:05,Freshwater,50,692.6242
2023-06-10 23:10,Control,5,615.39196
2023-06-10 23:10,Control,15,780.63986
2023-06-10 23:10,Control,30,777.9793933
2023-06-10 23:10,Control,50,797.8443583
2023-06-10 23:10,Saltwater,5,458.61504
2023-06-10 23:10,Saltwater,15,415.26942
2023-06-10 23:10,Saltwater,30,610.47758
2023-06-10 23:10,Saltwater,50,647.97732
2023-06-10 23:10,Freshwater,5,498.4959
2023-06-10 23:10,Freshwater,15,328.4723404
2023-06-10 23:10,Freshwater,30,299.557132
2023-06-10 23:10,Freshwater,50,691.74064
2023-06-10 23:15,Control,5,615.18734
2023-06-10 23:15,Control,15,780.70888
2023-06-10 23:15,Control,30,777.9800333
2023-06-10 23:15,Control,50,797.8023333
2023-06-10 23:15,Saltwater,5,458.14684
2023-06-10 23:15,Saltwater,15,415.20902
2023-06-10 23:15,Saltwater,30,610.45886
2023-06-10 23:15,Saltwater,50,647.99418
2023-06-10 23:15,Freshwater,5,498.46194
2023-06-10 23:15,Freshwater,15,328.880182
2023-06-10 23:15,Freshwater,30,299.659078
2023-06-10 23:15,Freshwater,50,692.59022
2023-06-10 23:20,Control,5,615.2502
2023-06-10 23:20,Control,15,780.80368
2023-06-10 23:20,Control,30,777.9221978
2023-06-10 23:20,Control,50,797.9492528
2023-06-10 23:20,Saltwater,5,458.38478
2023-06-10 23:20,Saltwater,15,415.1693333
2023-06-10 23:20,Saltwater,30,610.49146
2023-06-10 23:20,Saltwater,50,648.02662
2023-06-10 23:20,Freshwater,5,498.5250933
2023-06-10 23:20,Freshwater,15,328.8414153
2023-06-10 23:20,Freshwater,30,300.0281513
2023-06-10 23:20,Freshwater,50,692.4834733
2023-06-10 23:25,Control,5,615.28916
2023-06-10 23:25,Control,15,780.70788
2023-06-10 23:25,Control,30,778.0155022
2023-06-10 23:25,Control,50,797.8975472
2023-06-10 23:25,Saltwater,5,458.28284
2023-06-10 23:25,Saltwater,15,415.0625067
2023-06-10 23:25,Saltwater,30,610.38978
2023-06-10 23:25,Saltwater,50,647.95914
2023-06-10 23:25,Freshwater,5,498.3503867
2023-06-10 23:25,Freshwater,15,328.5647387
2023-06-10 23:25,Freshwater,30,300.2272587
2023-06-10 23:25,Freshwater,50,692.4447067
2023-06-10 23:30,Control,5,615.25566
2023-06-10 23:30,Control,15,780.67464
2023-06-10 23:30,Control,30,777.9662467
2023-06-10 23:30,Control,50,797.8825417
2023-06-10 23:30,Saltwater,5,458.3541
2023-06-10 23:30,Saltwater,15,415.06022
2023-06-10 23:30,Saltwater,30,610.39468
2023-06-10 23:30,Saltwater,50,648.13512
2023-06-10 23:30,Freshwater,5,498.20966
2023-06-10 23:30,Freshwater,15,328.9677872
2023-06-10 23:30,Freshwater,30,299.814656
2023-06-10 23:30,Freshwater,50,692.40596
2023-06-10 23:35,Control,5,615.25568
2023-06-10 23:35,Control,15,780.7310933
2023-06-10 23:35,Control,30,778.0347067
2023-06-10 23:35,Control,50,798.0962167
2023-06-10 23:35,Saltwater,5,458.3885
2023-06-10 23:35,Saltwater,15,414.9143867
2023-06-10 23:35,Saltwater,30,610.53156
2023-06-10 23:35,Saltwater,50,647.9991
2023-06-10 23:35,Freshwater,5,498.4087933
2023-06-10 23:35,Freshwater,15,328.9677812
2023-06-10 23:35,Freshwater,30,300.5235373
2023-06-10 23:35,Freshwater,50,692.2312333
2023-06-10 23:40,Control,5,615.18732
2023-06-10 23:40,Control,15,780.7874467
2023-06-10 23:40,Control,30,778.0688667
2023-06-10 23:40,Control,50,797.8826417
2023-06-10 23:40,Saltwater,5,458.42142
2023-06-10 23:40,Saltwater,15,414.8355733
2023-06-10 23:40,Saltwater,30,610.49556
2023-06-10 23:40,Saltwater,50,648.13346
2023-06-10 23:40,Freshwater,5,498.2680667
2023-06-10 23:40,Freshwater,15,329.03573
2023-06-10 23:40,Freshwater,30,300.8925907
2023-06-10 23:40,Freshwater,50,692.1244867
2023-06-10 23:45,Control,5,615.45854
2023-06-10 23:45,Control,15,780.80656
2023-06-10 23:45,Control,30,778.0657667
2023-06-10 23:45,Control,50,797.9648417
2023-06-10 23:45,Saltwater,5,458.38828
2023-06-10 23:45,Saltwater,15,414.79272
2023-06-10 23:45,Saltwater,30,610.4289
2023-06-10 23:45,Saltwater,50,648.03288
2023-06-10 23:45,Freshwater,5,498.33124
2023-06-10 23:45,Freshwater,15,329.1037308
2023-06-10 23:45,Freshwater,30,301.02374
2023-06-10 23:45,Freshwater,50,692.3236
2023-06-10 23:50,Control,5,615.28848
2023-06-10 23:50,Control,15,780.84186
2023-06-10 23:50,Control,30,778.0589089
2023-06-10 23:50,Control,50,797.8725889
2023-06-10 23:50,Saltwater,5,458.4879
2023-06-10 23:50,Saltwater,15,414.75634
2023-06-10 23:50,Saltwater,30,610.3855533
2023-06-10 23:50,Saltwater,50,648.2620533
2023-06-10 23:50,Freshwater,5,498.4697
2023-06-10 23:50,Freshwater,15,328.4494567
2023-06-10 23:50,Freshwater,30,301.296416
2023-06-10 23:50,Freshwater,50,691.81806
2023-06-10 23:55,Control,5,615.18722
2023-06-10 23:55,Control,15,780.80944
2023-06-10 23:55,Control,30,778.1210511
2023-06-10 23:55,Control,50,797.8664111
2023-06-10 23:55,Saltwater,5,458.4935
2023-06-10 23:55,Saltwater,15,414.795
2023-06-10 23:55,Saltwater,30,610.4238667
2023-06-10 23:55,Saltwater,50,648.2670867
2023-06-10 23:55,Freshwater,5,498.2637
2023-06-10 23:55,Freshwater,15,328.8808241
2023-06-10 23:55,Freshwater,30,301.363724
2023-06-10 23:55,Freshwater,50,692.25634
2023-06-11 00:00,Control,5,615.32406
2023-06-11 00:00,Control,15,780.70714
2023-06-11 00:00,Control,30,778.1132933
2023-06-11 00:00,Control,50,797.9014333
2023-06-11 00:00,Saltwater,5,458.35502
2023-06-11 00:00,Saltwater,15,414.75928
2023-06-11 00:00,Saltwater,30,610.3477
2023-06-11 00:00,Saltwater,50,648.08826
2023-06-11 00:00,Freshwater,5,498.33622
2023-06-11 00:00,Freshwater,15,329.0770156
2023-06-11 00:00,Freshwater,30,301.297166
2023-06-11 00:00,Freshwater,50,691.9241
2023-06-11 00:05,Control,5,615.22152
2023-06-11 00:05,Control,15,780.878
2023-06-11 00:05,Control,30,778.1816333
2023-06-11 00:05,Control,50,797.9441333
2023-06-11 00:05,Saltwater,5,458.35744
2023-06-11 00:05,Saltwater,15,414.65892
2023-06-11 00:05,Saltwater,30,610.3857
2023-06-11 00:05,Saltwater,50,648.26314
2023-06-11 00:05,Freshwater,5,497.95814
2023-06-11 00:05,Freshwater,15,328.939368
2023-06-11 00:05,Freshwater,30,301.771652
2023-06-11 00:05,Freshwater,50,691.91702
2023-06-11 00:10,Control,5,615.2557
2023-06-11 00:10,Control,15,780.84382
2023-06-11 00:10,Control,30,778.1133133
2023-06-11 00:10,Control,50,797.9441333
2023-06-11 00:10,Saltwater,5,458.38858
2023-06-11 00:10,Saltwater,15,414.65642
2023-06-11 00:10,Saltwater,30,610.44908
2023-06-11 00:10,Saltwater,50,648.18956
2023-06-11 00:10,Freshwater,5,497.72166
2023-06-11 00:10,Freshwater,15,329.2457936
2023-06-11 00:10,Freshwater,30,301.80605
2023-06-11 00:10,Freshwater,50,692.22522
2023-06-11 00:15,Control,5,615.28988
2023-06-11 00:15,Control,15,780.84384
2023-06-11 00:15,Control,30,778.1816533
2023-06-11 00:15,Control,50,798.0295833
2023-06-11 00:15,Saltwater,5,458.45692
2023-06-11 00:15,Saltwater,15,414.55414
2023-06-11 00:15,Saltwater,30,610.31276
2023-06-11 00:15,Saltwater,50,648.36036
2023-06-11 00:15,Freshwater,5,498.05966
2023-06-11 00:15,Freshwater,15,329.380972
2023-06-11 00:15,Freshwater,30,302.0094
2023-06-11 00:15,Freshwater,50,692.0182
2023-06-11 00:20,Control,5,615.32406
2023-06-11 00:20,Control,15,780.84384
2023-06-11 00:20,Control,30,778.1816333
2023-06-11 00:20,Control,50,798.0722833
2023-06-11 00:20,Saltwater,5,458.45976
2023-06-11 00:20,Saltwater,15,414.4151933
2023-06-11 00:20,Saltwater,30,610.3808133
2023-06-11 00:20,Saltwater,50,648.2582533
2023-06-11 00:20,Freshwater,5,498.09346
2023-06-11 00:20,Freshwater,15,329.041044
2023-06-11 00:20,Freshwater,30,302.45114
2023-06-11 00:20,Freshwater,50,691.27026
2023-06-11 00:25,Control,5,615.42656
2023-06-11 00:25,Control,15,780.91218
2023-06-11 00:25,Control,30,778.2499933
2023-06-11 00:25,Control,50,797.9868583
2023-06-11 00:25,Saltwater,5,458.42604
2023-06-11 00:25,Saltwater,15,414.4107067
2023-06-11 00:25,Saltwater,30,610.3766667
2023-06-11 00:25,Saltwater,50,648.4930067
2023-06-11 00:25,Freshwater,5,498.02552
2023-06-11 00:25,Freshwater,15,329.482836
2023-06-11 00:25,Freshwater,30,302.519114
2023-06-11 00:25,Freshwater,50,692.11988
2023-06-11 00:30,Control,5,615.35682
2023-06-11 00:30,Control,15,780.87604
2023-06-11 00:30,Control,30,778.2480133
2023-06-11 00:30,Control,50,797.9847833
2023-06-11 00:30,Saltwater,5,458.39088
2023-06-11 00:30,Saltwater,15,414.43918
2023-06-11 00:30,Saltwater,30,610.37018
2023-06-11 00:30,Saltwater,50,648.48638
2023-06-11 00:30,Freshwater,5,497.88956
2023-06-11 00:30,Freshwater,15,329.482836
2023-06-11 00:30,Freshwater,30,302.960898
2023-06-11 00:30,Freshwater,50,691.98394
2023-06-11 00:35,Control,5,615.4002378
2023-06-11 00:35,Control,15,780.9000133
2023-06-11 00:35,Control,30,778.2497533
2023-06-11 00:35,Control,50,798.0293083
2023-06-11 00:35,Saltwater,5,458.39182
2023-06-11 00:35,Saltwater,15,414.29632
2023-06-11 00:35,Saltwater,30,610.37172
2023-06-11 00:35,Saltwater,50,648.41982
2023-06-11 00:35,Freshwater,5,497.61768
2023-06-11 00:35,Freshwater,15,329.177012
2023-06-11 00:35,Freshwater,30,303.1260633
2023-06-11 00:35,Freshwater,50,691.7752533
2023-06-11 00:40,Control,5,615.3399756
2023-06-11 00:40,Control,15,780.9224267
2023-06-11 00:40,Control,30,778.2500133
2023-06-11 00:40,Control,50,798.1149833
2023-06-11 00:40,Saltwater,5,458.38662
2023-06-11 00:40,Saltwater,15,414.35312
2023-06-11 00:40,Saltwater,30,610.36338
2023-06-11 00:40,Saltwater,50,648.41066
2023-06-11 00:40,Freshwater,5,497.5183
2023-06-11 00:40,Freshwater,15,329.483916
2023-06-11 00:40,Freshwater,30,302.8162027
2023-06-11 00:40,Freshwater,50,691.7747867
2023-06-11 00:45,Control,5,615.0717933
2023-06-11 00:45,Control,15,780.94074
2023-06-11 00:45,Control,30,778.1777533
2023-06-11 00:45,Control,50,798.1109583
2023-06-11 00:45,Saltwater,5,458.49362
2023-06-11 00:45,Saltwater,15,414.48622
2023-06-11 00:45,Saltwater,30,610.33668
2023-06-11 00:45,Saltwater,50,648.45292
2023-06-11 00:45,Freshwater,5,497.75392
2023-06-11 00:45,Freshwater,15,329.516954
2023-06-11 00:45,Freshwater,30,302.980626
2023-06-11 00:45,Freshwater,50,691.69822
2023-06-11 00:50,Control,5,615.1066333
2023-06-11 00:50,Control,15,780.8955333
2023-06-11 00:50,Control,30,778.3837133
2023-06-11 00:50,Control,50,798.1546333
2023-06-11 00:50,Saltwater,5,458.2895
2023-06-11 00:50,Saltwater,15,414.1772267
2023-06-11 00:50,Saltwater,30,610.3377
2023-06-11 00:50,Saltwater,50,648.4199
2023-06-11 00:50,Freshwater,5,497.5915867
2023-06-11 00:50,Freshwater,15,329.620054
2023-06-11 00:50,Freshwater,30,303.7243953
2023-06-11 00:50,Freshwater,50,691.3582733
2023-06-11 00:55,Control,5,615.0728933
2023-06-11 00:55,Control,15,780.9183267
2023-06-11 00:55,Control,30,778.2476333
2023-06-11 00:55,Control,50,798.0698583
2023-06-11 00:55,Saltwater,5,458.46016
2023-06-11 00:55,Saltwater,15,414.1748733
2023-06-11 00:55,Saltwater,30,610.3719
2023-06-11 00:55,Saltwater,50,648.55648
2023-06-11 00:55,Freshwater,5,497.7107933
2023-06-11 00:55,Freshwater,15,329.795114
2023-06-11 00:55,Freshwater,30,303.8595147
2023-06-11 00:55,Freshwater,50,691.7481667
2023-06-11 01:00,Control,5,614.9034533
2023-06-11 01:00,Control,15,781.01094
2023-06-11 01:00,Control,30,778.2838333
2023-06-11 01:00,Control,50,798.1573583
2023-06-11 01:00,Saltwater,5,458.32368
2023-06-11 01:00,Saltwater,15,414.00188
2023-06-11 01:00,Saltwater,30,610.50842
2023-06-11 01:00,Saltwater,50,648.5565
2023-06-11 01:00,Freshwater,5,498.11548
2023-06-11 01:00,Freshwater,15,329.451996
2023-06-11 01:00,Freshwater,30,304.02213
2023-06-11 01:00,Freshwater,50,691.2543
2023-06-11 01:05,Control,5,614.8695533
2023-06-11 01:05,Control,15,780.84038
2023-06-11 01:05,Control,30,778.4812356
2023-06-11 01:05,Control,50,798.1070056
2023-06-11 01:05,Saltwater,5,458.3578
2023-06-11 01:05,Saltwater,15,414.0019
2023-06-11 01:05,Saltwater,30,610.4988467
2023-06-11 01:05,Saltwater,50,648.6151667
2023-06-11 01:05,Freshwater,5,497.9096
2023-06-11 01:05,Freshwater,15,328.9318427
2023-06-11 01:05,Freshwater,30,304.293404
2023-06-11 01:05,Freshwater,50,691.31902
2023-06-11 01:10,Control,5,614.8695533
2023-06-11 01:10,Control,15,780.97708
2023-06-11 01:10,Control,30,778.3365578
2023-06-11 01:10,Control,50,798.0563278
2023-06-11 01:10,Saltwater,5,458.42604
2023-06-11 01:10,Saltwater,15,413.96776
2023-06-11 01:10,Saltwater,30,610.5575133
2023-06-11 01:10,Saltwater,50,648.6055933
2023-06-11 01:10,Freshwater,5,497.90552
2023-06-11 01:10,Freshwater,15,329.7022633
2023-06-11 01:10,Freshwater,30,304.122166
2023-06-11 01:10,Freshwater,50,691.58404
2023-06-11 01:15,Control,5,614.7956733
2023-06-11 01:15,Control,15,781.00354
2023-06-11 01:15,Control,30,778.38922
2023-06-11 01:15,Control,50,798.0831
2023-06-11 01:15,Saltwater,5,458.39192
2023-06-11 01:15,Saltwater,15,413.8654
2023-06-11 01:15,Saltwater,30,610.37732
2023-06-11 01:15,Saltwater,50,648.63014
2023-06-11 01:15,Freshwater,5,497.7398
2023-06-11 01:15,Freshwater,15,329.626432
2023-06-11 01:15,Freshwater,30,304.463376
2023-06-11 01:15,Freshwater,50,691.42114
2023-06-11 01:20,Control,5,614.6609311
2023-06-11 01:20,Control,15,780.92668
2023-06-11 01:20,Control,30,778.3124
2023-06-11 01:20,Control,50,798.117025
2023-06-11 01:20,Saltwater,5,458.4635867
2023-06-11 01:20,Saltwater,15,413.83016
2023-06-11 01:20,Saltwater,30,610.37512
2023-06-11 01:20,Saltwater,50,648.59364
2023-06-11 01:20,Freshwater,5,497.4411267
2023-06-11 01:20,Freshwater,15,329.62742
2023-06-11 01:20,Freshwater,30,304.8671753
2023-06-11 01:20,Freshwater,50,691.4544133
2023-06-11 01:25,Control,5,614.9809889
2023-06-11 01:25,Control,15,780.933
2023-06-11 01:25,Control,30,778.38708
2023-06-11 01:25,Control,50,798.166275
2023-06-11 01:25,Saltwater,5,458.4013333
2023-06-11 01:25,Saltwater,15,413.79702
2023-06-11 01:25,Saltwater,30,610.37708
2023-06-11 01:25,Saltwater,50,648.66404
2023-06-11 01:25,Freshwater,5,497.5821733
2023-06-11 01:25,Freshwater,15,329.729542
2023-06-11 01:25,Freshwater,30,304.6585967
2023-06-11 01:25,Freshwater,50,691.3822467
2023-06-11 01:30,Control,5,614.8178467
2023-06-11 01:30,Control,15,781.00106
2023-06-11 01:30,Control,30,778.4551
2023-06-11 01:30,Control,50,798.08055
2023-06-11 01:30,Saltwater,5,458.23566
2023-06-11 01:30,Saltwater,15,413.8995
2023-06-11 01:30,Saltwater,30,610.51378
2023-06-11 01:30,Saltwater,50,648.76664
2023-06-11 01:30,Freshwater,5,498.00084
2023-06-11 01:30,Freshwater,15,329.426128
2023-06-11 01:30,Freshwater,30,305.267506
2023-06-11 01:30,Freshwater,50,690.77576
2023-06-11 01:35,Control,5,614.6156867
2023-06-11 01:35,Control,15,781.10768
2023-06-11 01:35,Control,30,778.49334
2023-06-11 01:35,Control,50,798.212875
2023-06-11 01:35,Saltwater,5,458.3769267
2023-06-11 01:35,Saltwater,15,413.6899733
2023-06-11 01:35,Saltwater,30,610.44554
2023-06-11 01:35,Saltwater,50,648.6984
2023-06-11 01:35,Freshwater,5,497.85962
2023-06-11 01:35,Freshwater,15,329.6910873
2023-06-11 01:35,Freshwater,30,305.401728
2023-06-11 01:35,Freshwater,50,691.03888
2023-06-11 01:40,Control,5,614.4827667
2023-06-11 01:40,Control,15,781.04466
2023-06-11 01:40,Control,30,778.53284
2023-06-11 01:40,Control,50,798.090225
2023-06-11 01:40,Saltwater,5,458.3817133
2023-06-11 01:40,Saltwater,15,413.6510667
2023-06-11 01:40,Saltwater,30,610.44554
2023-06-11 01:40,Saltwater,50,648.90318
2023-06-11 01:40,Freshwater,5,497.76204
2023-06-11 01:40,Freshwater,15,329.8580027
2023-06-11 01:40,Freshwater,30,305.675026
2023-06-11 01:40,Freshwater,50,691.18204
2023-06-11 01:45,Control,5,614.5472467
2023-06-11 01:45,Control,15,781.14172
2023-06-11 01:45,Control,30,778.56158
2023-06-11 01:45,Control,50,798.12735
2023-06-11 01:45,Saltwater,5,458.523
2023-06-11 01:45,Saltwater,15,413.71452
2023-06-11 01:45,Saltwater,30,610.41144
2023-06-11 01:45,Saltwater,50,648.86904
2023-06-11 01:45,Freshwater,5,497.85594
2023-06-11 01:45,Freshwater,15,329.544038
2023-06-11 01:45,Freshwater,30,306.080232
2023-06-11 01:45,Freshwater,50,691.16864
2023-06-11 01:50,Control,5,614.6450867
2023-06-11 01:50,Control,15,781.10094
2023-06-11 01:50,Control,30,778.4786622
2023-06-11 01:50,Control,50,798.0697722
2023-06-11 01:50,Saltwater,5,458.3230467
2023-06-11 01:50,Saltwater,15,413.5391333
2023-06-11 01:50,Saltwater,30,610.34318
2023-06-11 01:50,Saltwater,50,648.80076
2023-06-11 01:50,Freshwater,5,497.7367933
2023-06-11 01:50,Freshwater,15,330.0860193
2023-06-11 01:50,Freshwater,30,305.742732
2023-06-11 01:50,Freshwater,50,691.24868
2023-06-11 01:55,Control,5,614.6119867
2023-06-11 01:55,Control,15,781.17082
2023-06-11 01:55,Control,30,778.5063844
2023-06-11 01:55,Control,50,798.1488944
2023-06-11 01:55,Saltwater,5,458.4302133
2023-06-11 01:55,Saltwater,15,413.4661067
2023-06-11 01:55,Saltwater,30,610.41142
2023-06-11 01:55,Saltwater,50,648.93726
2023-06-11 01:55,Freshwater,5,497.9952667
2023-06-11 01:55,Freshwater,15,330.0517487
2023-06-11 01:55,Freshwater,30,306.052194
2023-06-11 01:55,Freshwater,50,691.30102
2023-06-11 02:00,Control,5,614.7129667
2023-06-11 02:00,Control,15,781.27114
2023-06-11 02:00,Control,30,778.5645867
2023-06-11 02:00,Control,50,798.2240667
2023-06-11 02:00,Saltwater,5,458.36674
2023-06-11 02:00,Saltwater,15,413.42718
2023-06-11 02:00,Saltwater,30,610.3773
2023-06-11 02:00,Saltwater,50,648.9714
2023-06-11 02:00,Freshwater,5,498.1122
2023-06-11 02:00,Freshwater,15,329.981232
2023-06-11 02:00,Freshwater,30,306.597768
2023-06-11 02:00,Freshwater,50,691.0382
2023-06-11 02:05,Control,5,614.6443067
2023-06-11 02:05,Control,15,781.20236
2023-06-11 02:05,Control,30,778.5983067
2023-06-11 02:05,Control,50,798.3090417
2023-06-11 02:05,Saltwater,5,458.60562
2023-06-11 02:05,Saltwater,15,413.39306
2023-06-11 02:05,Saltwater,30,610.37728
2023-06-11 02:05,Saltwater,50,648.9714
2023-06-11 02:05,Freshwater,5,497.89218
2023-06-11 02:05,Freshwater,15,329.906602
2023-06-11 02:05,Freshwater,30,306.728446
2023-06-11 02:05,Freshwater,50,691.24916
2023-06-11 02:10,Control,5,614.6187867
2023-06-11 02:10,Control,15,781.31708
2023-06-11 02:10,Control,30,778.5763067
2023-06-11 02:10,Control,50,798.1934417
2023-06-11 02:10,Saltwater,5,458.50326
2023-06-11 02:10,Saltwater,15,413.32482
2023-06-11 02:10,Saltwater,30,610.34318
2023-06-11 02:10,Saltwater,50,648.9714
2023-06-11 02:10,Freshwater,5,498.26754
2023-06-11 02:10,Freshwater,15,329.5334
2023-06-11 02:10,Freshwater,30,307.000812
2023-06-11 02:10,Freshwater,50,690.9458
2023-06-11 02:15,Control,5,614.6410667
2023-06-11 02:15,Control,15,781.26614
2023-06-11 02:15,Control,30,778.6279467
2023-06-11 02:15,Control,50,798.3043417
2023-06-11 02:15,Saltwater,5,458.63976
2023-06-11 02:15,Saltwater,15,413.2907
2023-06-11 02:15,Saltwater,30,610.20666
2023-06-11 02:15,Saltwater,50,648.97142
2023-06-11 02:15,Freshwater,5,498.21646
2023-06-11 02:15,Freshwater,15,329.302398
2023-06-11 02:15,Freshwater,30,307.142348
2023-06-11 02:15,Freshwater,50,690.70208
2023-06-11 02:20,Control,5,614.6149444
2023-06-11 02:20,Control,15,781.3004
2023-06-11 02:20,Control,30,778.5859289
2023-06-11 02:20,Control,50,798.1683139
2023-06-11 02:20,Saltwater,5,458.5762867
2023-06-11 02:20,Saltwater,15,413.25658
2023-06-11 02:20,Saltwater,30,610.2701533
2023-06-11 02:20,Saltwater,50,649.0689933
2023-06-11 02:20,Freshwater,5,498.07984
2023-06-11 02:20,Freshwater,15,330.0111113
2023-06-11 02:20,Freshwater,30,307.040164
2023-06-11 02:20,Freshwater,50,690.9729
2023-06-11 02:25,Control,5,614.4958022
2023-06-11 02:25,Control,15,781.31396
2023-06-11 02:25,Control,30,778.6597711
2023-06-11 02:25,Control,50,798.2169861
2023-06-11 02:25,Saltwater,5,458.5128133
2023-06-11 02:25,Saltwater,15,413.25658
2023-06-11 02:25,Saltwater,30,610.1288667
2023-06-11 02:25,Saltwater,50,649.0300867
2023-06-11 02:25,Freshwater,5,498.11332
2023-06-11 02:25,Freshwater,15,330.1420707
2023-06-11 02:25,Freshwater,30,307.617792
2023-06-11 02:25,Freshwater,50,691.006
2023-06-11 02:30,Control,5,614.4385
2023-06-11 02:30,Control,15,781.38664
2023-06-11 02:30,Control,30,778.6218933
2023-06-11 02:30,Control,50,798.2561833
2023-06-11 02:30,Saltwater,5,458.62
2023-06-11 02:30,Saltwater,15,413.12006
2023-06-11 02:30,Saltwater,30,610.12408
2023-06-11 02:30,Saltwater,50,649.16178
2023-06-11 02:30,Freshwater,5,497.78346
2023-06-11 02:30,Freshwater,15,330.14142
2023-06-11 02:30,Freshwater,30,307.689104
2023-06-11 02:30,Freshwater,50,691.0228
2023-06-11 02:35,Control,5,614.4393178
2023-06-11 02:35,Control,15,781.27398
2023-06-11 02:35,Control,30,778.5434733
2023-06-11 02:35,Control,50,798.2457833
2023-06-11 02:35,Saltwater,5,458.6978133
2023-06-11 02:35,Saltwater,15,413.12008
2023-06-11 02:35,Saltwater,30,610.19234
2023-06-11 02:35,Saltwater,50,649.23004
2023-06-11 02:35,Freshwater,5,497.87468
2023-06-11 02:35,Freshwater,15,330.37488
2023-06-11 02:35,Freshwater,30,307.515574
2023-06-11 02:35,Freshwater,50,690.97086
2023-06-11 02:40,Control,5,614.3777756
2023-06-11 02:40,Control,15,781.40906
2023-06-11 02:40,Control,30,778.6785333
2023-06-11 02:40,Control,50,798.2440833
2023-06-11 02:40,Saltwater,5,459.2192667
2023-06-11 02:40,Saltwater,15,413.05182
2023-06-11 02:40,Saltwater,30,610.26058
2023-06-11 02:40,Saltwater,50,649.1618
2023-06-11 02:40,Freshwater,5,498.29146
2023-06-11 02:40,Freshwater,15,330.174646
2023-06-11 02:40,Freshwater,30,308.062352
2023-06-11 02:40,Freshwater,50,690.6458
2023-06-11 02:45,Control,5,614.2825333
2023-06-11 02:45,Control,15,781.30552
2023-06-11 02:45,Control,30,778.5750333
2023-06-11 02:45,Control,50,798.3284833
2023-06-11 02:45,Saltwater,5,458.71696
2023-06-11 02:45,Saltwater,15,413.18832
2023-06-11 02:45,Saltwater,30,610.2947
2023-06-11 02:45,Saltwater,50,649.23004
2023-06-11 02:45,Freshwater,5,498.32894
2023-06-11 02:45,Freshwater,15,330.24406
2023-06-11 02:45,Freshwater,30,308.26748
2023-06-11 02:45,Freshwater,50,690.24378
2023-06-11 02:50,Control,5,614.2438733
2023-06-11 02:50,Control,15,781.36756
2023-06-11 02:50,Control,30,778.6370933
2023-06-11 02:50,Control,50,798.3219833
2023-06-11 02:50,Saltwater,5,458.5852267
2023-06-11 02:50,Saltwater,15,412.98358
2023-06-11 02:50,Saltwater,30,610.22646
2023-06-11 02:50,Saltwater,50,649.26416
2023-06-11 02:50,Freshwater,5,498.1970467
2023-06-11 02:50,Freshwater,15,330.549638
2023-06-11 02:50,Freshwater,30,308.233228
2023-06-11 02:50,Freshwater,50,690.88834
2023-06-11 02:55,Control,5,614.1178533
2023-06-11 02:55,Control,15,781.41684
2023-06-11 02:55,Control,30,778.7204733
2023-06-11 02:55,Control,50,798.2947833
2023-06-11 02:55,Saltwater,5,458.9312733
2023-06-11 02:55,Saltwater,15,412.88122
2023-06-11 02:55,Saltwater,30,610.22644
2023-06-11 02:55,Saltwater,50,649.1959
2023-06-11 02:55,Freshwater,5,498.2715733
2023-06-11 02:55,Freshwater,15,330.10854
2023-06-11 02:55,Freshwater,30,308.471752
2023-06-11 02:55,Freshwater,50,690.89134
2023-06-11 03:00,Control,5,614.0034133
2023-06-11 03:00,Control,15,781.5025
2023-06-11 03:00,Control,30,778.7378733
2023-06-11 03:00,Control,50,798.2347333
2023-06-11 03:00,Saltwater,5,458.79958
2023-06-11 03:00,Saltwater,15,412.98358
2023-06-11 03:00,Saltwater,30,610.36296
2023-06-11 03:00,Saltwater,50,649.1618
2023-06-11 03:00,Freshwater,5,498.1403
2023-06-11 03:00,Freshwater,15,330.346402
2023-06-11 03:00,Freshwater,30,308.67565
2023-06-11 03:00,Freshwater,50,691.36702
2023-06-11 03:05,Control,5,614.0147711
2023-06-11 03:05,Control,15,781.40474
2023-06-11 03:05,Control,30,778.7767733
2023-06-11 03:05,Control,50,798.2396333
2023-06-11 03:05,Saltwater,5,458.90194
2023-06-11 03:05,Saltwater,15,412.88118
2023-06-11 03:05,Saltwater,30,610.32884
2023-06-11 03:05,Saltwater,50,649.29828
2023-06-11 03:05,Freshwater,5,498.1103867
2023-06-11 03:05,Freshwater,15,330.618036
2023-06-11 03:05,Freshwater,30,307.96165
2023-06-11 03:05,Freshwater,50,690.65204
2023-06-11 03:10,Control,5,613.9965689
2023-06-11 03:10,Control,15,781.45022
2023-06-11 03:10,Control,30,778.6855133
2023-06-11 03:10,Control,50,798.2939833
2023-06-11 03:10,Saltwater,5,458.86782
2023-06-11 03:10,Saltwater,15,412.77884
2023-06-11 03:10,Saltwater,30,610.32884
2023-06-11 03:10,Saltwater,50,649.36656
2023-06-11 03:10,Freshwater,5,498.3167333
2023-06-11 03:10,Freshwater,15,330.685004
2023-06-11 03:10,Freshwater,30,309.014508
2023-06-11 03:10,Freshwater,50,690.716
2023-06-11 03:15,Control,5,614.0408667
2023-06-11 03:15,Control,15,781.52162
2023-06-11 03:15,Control,30,778.7227133
2023-06-11 03:15,Control,50,798.3398583
2023-06-11 03:15,Saltwater,5,459.0043
2023-06-11 03:15,Saltwater,15,412.71056
2023-06-11 03:15,Saltwater,30,610.32884
2023-06-11 03:15,Saltwater,50,649.40066
2023-06-11 03:15,Freshwater,5,498.0469
2023-06-11 03:15,Freshwater,15,330.751906
2023-06-11 03:15,Freshwater,30,309.251532
2023-06-11 03:15,Freshwater,50,690.40566
2023-06-11 03:20,Control,5,613.8304467
2023-06-11 03:20,Control,15,781.54818
2023-06-11 03:20,Control,30,778.7492933
2023-06-11 03:20,Control,50,798.2893083
2023-06-11 03:20,Saltwater,5,458.93606
2023-06-11 03:20,Saltwater,15,412.7398933
2023-06-11 03:20,Saltwater,30,610.36296
2023-06-11 03:20,Saltwater,50,649.23002
2023-06-11 03:20,Freshwater,5,498.0903867
2023-06-11 03:20,Freshwater,15,330.855814
2023-06-11 03:20,Freshwater,30,309.3843033
2023-06-11 03:20,Freshwater,50,690.2387733
2023-06-11 03:25,Control,5,613.8679267
2023-06-11 03:25,Control,15,781.5187
2023-06-11 03:25,Control,30,778.7540133
2023-06-11 03:25,Control,50,798.3369083
2023-06-11 03:25,Saltwater,5,458.90194
2023-06-11 03:25,Saltwater,15,412.7351267
2023-06-11 03:25,Saltwater,30,610.36298
2023-06-11 03:25,Saltwater,50,649.4689
2023-06-11 03:25,Freshwater,5,498.4029933
2023-06-11 03:25,Freshwater,15,330.482724
2023-06-11 03:25,Freshwater,30,309.4821187
2023-06-11 03:25,Freshwater,50,690.2711267
2023-06-11 03:30,Control,5,613.8711667
2023-06-11 03:30,Control,15,781.4208
2023-06-11 03:30,Control,30,778.7585733
2023-06-11 03:30,Control,50,798.3416333
2023-06-11 03:30,Saltwater,5,458.83368
2023-06-11 03:30,Saltwater,15,412.6621
2023-06-11 03:30,Saltwater,30,610.39708
2023-06-11 03:30,Saltwater,50,649.29828
2023-06-11 03:30,Freshwater,5,498.3729
2023-06-11 03:30,Freshwater,15,330.6183
2023-06-11 03:30,Freshwater,30,309.64698
2023-06-11 03:30,Freshwater,50,690.29882
2023-06-11 03:35,Control,5,614.0371467
2023-06-11 03:35,Control,15,781.51638
2023-06-11 03:35,Control,30,778.7858533
2023-06-11 03:35,Control,50,798.2917583
2023-06-11 03:35,Saltwater,5,458.9749667
2023-06-11 03:35,Saltwater,15,412.5890533
2023-06-11 03:35,Saltwater,30,610.36296
2023-06-11 03:35,Saltwater,50,649.50304
2023-06-11 03:35,Freshwater,5,498.4784
2023-06-11 03:35,Freshwater,15,331.163632
2023-06-11 03:35,Freshwater,30,309.54621
2023-06-11 03:35,Freshwater,50,690.4407
2023-06-11 03:40,Control,5,614.2062267
2023-06-11 03:40,Control,15,781.54798
2023-06-11 03:40,Control,30,778.7832933
2023-06-11 03:40,Control,50,798.2463833
2023-06-11 03:40,Saltwater,5,459.0138533
2023-06-11 03:40,Saltwater,15,412.5842867
2023-06-11 03:40,Saltwater,30,610.29472
2023-06-11 03:40,Saltwater,50,649.40066
2023-06-11 03:40,Freshwater,5,498.50932
2023-06-11 03:40,Freshwater,15,331.162332
2023-06-11 03:40,Freshwater,30,310.055018
2023-06-11 03:40,Freshwater,50,690.3676
2023-06-11 03:45,Control,5,614.2073667
2023-06-11 03:45,Control,15,781.48126
2023-06-11 03:45,Control,30,778.8190933
2023-06-11 03:45,Control,50,798.3335083
2023-06-11 03:45,Saltwater,5,459.0528
2023-06-11 03:45,Saltwater,15,412.51122
2023-06-11 03:45,Saltwater,30,610.36296
2023-06-11 03:45,Saltwater,50,649.40066
2023-06-11 03:45,Freshwater,5,498.13612
2023-06-11 03:45,Freshwater,15,331.12863
2023-06-11 03:45,Freshwater,30,310.25919
2023-06-11 03:45,Freshwater,50,690.5387
2023-06-11 03:50,Control,5,614.2845444
2023-06-11 03:50,Control,15,781.4362933
2023-06-11 03:50,Control,30,778.8544333
2023-06-11 03:50,Control,50,798.4201583
2023-06-11 03:50,Saltwater,5,459.0965133
2023-06-11 03:50,Saltwater,15,412.4771
2023-06-11 03:50,Saltwater,30,610.32882
2023-06-11 03:50,Saltwater,50,649.53714
2023-06-11 03:50,Freshwater,5,498.37128
2023-06-11 03:50,Freshwater,15,331.263444
2023-06-11 03:50,Freshwater,30,310.0787227
2023-06-11 03:50,Freshwater,50,689.8107067
2023-06-11 03:55,Control,5,614.1198222
2023-06-11 03:55,Control,15,781.6610067
2023-06-11 03:55,Control,30,778.9202333
2023-06-11 03:55,Control,50,798.4175083
2023-06-11 03:55,Saltwater,5,459.0378067
2023-06-11 03:55,Saltwater,15,412.27238
2023-06-11 03:55,Saltwater,30,610.22644
2023-06-11 03:55,Saltwater,50,649.6054
2023-06-11 03:55,Freshwater,5,498.64958
2023-06-11 03:55,Freshwater,15,330.994164
2023-06-11 03:55,Freshwater,30,310.6151613
2023-06-11 03:55,Freshwater,50,689.4718333
2023-06-11 04:00,Control,5,614.09168
2023-06-11 04:00,Control,15,781.50958
2023-06-11 04:00,Control,30,778.8150133
2023-06-11 04:00,Control,50,798.3292333
2023-06-11 04:00,Saltwater,5,459.218
2023-06-11 04:00,Saltwater,15,412.44298
2023-06-11 04:00,Saltwater,30,610.36296
2023-06-11 04:00,Saltwater,50,649.6054
2023-06-11 04:00,Freshwater,5,498.51084
2023-06-11 04:00,Freshwater,15,331.332934
2023-06-11 04:00,Freshwater,30,310.67263
2023-06-11 04:00,Freshwater,50,690.27342
2023-06-11 04:05,Control,5,614.4358778
2023-06-11 04:05,Control,15,781.53594
2023-06-11 04:05,Control,30,778.9097133
2023-06-11 04:05,Control,50,798.3639083
2023-06-11 04:05,Saltwater,5,459.2569267
2023-06-11 04:05,Saltwater,15,412.37474
2023-06-11 04:05,Saltwater,30,610.3192467
2023-06-11 04:05,Saltwater,50,649.6640867
2023-06-11 04:05,Freshwater,5,498.6237933
2023-06-11 04:05,Freshwater,15,331.333516
2023-06-11 04:05,Freshwater,30,311.148964
2023-06-11 04:05,Freshwater,50,690.1738
2023-06-11 04:10,Control,5,614.3451156
2023-06-11 04:10,Control,15,781.5071
2023-06-11 04:10,Control,30,778.8808933
2023-06-11 04:10,Control,50,798.3694083
2023-06-11 04:10,Saltwater,5,459.3299533
2023-06-11 04:10,Saltwater,15,412.85248
2023-06-11 04:10,Saltwater,30,610.4120733
2023-06-11 04:10,Saltwater,50,649.7910133
2023-06-11 04:10,Freshwater,5,498.6694267
2023-06-11 04:10,Freshwater,15,331.1984
2023-06-11 04:10,Freshwater,30,311.31964
2023-06-11 04:10,Freshwater,50,690.68708
2023-06-11 04:15,Control,5,614.3886533
2023-06-11 04:15,Control,15,781.67994
2023-06-11 04:15,Control,30,778.8486133
2023-06-11 04:15,Control,50,798.4141583
2023-06-11 04:15,Saltwater,5,459.36886
2023-06-11 04:15,Saltwater,15,412.30652
2023-06-11 04:15,Saltwater,30,610.33422
2023-06-11 04:15,Saltwater,50,649.6108
2023-06-11 04:15,Freshwater,5,498.4753
2023-06-11 04:15,Freshwater,15,331.538392
2023-06-11 04:15,Freshwater,30,310.77586
2023-06-11 04:15,Freshwater,50,690.0757
2023-06-11 04:20,Control,5,614.2283511
2023-06-11 04:20,Control,15,781.61524
2023-06-11 04:20,Control,30,778.8704978
2023-06-11 04:20,Control,50,798.4447028
2023-06-11 04:20,Saltwater,5,459.36886
2023-06-11 04:20,Saltwater,15,412.30652
2023-06-11 04:20,Saltwater,30,610.36836
2023-06-11 04:20,Saltwater,50,649.7473
2023-06-11 04:20,Freshwater,5,498.9219667
2023-06-11 04:20,Freshwater,15,331.402434
2023-06-11 04:20,Freshwater,30,311.45566
2023-06-11 04:20,Freshwater,50,690.1097
2023-06-11 04:25,Control,5,614.2763489
2023-06-11 04:25,Control,15,781.65768
2023-06-11 04:25,Control,30,778.9311422
2023-06-11 04:25,Control,50,798.3518222
2023-06-11 04:25,Saltwater,5,459.50536
2023-06-11 04:25,Saltwater,15,412.13588
2023-06-11 04:25,Saltwater,30,610.3001
2023-06-11 04:25,Saltwater,50,649.64492
2023-06-11 04:25,Freshwater,5,498.5868333
2023-06-11 04:25,Freshwater,15,331.538396
2023-06-11 04:25,Freshwater,30,311.999508
2023-06-11 04:25,Freshwater,50,689.80378
2023-06-11 04:30,Control,5,614.2509267
2023-06-11 04:30,Control,15,781.55626
2023-06-11 04:30,Control,30,778.8820867
2023-06-11 04:30,Control,50,798.4651667
2023-06-11 04:30,Saltwater,5,459.47122
2023-06-11 04:30,Saltwater,15,412.23828
2023-06-11 04:30,Saltwater,30,610.36836
2023-06-11 04:30,Saltwater,50,649.74728
2023-06-11 04:30,Freshwater,5,498.7931
2023-06-11 04:30,Freshwater,15,331.775292
2023-06-11 04:30,Freshwater,30,312.134606
2023-06-11 04:30,Freshwater,50,690.03756
2023-06-11 04:35,Control,5,614.3273044
2023-06-11 04:35,Control,15,781.6931
2023-06-11 04:35,Control,30,778.9505667
2023-06-11 04:35,Control,50,798.4225167
2023-06-11 04:35,Saltwater,5,459.47122
2023-06-11 04:35,Saltwater,15,412.10176
2023-06-11 04:35,Saltwater,30,610.36834
2023-06-11 04:35,Saltwater,50,649.78142
2023-06-11 04:35,Freshwater,5,498.86324
2023-06-11 04:35,Freshwater,15,330.960432
2023-06-11 04:35,Freshwater,30,312.33933
2023-06-11 04:35,Freshwater,50,689.70128
2023-06-11 04:40,Control,5,614.2846222
2023-06-11 04:40,Control,15,781.7039
2023-06-11 04:40,Control,30,778.9273867
2023-06-11 04:40,Control,50,798.3130917
2023-06-11 04:40,Saltwater,5,459.4371
2023-06-11 04:40,Saltwater,15,412.20412
2023-06-11 04:40,Saltwater,30,610.40248
2023-06-11 04:40,Saltwater,50,649.8838
2023-06-11 04:40,Freshwater,5,498.82956
2023-06-11 04:40,Freshwater,15,331.504418
2023-06-11 04:40,Freshwater,30,312.577358
2023-06-11 04:40,Freshwater,50,690.07568
2023-06-11 04:45,Control,5,614.43924
2023-06-11 04:45,Control,15,781.61544
2023-06-11 04:45,Control,30,778.9071467
2023-06-11 04:45,Control,50,798.4556917
2023-06-11 04:45,Saltwater,5,459.47124
2023-06-11 04:45,Saltwater,15,412.13588
2023-06-11 04:45,Saltwater,30,610.33422
2023-06-11 04:45,Saltwater,50,649.95204
2023-06-11 04:45,Freshwater,5,498.7616
2023-06-11 04:45,Freshwater,15,331.742336
2023-06-11 04:45,Freshwater,30,312.339424
2023-06-11 04:45,Freshwater,50,689.93974
2023-06-11 04:50,Control,5,614.40968
2023-06-11 04:50,Control,15,781.7245
2023-06-11 04:50,Control,30,778.9477867
2023-06-11 04:50,Control,50,798.5051417
2023-06-11 04:50,Saltwater,5,459.5197
2023-06-11 04:50,Saltwater,15,412.03348
2023-06-11 04:50,Saltwater,30,610.19774
2023-06-11 04:50,Saltwater,50,649.98616
2023-06-11 04:50,Freshwater,5,498.6284067
2023-06-11 04:50,Freshwater,15,331.673534
2023-06-11 04:50,Freshwater,30,313.052544
2023-06-11 04:50,Freshwater,50,689.76644
2023-06-11 04:55,Control,5,614.60756
2023-06-11 04:55,Control,15,781.8169
2023-06-11 04:55,Control,30,778.9377467
2023-06-11 04:55,Control,50,798.4519667
2023-06-11 04:55,Saltwater,5,459.977678
2023-06-11 04:55,Saltwater,15,411.99936
2023-06-11 04:55,Saltwater,30,610.26598
2023-06-11 04:55,Saltwater,50,649.88378
2023-06-11 04:55,Freshwater,5,498.3291333
2023-06-11 04:55,Freshwater,15,331.77626
2023-06-11 04:55,Freshwater,30,312.917214
2023-06-11 04:55,Freshwater,50,689.93942
2023-06-11 05:00,Control,5,614.50596
2023-06-11 05:00,Control,15,781.784
2023-06-11 05:00,Control,30,779.0757067
2023-06-11 05:00,Control,50,798.4532667
2023-06-11 05:00,Saltwater,5,459.58254
2023-06-11 05:00,Saltwater,15,412.06764
2023-06-11 05:00,Saltwater,30,610.40246
2023-06-11 05:00,Saltwater,50,649.95202
2023-06-11 05:00,Freshwater,5,498.538
2023-06-11 05:00,Freshwater,15,331.810328
2023-06-11 05:00,Freshwater,30,313.121214
2023-06-11 05:00,Freshwater,50,689.80378
2023-06-11 05:05,Control,5,614.4846778
2023-06-11 05:05,Control,15,781.8593
2023-06-11 05:05,Control,30,779.0142667
2023-06-11 05:05,Control,50,798.5031667
2023-06-11 05:05,Saltwater,5,459.5873467
2023-06-11 05:05,Saltwater,15,412.0382867
2023-06-11 05:05,Saltwater,30,610.33422
2023-06-11 05:05,Saltwater,50,650.02028
2023-06-11 05:05,Freshwater,5,498.70716
2023-06-11 05:05,Freshwater,15,331.572046
2023-06-11 05:05,Freshwater,30,313.6260133
2023-06-11 05:05,Freshwater,50,689.0498333
2023-06-11 05:10,Control,5,614.3865956
2023-06-11 05:10,Control,15,781.92266
2023-06-11 05:10,Control,30,779.0093067
2023-06-11 05:10,Control,50,798.4980667
2023-06-11 05:10,Saltwater,5,459.8651193
2023-06-11 05:10,Saltwater,15,412.0430733
2023-06-11 05:10,Saltwater,30,610.33422
2023-06-11 05:10,Saltwater,50,650.1568
2023-06-11 05:10,Freshwater,5,498.60594
2023-06-11 05:10,Freshwater,15,332.014258
2023-06-11 05:10,Freshwater,30,313.8594067
2023-06-11 05:10,Freshwater,50,689.6921267
2023-06-11 05:15,Control,5,614.5012533
2023-06-11 05:15,Control,15,781.96272
2023-06-11 05:15,Control,30,779.0151467
2023-06-11 05:15,Control,50,798.5467917
2023-06-11 05:15,Saltwater,5,459.66516
2023-06-11 05:15,Saltwater,15,411.9796
2023-06-11 05:15,Saltwater,30,610.26596
2023-06-11 05:15,Saltwater,50,650.05442
2023-06-11 05:15,Freshwater,5,498.77594
2023-06-11 05:15,Freshwater,15,331.810318
2023-06-11 05:15,Freshwater,30,314.05857
2023-06-11 05:15,Freshwater,50,689.75542
2023-06-11 05:20,Control,5,608.1809533
2023-06-11 05:20,Control,15,781.8977
2023-06-11 05:20,Control,30,779.0868067
2023-06-11 05:20,Control,50,798.5074917
2023-06-11 05:20,Saltwater,5,459.76752
2023-06-11 05:20,Saltwater,15,411.91138
2023-06-11 05:20,Saltwater,30,610.26596
2023-06-11 05:20,Saltwater,50,650.0544
2023-06-11 05:20,Freshwater,5,498.74194
2023-06-11 05:20,Freshwater,15,331.572398
2023-06-11 05:20,Freshwater,30,314.33049
2023-06-11 05:20,Freshwater,50,689.61944
2023-06-11 05:25,Control,5,608.5913933
2023-06-11 05:25,Control,15,782.00066
2023-06-11 05:25,Control,30,779.0872867
2023-06-11 05:25,Control,50,798.5506917
2023-06-11 05:25,Saltwater,5,459.63104
2023-06-11 05:25,Saltwater,15,412.01372
2023-06-11 05:25,Saltwater,30,610.30008
2023-06-11 05:25,Saltwater,50,650.19092
2023-06-11 05:25,Freshwater,5,498.77596
2023-06-11 05:25,Freshwater,15,331.878318
2023-06-11 05:25,Freshwater,30,314.092566
2023-06-11 05:25,Freshwater,50,689.58548
2023-06-11 05:30,Control,5,609.7807933
2023-06-11 05:30,Control,15,782.02512
2023-06-11 05:30,Control,30,779.2142867
2023-06-11 05:30,Control,50,798.5833917
2023-06-11 05:30,Saltwater,5,459.66516
2023-06-11 05:30,Saltwater,15,412.01372
2023-06-11 05:30,Saltwater,30,610.30008
2023-06-11 05:30,Saltwater,50,650.08854
2023-06-11 05:30,Freshwater,5,499.04788
2023-06-11 05:30,Freshwater,15,331.946278
2023-06-11 05:30,Freshwater,30,314.500442
2023-06-11 05:30,Freshwater,50,689.55148
2023-06-11 05:35,Control,5,610.3289933
2023-06-11 05:35,Control,15,781.99292
2023-06-11 05:35,Control,30,779.1137267
2023-06-11 05:35,Control,50,798.6281667
2023-06-11 05:35,Saltwater,5,459.8064267
2023-06-11 05:35,Saltwater,15,411.80902
2023-06-11 05:35,Saltwater,30,610.40246
2023-06-11 05:35,Saltwater,50,650.25916
2023-06-11 05:35,Freshwater,5,498.8817067
2023-06-11 05:35,Freshwater,15,331.945868
2023-06-11 05:35,Freshwater,30,315.077938
2023-06-11 05:35,Freshwater,50,689.27788
2023-06-11 05:40,Control,5,611.0158133
2023-06-11 05:40,Control,15,782.16856
2023-06-11 05:40,Control,30,779.1868267
2023-06-11 05:40,Control,50,798.7184917
2023-06-11 05:40,Saltwater,5,459.7429933
2023-06-11 05:40,Saltwater,15,411.94548
2023-06-11 05:40,Saltwater,30,610.30008
2023-06-11 05:40,Saltwater,50,650.25914
2023-06-11 05:40,Freshwater,5,498.8533933
2023-06-11 05:40,Freshwater,15,332.04823
2023-06-11 05:40,Freshwater,30,315.07827
2023-06-11 05:40,Freshwater,50,689.48332
2023-06-11 05:45,Control,5,611.3870533
2023-06-11 05:45,Control,15,782.16182
2023-06-11 05:45,Control,30,779.2484667
2023-06-11 05:45,Control,50,798.6261167
2023-06-11 05:45,Saltwater,5,459.91838
2023-06-11 05:45,Saltwater,15,411.84312
2023-06-11 05:45,Saltwater,30,610.3001
2023-06-11 05:45,Saltwater,50,650.25916
2023-06-11 05:45,Freshwater,5,498.95638
2023-06-11 05:45,Freshwater,15,331.808686
2023-06-11 05:45,Freshwater,30,315.348818
2023-06-11 05:45,Freshwater,50,689.30706
2023-06-11 05:50,Control,5,612.1448733
2023-06-11 05:50,Control,15,782.1703
2023-06-11 05:50,Control,30,779.2227267
2023-06-11 05:50,Control,50,798.8057417
2023-06-11 05:50,Saltwater,5,459.9231667
2023-06-11 05:50,Saltwater,15,411.70664
2023-06-11 05:50,Saltwater,30,610.36834
2023-06-11 05:50,Saltwater,50,650.3274
2023-06-11 05:50,Freshwater,5,498.8626667
2023-06-11 05:50,Freshwater,15,331.436278
2023-06-11 05:50,Freshwater,30,315.622006
2023-06-11 05:50,Freshwater,50,689.14288
2023-06-11 05:55,Control,5,612.1776333
2023-06-11 05:55,Control,15,782.20244
2023-06-11 05:55,Control,30,779.2548867
2023-06-11 05:55,Control,50,798.6327667
2023-06-11 05:55,Saltwater,5,459.8938333
2023-06-11 05:55,Saltwater,15,411.70664
2023-06-11 05:55,Saltwater,30,610.3001
2023-06-11 05:55,Saltwater,50,650.39566
2023-06-11 05:55,Freshwater,5,499.0038333
2023-06-11 05:55,Freshwater,15,332.15025
2023-06-11 05:55,Freshwater,30,315.554164
2023-06-11 05:55,Freshwater,50,689.4495
2023-06-11 06:00,Control,5,612.3456333
2023-06-11 06:00,Control,15,782.13
2023-06-11 06:00,Control,30,779.2166667
2023-06-11 06:00,Control,50,798.6712917
2023-06-11 06:00,Saltwater,5,459.89862
2023-06-11 06:00,Saltwater,15,411.74074
2023-06-11 06:00,Saltwater,30,610.26598
2023-06-11 06:00,Saltwater,50,650.36154
2023-06-11 06:00,Freshwater,5,499.1106
2023-06-11 06:00,Freshwater,15,332.252202
2023-06-11 06:00,Freshwater,30,315.860068
2023-06-11 06:00,Freshwater,50,689.31354
2023-06-11 06:05,Control,5,612.7050489
2023-06-11 06:05,Control,15,782.26916
2023-06-11 06:05,Control,30,779.2532467
2023-06-11 06:05,Control,50,798.7165167
2023-06-11 06:05,Saltwater,5,460.1470673
2023-06-11 06:05,Saltwater,15,411.74078
2023-06-11 06:05,Saltwater,30,610.26598
2023-06-11 06:05,Saltwater,50,650.4298
2023-06-11 06:05,Freshwater,5,498.8797133
2023-06-11 06:05,Freshwater,15,332.081214
2023-06-11 06:05,Freshwater,30,316.233076
2023-06-11 06:05,Freshwater,50,689.2414
2023-06-11 06:10,Control,5,612.9219244
2023-06-11 06:10,Control,15,782.29748
2023-06-11 06:10,Control,30,779.2474267
2023-06-11 06:10,Control,50,798.7105167
2023-06-11 06:10,Saltwater,5,460.3955087
2023-06-11 06:10,Saltwater,15,411.60424
2023-06-11 06:10,Saltwater,30,610.40246
2023-06-11 06:10,Saltwater,50,650.4639
2023-06-11 06:10,Freshwater,5,498.7215267
2023-06-11 06:10,Freshwater,15,332.252066
2023-06-11 06:10,Freshwater,30,316.029922
2023-06-11 06:10,Freshwater,50,689.27904
2023-06-11 06:15,Control,5,613.17252
2023-06-11 06:15,Control,15,782.25676
2023-06-11 06:15,Control,30,779.2408667
2023-06-11 06:15,Control,50,798.6183167
2023-06-11 06:15,Saltwater,5,461.77004
2023-06-11 06:15,Saltwater,15,411.63838
2023-06-11 06:15,Saltwater,30,610.23186
2023-06-11 06:15,Saltwater,50,650.49802
2023-06-11 06:15,Freshwater,5,499.17328
2023-06-11 06:15,Freshwater,15,332.184222
2023-06-11 06:15,Freshwater,30,316.57389
2023-06-11 06:15,Freshwater,50,688.93966
2023-06-11 06:20,Control,5,612.3673978
2023-06-11 06:20,Control,15,782.26688
2023-06-11 06:20,Control,30,779.3193467
2023-06-11 06:20,Control,50,798.7568667
2023-06-11 06:20,Saltwater,5,464.3682467
2023-06-11 06:20,Saltwater,15,411.6090467
2023-06-11 06:20,Saltwater,30,610.23186
2023-06-11 06:20,Saltwater,50,650.53218
2023-06-11 06:20,Freshwater,5,499.30842
2023-06-11 06:20,Freshwater,15,332.0867047
2023-06-11 06:20,Freshwater,30,316.743534
2023-06-11 06:20,Freshwater,50,688.59838
2023-06-11 06:25,Control,5,613.5283156
2023-06-11 06:25,Control,15,782.35654
2023-06-11 06:25,Control,30,779.3065267
2023-06-11 06:25,Control,50,798.7009167
2023-06-11 06:25,Saltwater,5,465.2261393
2023-06-11 06:25,Saltwater,15,411.6820933
2023-06-11 06:25,Saltwater,30,610.23186
2023-06-11 06:25,Saltwater,50,650.63454
2023-06-11 06:25,Freshwater,5,499.13922
2023-06-11 06:25,Freshwater,15,332.3977173
2023-06-11 06:25,Freshwater,30,316.811782
2023-06-11 06:25,Freshwater,50,689.24546
2023-06-11 06:30,Control,5,613.7481533
2023-06-11 06:30,Control,15,782.33206
2023-06-11 06:30,Control,30,779.3161867
2023-06-11 06:30,Control,50,798.7963167
2023-06-11 06:30,Saltwater,5,465.74279
2023-06-11 06:30,Saltwater,15,411.58448
2023-06-11 06:30,Saltwater,30,610.266
2023-06-11 06:30,Saltwater,50,650.53216
2023-06-11 06:30,Freshwater,5,498.89978
2023-06-11 06:30,Freshwater,15,332.16392
2023-06-11 06:30,Freshwater,30,317.185126
2023-06-11 06:30,Freshwater,50,689.07298
2023-06-11 06:35,Control,5,614.0598933
2023-06-11 06:35,Control,15,782.4524067
2023-06-11 06:35,Control,30,779.3140289
2023-06-11 06:35,Control,50,798.7516389
2023-06-11 06:35,Saltwater,5,465.981634
2023-06-11 06:35,Saltwater,15,411.6234067
2023-06-11 06:35,Saltwater,30,610.3001
2023-06-11 06:35,Saltwater,50,650.7369
2023-06-11 06:35,Freshwater,5,498.9399667
2023-06-11 06:35,Freshwater,15,332.368478
2023-06-11 06:35,Freshwater,30,317.321604
2023-06-11 06:35,Freshwater,50,689.00732
2023-06-11 06:40,Control,5,613.3073133
2023-06-11 06:40,Control,15,782.4633733
2023-06-11 06:40,Control,30,779.4417711
2023-06-11 06:40,Control,50,798.7853861
2023-06-11 06:40,Saltwater,5,466.118106
2023-06-11 06:40,Saltwater,15,411.5940733
2023-06-11 06:40,Saltwater,30,610.33422
2023-06-11 06:40,Saltwater,50,650.63456
2023-06-11 06:40,Freshwater,5,499.1828733
2023-06-11 06:40,Freshwater,15,332.504514
2023-06-11 06:40,Freshwater,30,316.81182
2023-06-11 06:40,Freshwater,50,689.04162
2023-06-11 06:45,Control,5,613.7475333
2023-06-11 06:45,Control,15,782.53794
2023-06-11 06:45,Control,30,779.2229733
2023-06-11 06:45,Control,50,798.7714583
2023-06-11 06:45,Saltwater,5,466.425218
2023-06-11 06:45,Saltwater,15,411.70124
2023-06-11 06:45,Saltwater,30,610.3001
2023-06-11 06:45,Saltwater,50,650.66866
2023-06-11 06:45,Freshwater,5,499.0152
2023-06-11 06:45,Freshwater,15,332.367504
2023-06-11 06:45,Freshwater,30,317.762636
2023-06-11 06:45,Freshwater,50,688.59562
2023-06-11 06:50,Control,5,613.9606911
2023-06-11 06:50,Control,15,782.60644
2023-06-11 06:50,Control,30,779.3940133
2023-06-11 06:50,Control,50,798.8143333
2023-06-11 06:50,Saltwater,5,466.698214
2023-06-11 06:50,Saltwater,15,411.56472
2023-06-11 06:50,Saltwater,30,610.3001
2023-06-11 06:50,Saltwater,50,650.80514
2023-06-11 06:50,Freshwater,5,499.0174
2023-06-11 06:50,Freshwater,15,332.43641
2023-06-11 06:50,Freshwater,30,317.933398
2023-06-11 06:50,Freshwater,50,688.63322
2023-06-11 06:55,Control,5,614.4504889
2023-06-11 06:55,Control,15,782.54288
2023-06-11 06:55,Control,30,779.3645933
2023-06-11 06:55,Control,50,798.7338083
2023-06-11 06:55,Saltwater,5,467.48308
2023-06-11 06:55,Saltwater,15,411.49648
2023-06-11 06:55,Saltwater,30,610.40248
2023-06-11 06:55,Saltwater,50,650.77104
2023-06-11 06:55,Freshwater,5,499.22162
2023-06-11 06:55,Freshwater,15,332.606454
2023-06-11 06:55,Freshwater,30,318.001484
2023-06-11 06:55,Freshwater,50,688.83768
2023-06-11 07:00,Control,5,614.6318667
2023-06-11 07:00,Control,15,782.64894
2023-06-11 07:00,Control,30,779.3339733
2023-06-11 07:00,Control,50,798.8656833
2023-06-11 07:00,Saltwater,5,467.175978
2023-06-11 07:00,Saltwater,15,411.56474
2023-06-11 07:00,Saltwater,30,610.3001
2023-06-11 07:00,Saltwater,50,650.77102
2023-06-11 07:00,Freshwater,5,499.0177
2023-06-11 07:00,Freshwater,15,331.824686
2023-06-11 07:00,Freshwater,30,318.273404
2023-06-11 07:00,Freshwater,50,688.46376
2023-06-11 07:05,Control,5,614.9753667
2023-06-11 07:05,Control,15,782.61728
2023-06-11 07:05,Control,30,779.4389733
2023-06-11 07:05,Control,50,798.9109333
2023-06-11 07:05,Saltwater,5,467.1855233
2023-06-11 07:05,Saltwater,15,411.63298
2023-06-11 07:05,Saltwater,30,610.1881667
2023-06-11 07:05,Saltwater,50,650.9320667
2023-06-11 07:05,Freshwater,5,498.8855267
2023-06-11 07:05,Freshwater,15,332.64005
2023-06-11 07:05,Freshwater,30,318.341002
2023-06-11 07:05,Freshwater,50,688.836
2023-06-11 07:10,Control,5,614.9246667
2023-06-11 07:10,Control,15,782.62802
2023-06-11 07:10,Control,30,779.4156933
2023-06-11 07:10,Control,50,798.8013833
2023-06-11 07:10,Saltwater,5,467.9458427
2023-06-11 07:10,Saltwater,15,411.5306
2023-06-11 07:10,Saltwater,30,610.2127133
2023-06-11 07:10,Saltwater,50,650.8883733
2023-06-11 07:10,Freshwater,5,499.2991133
2023-06-11 07:10,Freshwater,15,332.844378
2023-06-11 07:10,Freshwater,30,318.443338
2023-06-11 07:10,Freshwater,50,688.7356
2023-06-11 07:15,Control,5,615.1442467
2023-06-11 07:15,Control,15,782.78532
2023-06-11 07:15,Control,30,779.4019733
2023-06-11 07:15,Control,50,798.8225833
2023-06-11 07:15,Saltwater,5,467.511786
2023-06-11 07:15,Saltwater,15,411.53062
2023-06-11 07:15,Saltwater,30,610.27138
2023-06-11 07:15,Saltwater,50,650.87878
2023-06-11 07:15,Freshwater,5,498.82812
2023-06-11 07:15,Freshwater,15,332.606466
2023-06-11 07:15,Freshwater,30,318.919224
2023-06-11 07:15,Freshwater,50,688.7017
2023-06-11 07:20,Control,5,615.3810467
2023-06-11 07:20,Control,15,782.71352
2023-06-11 07:20,Control,30,779.4669133
2023-06-11 07:20,Control,50,798.9044833
2023-06-11 07:20,Saltwater,5,467.6237393
2023-06-11 07:20,Saltwater,15,411.42824
2023-06-11 07:20,Saltwater,30,610.16902
2023-06-11 07:20,Saltwater,50,651.01528
2023-06-11 07:20,Freshwater,5,498.65244
2023-06-11 07:20,Freshwater,15,332.8807727
2023-06-11 07:20,Freshwater,30,318.713152
2023-06-11 07:20,Freshwater,50,688.62422
2023-06-11 07:25,Control,5,615.8294467
2023-06-11 07:25,Control,15,782.82182
2023-06-11 07:25,Control,30,779.5068333
2023-06-11 07:25,Control,50,798.9531583
2023-06-11 07:25,Saltwater,5,467.7015487
2023-06-11 07:25,Saltwater,15,411.42822
2023-06-11 07:25,Saltwater,30,610.37376
2023-06-11 07:25,Saltwater,50,651.0153
2023-06-11 07:25,Freshwater,5,499.06142
2023-06-11 07:25,Freshwater,15,332.8520433
2023-06-11 07:25,Freshwater,30,319.15544
2023-06-11 07:25,Freshwater,50,688.66002
2023-06-11 07:30,Control,5,616.1717667
2023-06-11 07:30,Control,15,782.7201
2023-06-11 07:30,Control,30,779.5418133
2023-06-11 07:30,Control,50,798.9112333
2023-06-11 07:30,Saltwater,5,467.779374
2023-06-11 07:30,Saltwater,15,411.5306
2023-06-11 07:30,Saltwater,30,610.37376
2023-06-11 07:30,Saltwater,50,650.98118
2023-06-11 07:30,Freshwater,5,498.748
2023-06-11 07:30,Freshwater,15,331.969954
2023-06-11 07:30,Freshwater,30,318.608822
2023-06-11 07:30,Freshwater,50,687.96778
2023-06-11 07:35,Control,5,616.5887244
2023-06-11 07:35,Control,15,782.78684
2023-06-11 07:35,Control,30,779.6085533
2023-06-11 07:35,Control,50,798.9950583
2023-06-11 07:35,Saltwater,5,467.847622
2023-06-11 07:35,Saltwater,15,411.5012667
2023-06-11 07:35,Saltwater,30,610.4372133
2023-06-11 07:35,Saltwater,50,651.2152333
2023-06-11 07:35,Freshwater,5,498.9868867
2023-06-11 07:35,Freshwater,15,333.12395
2023-06-11 07:35,Freshwater,30,319.525104
2023-06-11 07:35,Freshwater,50,688.64124
2023-06-11 07:40,Control,5,616.8711422
2023-06-11 07:40,Control,15,782.78828
2023-06-11 07:40,Control,30,779.6099733
2023-06-11 07:40,Control,50,798.9538083
2023-06-11 07:40,Saltwater,5,467.642886
2023-06-11 07:40,Saltwater,15,411.4719333
2023-06-11 07:40,Saltwater,30,610.2618267
2023-06-11 07:40,Saltwater,50,651.1080867
2023-06-11 07:40,Freshwater,5,498.9162133
2023-06-11 07:40,Freshwater,15,332.814894
2023-06-11 07:40,Freshwater,30,319.93019
2023-06-11 07:40,Freshwater,50,688.59486
2023-06-11 07:45,Control,5,617.4944
2023-06-11 07:45,Control,15,782.89096
2023-06-11 07:45,Control,30,779.6101733
2023-06-11 07:45,Control,50,798.9539583
2023-06-11 07:45,Saltwater,5,467.813526
2023-06-11 07:45,Saltwater,15,411.4426
2023-06-11 07:45,Saltwater,30,610.29116
2023-06-11 07:45,Saltwater,50,651.03506
2023-06-11 07:45,Freshwater,5,498.80832
2023-06-11 07:45,Freshwater,15,332.572482
2023-06-11 07:45,Freshwater,30,320.062118
2023-06-11 07:45,Freshwater,50,688.5431
2023-06-11 07:50,Control,5,617.90452
2023-06-11 07:50,Control,15,782.85678
2023-06-11 07:50,Control,30,779.5759933
2023-06-11 07:50,Control,50,798.9966833
2023-06-11 07:50,Saltwater,5,467.984114
2023-06-11 07:50,Saltwater,15,411.27198
2023-06-11 07:50,Saltwater,30,610.35942
2023-06-11 07:50,Saltwater,50,650.86444
2023-06-11 07:50,Freshwater,5,498.78506
2023-06-11 07:50,Freshwater,15,333.114742
2023-06-11 07:50,Freshwater,30,319.720914
2023-06-11 07:50,Freshwater,50,688.67308
2023-06-11 07:55,Control,5,618.33974
2023-06-11 07:55,Control,15,782.91242
2023-06-11 07:55,Control,30,779.6316333
2023-06-11 07:55,Control,50,799.0690083
2023-06-11 07:55,Saltwater,5,468.495994
2023-06-11 07:55,Saltwater,15,412.43218
2023-06-11 07:55,Saltwater,30,610.25702
2023-06-11 07:55,Saltwater,50,651.6834
2023-06-11 07:55,Freshwater,5,497.26808
2023-06-11 07:55,Freshwater,15,333.657656
2023-06-11 07:55,Freshwater,30,321.419422
2023-06-11 07:55,Freshwater,50,690.26702
2023-06-11 08:00,Control,5,619.15702
2023-06-11 08:00,Control,15,782.87414
2023-06-11 08:00,Control,30,779.6617533
2023-06-11 08:00,Control,50,798.9366333
2023-06-11 08:00,Saltwater,5,467.711146
2023-06-11 08:00,Saltwater,15,410.82836
2023-06-11 08:00,Saltwater,30,609.81342
2023-06-11 08:00,Saltwater,50,650.55732
2023-06-11 08:00,Freshwater,5,498.93968
2023-06-11 08:00,Freshwater,15,333.28043
2023-06-11 08:00,Freshwater,30,322.673822
2023-06-11 08:00,Freshwater,50,686.92314
2023-06-11 08:05,Control,5,620.0530956
2023-06-11 08:05,Control,15,782.8742867
2023-06-11 08:05,Control,30,779.7183733
2023-06-11 08:05,Control,50,798.9245583
2023-06-11 08:05,Saltwater,5,467.9871367
2023-06-11 08:05,Saltwater,15,410.92936
2023-06-11 08:05,Saltwater,30,609.94718
2023-06-11 08:05,Saltwater,50,650.82728
2023-06-11 08:05,Freshwater,5,500.12834
2023-06-11 08:05,Freshwater,15,333.925778
2023-06-11 08:05,Freshwater,30,321.993804
2023-06-11 08:05,Freshwater,50,690.66008
2023-06-11 08:10,Control,5,620.7372911
2023-06-11 08:10,Control,15,782.9675133
2023-06-11 08:10,Control,30,779.6972133
2023-06-11 08:10,Control,50,799.0307833
2023-06-11 08:10,Saltwater,5,468.4622093
2023-06-11 08:10,Saltwater,15,411.43542
2023-06-11 08:10,Saltwater,30,610.72046
2023-06-11 08:10,Saltwater,50,651.29228
2023-06-11 08:10,Freshwater,5,498.80284
2023-06-11 08:10,Freshwater,15,332.702304
2023-06-11 08:10,Freshwater,30,320.838316
2023-06-11 08:10,Freshwater,50,687.94118
2023-06-11 08:15,Control,5,621.4608067
2023-06-11 08:15,Control,15,782.82874
2023-06-11 08:15,Control,30,779.7174333
2023-06-11 08:15,Control,50,799.0163333
2023-06-11 08:15,Saltwater,5,467.553688
2023-06-11 08:15,Saltwater,15,410.58856
2023-06-11 08:15,Saltwater,30,609.33386
2023-06-11 08:15,Saltwater,50,650.11166
2023-06-11 08:15,Freshwater,5,498.395
2023-06-11 08:15,Freshwater,15,332.80426
2023-06-11 08:15,Freshwater,30,320.87229
2023-06-11 08:15,Freshwater,50,688.07712
2023-06-11 08:20,Control,5,622.1020844
2023-06-11 08:20,Control,15,782.87484
2023-06-11 08:20,Control,30,779.7294933
2023-06-11 08:20,Control,50,799.0789083
2023-06-11 08:20,Saltwater,5,467.8206013
2023-06-11 08:20,Saltwater,15,410.74706
2023-06-11 08:20,Saltwater,30,610.40148
2023-06-11 08:20,Saltwater,50,651.38154
2023-06-11 08:20,Freshwater,5,498.5017467
2023-06-11 08:20,Freshwater,15,333.144096
2023-06-11 08:20,Freshwater,30,320.838292
2023-06-11 08:20,Freshwater,50,688.21308
2023-06-11 08:25,Control,5,622.4139022
2023-06-11 08:25,Control,15,782.78804
2023-06-11 08:25,Control,30,779.6088333
2023-06-11 08:25,Control,50,798.9820833
2023-06-11 08:25,Saltwater,5,468.0755947
2023-06-11 08:25,Saltwater,15,410.47914
2023-06-11 08:25,Saltwater,30,610.44578
2023-06-11 08:25,Saltwater,50,651.46104
2023-06-11 08:25,Freshwater,5,498.5720133
2023-06-11 08:25,Freshwater,15,333.109068
2023-06-11 08:25,Freshwater,30,321.483052
2023-06-11 08:25,Freshwater,50,688.07298
2023-06-11 08:30,Control,5,623.05334
2023-06-11 08:30,Control,15,782.69508
2023-06-11 08:30,Control,30,779.6526933
2023-06-11 08:30,Control,50,798.9995083
2023-06-11 08:30,Saltwater,5,468.56026
2023-06-11 08:30,Saltwater,15,410.10178
2023-06-11 08:30,Saltwater,30,610.2711
2023-06-11 08:30,Saltwater,50,650.84234
2023-06-11 08:30,Freshwater,5,498.43994
2023-06-11 08:30,Freshwater,15,333.244598
2023-06-11 08:30,Freshwater,30,321.176846
2023-06-11 08:30,Freshwater,50,688.00344
2023-06-11 08:35,Control,5,623.44566
2023-06-11 08:35,Control,15,782.8072
2023-06-11 08:35,Control,30,779.6283133
2023-06-11 08:35,Control,50,798.9316083
2023-06-11 08:35,Saltwater,5,468.4835447
2023-06-11 08:35,Saltwater,15,409.30676
2023-06-11 08:35,Saltwater,30,610.59176
2023-06-11 08:35,Saltwater,50,650.54674
2023-06-11 08:35,Freshwater,5,498.95264
2023-06-11 08:35,Freshwater,15,333.313826
2023-06-11 08:35,Freshwater,30,321.483824
2023-06-11 08:35,Freshwater,50,687.6345
2023-06-11 08:40,Control,5,623.40724
2023-06-11 08:40,Control,15,782.80136
2023-06-11 08:40,Control,30,779.5882933
2023-06-11 08:40,Control,50,798.9682583
2023-06-11 08:40,Saltwater,5,467.7657593
2023-06-11 08:40,Saltwater,15,410.35982
2023-06-11 08:40,Saltwater,30,609.04696
2023-06-11 08:40,Saltwater,50,651.73056
2023-06-11 08:40,Freshwater,5,499.05274
2023-06-11 08:40,Freshwater,15,333.07514
2023-06-11 08:40,Freshwater,30,321.75499
2023-06-11 08:40,Freshwater,50,687.35958
2023-06-11 08:45,Control,5,623.91924
2023-06-11 08:45,Control,15,782.7665
2023-06-11 08:45,Control,30,779.6559533
2023-06-11 08:45,Control,50,798.9675583
2023-06-11 08:45,Saltwater,5,465.99163
2023-06-11 08:45,Saltwater,15,409.4008
2023-06-11 08:45,Saltwater,30,610.64318
2023-06-11 08:45,Saltwater,50,650.2894
2023-06-11 08:45,Freshwater,5,499.01152
2023-06-11 08:45,Freshwater,15,333.411932
2023-06-11 08:45,Freshwater,30,321.956144
2023-06-11 08:45,Freshwater,50,688.06126
2023-06-11 08:50,Control,5,624.29504
2023-06-11 08:50,Control,15,782.62982
2023-06-11 08:50,Control,30,779.8609333
2023-06-11 08:50,Control,50,798.9675333
2023-06-11 08:50,Saltwater,5,467.1585267
2023-06-11 08:50,Saltwater,15,409.7825067
2023-06-11 08:50,Saltwater,30,609.41814
2023-06-11 08:50,Saltwater,50,652.306
2023-06-11 08:50,Freshwater,5,499.00134
2023-06-11 08:50,Freshwater,15,333.067792
2023-06-11 08:50,Freshwater,30,322.088198
2023-06-11 08:50,Freshwater,50,687.87442
2023-06-11 08:55,Control,5,624.80752
2023-06-11 08:55,Control,15,782.73232
2023-06-11 08:55,Control,30,779.6559533
2023-06-11 08:55,Control,50,799.0529833
2023-06-11 08:55,Saltwater,5,467.4003613
2023-06-11 08:55,Saltwater,15,410.5706733
2023-06-11 08:55,Saltwater,30,609.68836
2023-06-11 08:55,Saltwater,50,652.03
2023-06-11 08:55,Freshwater,5,499.03796
2023-06-11 08:55,Freshwater,15,333.306776
2023-06-11 08:55,Freshwater,30,322.293102
2023-06-11 08:55,Freshwater,50,687.87886
2023-06-11 09:00,Control,5,624.94416
2023-06-11 09:00,Control,15,782.69816
2023-06-11 09:00,Control,30,779.6559333
2023-06-11 09:00,Control,50,799.0102333
2023-06-11 09:00,Saltwater,5,467.406242
2023-06-11 09:00,Saltwater,15,410.16686
2023-06-11 09:00,Saltwater,30,610.47476
2023-06-11 09:00,Saltwater,50,651.28124
2023-06-11 09:00,Freshwater,5,499.2634
2023-06-11 09:00,Freshwater,15,333.43745
2023-06-11 09:00,Freshwater,30,321.676672
2023-06-11 09:00,Freshwater,50,687.89222
2023-06-11 09:05,Control,5,625.0546578
2023-06-11 09:05,Control,15,782.76648
2023-06-11 09:05,Control,30,779.7242933
2023-06-11 09:05,Control,50,799.0102333
2023-06-11 09:05,Saltwater,5,467.065806
2023-06-11 09:05,Saltwater,15,410.1040067
2023-06-11 09:05,Saltwater,30,610.33946
2023-06-11 09:05,Saltwater,50,651.76022
2023-06-11 09:05,Freshwater,5,499.20324
2023-06-11 09:05,Freshwater,15,333.30486
2023-06-11 09:05,Freshwater,30,322.665144
2023-06-11 09:05,Freshwater,50,687.66728
2023-06-11 09:10,Control,5,625.1992756
2023-06-11 09:10,Control,15,782.83482
2023-06-11 09:10,Control,30,779.8609533
2023-06-11 09:10,Control,50,799.1383583
2023-06-11 09:10,Saltwater,5,467.158606
2023-06-11 09:10,Saltwater,15,410.0672733
2023-06-11 09:10,Saltwater,30,610.32456
2023-06-11 09:10,Saltwater,50,651.70964
2023-06-11 09:10,Freshwater,5,498.98316
2023-06-11 09:10,Freshwater,15,333.23003
2023-06-11 09:10,Freshwater,30,322.624962
2023-06-11 09:10,Freshwater,50,687.3687
2023-06-11 09:15,Control,5,625.8905333
2023-06-11 09:15,Control,15,782.90316
2023-06-11 09:15,Control,30,779.7242733
2023-06-11 09:15,Control,50,799.0529333
2023-06-11 09:15,Saltwater,5,467.128642
2023-06-11 09:15,Saltwater,15,409.90466
2023-06-11 09:15,Saltwater,30,610.36518
2023-06-11 09:15,Saltwater,50,651.68268
2023-06-11 09:15,Freshwater,5,499.58734
2023-06-11 09:15,Freshwater,15,333.46476
2023-06-11 09:15,Freshwater,30,322.859964
2023-06-11 09:15,Freshwater,50,687.76414
2023-06-11 09:20,Control,5,628.4187533
2023-06-11 09:20,Control,15,782.83482
2023-06-11 09:20,Control,30,779.7925733
2023-06-11 09:20,Control,50,799.1810333
2023-06-11 09:20,Saltwater,5,467.0281147
2023-06-11 09:20,Saltwater,15,410.07296
2023-06-11 09:20,Saltwater,30,610.3947
2023-06-11 09:20,Saltwater,50,651.8141
2023-06-11 09:20,Freshwater,5,499.94454
2023-06-11 09:20,Freshwater,15,332.9271587
2023-06-11 09:20,Freshwater,30,323.09898
2023-06-11 09:20,Freshwater,50,687.3954
2023-06-11 09:25,Control,5,630.3319733
2023-06-11 09:25,Control,15,782.83484
2023-06-11 09:25,Control,30,779.8609333
2023-06-11 09:25,Control,50,799.0529333
2023-06-11 09:25,Saltwater,5,466.8269893
2023-06-11 09:25,Saltwater,15,410.0038
2023-06-11 09:25,Saltwater,30,610.2904
2023-06-11 09:25,Saltwater,50,651.84606
2023-06-11 09:25,Freshwater,5,500.3655
2023-06-11 09:25,Freshwater,15,333.7129833
2023-06-11 09:25,Freshwater,30,323.234428
2023-06-11 09:25,Freshwater,50,687.66526
2023-06-11 09:30,Control,5,631.4593933
2023-06-11 09:30,Control,15,782.7665
2023-06-11 09:30,Control,30,779.7584533
2023-06-11 09:30,Control,50,799.0956333
2023-06-11 09:30,Saltwater,5,466.956556
2023-06-11 09:30,Saltwater,15,409.82412
2023-06-11 09:30,Saltwater,30,609.99922
2023-06-11 09:30,Saltwater,50,651.72354
2023-06-11 09:30,Freshwater,5,500.00142
2023-06-11 09:30,Freshwater,15,333.68181
2023-06-11 09:30,Freshwater,30,323.300622
2023-06-11 09:30,Freshwater,50,687.14792
2023-06-11 09:35,Control,5,632.7656311
2023-06-11 09:35,Control,15,782.869
2023-06-11 09:35,Control,30,779.7926133
2023-06-11 09:35,Control,50,799.1810833
2023-06-11 09:35,Saltwater,5,466.9565473
2023-06-11 09:35,Saltwater,15,410.05552
2023-06-11 09:35,Saltwater,30,610.3937
2023-06-11 09:35,Saltwater,50,651.94588
2023-06-11 09:35,Freshwater,5,500.51052
2023-06-11 09:35,Freshwater,15,333.6863327
2023-06-11 09:35,Freshwater,30,323.538246
2023-06-11 09:35,Freshwater,50,687.41876
2023-06-11 09:40,Control,5,634.0035089
2023-06-11 09:40,Control,15,782.7665
2023-06-11 09:40,Control,30,779.8267733
2023-06-11 09:40,Control,50,799.1810333
2023-06-11 09:40,Saltwater,5,467.1073067
2023-06-11 09:40,Saltwater,15,409.92272
2023-06-11 09:40,Saltwater,30,610.26464
2023-06-11 09:40,Saltwater,50,651.71528
2023-06-11 09:40,Freshwater,5,501.25806
2023-06-11 09:40,Freshwater,15,333.8610173
2023-06-11 09:40,Freshwater,30,323.606184
2023-06-11 09:40,Freshwater,50,686.70522
2023-06-11 09:45,Control,5,635.2755667
2023-06-11 09:45,Control,15,782.76648
2023-06-11 09:45,Control,30,779.9292333
2023-06-11 09:45,Control,50,799.1810583
2023-06-11 09:45,Saltwater,5,466.586828
2023-06-11 09:45,Saltwater,15,409.87438
2023-06-11 09:45,Saltwater,30,610.30422
2023-06-11 09:45,Saltwater,50,651.8883
2023-06-11 09:45,Freshwater,5,501.35998
2023-06-11 09:45,Freshwater,15,333.424078
2023-06-11 09:45,Freshwater,30,324.013932
2023-06-11 09:45,Freshwater,50,686.80714
2023-06-11 09:50,Control,5,635.8985244
2023-06-11 09:50,Control,15,782.7665
2023-06-11 09:50,Control,30,779.8609333
2023-06-11 09:50,Control,50,799.1383333
2023-06-11 09:50,Saltwater,5,466.8258307
2023-06-11 09:50,Saltwater,15,409.8415067
2023-06-11 09:50,Saltwater,30,610.29708
2023-06-11 09:50,Saltwater,50,651.94862
2023-06-11 09:50,Freshwater,5,501.2336133
2023-06-11 09:50,Freshwater,15,333.967762
2023-06-11 09:50,Freshwater,30,324.149844
2023-06-11 09:50,Freshwater,50,687.55468
2023-06-11 09:55,Control,5,636.6581622
2023-06-11 09:55,Control,15,782.76648
2023-06-11 09:55,Control,30,779.8951133
2023-06-11 09:55,Control,50,799.2237583
2023-06-11 09:55,Saltwater,5,466.4525353
2023-06-11 09:55,Saltwater,15,409.8440733
2023-06-11 09:55,Saltwater,30,610.15614
2023-06-11 09:55,Saltwater,50,651.97782
2023-06-11 09:55,Freshwater,5,501.3451267
2023-06-11 09:55,Freshwater,15,333.593998
2023-06-11 09:55,Freshwater,30,324.455678
2023-06-11 09:55,Freshwater,50,687.62264
2023-06-11 10:00,Control,5,637.5544
2023-06-11 10:00,Control,15,782.86896
2023-06-11 10:00,Control,30,779.8609533
2023-06-11 10:00,Control,50,799.3092083
2023-06-11 10:00,Saltwater,5,466.525174
2023-06-11 10:00,Saltwater,15,409.84856
2023-06-11 10:00,Saltwater,30,610.18968
2023-06-11 10:00,Saltwater,50,652.01128
2023-06-11 10:00,Freshwater,5,501.52462
2023-06-11 10:00,Freshwater,15,336.074452
2023-06-11 10:00,Freshwater,30,325.475042
2023-06-11 10:00,Freshwater,50,688.54004
2023-06-11 10:05,Control,5,637.7673978
2023-06-11 10:05,Control,15,782.76648
2023-06-11 10:05,Control,30,779.9292533
2023-06-11 10:05,Control,50,799.2664833
2023-06-11 10:05,Saltwater,5,466.4252173
2023-06-11 10:05,Saltwater,15,409.7121
2023-06-11 10:05,Saltwater,30,610.15556
2023-06-11 10:05,Saltwater,50,651.8066
2023-06-11 10:05,Freshwater,5,501.62654
2023-06-11 10:05,Freshwater,15,334.001742
2023-06-11 10:05,Freshwater,30,324.31974
2023-06-11 10:05,Freshwater,50,687.31682
2023-06-11 10:10,Control,5,638.5611356
2023-06-11 10:10,Control,15,782.80066
2023-06-11 10:10,Control,30,779.8950733
2023-06-11 10:10,Control,50,799.3091833
2023-06-11 10:10,Saltwater,5,466.5981707
2023-06-11 10:10,Saltwater,15,409.81442
2023-06-11 10:10,Saltwater,30,610.22378
2023-06-11 10:10,Saltwater,50,651.94306
2023-06-11 10:10,Freshwater,5,501.79644
2023-06-11 10:10,Freshwater,15,334.001718
2023-06-11 10:10,Freshwater,30,324.829448
2023-06-11 10:10,Freshwater,50,687.07898
2023-06-11 10:15,Control,5,639.0815733
2023-06-11 10:15,Control,15,782.76648
2023-06-11 10:15,Control,30,779.9975933
2023-06-11 10:15,Control,50,799.2664833
2023-06-11 10:15,Saltwater,5,466.532344
2023-06-11 10:15,Saltwater,15,409.88264
2023-06-11 10:15,Saltwater,30,610.39434
2023-06-11 10:15,Saltwater,50,651.97716
2023-06-11 10:15,Freshwater,5,502.20416
2023-06-11 10:15,Freshwater,15,334.205598
2023-06-11 10:15,Freshwater,30,324.999314
2023-06-11 10:15,Freshwater,50,687.38478
2023-06-11 10:20,Control,5,639.6623933
2023-06-11 10:20,Control,15,782.7784667
2023-06-11 10:20,Control,30,780.0659333
2023-06-11 10:20,Control,50,799.3092083
2023-06-11 10:20,Saltwater,5,466.33484
2023-06-11 10:20,Saltwater,15,409.64386
2023-06-11 10:20,Saltwater,30,610.22378
2023-06-11 10:20,Saltwater,50,652.0454
2023-06-11 10:20,Freshwater,5,502.23704
2023-06-11 10:20,Freshwater,15,333.4623927
2023-06-11 10:20,Freshwater,30,325.134812
2023-06-11 10:20,Freshwater,50,686.8053
2023-06-11 10:25,Control,5,639.9356933
2023-06-11 10:25,Control,15,782.8245933
2023-06-11 10:25,Control,30,780.1000933
2023-06-11 10:25,Control,50,799.2664833
2023-06-11 10:25,Saltwater,5,466.239688
2023-06-11 10:25,Saltwater,15,409.88264
2023-06-11 10:25,Saltwater,30,610.292
2023-06-11 10:25,Saltwater,50,652.01126
2023-06-11 10:25,Freshwater,5,502.29806
2023-06-11 10:25,Freshwater,15,334.3816933
2023-06-11 10:25,Freshwater,30,324.962232
2023-06-11 10:25,Freshwater,50,687.13376
2023-06-11 10:30,Control,5,640.3115133
2023-06-11 10:30,Control,15,782.93906
2023-06-11 10:30,Control,30,780.0317533
2023-06-11 10:30,Control,50,799.3092083
2023-06-11 10:30,Saltwater,5,466.24686
2023-06-11 10:30,Saltwater,15,409.95088
2023-06-11 10:30,Saltwater,30,610.32614
2023-06-11 10:30,Saltwater,50,652.04538
2023-06-11 10:30,Freshwater,5,502.39614
2023-06-11 10:30,Freshwater,15,334.452788
2023-06-11 10:30,Freshwater,30,325.334496
2023-06-11 10:30,Freshwater,50,686.95756
2023-06-11 10:35,Control,5,641.3102511
2023-06-11 10:35,Control,15,782.87074
2023-06-11 10:35,Control,30,780.1000933
2023-06-11 10:35,Control,50,799.3946333
2023-06-11 10:35,Saltwater,5,466.3198667
2023-06-11 10:35,Saltwater,15,409.8533267
2023-06-11 10:35,Saltwater,30,610.292
2023-06-11 10:35,Saltwater,50,651.97718
2023-06-11 10:35,Freshwater,5,502.2588667
2023-06-11 10:35,Freshwater,15,334.246366
2023-06-11 10:35,Freshwater,30,325.705854
2023-06-11 10:35,Freshwater,50,686.9815
2023-06-11 10:40,Control,5,641.7623889
2023-06-11 10:40,Control,15,782.9049
2023-06-11 10:40,Control,30,780.0659333
2023-06-11 10:40,Control,50,799.3946333
2023-06-11 10:40,Saltwater,5,466.6658133
2023-06-11 10:40,Saltwater,15,409.9945533
2023-06-11 10:40,Saltwater,30,610.36022
2023-06-11 10:40,Saltwater,50,652.0454
2023-06-11 10:40,Freshwater,5,502.7284733
2023-06-11 10:40,Freshwater,15,334.343704
2023-06-11 10:40,Freshwater,30,325.565716
2023-06-11 10:40,Freshwater,50,687.03172
2023-06-11 10:45,Control,5,642.1120067
2023-06-11 10:45,Control,15,783.21238
2023-06-11 10:45,Control,30,780.1001133
2023-06-11 10:45,Control,50,799.3091583
2023-06-11 10:45,Saltwater,5,466.26122
2023-06-11 10:45,Saltwater,15,409.82878
2023-06-11 10:45,Saltwater,30,610.3261
2023-06-11 10:45,Saltwater,50,652.0454
2023-06-11 10:45,Freshwater,5,502.62584
2023-06-11 10:45,Freshwater,15,334.001642
2023-06-11 10:45,Freshwater,30,325.597564
2023-06-11 10:45,Freshwater,50,685.96956
2023-06-11 10:50,Control,5,642.7953067
2023-06-11 10:50,Control,15,783.51986
2023-06-11 10:50,Control,30,780.0317733
2023-06-11 10:50,Control,50,799.3946333
2023-06-11 10:50,Saltwater,5,466.3683467
2023-06-11 10:50,Saltwater,15,409.8288
2023-06-11 10:50,Saltwater,30,610.25788
2023-06-11 10:50,Saltwater,50,651.94308
2023-06-11 10:50,Freshwater,5,502.6291067
2023-06-11 10:50,Freshwater,15,334.272788
2023-06-11 10:50,Freshwater,30,325.970674
2023-06-11 10:50,Freshwater,50,687.05424
2023-06-11 10:55,Control,5,643.3077867
2023-06-11 10:55,Control,15,783.82732
2023-06-11 10:55,Control,30,779.9975733
2023-06-11 10:55,Control,50,799.4800083
2023-06-11 10:55,Saltwater,5,466.4413733
2023-06-11 10:55,Saltwater,15,409.93114
2023-06-11 10:55,Saltwater,30,610.29198
2023-06-11 10:55,Saltwater,50,652.04538
2023-06-11 10:55,Freshwater,5,502.4924333
2023-06-11 10:55,Freshwater,15,333.998684
2023-06-11 10:55,Freshwater,30,326.308268
2023-06-11 10:55,Freshwater,50,686.73944
2023-06-11 11:00,Control,5,643.8202267
2023-06-11 11:00,Control,15,784.03232
2023-06-11 11:00,Control,30,780.1684133
2023-06-11 11:00,Control,50,799.3945833
2023-06-11 11:00,Saltwater,5,466.68492
2023-06-11 11:00,Saltwater,15,411.77318
2023-06-11 11:00,Saltwater,30,610.36022
2023-06-11 11:00,Saltwater,50,651.97718
2023-06-11 11:00,Freshwater,5,502.26146
2023-06-11 11:00,Freshwater,15,334.441196
2023-06-11 11:00,Freshwater,30,325.867408
2023-06-11 11:00,Freshwater,50,686.84472
2023-06-11 11:05,Control,5,644.3288067
2023-06-11 11:05,Control,15,784.2321
2023-06-11 11:05,Control,30,780.1632533
2023-06-11 11:05,Control,50,799.4319583
2023-06-11 11:05,Saltwater,5,466.54848
2023-06-11 11:05,Saltwater,15,412.86478
2023-06-11 11:05,Saltwater,30,610.39436
2023-06-11 11:05,Saltwater,50,652.11362
2023-06-11 11:05,Freshwater,5,502.7697067
2023-06-11 11:05,Freshwater,15,334.4094227
2023-06-11 11:05,Freshwater,30,326.646396
2023-06-11 11:05,Freshwater,50,686.69874
2023-06-11 11:10,Control,5,644.9811667
2023-06-11 11:10,Control,15,784.37308
2023-06-11 11:10,Control,30,780.2358333
2023-06-11 11:10,Control,50,799.3509583
2023-06-11 11:10,Saltwater,5,466.54848
2023-06-11 11:10,Saltwater,15,413.24002
2023-06-11 11:10,Saltwater,30,610.36022
2023-06-11 11:10,Saltwater,50,652.21598
2023-06-11 11:10,Freshwater,5,503.4844733
2023-06-11 11:10,Freshwater,15,334.5486333
2023-06-11 11:10,Freshwater,30,326.848888
2023-06-11 11:10,Freshwater,50,686.6252
2023-06-11 11:15,Control,5,645.3878667
2023-06-11 11:15,Control,15,784.3346
2023-06-11 11:15,Control,30,780.1290733
2023-06-11 11:15,Control,50,799.3038583
2023-06-11 11:15,Saltwater,5,466.85552
2023-06-11 11:15,Saltwater,15,413.41058
2023-06-11 11:15,Saltwater,30,610.25792
2023-06-11 11:15,Saltwater,50,652.5912
2023-06-11 11:15,Freshwater,5,505.18884
2023-06-11 11:15,Freshwater,15,334.282036
2023-06-11 11:15,Freshwater,30,327.15501
2023-06-11 11:15,Freshwater,50,686.83054
2023-06-11 11:20,Control,5,645.0174244
2023-06-11 11:20,Control,15,784.50194
2023-06-11 11:20,Control,30,780.1939733
2023-06-11 11:20,Control,50,799.4283833
2023-06-11 11:20,Saltwater,5,466.4168467
2023-06-11 11:20,Saltwater,15,413.58116
2023-06-11 11:20,Saltwater,30,610.36022
2023-06-11 11:20,Saltwater,50,652.3183
2023-06-11 11:20,Freshwater,5,506.5561533
2023-06-11 11:20,Freshwater,15,333.907836
2023-06-11 11:20,Freshwater,30,327.01864
2023-06-11 11:20,Freshwater,50,686.4209
2023-06-11 11:25,Control,5,646.1736822
2023-06-11 11:25,Control,15,784.55274
2023-06-11 11:25,Control,30,780.2107733
2023-06-11 11:25,Control,50,799.4958333
2023-06-11 11:25,Saltwater,5,466.4216133
2023-06-11 11:25,Saltwater,15,413.85402
2023-06-11 11:25,Saltwater,30,610.36024
2023-06-11 11:25,Saltwater,50,652.28418
2023-06-11 11:25,Freshwater,5,508.4014267
2023-06-11 11:25,Freshwater,15,334.044204
2023-06-11 11:25,Freshwater,30,326.611432
2023-06-11 11:25,Freshwater,50,687.10228
2023-06-11 11:30,Control,5,646.2886
2023-06-11 11:30,Control,15,784.6502
2023-06-11 11:30,Control,30,780.1377133
2023-06-11 11:30,Control,50,799.5410333
2023-06-11 11:30,Saltwater,5,466.39226
2023-06-11 11:30,Saltwater,15,413.71762
2023-06-11 11:30,Saltwater,30,610.292
2023-06-11 11:30,Saltwater,50,652.3183
2023-06-11 11:30,Freshwater,5,508.20602
2023-06-11 11:30,Freshwater,15,334.48537
2023-06-11 11:30,Freshwater,30,327.528238
2023-06-11 11:30,Freshwater,50,686.65876
2023-06-11 11:35,Control,5,646.68466
2023-06-11 11:35,Control,15,784.70028
2023-06-11 11:35,Control,30,780.2562133
2023-06-11 11:35,Control,50,799.4368833
2023-06-11 11:35,Saltwater,5,465.84648
2023-06-11 11:35,Saltwater,15,413.1718
2023-06-11 11:35,Saltwater,30,610.8378
2023-06-11 11:35,Saltwater,50,653.06878
2023-06-11 11:35,Freshwater,5,508.75202
2023-06-11 11:35,Freshwater,15,335.0007807
2023-06-11 11:35,Freshwater,30,326.883696
2023-06-11 11:35,Freshwater,50,686.221
2023-06-11 11:40,Control,5,647.051
2023-06-11 11:40,Control,15,784.6879
2023-06-11 11:40,Control,30,780.1756333
2023-06-11 11:40,Control,50,799.4242083
2023-06-11 11:40,Saltwater,5,466.52874
2023-06-11 11:40,Saltwater,15,413.78582
2023-06-11 11:40,Saltwater,30,610.36022
2023-06-11 11:40,Saltwater,50,652.38652
2023-06-11 11:40,Freshwater,5,508.17224
2023-06-11 11:40,Freshwater,15,334.5629853
2023-06-11 11:40,Freshwater,30,327.800106
2023-06-11 11:40,Freshwater,50,685.74176
2023-06-11 11:45,Control,5,647.45966
2023-06-11 11:45,Control,15,784.7204
2023-06-11 11:45,Control,30,780.2423133
2023-06-11 11:45,Control,50,799.4652333
2023-06-11 11:45,Saltwater,5,466.01702
2023-06-11 11:45,Saltwater,15,413.4788
2023-06-11 11:45,Saltwater,30,610.53078
2023-06-11 11:45,Saltwater,50,652.9323
2023-06-11 11:45,Freshwater,5,507.56038
2023-06-11 11:45,Freshwater,15,335.281078
2023-06-11 11:45,Freshwater,30,327.732034
2023-06-11 11:45,Freshwater,50,686.38674
2023-06-11 11:50,Control,5,647.80114
2023-06-11 11:50,Control,15,784.8005467
2023-06-11 11:50,Control,30,780.2763533
2023-06-11 11:50,Control,50,799.4223833
2023-06-11 11:50,Saltwater,5,466.5335067
2023-06-11 11:50,Saltwater,15,413.8929467
2023-06-11 11:50,Saltwater,30,610.36024
2023-06-11 11:50,Saltwater,50,652.48884
2023-06-11 11:50,Freshwater,5,506.5412
2023-06-11 11:50,Freshwater,15,334.737498
2023-06-11 11:50,Freshwater,30,328.241638
2023-06-11 11:50,Freshwater,50,686.48868
2023-06-11 11:55,Control,5,648.45014
2023-06-11 11:55,Control,15,784.8125133
2023-06-11 11:55,Control,30,780.2421933
2023-06-11 11:55,Control,50,799.5077583
2023-06-11 11:55,Saltwater,5,466.3677533
2023-06-11 11:55,Saltwater,15,413.8977333
2023-06-11 11:55,Saltwater,30,610.39432
2023-06-11 11:55,Saltwater,50,652.59118
2023-06-11 11:55,Freshwater,5,505.31818
2023-06-11 11:55,Freshwater,15,335.281092
2023-06-11 11:55,Freshwater,30,328.0378
2023-06-11 11:55,Freshwater,50,686.11498
2023-06-11 12:00,Control,5,649.09916
2023-06-11 12:00,Control,15,784.85864
2023-06-11 12:00,Control,30,780.2080333
2023-06-11 12:00,Control,50,799.5077583
2023-06-11 12:00,Saltwater,5,466.33842
2023-06-11 12:00,Saltwater,15,413.8343
2023-06-11 12:00,Saltwater,30,610.32612
2023-06-11 12:00,Saltwater,50,652.52296
2023-06-11 12:00,Freshwater,5,505.14832
2023-06-11 12:00,Freshwater,15,334.771484
2023-06-11 12:00,Freshwater,30,328.411496
2023-06-11 12:00,Freshwater,50,686.21688
2023-06-11 12:05,Control,5,649.065
2023-06-11 12:05,Control,15,784.89278
2023-06-11 12:05,Control,30,780.2421933
2023-06-11 12:05,Control,50,799.4650833
2023-06-11 12:05,Saltwater,5,465.82674
2023-06-11 12:05,Saltwater,15,414.0096467
2023-06-11 12:05,Saltwater,30,610.5014667
2023-06-11 12:05,Saltwater,50,652.5277467
2023-06-11 12:05,Freshwater,5,504.5999333
2023-06-11 12:05,Freshwater,15,334.907358
2023-06-11 12:05,Freshwater,30,328.581356
2023-06-11 12:05,Freshwater,50,686.14894
2023-06-11 12:10,Control,5,649.74818
2023-06-11 12:10,Control,15,785.02942
2023-06-11 12:10,Control,30,780.1738733
2023-06-11 12:10,Control,50,799.5504583
2023-06-11 12:10,Saltwater,5,466.0314
2023-06-11 12:10,Saltwater,15,413.9461933
2023-06-11 12:10,Saltwater,30,610.2674933
2023-06-11 12:10,Saltwater,50,652.6007533
2023-06-11 12:10,Freshwater,5,504.2894067
2023-06-11 12:10,Freshwater,15,334.805456
2023-06-11 12:10,Freshwater,30,328.683282
2023-06-11 12:10,Freshwater,50,685.87716
2023-06-11 12:15,Control,5,649.9873
2023-06-11 12:15,Control,15,784.9611
2023-06-11 12:15,Control,30,780.2421933
2023-06-11 12:15,Control,50,799.4650833
2023-06-11 12:15,Saltwater,5,466.06552
2023-06-11 12:15,Saltwater,15,413.88276
2023-06-11 12:15,Saltwater,30,610.40872
2023-06-11 12:15,Saltwater,50,652.60554
2023-06-11 12:15,Freshwater,5,503.57116
2023-06-11 12:15,Freshwater,15,334.907352
2023-06-11 12:15,Freshwater,30,328.955068
2023-06-11 12:15,Freshwater,50,686.11496
2023-06-11 12:20,Control,5,650.67048
2023-06-11 12:20,Control,15,784.99526
2023-06-11 12:20,Control,30,780.2763533
2023-06-11 12:20,Control,50,799.5504583
2023-06-11 12:20,Saltwater,5,465.9243133
2023-06-11 12:20,Saltwater,15,413.9851
2023-06-11 12:20,Saltwater,30,610.3746
2023-06-11 12:20,Saltwater,50,652.67376
2023-06-11 12:20,Freshwater,5,503.60516
2023-06-11 12:20,Freshwater,15,334.975318
2023-06-11 12:20,Freshwater,30,328.921102
2023-06-11 12:20,Freshwater,50,685.91114
2023-06-11 12:25,Control,5,650.9779
2023-06-11 12:25,Control,15,784.9611
2023-06-11 12:25,Control,30,780.2421933
2023-06-11 12:25,Control,50,799.5077583
2023-06-11 12:25,Saltwater,5,466.0559467
2023-06-11 12:25,Saltwater,15,413.9851
2023-06-11 12:25,Saltwater,30,610.3746
2023-06-11 12:25,Saltwater,50,652.7761
2023-06-11 12:25,Freshwater,5,502.85772
2023-06-11 12:25,Freshwater,15,334.907372
2023-06-11 12:25,Freshwater,30,329.294812
2023-06-11 12:25,Freshwater,50,685.97908
2023-06-11 12:30,Control,5,651.52196
2023-06-11 12:30,Control,15,784.95784
2023-06-11 12:30,Control,30,780.2048133
2023-06-11 12:30,Control,50,799.4617583
2023-06-11 12:30,Saltwater,5,465.71002
2023-06-11 12:30,Saltwater,15,414.0192
2023-06-11 12:30,Saltwater,30,610.3746
2023-06-11 12:30,Saltwater,50,652.74198
2023-06-11 12:30,Freshwater,5,503.23146
2023-06-11 12:30,Freshwater,15,334.975318
2023-06-11 12:30,Freshwater,30,329.328786
2023-06-11 12:30,Freshwater,50,685.33358
2023-06-11 12:35,Control,5,652.0364
2023-06-11 12:35,Control,15,784.9947
2023-06-11 12:35,Control,30,780.2074933
2023-06-11 12:35,Control,50,799.5499083
2023-06-11 12:35,Saltwater,5,466.18762
2023-06-11 12:35,Saltwater,15,413.57576
2023-06-11 12:35,Saltwater,30,610.9204
2023-06-11 12:35,Saltwater,50,652.4691
2023-06-11 12:35,Freshwater,5,503.4013
2023-06-11 12:35,Freshwater,15,334.669558
2023-06-11 12:35,Freshwater,30,329.668498
2023-06-11 12:35,Freshwater,50,685.09578
2023-06-11 12:40,Control,5,652.75402
2023-06-11 12:40,Control,15,784.9609
2023-06-11 12:40,Control,30,780.3102933
2023-06-11 12:40,Control,50,799.5502583
2023-06-11 12:40,Saltwater,5,465.67592
2023-06-11 12:40,Saltwater,15,413.9851
2023-06-11 12:40,Saltwater,30,610.4087
2023-06-11 12:40,Saltwater,50,652.87844
2023-06-11 12:40,Freshwater,5,505.40572
2023-06-11 12:40,Freshwater,15,333.922154
2023-06-11 12:40,Freshwater,30,330.75564
2023-06-11 12:40,Freshwater,50,684.5522
2023-06-11 12:45,Control,5,653.6763
2023-06-11 12:45,Control,15,784.9609
2023-06-11 12:45,Control,30,780.3786133
2023-06-11 12:45,Control,50,799.4648583
2023-06-11 12:45,Saltwater,5,465.8465
2023-06-11 12:45,Saltwater,15,414.05332
2023-06-11 12:45,Saltwater,30,610.47694
2023-06-11 12:45,Saltwater,50,652.91256
2023-06-11 12:45,Freshwater,5,504.69232
2023-06-11 12:45,Freshwater,15,334.87341
2023-06-11 12:45,Freshwater,30,329.906316
2023-06-11 12:45,Freshwater,50,685.74128
2023-06-11 12:50,Control,5,654.3776844
2023-06-11 12:50,Control,15,784.9387067
2023-06-11 12:50,Control,30,780.2419933
2023-06-11 12:50,Control,50,799.5502583
2023-06-11 12:50,Saltwater,5,465.74416
2023-06-11 12:50,Saltwater,15,413.99946
2023-06-11 12:50,Saltwater,30,610.54516
2023-06-11 12:50,Saltwater,50,652.94666
2023-06-11 12:50,Freshwater,5,504.62598
2023-06-11 12:50,Freshwater,15,335.009972
2023-06-11 12:50,Freshwater,30,329.431338
2023-06-11 12:50,Freshwater,50,685.574
2023-06-11 12:55,Control,5,654.7374689
2023-06-11 12:55,Control,15,784.8823533
2023-06-11 12:55,Control,30,780.2761333
2023-06-11 12:55,Control,50,799.4648583
2023-06-11 12:55,Saltwater,5,465.67592
2023-06-11 12:55,Saltwater,15,414.01382
2023-06-11 12:55,Saltwater,30,610.5793
2023-06-11 12:55,Saltwater,50,652.84432
2023-06-11 12:55,Freshwater,5,503.77514
2023-06-11 12:55,Freshwater,15,334.941388
2023-06-11 12:55,Freshwater,30,330.348032
2023-06-11 12:55,Freshwater,50,685.36774
2023-06-11 13:00,Control,5,655.6437933
2023-06-11 13:00,Control,15,784.96264
2023-06-11 13:00,Control,30,780.3444733
2023-06-11 13:00,Control,50,799.5075583
2023-06-11 13:00,Saltwater,5,465.19834
2023-06-11 13:00,Saltwater,15,414.47164
2023-06-11 13:00,Saltwater,30,609.897
2023-06-11 13:00,Saltwater,50,653.56068
2023-06-11 13:00,Freshwater,5,503.4353
2023-06-11 13:00,Freshwater,15,334.839438
2023-06-11 13:00,Freshwater,30,330.551814
2023-06-11 13:00,Freshwater,50,685.40154
2023-06-11 13:05,Control,5,655.9512333
2023-06-11 13:05,Control,15,785.03096
2023-06-11 13:05,Control,30,780.3444733
2023-06-11 13:05,Control,50,799.5502583
2023-06-11 13:05,Saltwater,5,465.5688133
2023-06-11 13:05,Saltwater,15,414.06228
2023-06-11 13:05,Saltwater,30,610.61338
2023-06-11 13:05,Saltwater,50,653.01488
2023-06-11 13:05,Freshwater,5,503.5372
2023-06-11 13:05,Freshwater,15,333.54844
2023-06-11 13:05,Freshwater,30,331.740864
2023-06-11 13:05,Freshwater,50,683.97466
2023-06-11 13:10,Control,5,656.1220333
2023-06-11 13:10,Control,15,785.03096
2023-06-11 13:10,Control,30,780.3786333
2023-06-11 13:10,Control,50,799.6356583
2023-06-11 13:10,Saltwater,5,465.5640067
2023-06-11 13:10,Saltwater,15,414.0964
2023-06-11 13:10,Saltwater,30,610.6475
2023-06-11 13:10,Saltwater,50,652.98078
2023-06-11 13:10,Freshwater,5,502.21226
2023-06-11 13:10,Freshwater,15,335.349012
2023-06-11 13:10,Freshwater,30,330.381946
2023-06-11 13:10,Freshwater,50,685.8092
2023-06-11 13:15,Control,5,656.4977933
2023-06-11 13:15,Control,15,785.06512
2023-06-11 13:15,Control,30,780.4127933
2023-06-11 13:15,Control,50,799.5929583
2023-06-11 13:15,Saltwater,5,465.55922
2023-06-11 13:15,Saltwater,15,414.02818
2023-06-11 13:15,Saltwater,30,610.61338
2023-06-11 13:15,Saltwater,50,653.049
2023-06-11 13:15,Freshwater,5,501.77454
2023-06-11 13:15,Freshwater,15,335.316722
2023-06-11 13:15,Freshwater,30,330.92713
2023-06-11 13:15,Freshwater,50,685.30602
2023-06-11 13:20,Control,5,656.5208956
2023-06-11 13:20,Control,15,785.09532
2023-06-11 13:20,Control,30,780.3063933
2023-06-11 13:20,Control,50,799.6315833
2023-06-11 13:20,Saltwater,5,465.3838733
2023-06-11 13:20,Saltwater,15,414.09644
2023-06-11 13:20,Saltwater,30,610.6475
2023-06-11 13:20,Saltwater,50,653.01488
2023-06-11 13:20,Freshwater,5,501.1743133
2023-06-11 13:20,Freshwater,15,335.17932
2023-06-11 13:20,Freshwater,30,331.061558
2023-06-11 13:20,Freshwater,50,685.57204
2023-06-11 13:25,Control,5,656.6180978
2023-06-11 13:25,Control,15,785.06468
2023-06-11 13:25,Control,30,780.3781733
2023-06-11 13:25,Control,50,799.5498083
2023-06-11 13:25,Saltwater,5,465.0038867
2023-06-11 13:25,Saltwater,15,414.47166
2023-06-11 13:25,Saltwater,30,610.23814
2023-06-11 13:25,Saltwater,50,653.42422
2023-06-11 13:25,Freshwater,5,501.1547467
2023-06-11 13:25,Freshwater,15,335.382992
2023-06-11 13:25,Freshwater,30,331.197302
2023-06-11 13:25,Freshwater,50,685.4695
2023-06-11 13:30,Control,5,656.9763
2023-06-11 13:30,Control,15,785.12066
2023-06-11 13:30,Control,30,780.4001133
2023-06-11 13:30,Control,50,799.5798583
2023-06-11 13:30,Saltwater,5,463.8734
2023-06-11 13:30,Saltwater,15,415.76792
2023-06-11 13:30,Saltwater,30,609.01008
2023-06-11 13:30,Saltwater,50,655.09574
2023-06-11 13:30,Freshwater,5,500.59206
2023-06-11 13:30,Freshwater,15,335.213144
2023-06-11 13:30,Freshwater,30,331.40114
2023-06-11 13:30,Freshwater,50,684.72206
2023-06-11 13:35,Control,5,657.4893822
2023-06-11 13:35,Control,15,785.13184
2023-06-11 13:35,Control,30,780.4111933
2023-06-11 13:35,Control,50,799.6340083
2023-06-11 13:35,Saltwater,5,465.63286
2023-06-11 13:35,Saltwater,15,413.72116
2023-06-11 13:35,Saltwater,30,611.0227
2023-06-11 13:35,Saltwater,50,652.7761
2023-06-11 13:35,Freshwater,5,500.7231533
2023-06-11 13:35,Freshwater,15,335.145186
2023-06-11 13:35,Freshwater,30,331.740856
2023-06-11 13:35,Freshwater,50,685.26566
2023-06-11 13:40,Control,5,657.7155444
2023-06-11 13:40,Control,15,785.0913
2023-06-11 13:40,Control,30,780.4389933
2023-06-11 13:40,Control,50,799.6701583
2023-06-11 13:40,Saltwater,5,465.41382
2023-06-11 13:40,Saltwater,15,413.89176
2023-06-11 13:40,Saltwater,30,610.85216
2023-06-11 13:40,Saltwater,50,653.15134
2023-06-11 13:40,Freshwater,5,502.8926667
2023-06-11 13:40,Freshwater,15,332.019642
2023-06-11 13:40,Freshwater,30,334.832426
2023-06-11 13:40,Freshwater,50,682.24204
2023-06-11 13:45,Control,5,658.1912667
2023-06-11 13:45,Control,15,785.33742
2023-06-11 13:45,Control,30,780.5825733
2023-06-11 13:45,Control,50,799.6346583
2023-06-11 13:45,Saltwater,5,464.88776
2023-06-11 13:45,Saltwater,15,413.95996
2023-06-11 13:45,Saltwater,30,610.71572
2023-06-11 13:45,Saltwater,50,653.28778
2023-06-11 13:45,Freshwater,5,498.98198
2023-06-11 13:45,Freshwater,15,335.994956
2023-06-11 13:45,Freshwater,30,330.076596
2023-06-11 13:45,Freshwater,50,683.70452
2023-06-11 13:50,Control,5,658.4914489
2023-06-11 13:50,Control,15,785.27002
2023-06-11 13:50,Control,30,780.4810533
2023-06-11 13:50,Control,50,799.6783083
2023-06-11 13:50,Saltwater,5,465.09242
2023-06-11 13:50,Saltwater,15,414.16462
2023-06-11 13:50,Saltwater,30,610.85216
2023-06-11 13:50,Saltwater,50,653.25366
2023-06-11 13:50,Freshwater,5,498.4666333
2023-06-11 13:50,Freshwater,15,336.300308
2023-06-11 13:50,Freshwater,30,330.755662
2023-06-11 13:50,Freshwater,50,686.31892
2023-06-11 13:55,Control,5,658.6884511
2023-06-11 13:55,Control,15,785.1676
2023-06-11 13:55,Control,30,780.5494133
2023-06-11 13:55,Control,50,799.8064583
2023-06-11 13:55,Saltwater,5,464.92188
2023-06-11 13:55,Saltwater,15,414.0623
2023-06-11 13:55,Saltwater,30,610.78392
2023-06-11 13:55,Saltwater,50,653.42424
2023-06-11 13:55,Freshwater,5,500.8110667
2023-06-11 13:55,Freshwater,15,333.516644
2023-06-11 13:55,Freshwater,30,334.223072
2023-06-11 13:55,Freshwater,50,682.76002
2023-06-11 14:00,Control,5,658.5438133
2023-06-11 14:00,Control,15,785.27008
2023-06-11 14:00,Control,30,780.5152533
2023-06-11 14:00,Control,50,799.6356583
2023-06-11 14:00,Saltwater,5,464.85364
2023-06-11 14:00,Saltwater,15,414.0282
2023-06-11 14:00,Saltwater,30,610.78394
2023-06-11 14:00,Saltwater,50,653.39014
2023-06-11 14:00,Freshwater,5,501.4157
2023-06-11 14:00,Freshwater,15,332.76834
2023-06-11 14:00,Freshwater,30,334.663838
2023-06-11 14:00,Freshwater,50,681.94122
2023-06-11 14:05,Control,5,658.8694778
2023-06-11 14:05,Control,15,785.30424
2023-06-11 14:05,Control,30,780.4811133
2023-06-11 14:05,Control,50,799.6356583
2023-06-11 14:05,Saltwater,5,464.8440867
2023-06-11 14:05,Saltwater,15,414.16464
2023-06-11 14:05,Saltwater,30,610.9251867
2023-06-11 14:05,Saltwater,50,653.3949067
2023-06-11 14:05,Freshwater,5,503.9222733
2023-06-11 14:05,Freshwater,15,330.083326
2023-06-11 14:05,Freshwater,30,337.550436
2023-06-11 14:05,Freshwater,50,680.54398
2023-06-11 14:10,Control,5,659.2975622
2023-06-11 14:10,Control,15,785.40672
2023-06-11 14:10,Control,30,780.5152533
2023-06-11 14:10,Control,50,799.6783583
2023-06-11 14:10,Saltwater,5,464.5616333
2023-06-11 14:10,Saltwater,15,414.16464
2023-06-11 14:10,Saltwater,30,610.8617333
2023-06-11 14:10,Saltwater,50,653.4338133
2023-06-11 14:10,Freshwater,5,504.3979667
2023-06-11 14:10,Freshwater,15,330.05132
2023-06-11 14:10,Freshwater,30,338.29994
2023-06-11 14:10,Freshwater,50,679.5665
2023-06-11 14:15,Control,5,659.7256867
2023-06-11 14:15,Control,15,785.44088
2023-06-11 14:15,Control,30,780.5835733
2023-06-11 14:15,Control,50,799.7210583
2023-06-11 14:15,Saltwater,5,464.58616
2023-06-11 14:15,Saltwater,15,414.13054
2023-06-11 14:15,Saltwater,30,610.93476
2023-06-11 14:15,Saltwater,50,653.4386
2023-06-11 14:15,Freshwater,5,498.20762
2023-06-11 14:15,Freshwater,15,335.384222
2023-06-11 14:15,Freshwater,30,333.067014
2023-06-11 14:15,Freshwater,50,685.13438
2023-06-11 14:20,Control,5,659.9568089
2023-06-11 14:20,Control,15,785.5092
2023-06-11 14:20,Control,30,780.5573911
2023-06-11 14:20,Control,50,799.6863361
2023-06-11 14:20,Saltwater,5,464.5083467
2023-06-11 14:20,Saltwater,15,414.0623
2023-06-11 14:20,Saltwater,30,610.90066
2023-06-11 14:20,Saltwater,50,653.57506
2023-06-11 14:20,Freshwater,5,498.2703933
2023-06-11 14:20,Freshwater,15,335.485954
2023-06-11 14:20,Freshwater,30,333.100802
2023-06-11 14:20,Freshwater,50,684.79398
2023-06-11 14:25,Control,5,660.3245711
2023-06-11 14:25,Control,15,785.44088
2023-06-11 14:25,Control,30,780.5312089
2023-06-11 14:25,Control,50,799.6943139
2023-06-11 14:25,Saltwater,5,464.8399133
2023-06-11 14:25,Saltwater,15,414.06228
2023-06-11 14:25,Saltwater,30,610.86652
2023-06-11 14:25,Saltwater,50,653.50682
2023-06-11 14:25,Freshwater,5,498.1275867
2023-06-11 14:25,Freshwater,15,335.315192
2023-06-11 14:25,Freshwater,30,333.439656
2023-06-11 14:25,Freshwater,50,684.45078
2023-06-11 14:30,Control,5,660.5215333
2023-06-11 14:30,Control,15,785.50918
2023-06-11 14:30,Control,30,780.5391867
2023-06-11 14:30,Control,50,799.7449917
2023-06-11 14:30,Saltwater,5,464.28454
2023-06-11 14:30,Saltwater,15,414.0282
2023-06-11 14:30,Saltwater,30,610.86654
2023-06-11 14:30,Saltwater,50,653.67738
2023-06-11 14:30,Freshwater,5,497.81676
2023-06-11 14:30,Freshwater,15,335.416984
2023-06-11 14:30,Freshwater,30,333.541448
2023-06-11 14:30,Freshwater,50,684.85794
2023-06-11 14:35,Control,5,660.5477356
2023-06-11 14:35,Control,15,785.5092
2023-06-11 14:35,Control,30,780.6758267
2023-06-11 14:35,Control,50,799.7449917
2023-06-11 14:35,Saltwater,5,464.1091933
2023-06-11 14:35,Saltwater,15,413.92582
2023-06-11 14:35,Saltwater,30,610.69596
2023-06-11 14:35,Saltwater,50,653.50682
2023-06-11 14:35,Freshwater,5,497.6713067
2023-06-11 14:35,Freshwater,15,335.213118
2023-06-11 14:35,Freshwater,30,333.7840547
2023-06-11 14:35,Freshwater,50,684.7948067
2023-06-11 14:40,Control,5,661.2278778
2023-06-11 14:40,Control,15,785.4813
2023-06-11 14:40,Control,30,780.6820667
2023-06-11 14:40,Control,50,799.7941667
2023-06-11 14:40,Saltwater,5,464.6843067
2023-06-11 14:40,Saltwater,15,414.47164
2023-06-11 14:40,Saltwater,30,611.07118
2023-06-11 14:40,Saltwater,50,653.91616
2023-06-11 14:40,Freshwater,5,497.6956533
2023-06-11 14:40,Freshwater,15,335.416972
2023-06-11 14:40,Freshwater,30,333.2112933
2023-06-11 14:40,Freshwater,50,684.6976733
2023-06-11 14:45,Control,5,661.76224
2023-06-11 14:45,Control,15,785.37352
2023-06-11 14:45,Control,30,780.7109067
2023-06-11 14:45,Control,50,799.7459417
2023-06-11 14:45,Saltwater,5,464.3043
2023-06-11 14:45,Saltwater,15,413.95996
2023-06-11 14:45,Saltwater,30,610.93476
2023-06-11 14:45,Saltwater,50,653.7456
2023-06-11 14:45,Freshwater,5,497.62302
2023-06-11 14:45,Freshwater,15,335.351116
2023-06-11 14:45,Freshwater,30,334.1694
2023-06-11 14:45,Freshwater,50,684.60858
2023-06-11 14:50,Control,5,662.2442844
2023-06-11 14:50,Control,15,785.56944
2023-06-11 14:50,Control,30,780.5992067
2023-06-11 14:50,Control,50,799.7717167
2023-06-11 14:50,Saltwater,5,464.46052
2023-06-11 14:50,Saltwater,15,414.13052
2023-06-11 14:50,Saltwater,30,610.96886
2023-06-11 14:50,Saltwater,50,653.67738
2023-06-11 14:50,Freshwater,5,497.4073667
2023-06-11 14:50,Freshwater,15,335.452078
2023-06-11 14:50,Freshwater,30,334.304326
2023-06-11 14:50,Freshwater,50,684.67278
2023-06-11 14:55,Control,5,662.9621289
2023-06-11 14:55,Control,15,785.47862
2023-06-11 14:55,Control,30,780.7135467
2023-06-11 14:55,Control,50,799.7060167
2023-06-11 14:55,Saltwater,5,464.13912
2023-06-11 14:55,Saltwater,15,414.06232
2023-06-11 14:55,Saltwater,30,610.90064
2023-06-11 14:55,Saltwater,50,653.77972
2023-06-11 14:55,Freshwater,5,496.4101933
2023-06-11 14:55,Freshwater,15,333.582516
2023-06-11 14:55,Freshwater,30,333.046308
2023-06-11 14:55,Freshwater,50,682.66444
2023-06-11 15:00,Control,5,663.5689333
2023-06-11 15:00,Control,15,785.59112
2023-06-11 15:00,Control,30,780.7234467
2023-06-11 15:00,Control,50,799.8443167
2023-06-11 15:00,Saltwater,5,464.32944
2023-06-11 15:00,Saltwater,15,414.0964
2023-06-11 15:00,Saltwater,30,610.96886
2023-06-11 15:00,Saltwater,50,653.84798
2023-06-11 15:00,Freshwater,5,497.3856
2023-06-11 15:00,Freshwater,15,335.722732
2023-06-11 15:00,Freshwater,30,334.778844
2023-06-11 15:00,Freshwater,50,684.80438
2023-06-11 15:05,Control,5,664.0465956
2023-06-11 15:05,Control,15,785.56636
2023-06-11 15:05,Control,30,780.6986267
2023-06-11 15:05,Control,50,799.7685667
2023-06-11 15:05,Saltwater,5,463.90574
2023-06-11 15:05,Saltwater,15,413.72116
2023-06-11 15:05,Saltwater,30,610.96886
2023-06-11 15:05,Saltwater,50,653.91616
2023-06-11 15:05,Freshwater,5,497.3468533
2023-06-11 15:05,Freshwater,15,335.484912
2023-06-11 15:05,Freshwater,30,334.71089
2023-06-11 15:05,Freshwater,50,684.6345
2023-06-11 15:10,Control,5,664.0460378
2023-06-11 15:10,Control,15,785.54158
2023-06-11 15:10,Control,30,780.8104267
2023-06-11 15:10,Control,50,799.8208667
2023-06-11 15:10,Saltwater,5,463.6867
2023-06-11 15:10,Saltwater,15,413.34596
2023-06-11 15:10,Saltwater,30,610.35484
2023-06-11 15:10,Saltwater,50,653.57506
2023-06-11 15:10,Freshwater,5,496.9359467
2023-06-11 15:10,Freshwater,15,335.417656
2023-06-11 15:10,Freshwater,30,335.119256
2023-06-11 15:10,Freshwater,50,684.6371
2023-06-11 15:15,Control,5,664.41742
2023-06-11 15:15,Control,15,785.4778
2023-06-11 15:15,Control,30,780.7466067
2023-06-11 15:15,Control,50,799.9109167
2023-06-11 15:15,Saltwater,5,464.4228
2023-06-11 15:15,Saltwater,15,413.92586
2023-06-11 15:15,Saltwater,30,610.93476
2023-06-11 15:15,Saltwater,50,653.88206
2023-06-11 15:15,Freshwater,5,499.27788
2023-06-11 15:15,Freshwater,15,337.321254
2023-06-11 15:15,Freshwater,30,336.139552
2023-06-11 15:15,Freshwater,50,685.45666
2023-06-11 15:20,Control,5,665.0768644
2023-06-11 15:20,Control,15,785.5242733
2023-06-11 15:20,Control,30,780.8393067
2023-06-11 15:20,Control,50,799.9008167
2023-06-11 15:20,Saltwater,5,464.2330933
2023-06-11 15:20,Saltwater,15,413.8235
2023-06-11 15:20,Saltwater,30,610.93476
2023-06-11 15:20,Saltwater,50,653.9503
2023-06-11 15:20,Freshwater,5,497.4204733
2023-06-11 15:20,Freshwater,15,335.213306
2023-06-11 15:20,Freshwater,30,335.66231
2023-06-11 15:20,Freshwater,50,683.88776
2023-06-11 15:25,Control,5,665.3468689
2023-06-11 15:25,Control,15,785.6308267
2023-06-11 15:25,Control,30,780.8551867
2023-06-11 15:25,Control,50,799.9599167
2023-06-11 15:25,Saltwater,5,464.6574067
2023-06-11 15:25,Saltwater,15,413.82348
2023-06-11 15:25,Saltwater,30,611.54876
2023-06-11 15:25,Saltwater,50,654.80308
2023-06-11 15:25,Freshwater,5,497.0622067
2023-06-11 15:25,Freshwater,15,335.48536
2023-06-11 15:25,Freshwater,30,335.594632
2023-06-11 15:25,Freshwater,50,684.50032
2023-06-11 15:30,Control,5,665.8178533
2023-06-11 15:30,Control,15,785.7323
2023-06-11 15:30,Control,30,780.9002067
2023-06-11 15:30,Control,50,799.9284667
2023-06-11 15:30,Saltwater,5,464.12658
2023-06-11 15:30,Saltwater,15,414.0623
2023-06-11 15:30,Saltwater,30,610.93476
2023-06-11 15:30,Saltwater,50,654.05264
2023-06-11 15:30,Freshwater,5,498.20094
2023-06-11 15:30,Freshwater,15,335.758348
2023-06-11 15:30,Freshwater,30,335.493924
2023-06-11 15:30,Freshwater,50,683.5537
2023-06-11 15:35,Control,5,665.93944
2023-06-11 15:35,Control,15,785.7998133
2023-06-11 15:35,Control,30,781.0479067
2023-06-11 15:35,Control,50,800.0253167
2023-06-11 15:35,Saltwater,5,464.1415533
2023-06-11 15:35,Saltwater,15,413.9892733
2023-06-11 15:35,Saltwater,30,610.93478
2023-06-11 15:35,Saltwater,50,654.15496
2023-06-11 15:35,Freshwater,5,496.94356
2023-06-11 15:35,Freshwater,15,335.248618
2023-06-11 15:35,Freshwater,30,335.18802
2023-06-11 15:35,Freshwater,50,684.40244
2023-06-11 15:40,Control,5,666.1263067
2023-06-11 15:40,Control,15,785.7521267
2023-06-11 15:40,Control,30,780.9783467
2023-06-11 15:40,Control,50,800.0314167
2023-06-11 15:40,Saltwater,5,465.8621387
2023-06-11 15:40,Saltwater,15,416.5770267
2023-06-11 15:40,Saltwater,30,612.46982
2023-06-11 15:40,Saltwater,50,653.13158
2023-06-11 15:40,Freshwater,5,499.73026
2023-06-11 15:40,Freshwater,15,338.714266
2023-06-11 15:40,Freshwater,30,339.9446824
2023-06-11 15:40,Freshwater,50,688.17488
2023-06-11 15:45,Control,5,666.3993533
2023-06-11 15:45,Control,15,785.70178
2023-06-11 15:45,Control,30,780.9396667
2023-06-11 15:45,Control,50,800.0620667
2023-06-11 15:45,Saltwater,5,464.03502
2023-06-11 15:45,Saltwater,15,413.63858
2023-06-11 15:45,Saltwater,30,610.90064
2023-06-11 15:45,Saltwater,50,654.05262
2023-06-11 15:45,Freshwater,5,496.9766
2023-06-11 15:45,Freshwater,15,335.214232
2023-06-11 15:45,Freshwater,30,336.376676
2023-06-11 15:45,Freshwater,50,684.02714
2023-06-11 15:50,Control,5,666.8171956
2023-06-11 15:50,Control,15,785.79006
2023-06-11 15:50,Control,30,781.0961467
2023-06-11 15:50,Control,50,800.0825667
2023-06-11 15:50,Saltwater,5,464.0936667
2023-06-11 15:50,Saltwater,15,413.775
2023-06-11 15:50,Saltwater,30,610.8324
2023-06-11 15:50,Saltwater,50,654.15498
2023-06-11 15:50,Freshwater,5,496.5495267
2023-06-11 15:50,Freshwater,15,334.36683
2023-06-11 15:50,Freshwater,30,336.54852
2023-06-11 15:50,Freshwater,50,683.83086
2023-06-11 15:55,Control,5,667.2855178
2023-06-11 15:55,Control,15,785.75338
2023-06-11 15:55,Control,30,780.9569667
2023-06-11 15:55,Control,50,800.0799667
2023-06-11 15:55,Saltwater,5,463.9476533
2023-06-11 15:55,Saltwater,15,413.6727
2023-06-11 15:55,Saltwater,30,610.93476
2023-06-11 15:55,Saltwater,50,654.2232
2023-06-11 15:55,Freshwater,5,496.2476533
2023-06-11 15:55,Freshwater,15,335.17954
2023-06-11 15:55,Freshwater,30,336.341996
2023-06-11 15:55,Freshwater,50,684.09244
2023-06-11 16:00,Control,5,667.54686
2023-06-11 16:00,Control,15,785.98746
2023-06-11 16:00,Control,30,781.0203067
2023-06-11 16:00,Control,50,800.1601667
2023-06-11 16:00,Saltwater,5,463.90396
2023-06-11 16:00,Saltwater,15,413.63858
2023-06-11 16:00,Saltwater,30,610.90064
2023-06-11 16:00,Saltwater,50,654.29142
2023-06-11 16:00,Freshwater,5,496.12222
2023-06-11 16:00,Freshwater,15,335.111794
2023-06-11 16:00,Freshwater,30,336.987664
2023-06-11 16:00,Freshwater,50,684.02518
2023-06-11 16:05,Control,5,667.8294667
2023-06-11 16:05,Control,15,785.71304
2023-06-11 16:05,Control,30,781.1900467
2023-06-11 16:05,Control,50,800.0736167
2023-06-11 16:05,Saltwater,5,463.51438
2023-06-11 16:05,Saltwater,15,413.7361333
2023-06-11 16:05,Saltwater,30,611.10534
2023-06-11 16:05,Saltwater,50,654.56432
2023-06-11 16:05,Freshwater,5,495.7813
2023-06-11 16:05,Freshwater,15,335.1744113
2023-06-11 16:05,Freshwater,30,336.545488
2023-06-11 16:05,Freshwater,50,684.12514
2023-06-11 16:10,Control,5,667.9919133
2023-06-11 16:10,Control,15,785.90336
2023-06-11 16:10,Control,30,781.1751667
2023-06-11 16:10,Control,50,800.0509167
2023-06-11 16:10,Saltwater,5,463.90936
2023-06-11 16:10,Saltwater,15,413.6289867
2023-06-11 16:10,Saltwater,30,610.86652
2023-06-11 16:10,Saltwater,50,654.42788
2023-06-11 16:10,Freshwater,5,495.986
2023-06-11 16:10,Freshwater,15,335.1020527
2023-06-11 16:10,Freshwater,30,337.29329
2023-06-11 16:10,Freshwater,50,683.8208
2023-06-11 16:15,Control,5,668.13566
2023-06-11 16:15,Control,15,786.03614
2023-06-11 16:15,Control,30,781.1030067
2023-06-11 16:15,Control,50,800.1323417
2023-06-11 16:15,Saltwater,5,463.69034
2023-06-11 16:15,Saltwater,15,413.41954
2023-06-11 16:15,Saltwater,30,610.55952
2023-06-11 16:15,Saltwater,50,653.54096
2023-06-11 16:15,Freshwater,5,495.5139
2023-06-11 16:15,Freshwater,15,335.098784
2023-06-11 16:15,Freshwater,30,337.260864
2023-06-11 16:15,Freshwater,50,683.69074
2023-06-11 16:20,Control,5,668.3328044
2023-06-11 16:20,Control,15,786.21714
2023-06-11 16:20,Control,30,781.2497867
2023-06-11 16:20,Control,50,800.2708917
2023-06-11 16:20,Saltwater,5,463.5640467
2023-06-11 16:20,Saltwater,15,413.54164
2023-06-11 16:20,Saltwater,30,610.76418
2023-06-11 16:20,Saltwater,50,654.46198
2023-06-11 16:20,Freshwater,5,495.4994
2023-06-11 16:20,Freshwater,15,335.0600053
2023-06-11 16:20,Freshwater,30,337.668512
2023-06-11 16:20,Freshwater,50,684.0303
2023-06-11 16:25,Control,5,668.4203889
2023-06-11 16:25,Control,15,786.18428
2023-06-11 16:25,Control,30,781.1827067
2023-06-11 16:25,Control,50,800.2722417
2023-06-11 16:25,Saltwater,5,463.1648733
2023-06-11 16:25,Saltwater,15,412.7427
2023-06-11 16:25,Saltwater,30,610.5254
2023-06-11 16:25,Saltwater,50,654.42784
2023-06-11 16:25,Freshwater,5,495.2828
2023-06-11 16:25,Freshwater,15,335.5315567
2023-06-11 16:25,Freshwater,30,338.314704
2023-06-11 16:25,Freshwater,50,684.16888
2023-06-11 16:30,Control,5,668.4682933
2023-06-11 16:30,Control,15,786.31532
2023-06-11 16:30,Control,30,781.1771667
2023-06-11 16:30,Control,50,800.2237917
2023-06-11 16:30,Saltwater,5,463.51618
2023-06-11 16:30,Saltwater,15,413.44468
2023-06-11 16:30,Saltwater,30,610.83242
2023-06-11 16:30,Saltwater,50,654.46198
2023-06-11 16:30,Freshwater,5,495.02652
2023-06-11 16:30,Freshwater,15,335.049334
2023-06-11 16:30,Freshwater,30,337.361612
2023-06-11 16:30,Freshwater,50,684.02608
2023-06-11 16:35,Control,5,668.65336
2023-06-11 16:35,Control,15,786.3425333
2023-06-11 16:35,Control,30,781.2504467
2023-06-11 16:35,Control,50,800.1861917
2023-06-11 16:35,Saltwater,5,463.4384067
2023-06-11 16:35,Saltwater,15,413.4447
2023-06-11 16:35,Saltwater,30,610.7642
2023-06-11 16:35,Saltwater,50,654.63254
2023-06-11 16:35,Freshwater,5,494.1224133
2023-06-11 16:35,Freshwater,15,334.437078
2023-06-11 16:35,Freshwater,30,337.632692
2023-06-11 16:35,Freshwater,50,683.17402
2023-06-11 16:40,Control,5,668.8690467
2023-06-11 16:40,Control,15,786.3653467
2023-06-11 16:40,Control,30,781.3193867
2023-06-11 16:40,Control,50,800.2295417
2023-06-11 16:40,Saltwater,5,463.0535933
2023-06-11 16:40,Saltwater,15,413.03534
2023-06-11 16:40,Saltwater,30,610.08194
2023-06-11 16:40,Saltwater,50,653.81386
2023-06-11 16:40,Freshwater,5,492.5422267
2023-06-11 16:40,Freshwater,15,333.384672
2023-06-11 16:40,Freshwater,30,336.478358
2023-06-11 16:40,Freshwater,50,682.19168
2023-06-11 16:45,Control,5,668.7768133
2023-06-11 16:45,Control,15,786.35336
2023-06-11 16:45,Control,30,781.3193667
2023-06-11 16:45,Control,50,800.1440917
2023-06-11 16:45,Saltwater,5,463.21458
2023-06-11 16:45,Saltwater,15,413.24002
2023-06-11 16:45,Saltwater,30,610.73008
2023-06-11 16:45,Saltwater,50,654.66664
2023-06-11 16:45,Freshwater,5,494.55976
2023-06-11 16:45,Freshwater,15,334.708876
2023-06-11 16:45,Freshwater,30,338.889688
2023-06-11 16:45,Freshwater,50,683.7176
2023-06-11 16:50,Control,5,668.9396356
2023-06-11 16:50,Control,15,786.3192
2023-06-11 16:50,Control,30,781.2772289
2023-06-11 16:50,Control,50,800.1788639
2023-06-11 16:50,Saltwater,5,463.2247467
2023-06-11 16:50,Saltwater,15,413.17182
2023-06-11 16:50,Saltwater,30,610.7642
2023-06-11 16:50,Saltwater,50,654.8031
2023-06-11 16:50,Freshwater,5,493.9488133
2023-06-11 16:50,Freshwater,15,334.915074
2023-06-11 16:50,Freshwater,30,338.382476
2023-06-11 16:50,Freshwater,50,683.62466
2023-06-11 16:55,Control,5,669.0341378
2023-06-11 16:55,Control,15,786.38754
2023-06-11 16:55,Control,30,781.2009111
2023-06-11 16:55,Control,50,800.2135861
2023-06-11 16:55,Saltwater,5,463.3031533
2023-06-11 16:55,Saltwater,15,413.13768
2023-06-11 16:55,Saltwater,30,610.8324
2023-06-11 16:55,Saltwater,50,654.83722
2023-06-11 16:55,Freshwater,5,493.8418667
2023-06-11 16:55,Freshwater,15,335.254678
2023-06-11 16:55,Freshwater,30,338.858014
2023-06-11 16:55,Freshwater,50,683.72614
2023-06-11 17:00,Control,5,669.33364
2023-06-11 17:00,Control,15,786.38754
2023-06-11 17:00,Control,30,781.2271133
2023-06-11 17:00,Control,50,800.2056083
2023-06-11 17:00,Saltwater,5,463.14274
2023-06-11 17:00,Saltwater,15,413.24004
2023-06-11 17:00,Saltwater,30,610.62776
2023-06-11 17:00,Saltwater,50,654.8372
2023-06-11 17:00,Freshwater,5,493.39382
2023-06-11 17:00,Freshwater,15,335.050158
2023-06-11 17:00,Freshwater,30,338.78936
2023-06-11 17:00,Freshwater,50,683.85942
2023-06-11 17:05,Control,5,669.5750489
2023-06-11 17:05,Control,15,786.52418
2023-06-11 17:05,Control,30,781.3637733
2023-06-11 17:05,Control,50,800.2910333
2023-06-11 17:05,Saltwater,5,463.3426733
2023-06-11 17:05,Saltwater,15,412.9964333
2023-06-11 17:05,Saltwater,30,610.79832
2023-06-11 17:05,Saltwater,50,654.8031
2023-06-11 17:05,Freshwater,5,493.8149933
2023-06-11 17:05,Freshwater,15,335.049572
2023-06-11 17:05,Freshwater,30,339.3954933
2023-06-11 17:05,Freshwater,50,683.6485533
2023-06-11 17:10,Control,5,669.9872778
2023-06-11 17:10,Control,15,786.49004
2023-06-11 17:10,Control,30,781.3296133
2023-06-11 17:10,Control,50,800.2483083
2023-06-11 17:10,Saltwater,5,463.1672867
2023-06-11 17:10,Saltwater,15,412.9234467
2023-06-11 17:10,Saltwater,30,610.66186
2023-06-11 17:10,Saltwater,50,654.87134
2023-06-11 17:10,Freshwater,5,493.7718067
2023-06-11 17:10,Freshwater,15,334.951966
2023-06-11 17:10,Freshwater,30,339.4970847
2023-06-11 17:10,Freshwater,50,683.2186267
2023-06-11 17:15,Control,5,670.0920267
2023-06-11 17:15,Control,15,786.45588
2023-06-11 17:15,Control,30,781.2612733
2023-06-11 17:15,Control,50,800.3337333
2023-06-11 17:15,Saltwater,5,462.92374
2023-06-11 17:15,Saltwater,15,412.78218
2023-06-11 17:15,Saltwater,30,610.66188
2023-06-11 17:15,Saltwater,50,654.93954
2023-06-11 17:15,Freshwater,5,493.64344
2023-06-11 17:15,Freshwater,15,335.390448
2023-06-11 17:15,Freshwater,30,339.658888
2023-06-11 17:15,Freshwater,50,683.74528
2023-06-11 17:20,Control,5,670.2548889
2023-06-11 17:20,Control,15,786.4319467
2023-06-11 17:20,Control,30,781.3979333
2023-06-11 17:20,Control,50,800.1628583
2023-06-11 17:20,Saltwater,5,463.0410333
2023-06-11 17:20,Saltwater,15,412.6409533
2023-06-11 17:20,Saltwater,30,610.5595
2023-06-11 17:20,Saltwater,50,654.73486
2023-06-11 17:20,Freshwater,5,492.7981533
2023-06-11 17:20,Freshwater,15,335.156474
2023-06-11 17:20,Freshwater,30,339.051306
2023-06-11 17:20,Freshwater,50,683.1145
2023-06-11 17:25,Control,5,670.6227111
2023-06-11 17:25,Control,15,786.4079933
2023-06-11 17:25,Control,30,781.3295933
2023-06-11 17:25,Control,50,800.2483333
2023-06-11 17:25,Saltwater,5,463.0901067
2023-06-11 17:25,Saltwater,15,412.3973667
2023-06-11 17:25,Saltwater,30,610.08194
2023-06-11 17:25,Saltwater,50,654.53018
2023-06-11 17:25,Freshwater,5,493.3596667
2023-06-11 17:25,Freshwater,15,335.321462
2023-06-11 17:25,Freshwater,30,339.3860118
2023-06-11 17:25,Freshwater,50,683.70726
2023-06-11 17:30,Control,5,670.7172333
2023-06-11 17:30,Control,15,786.48656
2023-06-11 17:30,Control,30,781.2954333
2023-06-11 17:30,Control,50,800.2483333
2023-06-11 17:30,Saltwater,5,463.10508
2023-06-11 17:30,Saltwater,15,412.49494
2023-06-11 17:30,Saltwater,30,610.69598
2023-06-11 17:30,Saltwater,50,654.97364
2023-06-11 17:30,Freshwater,5,493.37308
2023-06-11 17:30,Freshwater,15,335.15952
2023-06-11 17:30,Freshwater,30,339.292276
2023-06-11 17:30,Freshwater,50,683.29598
2023-06-11 17:35,Control,5,670.9745978
2023-06-11 17:35,Control,15,786.48656
2023-06-11 17:35,Control,30,781.4321133
2023-06-11 17:35,Control,50,800.2910083
2023-06-11 17:35,Saltwater,5,462.88606
2023-06-11 17:35,Saltwater,15,412.3878133
2023-06-11 17:35,Saltwater,30,610.7007467
2023-06-11 17:35,Saltwater,50,654.8419667
2023-06-11 17:35,Freshwater,5,493.95874
2023-06-11 17:35,Freshwater,15,333.917044
2023-06-11 17:35,Freshwater,30,339.966582
2023-06-11 17:35,Freshwater,50,683.3787
2023-06-11 17:40,Control,5,671.1977622
2023-06-11 17:40,Control,15,786.52072
2023-06-11 17:40,Control,30,781.3637733
2023-06-11 17:40,Control,50,800.2910083
2023-06-11 17:40,Saltwater,5,463.04224
2023-06-11 17:40,Saltwater,15,413.2699467
2023-06-11 17:40,Saltwater,30,611.2854533
2023-06-11 17:40,Saltwater,50,655.4266933
2023-06-11 17:40,Freshwater,5,493.06246
2023-06-11 17:40,Freshwater,15,337.028966
2023-06-11 17:40,Freshwater,30,341.73389
2023-06-11 17:40,Freshwater,50,683.34708
2023-06-11 17:45,Control,5,671.4209667
2023-06-11 17:45,Control,15,786.58908
2023-06-11 17:45,Control,30,781.4662733
2023-06-11 17:45,Control,50,800.3764333
2023-06-11 17:45,Saltwater,5,462.95968
2023-06-11 17:45,Saltwater,15,412.65116
2023-06-11 17:45,Saltwater,30,611.222
2023-06-11 17:45,Saltwater,50,655.70438
2023-06-11 17:45,Freshwater,5,492.85544
2023-06-11 17:45,Freshwater,15,335.728492
2023-06-11 17:45,Freshwater,30,340.7876826
2023-06-11 17:45,Freshwater,50,683.63754
2023-06-11 17:50,Control,5,671.7386933
2023-06-11 17:50,Control,15,785.90578
2023-06-11 17:50,Control,30,781.5345933
2023-06-11 17:50,Control,50,800.2910083
2023-06-11 17:50,Saltwater,5,463.4959067
2023-06-11 17:50,Saltwater,15,412.41236
2023-06-11 17:50,Saltwater,30,610.7055533
2023-06-11 17:50,Saltwater,50,655.2902333
2023-06-11 17:50,Freshwater,5,492.4756867
2023-06-11 17:50,Freshwater,15,336.2688953
2023-06-11 17:50,Freshwater,30,340.6873836
2023-06-11 17:50,Freshwater,50,683.57556
2023-06-11 17:55,Control,5,672.05638
2023-06-11 17:55,Control,15,786.38406
2023-06-11 17:55,Control,30,781.5345933
2023-06-11 17:55,Control,50,800.3337333
2023-06-11 17:55,Saltwater,5,462.8722933
2023-06-11 17:55,Saltwater,15,412.27592
2023-06-11 17:55,Saltwater,30,610.7007667
2023-06-11 17:55,Saltwater,50,655.3877867
2023-06-11 17:55,Freshwater,5,492.0570533
2023-06-11 17:55,Freshwater,15,336.1955647
2023-06-11 17:55,Freshwater,30,341.0605162
2023-06-11 17:55,Freshwater,50,683.4714
2023-06-11 18:00,Control,5,671.9983067
2023-06-11 18:00,Control,15,786.41824
2023-06-11 18:00,Control,30,781.5345933
2023-06-11 18:00,Control,50,800.3764083
2023-06-11 18:00,Saltwater,5,462.99918
2023-06-11 18:00,Saltwater,15,412.48058
2023-06-11 18:00,Saltwater,30,610.7642
2023-06-11 18:00,Saltwater,50,655.75822
2023-06-11 18:00,Freshwater,5,492.04512
2023-06-11 18:00,Freshwater,15,336.2237
2023-06-11 18:00,Freshwater,30,340.991492
2023-06-11 18:00,Freshwater,50,682.99186
2023-06-11 18:05,Control,5,672.1269889
2023-06-11 18:05,Control,15,786.5428933
2023-06-11 18:05,Control,30,781.5345933
2023-06-11 18:05,Control,50,800.5045083
2023-06-11 18:05,Saltwater,5,462.7412333
2023-06-11 18:05,Saltwater,15,412.3345667
2023-06-11 18:05,Saltwater,30,610.7983
2023-06-11 18:05,Saltwater,50,655.55354
2023-06-11 18:05,Freshwater,5,492.12868
2023-06-11 18:05,Freshwater,15,336.154
2023-06-11 18:05,Freshwater,30,341.3973612
2023-06-11 18:05,Freshwater,50,682.71326
2023-06-11 18:10,Control,5,672.0848511
2023-06-11 18:10,Control,15,786.5651267
2023-06-11 18:10,Control,30,781.7054133
2023-06-11 18:10,Control,50,800.3764083
2023-06-11 18:10,Saltwater,5,463.1314267
2023-06-11 18:10,Saltwater,15,412.2226533
2023-06-11 18:10,Saltwater,30,610.73008
2023-06-11 18:10,Saltwater,50,655.55356
2023-06-11 18:10,Freshwater,5,491.95158
2023-06-11 18:10,Freshwater,15,336.530872
2023-06-11 18:10,Freshwater,30,341.502557
2023-06-11 18:10,Freshwater,50,683.50666
2023-06-11 18:15,Control,5,672.0427133
2023-06-11 18:15,Control,15,786.65564
2023-06-11 18:15,Control,30,781.6370933
2023-06-11 18:15,Control,50,800.3337333
2023-06-11 18:15,Saltwater,5,462.77116
2023-06-11 18:15,Saltwater,15,412.24718
2023-06-11 18:15,Saltwater,30,610.79832
2023-06-11 18:15,Saltwater,50,655.69002
2023-06-11 18:15,Freshwater,5,491.8309
2023-06-11 18:15,Freshwater,15,336.29112
2023-06-11 18:15,Freshwater,30,341.840312
2023-06-11 18:15,Freshwater,50,683.4314
2023-06-11 18:20,Control,5,671.9242578
2023-06-11 18:20,Control,15,786.68982
2023-06-11 18:20,Control,30,781.5687533
2023-06-11 18:20,Control,50,800.3764083
2023-06-11 18:20,Saltwater,5,462.7274867
2023-06-11 18:20,Saltwater,15,412.0718333
2023-06-11 18:20,Saltwater,30,610.73008
2023-06-11 18:20,Saltwater,50,655.6559
2023-06-11 18:20,Freshwater,5,491.4849267
2023-06-11 18:20,Freshwater,15,336.802248
2023-06-11 18:20,Freshwater,30,341.5360624
2023-06-11 18:20,Freshwater,50,683.43702
2023-06-11 18:25,Control,5,671.9424622
2023-06-11 18:25,Control,15,786.68982
2023-06-11 18:25,Control,30,781.6712533
2023-06-11 18:25,Control,50,800.4191083
2023-06-11 18:25,Saltwater,5,462.6496933
2023-06-11 18:25,Saltwater,15,411.9647267
2023-06-11 18:25,Saltwater,30,610.73008
2023-06-11 18:25,Saltwater,50,655.55354
2023-06-11 18:25,Freshwater,5,491.7855733
2023-06-11 18:25,Freshwater,15,337.04204
2023-06-11 18:25,Freshwater,30,342.0817394
2023-06-11 18:25,Freshwater,50,683.92012
2023-06-11 18:30,Control,5,671.9606867
2023-06-11 18:30,Control,15,786.6898
2023-06-11 18:30,Control,30,781.6712533
2023-06-11 18:30,Control,50,800.4618083
2023-06-11 18:30,Saltwater,5,462.74244
2023-06-11 18:30,Saltwater,15,412.06228
2023-06-11 18:30,Saltwater,30,610.7642
2023-06-11 18:30,Saltwater,50,655.79234
2023-06-11 18:30,Freshwater,5,490.11432
2023-06-11 18:30,Freshwater,15,335.9562
2023-06-11 18:30,Freshwater,30,341.505587
2023-06-11 18:30,Freshwater,50,683.14398
2023-06-11 18:35,Control,5,671.9526889
2023-06-11 18:35,Control,15,786.75814
2023-06-11 18:35,Control,30,781.7395733
2023-06-11 18:35,Control,50,800.4191083
2023-06-11 18:35,Saltwater,5,462.9375467
2023-06-11 18:35,Saltwater,15,412.1891467
2023-06-11 18:35,Saltwater,30,610.5936
2023-06-11 18:35,Saltwater,50,656.03112
2023-06-11 18:35,Freshwater,5,491.29244
2023-06-11 18:35,Freshwater,15,337.1373027
2023-06-11 18:35,Freshwater,30,342.3905384
2023-06-11 18:35,Freshwater,50,683.31944
2023-06-11 18:40,Control,5,672.0472311
2023-06-11 18:40,Control,15,786.8265
2023-06-11 18:40,Control,30,781.6712333
2023-06-11 18:40,Control,50,800.4618083
2023-06-11 18:40,Saltwater,5,462.7574133
2023-06-11 18:40,Saltwater,15,410.8833133
2023-06-11 18:40,Saltwater,30,610.76418
2023-06-11 18:40,Saltwater,50,655.6559
2023-06-11 18:40,Freshwater,5,491.21094
2023-06-11 18:40,Freshwater,15,336.5164793
2023-06-11 18:40,Freshwater,30,342.4928158
2023-06-11 18:40,Freshwater,50,683.18488
2023-06-11 18:45,Control,5,672.1759133
2023-06-11 18:45,Control,15,786.8265
2023-06-11 18:45,Control,30,781.7395933
2023-06-11 18:45,Control,50,800.4618083
2023-06-11 18:45,Saltwater,5,462.6114
2023-06-11 18:45,Saltwater,15,411.76066
2023-06-11 18:45,Saltwater,30,610.66186
2023-06-11 18:45,Saltwater,50,655.9288
2023-06-11 18:45,Freshwater,5,490.9627
2023-06-11 18:45,Freshwater,15,337.358102
2023-06-11 18:45,Freshwater,30,342.3927132
2023-06-11 18:45,Freshwater,50,683.3274
2023-06-11 18:50,Control,5,672.2020756
2023-06-11 18:50,Control,15,786.8367067
2023-06-11 18:50,Control,30,781.7737733
2023-06-11 18:50,Control,50,800.5045083
2023-06-11 18:50,Saltwater,5,462.8406067
2023-06-11 18:50,Saltwater,15,411.8582133
2023-06-11 18:50,Saltwater,30,610.69598
2023-06-11 18:50,Saltwater,50,656.03112
2023-06-11 18:50,Freshwater,5,490.7871333
2023-06-11 18:50,Freshwater,15,337.4548553
2023-06-11 18:50,Freshwater,30,342.8000412
2023-06-11 18:50,Freshwater,50,683.19002
2023-06-11 18:55,Control,5,672.1599178
2023-06-11 18:55,Control,15,786.8127733
2023-06-11 18:55,Control,30,781.7395933
2023-06-11 18:55,Control,50,800.4191083
2023-06-11 18:55,Saltwater,5,462.5581333
2023-06-11 18:55,Saltwater,15,411.7852067
2023-06-11 18:55,Saltwater,30,610.62776
2023-06-11 18:55,Saltwater,50,656.23578
2023-06-11 18:55,Freshwater,5,490.0402867
2023-06-11 18:55,Freshwater,15,337.2826427
2023-06-11 18:55,Freshwater,30,342.9045414
2023-06-11 18:55,Freshwater,50,683.3012
2023-06-11 19:00,Control,5,672.22028
2023-06-11 19:00,Control,15,786.82302
2023-06-11 19:00,Control,30,781.8420733
2023-06-11 19:00,Control,50,800.5045083
2023-06-11 19:00,Saltwater,5,462.378
2023-06-11 19:00,Saltwater,15,411.50752
2023-06-11 19:00,Saltwater,30,610.62776
2023-06-11 19:00,Saltwater,50,656.09936
2023-06-11 19:00,Freshwater,5,490.84272
2023-06-11 19:00,Freshwater,15,337.545986
2023-06-11 19:00,Freshwater,30,343.104543
2023-06-11 19:00,Freshwater,50,683.2533
2023-06-11 19:05,Control,5,672.3409644
2023-06-11 19:05,Control,15,786.85716
2023-06-11 19:05,Control,30,781.7053933
2023-06-11 19:05,Control,50,800.5045333
2023-06-11 19:05,Saltwater,5,462.7777667
2023-06-11 19:05,Saltwater,15,411.5709533
2023-06-11 19:05,Saltwater,30,610.59362
2023-06-11 19:05,Saltwater,50,656.20168
2023-06-11 19:05,Freshwater,5,490.4955667
2023-06-11 19:05,Freshwater,15,337.4062773
2023-06-11 19:05,Freshwater,30,343.3434006
2023-06-11 19:05,Freshwater,50,682.47548
2023-06-11 19:10,Control,5,672.4616889
2023-06-11 19:10,Control,15,786.7547
2023-06-11 19:10,Control,30,781.8420733
2023-06-11 19:10,Control,50,800.5472083
2023-06-11 19:10,Saltwater,5,462.6999733
2023-06-11 19:10,Saltwater,15,411.6685067
2023-06-11 19:10,Saltwater,30,610.59362
2023-06-11 19:10,Saltwater,50,656.37222
2023-06-11 19:10,Freshwater,5,490.1452133
2023-06-11 19:10,Freshwater,15,337.8427667
2023-06-11 19:10,Freshwater,30,343.5128516
2023-06-11 19:10,Freshwater,50,683.25534
2023-06-11 19:15,Control,5,672.4799133
2023-06-11 19:15,Control,15,786.823
2023-06-11 19:15,Control,30,781.7737333
2023-06-11 19:15,Control,50,800.4191083
2023-06-11 19:15,Saltwater,5,462.9974
2023-06-11 19:15,Saltwater,15,412.07308
2023-06-11 19:15,Saltwater,30,611.0712
2023-06-11 19:15,Saltwater,50,656.30402
2023-06-11 19:15,Freshwater,5,490.78674
2023-06-11 19:15,Freshwater,15,338.316132
2023-06-11 19:15,Freshwater,30,344.3648927
2023-06-11 19:15,Freshwater,50,683.16262
2023-06-11 19:20,Control,5,672.4799133
2023-06-11 19:20,Control,15,786.7768533
2023-06-11 19:20,Control,30,781.8341156
2023-06-11 19:20,Control,50,800.5392306
2023-06-11 19:20,Saltwater,5,462.7235533
2023-06-11 19:20,Saltwater,15,411.5937733
2023-06-11 19:20,Saltwater,30,610.70206
2023-06-11 19:20,Saltwater,50,656.65196
2023-06-11 19:20,Freshwater,5,488.8101667
2023-06-11 19:20,Freshwater,15,336.8179633
2023-06-11 19:20,Freshwater,30,342.056095
2023-06-11 19:20,Freshwater,50,682.4894
2023-06-11 19:25,Control,5,672.2407733
2023-06-11 19:25,Control,15,786.7649467
2023-06-11 19:25,Control,30,781.7577978
2023-06-11 19:25,Control,50,800.4885528
2023-06-11 19:25,Saltwater,5,462.5470467
2023-06-11 19:25,Saltwater,15,411.4174867
2023-06-11 19:25,Saltwater,30,610.49552
2023-06-11 19:25,Saltwater,50,656.27464
2023-06-11 19:25,Freshwater,5,489.5832133
2023-06-11 19:25,Freshwater,15,337.5272607
2023-06-11 19:25,Freshwater,30,343.9934353
2023-06-11 19:25,Freshwater,50,683.10292
2023-06-11 19:30,Control,5,672.5140733
2023-06-11 19:30,Control,15,786.82124
2023-06-11 19:30,Control,30,781.81816
2023-06-11 19:30,Control,50,800.523275
2023-06-11 19:30,Saltwater,5,462.64226
2023-06-11 19:30,Saltwater,15,411.44492
2023-06-11 19:30,Saltwater,30,610.4918
2023-06-11 19:30,Saltwater,50,656.54342
2023-06-11 19:30,Freshwater,5,489.53978
2023-06-11 19:30,Freshwater,15,338.270048
2023-06-11 19:30,Freshwater,30,344.3332489
2023-06-11 19:30,Freshwater,50,683.00116
2023-06-11 19:35,Control,5,672.6848933
2023-06-11 19:35,Control,15,786.82128
2023-06-11 19:35,Control,30,781.78398
2023-06-11 19:35,Control,50,800.523275
2023-06-11 19:35,Saltwater,5,462.6030133
2023-06-11 19:35,Saltwater,15,411.4057733
2023-06-11 19:35,Saltwater,30,610.5206133
2023-06-11 19:35,Saltwater,50,656.5721533
2023-06-11 19:35,Freshwater,5,490.08158
2023-06-11 19:35,Freshwater,15,338.4343133
2023-06-11 19:35,Freshwater,30,344.264423
2023-06-11 19:35,Freshwater,50,684.69696
2023-06-11 19:40,Control,5,672.6507333
2023-06-11 19:40,Control,15,786.8896
2023-06-11 19:40,Control,30,781.7498
2023-06-11 19:40,Control,50,800.4806
2023-06-11 19:40,Saltwater,5,462.4276667
2023-06-11 19:40,Saltwater,15,411.1963267
2023-06-11 19:40,Saltwater,30,610.4476267
2023-06-11 19:40,Saltwater,50,656.5673467
2023-06-11 19:40,Freshwater,5,485.93782
2023-06-11 19:40,Freshwater,15,338.6001727
2023-06-11 19:40,Freshwater,30,343.0419608
2023-06-11 19:40,Freshwater,50,680.4864
2023-06-11 19:45,Control,5,672.5824333
2023-06-11 19:45,Control,15,786.7871
2023-06-11 19:45,Control,30,781.8523
2023-06-11 19:45,Control,50,800.6514
2023-06-11 19:45,Saltwater,5,463.14272
2023-06-11 19:45,Saltwater,15,411.74004
2023-06-11 19:45,Saltwater,30,610.61884
2023-06-11 19:45,Saltwater,50,657.69434
2023-06-11 19:45,Freshwater,5,489.26792
2023-06-11 19:45,Freshwater,15,338.459542
2023-06-11 19:45,Freshwater,30,344.2652934
2023-06-11 19:45,Freshwater,50,683.1031
2023-06-11 19:50,Control,5,672.9422778
2023-06-11 19:50,Control,15,786.8896
2023-06-11 19:50,Control,30,781.92064
2023-06-11 19:50,Control,50,800.6087
2023-06-11 19:50,Saltwater,5,462.4196533
2023-06-11 19:50,Saltwater,15,411.1197333
2023-06-11 19:50,Saltwater,30,610.5087133
2023-06-11 19:50,Saltwater,50,656.7311133
2023-06-11 19:50,Freshwater,5,489.0884667
2023-06-11 19:50,Freshwater,15,338.3867953
2023-06-11 19:50,Freshwater,30,344.7409922
2023-06-11 19:50,Freshwater,50,683.00116
2023-06-11 19:55,Control,5,672.7213022
2023-06-11 19:55,Control,15,786.8896
2023-06-11 19:55,Control,30,781.81814
2023-06-11 19:55,Control,50,800.437875
2023-06-11 19:55,Saltwater,5,462.4475867
2023-06-11 19:55,Saltwater,15,411.0797467
2023-06-11 19:55,Saltwater,30,610.5358667
2023-06-11 19:55,Saltwater,50,656.9285467
2023-06-11 19:55,Freshwater,5,488.5012533
2023-06-11 19:55,Freshwater,15,338.5179427
2023-06-11 19:55,Freshwater,30,344.333244
2023-06-11 19:55,Freshwater,50,683.1031
2023-06-11 20:00,Control,5,672.6711667
2023-06-11 20:00,Control,15,786.82128
2023-06-11 20:00,Control,30,781.85232
2023-06-11 20:00,Control,50,800.565975
2023-06-11 20:00,Saltwater,5,462.545
2023-06-11 20:00,Saltwater,15,411.10894
2023-06-11 20:00,Saltwater,30,610.4967
2023-06-11 20:00,Saltwater,50,656.92342
2023-06-11 20:00,Freshwater,5,489.03534
2023-06-11 20:00,Freshwater,15,338.751014
2023-06-11 20:00,Freshwater,30,345.1827198
2023-06-11 20:00,Freshwater,50,683.1031
2023-06-11 20:05,Control,5,672.7998689
2023-06-11 20:05,Control,15,786.8092933
2023-06-11 20:05,Control,30,781.9126622
2023-06-11 20:05,Control,50,800.5580222
2023-06-11 20:05,Saltwater,5,462.6377667
2023-06-11 20:05,Saltwater,15,410.924
2023-06-11 20:05,Saltwater,30,610.46258
2023-06-11 20:05,Saltwater,50,656.92344
2023-06-11 20:05,Freshwater,5,488.86544
2023-06-11 20:05,Freshwater,15,338.6442773
2023-06-11 20:05,Freshwater,30,345.1827196
2023-06-11 20:05,Freshwater,50,682.4575
2023-06-11 20:10,Control,5,672.7577311
2023-06-11 20:10,Control,15,786.8314667
2023-06-11 20:10,Control,30,781.8021844
2023-06-11 20:10,Control,50,800.3792444
2023-06-11 20:10,Saltwater,5,462.4924133
2023-06-11 20:10,Saltwater,15,410.97846
2023-06-11 20:10,Saltwater,30,610.42958
2023-06-11 20:10,Saltwater,50,656.99292
2023-06-11 20:10,Freshwater,5,488.66156
2023-06-11 20:10,Freshwater,15,338.7074587
2023-06-11 20:10,Freshwater,30,345.3526314
2023-06-11 20:10,Freshwater,50,683.03512
2023-06-11 20:15,Control,5,672.9547133
2023-06-11 20:15,Control,15,786.8537
2023-06-11 20:15,Control,30,781.7600467
2023-06-11 20:15,Control,50,800.4566417
2023-06-11 20:15,Saltwater,5,462.58456
2023-06-11 20:15,Saltwater,15,410.86128
2023-06-11 20:15,Saltwater,30,610.42856
2023-06-11 20:15,Saltwater,50,657.12824
2023-06-11 20:15,Freshwater,5,488.69554
2023-06-11 20:15,Freshwater,15,338.43085
2023-06-11 20:15,Freshwater,30,345.5564882
2023-06-11 20:15,Freshwater,50,682.8992
2023-06-11 20:20,Control,5,673.0572133
2023-06-11 20:20,Control,15,786.9100733
2023-06-11 20:20,Control,30,781.9308667
2023-06-11 20:20,Control,50,800.4566667
2023-06-11 20:20,Saltwater,5,462.6820533
2023-06-11 20:20,Saltwater,15,410.79298
2023-06-11 20:20,Saltwater,30,610.42844
2023-06-11 20:20,Saltwater,50,657.02578
2023-06-11 20:20,Freshwater,5,488.4141267
2023-06-11 20:20,Freshwater,15,338.7318693
2023-06-11 20:20,Freshwater,30,345.080788
2023-06-11 20:20,Freshwater,50,683.00116
2023-06-11 20:25,Control,5,672.5447733
2023-06-11 20:25,Control,15,786.8980667
2023-06-11 20:25,Control,30,781.8967067
2023-06-11 20:25,Control,50,800.5847667
2023-06-11 20:25,Saltwater,5,462.5082867
2023-06-11 20:25,Saltwater,15,410.79422
2023-06-11 20:25,Saltwater,30,610.4992
2023-06-11 20:25,Saltwater,50,657.1309
2023-06-11 20:25,Freshwater,5,488.4725133
2023-06-11 20:25,Freshwater,15,338.5572007
2023-06-11 20:25,Freshwater,30,345.9642328
2023-06-11 20:25,Freshwater,50,682.79728
2023-06-11 20:30,Control,5,672.5789333
2023-06-11 20:30,Control,15,786.81778
2023-06-11 20:30,Control,30,781.8625467
2023-06-11 20:30,Control,50,800.4993417
2023-06-11 20:30,Saltwater,5,462.46796
2023-06-11 20:30,Saltwater,15,410.62254
2023-06-11 20:30,Saltwater,30,610.46286
2023-06-11 20:30,Saltwater,50,657.19664
2023-06-11 20:30,Freshwater,5,488.15714
2023-06-11 20:30,Freshwater,15,338.960154
2023-06-11 20:30,Freshwater,30,346.1681054
2023-06-11 20:30,Freshwater,50,683.0691
2023-06-11 20:35,Control,5,672.4764333
2023-06-11 20:35,Control,15,786.8178
2023-06-11 20:35,Control,30,781.9229089
2023-06-11 20:35,Control,50,800.5768139
2023-06-11 20:35,Saltwater,5,462.67248
2023-06-11 20:35,Saltwater,15,410.69062
2023-06-11 20:35,Saltwater,30,610.36022
2023-06-11 20:35,Saltwater,50,657.33278
2023-06-11 20:35,Freshwater,5,488.3514267
2023-06-11 20:35,Freshwater,15,338.552396
2023-06-11 20:35,Freshwater,30,346.1585291
2023-06-11 20:35,Freshwater,50,682.8896467
2023-06-11 20:40,Control,5,672.7497533
2023-06-11 20:40,Control,15,786.78364
2023-06-11 20:40,Control,30,781.8465911
2023-06-11 20:40,Control,50,800.5260861
2023-06-11 20:40,Saltwater,5,462.58098
2023-06-11 20:40,Saltwater,15,410.59686
2023-06-11 20:40,Saltwater,30,610.3774
2023-06-11 20:40,Saltwater,50,657.45434
2023-06-11 20:40,Freshwater,5,488.0360533
2023-06-11 20:40,Freshwater,15,338.348512
2023-06-11 20:40,Freshwater,30,346.3528313
2023-06-11 20:40,Freshwater,50,682.7781533
2023-06-11 20:45,Control,5,672.6814133
2023-06-11 20:45,Control,15,786.81778
2023-06-11 20:45,Control,30,781.8385933
2023-06-11 20:45,Control,50,800.5181083
2023-06-11 20:45,Saltwater,5,462.6084
2023-06-11 20:45,Saltwater,15,410.65982
2023-06-11 20:45,Saltwater,30,610.40092
2023-06-11 20:45,Saltwater,50,657.5107
2023-06-11 20:45,Freshwater,5,488.0265
2023-06-11 20:45,Freshwater,15,338.926176
2023-06-11 20:45,Freshwater,30,346.207348
2023-06-11 20:45,Freshwater,50,682.8705
2023-06-11 20:50,Control,5,672.5288178
2023-06-11 20:50,Control,15,786.8399933
2023-06-11 20:50,Control,30,782.0094133
2023-06-11 20:50,Control,50,800.6462583
2023-06-11 20:50,Saltwater,5,462.42844
2023-06-11 20:50,Saltwater,15,410.5176867
2023-06-11 20:50,Saltwater,30,610.30644
2023-06-11 20:50,Saltwater,50,657.58774
2023-06-11 20:50,Freshwater,5,487.6818933
2023-06-11 20:50,Freshwater,15,338.7806627
2023-06-11 20:50,Freshwater,30,346.6103019
2023-06-11 20:50,Freshwater,50,682.8656933
2023-06-11 20:55,Control,5,672.6495222
2023-06-11 20:55,Control,15,786.8280267
2023-06-11 20:55,Control,30,781.9069333
2023-06-11 20:55,Control,50,800.5181333
2023-06-11 20:55,Saltwater,5,462.44588
2023-06-11 20:55,Saltwater,15,410.4039733
2023-06-11 20:55,Saltwater,30,610.3028
2023-06-11 20:55,Saltwater,50,657.68598
2023-06-11 20:55,Freshwater,5,487.4053067
2023-06-11 20:55,Freshwater,15,339.0089273
2023-06-11 20:55,Freshwater,30,346.3336833
2023-06-11 20:55,Freshwater,50,682.9968467
2023-06-11 21:00,Control,5,672.6335667
2023-06-11 21:00,Control,15,786.85022
2023-06-11 21:00,Control,30,781.9752533
2023-06-11 21:00,Control,50,800.5608583
2023-06-11 21:00,Saltwater,5,462.66726
2023-06-11 21:00,Saltwater,15,410.35788
2023-06-11 21:00,Saltwater,30,610.46854
2023-06-11 21:00,Saltwater,50,657.7829
2023-06-11 21:00,Freshwater,5,487.84224
2023-06-11 21:00,Freshwater,15,338.965408
2023-06-11 21:00,Freshwater,30,347.0424572
2023-06-11 21:00,Freshwater,50,682.51636
2023-06-11 21:05,Control,5,672.4205889
2023-06-11 21:05,Control,15,786.88438
2023-06-11 21:05,Control,30,781.9410933
2023-06-11 21:05,Control,50,800.5181333
2023-06-11 21:05,Saltwater,5,462.6250333
2023-06-11 21:05,Saltwater,15,410.2822333
2023-06-11 21:05,Saltwater,30,610.36094
2023-06-11 21:05,Saltwater,50,657.81118
2023-06-11 21:05,Freshwater,5,487.5704
2023-06-11 21:05,Freshwater,15,338.9605993
2023-06-11 21:05,Freshwater,30,347.246329
2023-06-11 21:05,Freshwater,50,682.6183
2023-06-11 21:10,Control,5,672.3784511
2023-06-11 21:10,Control,15,786.78188
2023-06-11 21:10,Control,30,781.9752533
2023-06-11 21:10,Control,50,800.5608333
2023-06-11 21:10,Saltwater,5,463.1015667
2023-06-11 21:10,Saltwater,15,410.2803867
2023-06-11 21:10,Saltwater,30,610.29858
2023-06-11 21:10,Saltwater,50,657.92008
2023-06-11 21:10,Freshwater,5,487.33254
2023-06-11 21:10,Freshwater,15,339.3296147
2023-06-11 21:10,Freshwater,30,347.4162418
2023-06-11 21:10,Freshwater,50,682.9241
2023-06-11 21:15,Control,5,672.4744733
2023-06-11 21:15,Control,15,786.81798
2023-06-11 21:15,Control,30,781.9771533
2023-06-11 21:15,Control,50,800.6482083
2023-06-11 21:15,Saltwater,5,462.68982
2023-06-11 21:15,Saltwater,15,410.17514
2023-06-11 21:15,Saltwater,30,610.23418
2023-06-11 21:15,Saltwater,50,657.89022
2023-06-11 21:15,Freshwater,5,487.19664
2023-06-11 21:15,Freshwater,15,339.019022
2023-06-11 21:15,Freshwater,30,347.58612
2023-06-11 21:15,Freshwater,50,682.7882
2023-06-11 21:20,Control,5,672.4049533
2023-06-11 21:20,Control,15,786.81648
2023-06-11 21:20,Control,30,781.9756733
2023-06-11 21:20,Control,50,800.5612583
2023-06-11 21:20,Saltwater,5,462.62632
2023-06-11 21:20,Saltwater,15,410.0717533
2023-06-11 21:20,Saltwater,30,610.27576
2023-06-11 21:20,Saltwater,50,658.00094
2023-06-11 21:20,Freshwater,5,487.0898933
2023-06-11 21:20,Freshwater,15,339.460724
2023-06-11 21:20,Freshwater,30,347.04246
2023-06-11 21:20,Freshwater,50,682.82218
2023-06-11 21:25,Control,5,672.2682733
2023-06-11 21:25,Control,15,786.85064
2023-06-11 21:25,Control,30,782.0440133
2023-06-11 21:25,Control,50,800.6466583
2023-06-11 21:25,Saltwater,5,462.72788
2023-06-11 21:25,Saltwater,15,410.0322867
2023-06-11 21:25,Saltwater,30,610.27458
2023-06-11 21:25,Saltwater,50,658.13606
2023-06-11 21:25,Freshwater,5,487.0171467
2023-06-11 21:25,Freshwater,15,339.290844
2023-06-11 21:25,Freshwater,30,347.9259082
2023-06-11 21:25,Freshwater,50,682.78816
2023-06-11 21:30,Control,5,672.5807733
2023-06-11 21:30,Control,15,786.85684
2023-06-11 21:30,Control,30,782.0843333
2023-06-11 21:30,Control,50,800.6103333
2023-06-11 21:30,Saltwater,5,462.62676
2023-06-11 21:30,Saltwater,15,410.06254
2023-06-11 21:30,Saltwater,30,610.3106
2023-06-11 21:30,Saltwater,50,658.17228
2023-06-11 21:30,Freshwater,5,486.84248
2023-06-11 21:30,Freshwater,15,339.426744
2023-06-11 21:30,Freshwater,30,348.0618234
2023-06-11 21:30,Freshwater,50,682.61832
2023-06-11 21:35,Control,5,672.3713533
2023-06-11 21:35,Control,15,786.7710533
2023-06-11 21:35,Control,30,782.0629378
2023-06-11 21:35,Control,50,800.6741278
2023-06-11 21:35,Saltwater,5,462.66442
2023-06-11 21:35,Saltwater,15,409.89476
2023-06-11 21:35,Saltwater,30,610.2821
2023-06-11 21:35,Saltwater,50,658.2127
2023-06-11 21:35,Freshwater,5,486.9129
2023-06-11 21:35,Freshwater,15,339.3551453
2023-06-11 21:35,Freshwater,30,348.2233743
2023-06-11 21:35,Freshwater,50,682.9527067
2023-06-11 21:40,Control,5,672.3366333
2023-06-11 21:40,Control,15,786.7925267
2023-06-11 21:40,Control,30,782.0462622
2023-06-11 21:40,Control,50,800.5720472
2023-06-11 21:40,Saltwater,5,462.73028
2023-06-11 21:40,Saltwater,15,409.79054
2023-06-11 21:40,Saltwater,30,610.21008
2023-06-11 21:40,Saltwater,50,658.37904
2023-06-11 21:40,Freshwater,5,486.81196
2023-06-11 21:40,Freshwater,15,338.7391707
2023-06-11 21:40,Freshwater,30,348.4521281
2023-06-11 21:40,Freshwater,50,682.5030733
2023-06-11 21:45,Control,5,672.4049733
2023-06-11 21:45,Control,15,786.78056
2023-06-11 21:45,Control,30,782.0644667
2023-06-11 21:45,Control,50,800.6414917
2023-06-11 21:45,Saltwater,5,462.80438
2023-06-11 21:45,Saltwater,15,409.82928
2023-06-11 21:45,Saltwater,30,610.28758
2023-06-11 21:45,Saltwater,50,658.49178
2023-06-11 21:45,Freshwater,5,486.877
2023-06-11 21:45,Freshwater,15,339.718438
2023-06-11 21:45,Freshwater,30,348.169292
2023-06-11 21:45,Freshwater,50,682.82834
2023-06-11 21:50,Control,5,672.5757733
2023-06-11 21:50,Control,15,786.7344333
2023-06-11 21:50,Control,30,782.0303067
2023-06-11 21:50,Control,50,800.6415167
2023-06-11 21:50,Saltwater,5,462.8307133
2023-06-11 21:50,Saltwater,15,409.6808867
2023-06-11 21:50,Saltwater,30,610.1709667
2023-06-11 21:50,Saltwater,50,658.4769067
2023-06-11 21:50,Freshwater,5,486.61508
2023-06-11 21:50,Freshwater,15,339.6503053
2023-06-11 21:50,Freshwater,30,348.6838942
2023-06-11 21:50,Freshwater,50,682.6754
2023-06-11 21:55,Control,5,672.5124333
2023-06-11 21:55,Control,15,786.7970067
2023-06-11 21:55,Control,30,782.0364667
2023-06-11 21:55,Control,50,800.6051917
2023-06-11 21:55,Saltwater,5,463.0644267
2023-06-11 21:55,Saltwater,15,409.6369533
2023-06-11 21:55,Saltwater,30,610.0926933
2023-06-11 21:55,Saltwater,50,658.4668133
2023-06-11 21:55,Freshwater,5,486.23356
2023-06-11 21:55,Freshwater,15,339.6079347
2023-06-11 21:55,Freshwater,30,348.74801
2023-06-11 21:55,Freshwater,50,682.83204
2023-06-11 22:00,Control,5,672.4055133
2023-06-11 22:00,Control,15,786.7112
2023-06-11 22:00,Control,30,782.0310067
2023-06-11 22:00,Control,50,800.7276167
2023-06-11 22:00,Saltwater,5,462.81872
2023-06-11 22:00,Saltwater,15,409.5916
2023-06-11 22:00,Saltwater,30,610.1821
2023-06-11 22:00,Saltwater,50,658.55582
2023-06-11 22:00,Freshwater,5,486.53706
2023-06-11 22:00,Freshwater,15,339.771978
2023-06-11 22:00,Freshwater,30,348.9507376
2023-06-11 22:00,Freshwater,50,682.8281
2023-06-11 22:05,Control,5,672.5820733
2023-06-11 22:05,Control,15,786.8208
2023-06-11 22:05,Control,30,782.1405467
2023-06-11 22:05,Control,50,800.6921917
2023-06-11 22:05,Saltwater,5,462.81582
2023-06-11 22:05,Saltwater,15,409.5504333
2023-06-11 22:05,Saltwater,30,610.14338
2023-06-11 22:05,Saltwater,50,658.6871
2023-06-11 22:05,Freshwater,5,486.5952467
2023-06-11 22:05,Freshwater,15,339.4225007
2023-06-11 22:05,Freshwater,30,349.2564572
2023-06-11 22:05,Freshwater,50,682.18218
2023-06-11 22:10,Control,5,672.6106733
2023-06-11 22:10,Control,15,786.84806
2023-06-11 22:10,Control,30,781.9970467
2023-06-11 22:10,Control,50,800.7278417
2023-06-11 22:10,Saltwater,5,462.82246
2023-06-11 22:10,Saltwater,15,409.4144067
2023-06-11 22:10,Saltwater,30,610.15388
2023-06-11 22:10,Saltwater,50,658.6989
2023-06-11 22:10,Freshwater,5,486.2458533
2023-06-11 22:10,Freshwater,15,339.6507993
2023-06-11 22:10,Freshwater,30,349.1884952
2023-06-11 22:10,Freshwater,50,682.82774
2023-06-11 22:15,Control,5,672.5436333
2023-06-11 22:15,Control,15,786.81552
2023-06-11 22:15,Control,30,782.1352467
2023-06-11 22:15,Control,50,800.7294667
2023-06-11 22:15,Saltwater,5,462.82992
2023-06-11 22:15,Saltwater,15,409.41544
2023-06-11 22:15,Saltwater,30,610.02916
2023-06-11 22:15,Saltwater,50,658.81442
2023-06-11 22:15,Freshwater,5,486.23632
2023-06-11 22:15,Freshwater,15,339.301444
2023-06-11 22:15,Freshwater,30,349.664205
2023-06-11 22:15,Freshwater,50,682.82774
2023-06-11 22:20,Control,5,672.4654756
2023-06-11 22:20,Control,15,786.8815
2023-06-11 22:20,Control,30,782.1671467
2023-06-11 22:20,Control,50,800.5990167
2023-06-11 22:20,Saltwater,5,462.96702
2023-06-11 22:20,Saltwater,15,409.3770533
2023-06-11 22:20,Saltwater,30,610.13256
2023-06-11 22:20,Saltwater,50,658.95206
2023-06-11 22:20,Freshwater,5,486.03244
2023-06-11 22:20,Freshwater,15,339.879084
2023-06-11 22:20,Freshwater,30,349.7321582
2023-06-11 22:20,Freshwater,50,682.79378
2023-06-11 22:25,Control,5,671.9106778
2023-06-11 22:25,Control,15,786.88134
2023-06-11 22:25,Control,30,782.0644667
2023-06-11 22:25,Control,50,800.7269417
2023-06-11 22:25,Saltwater,5,462.90544
2023-06-11 22:25,Saltwater,15,409.2751467
2023-06-11 22:25,Saltwater,30,610.17718
2023-06-11 22:25,Saltwater,50,659.0662
2023-06-11 22:25,Freshwater,5,486.27262
2023-06-11 22:25,Freshwater,15,339.642314
2023-06-11 22:25,Freshwater,30,349.189632
2023-06-11 22:25,Freshwater,50,682.76376
2023-06-11 22:30,Control,5,672.6217
2023-06-11 22:30,Control,15,786.67822
2023-06-11 22:30,Control,30,782.1346867
2023-06-11 22:30,Control,50,800.6861667
2023-06-11 22:30,Saltwater,5,462.86398
2023-06-11 22:30,Saltwater,15,409.12816
2023-06-11 22:30,Saltwater,30,610.02912
2023-06-11 22:30,Saltwater,50,659.08732
2023-06-11 22:30,Freshwater,5,486.00474
2023-06-11 22:30,Freshwater,15,339.678112
2023-06-11 22:30,Freshwater,30,350.2789626
2023-06-11 22:30,Freshwater,50,682.60062
2023-06-11 22:35,Control,5,672.65442
2023-06-11 22:35,Control,15,786.84726
2023-06-11 22:35,Control,30,782.2012267
2023-06-11 22:35,Control,50,800.7270417
2023-06-11 22:35,Saltwater,5,463.076
2023-06-11 22:35,Saltwater,15,409.168
2023-06-11 22:35,Saltwater,30,610.0018133
2023-06-11 22:35,Saltwater,50,659.0955133
2023-06-11 22:35,Freshwater,5,485.96604
2023-06-11 22:35,Freshwater,15,339.7391133
2023-06-11 22:35,Freshwater,30,350.208636
2023-06-11 22:35,Freshwater,50,682.86438
2023-06-11 22:40,Control,5,672.58602
2023-06-11 22:40,Control,15,786.74468
2023-06-11 22:40,Control,30,782.1669667
2023-06-11 22:40,Control,50,800.6842417
2023-06-11 22:40,Saltwater,5,463.58504
2023-06-11 22:40,Saltwater,15,409.09764
2023-06-11 22:40,Saltwater,30,610.0609467
2023-06-11 22:40,Saltwater,50,659.1882467
2023-06-11 22:40,Freshwater,5,485.86264
2023-06-11 22:40,Freshwater,15,339.1220087
2023-06-11 22:40,Freshwater,30,350.4797422
2023-06-11 22:40,Freshwater,50,682.35222
2023-06-11 22:45,Control,5,672.73452
2023-06-11 22:45,Control,15,786.82774
2023-06-11 22:45,Control,30,782.1473667
2023-06-11 22:45,Control,50,800.6993167
2023-06-11 22:45,Saltwater,5,463.0077
2023-06-11 22:45,Saltwater,15,409.0997
2023-06-11 22:45,Saltwater,30,609.95796
2023-06-11 22:45,Saltwater,50,659.22222
2023-06-11 22:45,Freshwater,5,485.6941
2023-06-11 22:45,Freshwater,15,339.763458
2023-06-11 22:45,Freshwater,30,350.5144034
2023-06-11 22:45,Freshwater,50,682.76226
2023-06-11 22:50,Control,5,672.7241
2023-06-11 22:50,Control,15,786.7344933
2023-06-11 22:50,Control,30,782.1345867
2023-06-11 22:50,Control,50,800.7287917
2023-06-11 22:50,Saltwater,5,463.17128
2023-06-11 22:50,Saltwater,15,409.0553333
2023-06-11 22:50,Saltwater,30,610.04928
2023-06-11 22:50,Saltwater,50,659.3463
2023-06-11 22:50,Freshwater,5,485.93304
2023-06-11 22:50,Freshwater,15,339.831914
2023-06-11 22:50,Freshwater,30,350.5101463
2023-06-11 22:50,Freshwater,50,682.8272333
2023-06-11 22:55,Control,5,672.85934
2023-06-11 22:55,Control,15,786.8915667
2023-06-11 22:55,Control,30,782.1669867
2023-06-11 22:55,Control,50,800.6842417
2023-06-11 22:55,Saltwater,5,466.7987
2023-06-11 22:55,Saltwater,15,408.9909267
2023-06-11 22:55,Saltwater,30,609.93018
2023-06-11 22:55,Saltwater,50,659.39996
2023-06-11 22:55,Freshwater,5,485.55876
2023-06-11 22:55,Freshwater,15,339.797716
2023-06-11 22:55,Freshwater,30,350.9468371
2023-06-11 22:55,Freshwater,50,682.8556067
2023-06-11 23:00,Control,5,672.83862
2023-06-11 23:00,Control,15,786.72552
2023-06-11 23:00,Control,30,782.2860467
2023-06-11 23:00,Control,50,800.6586667
2023-06-11 23:00,Saltwater,5,467.68482
2023-06-11 23:00,Saltwater,15,408.84896
2023-06-11 23:00,Saltwater,30,610.0311
2023-06-11 23:00,Saltwater,50,659.39832
2023-06-11 23:00,Freshwater,5,485.4919
2023-06-11 23:00,Freshwater,15,340.00211
2023-06-11 23:00,Freshwater,30,350.7047646
2023-06-11 23:00,Freshwater,50,682.75078
2023-06-11 23:05,Control,5,672.72428
2023-06-11 23:05,Control,15,786.81324
2023-06-11 23:05,Control,30,782.1689667
2023-06-11 23:05,Control,50,800.6862667
2023-06-11 23:05,Saltwater,5,468.2573533
2023-06-11 23:05,Saltwater,15,408.8762133
2023-06-11 23:05,Saltwater,30,610.02698
2023-06-11 23:05,Saltwater,50,659.70076
2023-06-11 23:05,Freshwater,5,485.83344
2023-06-11 23:05,Freshwater,15,339.7262913
2023-06-11 23:05,Freshwater,30,351.2105383
2023-06-11 23:05,Freshwater,50,682.1713333
2023-06-11 23:10,Control,5,672.7911
2023-06-11 23:10,Control,15,786.84552
2023-06-11 23:10,Control,30,782.2353667
2023-06-11 23:10,Control,50,800.7697417
2023-06-11 23:10,Saltwater,5,469.1396667
2023-06-11 23:10,Saltwater,15,408.8715467
2023-06-11 23:10,Saltwater,30,609.99296
2023-06-11 23:10,Saltwater,50,659.70092
2023-06-11 23:10,Freshwater,5,485.4892
2023-06-11 23:10,Freshwater,15,340.1271687
2023-06-11 23:10,Freshwater,30,351.1695277
2023-06-11 23:10,Freshwater,50,682.8385467
2023-06-11 23:15,Control,5,672.73052
2023-06-11 23:15,Control,15,786.78688
2023-06-11 23:15,Control,30,782.2108067
2023-06-11 23:15,Control,50,800.6515167
2023-06-11 23:15,Saltwater,5,468.9311
2023-06-11 23:15,Saltwater,15,408.76508
2023-06-11 23:15,Saltwater,30,609.92616
2023-06-11 23:15,Saltwater,50,659.7025
2023-06-11 23:15,Freshwater,5,485.5274
2023-06-11 23:15,Freshwater,15,339.784562
2023-06-11 23:15,Freshwater,30,351.5406466
2023-06-11 23:15,Freshwater,50,682.807
2023-06-11 23:20,Control,5,672.8603
2023-06-11 23:20,Control,15,786.8346533
2023-06-11 23:20,Control,30,782.2364867
2023-06-11 23:20,Control,50,800.7281417
2023-06-11 23:20,Saltwater,5,469.22196
2023-06-11 23:20,Saltwater,15,408.82098
2023-06-11 23:20,Saltwater,30,609.90126
2023-06-11 23:20,Saltwater,50,659.67448
2023-06-11 23:20,Freshwater,5,485.29374
2023-06-11 23:20,Freshwater,15,340.092338
2023-06-11 23:20,Freshwater,30,351.5767374
2023-06-11 23:20,Freshwater,50,682.84812
2023-06-11 23:25,Control,5,672.79952
2023-06-11 23:25,Control,15,786.9004667
2023-06-11 23:25,Control,30,782.2458467
2023-06-11 23:25,Control,50,800.7805167
2023-06-11 23:25,Saltwater,5,469.54098
2023-06-11 23:25,Saltwater,15,408.69364
2023-06-11 23:25,Saltwater,30,609.85144
2023-06-11 23:25,Saltwater,50,659.83166
2023-06-11 23:25,Freshwater,5,485.38792
2023-06-11 23:25,Freshwater,15,340.29258
2023-06-11 23:25,Freshwater,30,351.233024
2023-06-11 23:25,Freshwater,50,682.3931
2023-06-11 23:30,Control,5,672.74792
2023-06-11 23:30,Control,15,786.84096
2023-06-11 23:30,Control,30,782.3347667
2023-06-11 23:30,Control,50,800.8444917
2023-06-11 23:30,Saltwater,5,469.81752
2023-06-11 23:30,Saltwater,15,408.62812
2023-06-11 23:30,Saltwater,30,609.82284
2023-06-11 23:30,Saltwater,50,659.87194
2023-06-11 23:30,Freshwater,5,485.21988
2023-06-11 23:30,Freshwater,15,340.15755
2023-06-11 23:30,Freshwater,30,351.9815244
2023-06-11 23:30,Freshwater,50,682.7361
2023-06-11 23:35,Control,5,672.77552
2023-06-11 23:35,Control,15,786.83278
2023-06-11 23:35,Control,30,782.3027333
2023-06-11 23:35,Control,50,800.8548833
2023-06-11 23:35,Saltwater,5,470.26702
2023-06-11 23:35,Saltwater,15,408.5596733
2023-06-11 23:35,Saltwater,30,609.79788
2023-06-11 23:35,Saltwater,50,660.01872
2023-06-11 23:35,Freshwater,5,485.05516
2023-06-11 23:35,Freshwater,15,340.261922
2023-06-11 23:35,Freshwater,30,352.0181326
2023-06-11 23:35,Freshwater,50,683.01684
2023-06-11 23:40,Control,5,672.7934
2023-06-11 23:40,Control,15,786.91504
2023-06-11 23:40,Control,30,782.32706
2023-06-11 23:40,Control,50,800.81025
2023-06-11 23:40,Saltwater,5,470.43288
2023-06-11 23:40,Saltwater,15,408.5513067
2023-06-11 23:40,Saltwater,30,609.82482
2023-06-11 23:40,Saltwater,50,660.07892
2023-06-11 23:40,Freshwater,5,485.32418
2023-06-11 23:40,Freshwater,15,339.988758
2023-06-11 23:40,Freshwater,30,352.25456
2023-06-11 23:40,Freshwater,50,682.57026
2023-06-11 23:45,Control,5,672.73398
2023-06-11 23:45,Control,15,786.82362
2023-06-11 23:45,Control,30,782.2457467
2023-06-11 23:45,Control,50,800.7122917
2023-06-11 23:45,Saltwater,5,470.54448
2023-06-11 23:45,Saltwater,15,408.45116
2023-06-11 23:45,Saltwater,30,609.83892
2023-06-11 23:45,Saltwater,50,660.12892
2023-06-11 23:45,Freshwater,5,485.05006
2023-06-11 23:45,Freshwater,15,340.25953
2023-06-11 23:45,Freshwater,30,352.4572834
2023-06-11 23:45,Freshwater,50,683.65372
2023-06-11 23:50,Control,5,672.96772
2023-06-11 23:50,Control,15,786.8852
2023-06-11 23:50,Control,30,782.2390667
2023-06-11 23:50,Control,50,800.8334417
2023-06-11 23:50,Saltwater,5,470.8429
2023-06-11 23:50,Saltwater,15,408.4057333
2023-06-11 23:50,Saltwater,30,609.8209733
2023-06-11 23:50,Saltwater,50,660.2116533
2023-06-11 23:50,Freshwater,5,485.0764733
2023-06-11 23:50,Freshwater,15,340.4525347
2023-06-11 23:50,Freshwater,30,352.2520006
2023-06-11 23:50,Freshwater,50,682.83342