datetime_est,plot,depth,vwc_m3m3,ec_uscm
2023-06-02 00:00,Control,5,0.318657646,80.33333333
2023-06-02 00:00,Control,15,0.310162636,57.5
2023-06-02 00:00,Control,30,0.369349711,128.6666667
2023-06-02 00:00,Freshwater,5,0.362492673,109.6
2023-06-02 00:00,Freshwater,15,0.321143309,80.8
2023-06-02 00:00,Freshwater,30,0.33923962,82.2
2023-06-02 00:00,Saltwater,5,0.356809163,111.8
2023-06-02 00:00,Saltwater,15,0.319654549,87.6
2023-06-02 00:00,Saltwater,30,0.298544255,77.4
2023-06-02 00:15,Control,5,0.318677041,83.66666667
2023-06-02 00:15,Control,15,0.310449682,58
2023-06-02 00:15,Control,30,0.369154468,125.3333333
2023-06-02 00:15,Freshwater,5,0.362208731,108
2023-06-02 00:15,Freshwater,15,0.321121587,80.4
2023-06-02 00:15,Freshwater,30,0.339451413,81.2
2023-06-02 00:15,Saltwater,5,0.356650899,113.8
2023-06-02 00:15,Saltwater,15,0.319580848,86
2023-06-02 00:15,Saltwater,30,0.298569081,77.4
2023-06-02 00:30,Control,5,0.318587824,81.66666667
2023-06-02 00:30,Control,15,0.310408952,58.5
2023-06-02 00:30,Control,30,0.368977327,126.3333333
2023-06-02 00:30,Freshwater,5,0.361889877,109.8
2023-06-02 00:30,Freshwater,15,0.321133224,80.4
2023-06-02 00:30,Freshwater,30,0.339299357,81.4
2023-06-02 00:30,Saltwater,5,0.356525996,110.6
2023-06-02 00:30,Saltwater,15,0.319538179,87
2023-06-02 00:30,Saltwater,30,0.298482191,77.6
2023-06-02 00:45,Control,5,0.31878436,83.66666667
2023-06-02 00:45,Control,15,0.31041671,59
2023-06-02 00:45,Control,30,0.368539,128
2023-06-02 00:45,Freshwater,5,0.362004695,110.4
2023-06-02 00:45,Freshwater,15,0.320885744,81
2023-06-02 00:45,Freshwater,30,0.339250481,81.2
2023-06-02 00:45,Saltwater,5,0.356944928,111
2023-06-02 00:45,Saltwater,15,0.319787211,85.6
2023-06-02 00:45,Saltwater,30,0.29873355,77.8
2023-06-02 01:00,Control,5,0.318989947,83
2023-06-02 01:00,Control,15,0.310436105,58
2023-06-02 01:00,Control,30,0.368749759,126.3333333
2023-06-02 01:00,Freshwater,5,0.362553962,109.4
2023-06-02 01:00,Freshwater,15,0.320956341,81.2
2023-06-02 01:00,Freshwater,30,0.3389774,80.8
2023-06-02 01:00,Saltwater,5,0.356599697,110.2
2023-06-02 01:00,Saltwater,15,0.319580848,87.8
2023-06-02 01:00,Saltwater,30,0.298404611,77.6
2023-06-02 01:15,Control,5,0.31883608,82.33333333
2023-06-02 01:15,Control,15,0.310488472,57
2023-06-02 01:15,Control,30,0.368972155,127.6666667
2023-06-02 01:15,Freshwater,5,0.362481036,109
2023-06-02 01:15,Freshwater,15,0.322313216,80.8
2023-06-02 01:15,Freshwater,30,0.338740781,82.2
2023-06-02 01:15,Saltwater,5,0.356786664,111.8
2023-06-02 01:15,Saltwater,15,0.319635154,86.8
2023-06-02 01:15,Saltwater,30,0.29870601,78.4
2023-06-02 01:30,Control,5,0.318806341,82.33333333
2023-06-02 01:30,Control,15,0.310207244,57.5
2023-06-02 01:30,Control,30,0.368935951,128
2023-06-02 01:30,Freshwater,5,0.362134254,108.8
2023-06-02 01:30,Freshwater,15,0.32243424,80.8
2023-06-02 01:30,Freshwater,30,0.338728368,81
2023-06-02 01:30,Saltwater,5,0.356783561,109.4
2023-06-02 01:30,Saltwater,15,0.319706528,87.2
2023-06-02 01:30,Saltwater,30,0.298530291,78
2023-06-02 01:45,Control,5,0.319008049,81.33333333
2023-06-02 01:45,Control,15,0.310564113,56.5
2023-06-02 01:45,Control,30,0.368986378,127.6666667
2023-06-02 01:45,Freshwater,5,0.362237435,108.4
2023-06-02 01:45,Freshwater,15,0.321085124,79.6
2023-06-02 01:45,Freshwater,30,0.338748539,81.6
2023-06-02 01:45,Saltwater,5,0.35687433,111.4
2023-06-02 01:45,Saltwater,15,0.319640585,87.4
2023-06-02 01:45,Saltwater,30,0.298479864,78.8
2023-06-02 02:00,Control,5,0.318834787,83.33333333
2023-06-02 02:00,Control,15,0.310717333,57.5
2023-06-02 02:00,Control,30,0.368683816,128
2023-06-02 02:00,Freshwater,5,0.362239763,108.4
2023-06-02 02:00,Freshwater,15,0.321082021,80.6
2023-06-02 02:00,Freshwater,30,0.338847841,81.2
2023-06-02 02:00,Saltwater,5,0.356442209,113.2
2023-06-02 02:00,Saltwater,15,0.319580848,87.8
2023-06-02 02:00,Saltwater,30,0.298571408,78.2
2023-06-02 02:15,Control,5,0.318886507,80.66666667
2023-06-02 02:15,Control,15,0.310329433,57
2023-06-02 02:15,Control,30,0.368438146,127.3333333
2023-06-02 02:15,Freshwater,5,0.362156752,109.2
2023-06-02 02:15,Freshwater,15,0.321081245,79.2
2023-06-02 02:15,Freshwater,30,0.338723713,82.2
2023-06-02 02:15,Saltwater,5,0.35687433,112.2
2023-06-02 02:15,Saltwater,15,0.319679375,87.4
2023-06-02 02:15,Saltwater,30,0.298531067,77.6
2023-06-02 02:30,Control,5,0.318739105,83
2023-06-02 02:30,Control,15,0.310488472,57.5
2023-06-02 02:30,Control,30,0.368404528,128.3333333
2023-06-02 02:30,Freshwater,5,0.362007023,108.6
2023-06-02 02:30,Freshwater,15,0.321033146,79.8
2023-06-02 02:30,Freshwater,30,0.338584069,81.4
2023-06-02 02:30,Saltwater,5,0.356567113,111.4
2023-06-02 02:30,Saltwater,15,0.319630499,86.8
2023-06-02 02:30,Saltwater,30,0.2982479,78.6
2023-06-02 02:45,Control,5,0.318794704,82.33333333
2023-06-02 02:45,Control,15,0.310436106,57.5
2023-06-02 02:45,Control,30,0.368876473,127.3333333
2023-06-02 02:45,Freshwater,5,0.362041934,110
2023-06-02 02:45,Freshwater,15,0.321086676,81.4
2023-06-02 02:45,Freshwater,30,0.338721386,80.2
2023-06-02 02:45,Saltwater,5,0.356654778,111.4
2023-06-02 02:45,Saltwater,15,0.319768592,87
2023-06-02 02:45,Saltwater,30,0.298576063,78.6
2023-06-02 03:00,Control,5,0.31896538,82.33333333
2023-06-02 03:00,Control,15,0.310329433,57.5
2023-06-02 03:00,Control,30,0.368379961,127
2023-06-02 03:00,Freshwater,5,0.36228825,109.4
2023-06-02 03:00,Freshwater,15,0.320995907,80.6
2023-06-02 03:00,Freshwater,30,0.338590275,81.6
2023-06-02 03:00,Saltwater,5,0.356591163,112
2023-06-02 03:00,Saltwater,15,0.319634378,88.4
2023-06-02 03:00,Saltwater,30,0.298500035,78.4
2023-06-02 03:15,Control,5,0.318832201,82
2023-06-02 03:15,Control,15,0.310655269,57.5
2023-06-02 03:15,Control,30,0.368169202,125.6666667
2023-06-02 03:15,Freshwater,5,0.362006247,110
2023-06-02 03:15,Freshwater,15,0.320953238,80.8
2023-06-02 03:15,Freshwater,30,0.3383715,80.8
2023-06-02 03:15,Saltwater,5,0.356901483,111.8
2023-06-02 03:15,Saltwater,15,0.319618862,87.2
2023-06-02 03:15,Saltwater,30,0.298455038,77.6
2023-06-02 03:30,Control,5,0.318795997,83.33333333
2023-06-02 03:30,Control,15,0.310655269,57.5
2023-06-02 03:30,Control,30,0.368673472,127.3333333
2023-06-02 03:30,Freshwater,5,0.362460866,107.8
2023-06-02 03:30,Freshwater,15,0.321189081,80.4
2023-06-02 03:30,Freshwater,30,0.338228753,82.2
2023-06-02 03:30,Saltwater,5,0.35664159,110.8
2023-06-02 03:30,Saltwater,15,0.319662307,87
2023-06-02 03:30,Saltwater,30,0.298627654,78.5
2023-06-02 03:45,Control,5,0.318940813,82.33333333
2023-06-02 03:45,Control,15,0.3103818,58
2023-06-02 03:45,Control,30,0.368074813,126.3333333
2023-06-02 03:45,Freshwater,5,0.362385613,109
2023-06-02 03:45,Freshwater,15,0.320894277,80.2
2023-06-02 03:45,Freshwater,30,0.338151948,79.8
2023-06-02 03:45,Saltwater,5,0.356556252,112.2
2023-06-02 03:45,Saltwater,15,0.319618862,86.4
2023-06-02 03:45,Saltwater,30,0.298603216,78
2023-06-02 04:00,Control,5,0.318534811,82
2023-06-02 04:00,Control,15,0.310213063,58
2023-06-02 04:00,Control,30,0.368032144,125.6666667
2023-06-02 04:00,Freshwater,5,0.362186232,109.4
2023-06-02 04:00,Freshwater,15,0.321037025,80.2
2023-06-02 04:00,Freshwater,30,0.33813876,83
2023-06-02 04:00,Saltwater,5,0.356674949,110.2
2023-06-02 04:00,Saltwater,15,0.319691012,88
2023-06-02 04:00,Saltwater,30,0.298356512,78
2023-06-02 04:15,Control,5,0.318653767,82.66666667
2023-06-02 04:15,Control,15,0.310445803,57
2023-06-02 04:15,Control,30,0.368250661,127.6666667
2023-06-02 04:15,Freshwater,5,0.362259933,108.6
2023-06-02 04:15,Freshwater,15,0.321082797,80.6
2023-06-02 04:15,Freshwater,30,0.338286938,80.6
2023-06-02 04:15,Saltwater,5,0.356809938,111.2
2023-06-02 04:15,Saltwater,15,0.319590158,86.6
2023-06-02 04:15,Saltwater,30,0.298453487,78.2
2023-06-02 04:30,Control,5,0.318936934,81.66666667
2023-06-02 04:30,Control,15,0.313351174,57
2023-06-02 04:30,Control,30,0.368139463,128.6666667
2023-06-02 04:30,Freshwater,5,0.362194766,109.6
2023-06-02 04:30,Freshwater,15,0.321540519,79.4
2023-06-02 04:30,Freshwater,30,0.338374603,81.4
2023-06-02 04:30,Saltwater,5,0.356484102,110.4
2023-06-02 04:30,Saltwater,15,0.319694115,87.2
2023-06-02 04:30,Saltwater,30,0.298667607,77.4
2023-06-02 04:45,Control,5,0.31897831,83
2023-06-02 04:45,Control,15,0.310403134,57.5
2023-06-02 04:45,Control,30,0.368440732,126.6666667
2023-06-02 04:45,Freshwater,5,0.362299499,109.4
2023-06-02 04:45,Freshwater,15,0.321161928,80
2023-06-02 04:45,Freshwater,30,0.338297799,80.8
2023-06-02 04:45,Saltwater,5,0.356591939,111
2023-06-02 04:45,Saltwater,15,0.319786435,86.8
2023-06-02 04:45,Saltwater,30,0.298377458,77.6
2023-06-02 05:00,Control,5,0.318850303,83
2023-06-02 05:00,Control,15,0.310455501,57
2023-06-02 05:00,Control,30,0.368226094,128
2023-06-02 05:00,Freshwater,5,0.362321997,107.8
2023-06-02 05:00,Freshwater,15,0.320935395,80.2
2023-06-02 05:00,Freshwater,30,0.338025493,82
2023-06-02 05:00,Saltwater,5,0.356509704,111.8
2023-06-02 05:00,Saltwater,15,0.320563787,87.4
2023-06-02 05:00,Saltwater,30,0.298535721,78.4
2023-06-02 05:15,Control,5,0.318749449,82.66666667
2023-06-02 05:15,Control,15,0.310649451,58.5
2023-06-02 05:15,Control,30,0.36811231,126.6666667
2023-06-02 05:15,Freshwater,5,0.361825485,109
2023-06-02 05:15,Freshwater,15,0.321103743,80
2023-06-02 05:15,Freshwater,30,0.338309436,81.8
2023-06-02 05:15,Saltwater,5,0.35665633,110.6
2023-06-02 05:15,Saltwater,15,0.319749972,87.4
2023-06-02 05:15,Saltwater,30,0.298484519,77.6
2023-06-02 05:30,Control,5,0.318802462,81.66666667
2023-06-02 05:30,Control,15,0.310610661,57.5
2023-06-02 05:30,Control,30,0.368248075,127.6666667
2023-06-02 05:30,Freshwater,5,0.362068311,109.6
2023-06-02 05:30,Freshwater,15,0.321108398,80.2
2023-06-02 05:30,Freshwater,30,0.337999116,81.4
2023-06-02 05:30,Saltwater,5,0.356676501,110
2023-06-02 05:30,Saltwater,15,0.319789538,88.2
2023-06-02 05:30,Saltwater,30,0.29831617,79.2
2023-06-02 05:45,Control,5,0.318755914,81.66666667
2023-06-02 05:45,Control,15,0.310917101,57
2023-06-02 05:45,Control,30,0.368101966,126.6666667
2023-06-02 05:45,Freshwater,5,0.36235846,109.6
2023-06-02 05:45,Freshwater,15,0.32102306,80.8
2023-06-02 05:45,Freshwater,30,0.337946361,81.4
2023-06-02 05:45,Saltwater,5,0.35668581,113.4
2023-06-02 05:45,Saltwater,15,0.319706528,86.2
2023-06-02 05:45,Saltwater,30,0.298441074,77.6
2023-06-02 06:00,Control,5,0.318961501,82.33333333
2023-06-02 06:00,Control,15,0.310449682,57.5
2023-06-02 06:00,Control,30,0.368131705,126.6666667
2023-06-02 06:00,Freshwater,5,0.361963578,107.6
2023-06-02 06:00,Freshwater,15,0.321093658,80.4
2023-06-02 06:00,Freshwater,30,0.337933173,80.8
2023-06-02 06:00,Saltwater,5,0.356476344,110.6
2023-06-02 06:00,Saltwater,15,0.319780229,85.8
2023-06-02 06:00,Saltwater,30,0.29851943,77.8
2023-06-02 06:15,Control,5,0.318885214,82.33333333
2023-06-02 06:15,Control,15,0.310558294,57.5
2023-06-02 06:15,Control,30,0.36777613,126.3333333
2023-06-02 06:15,Freshwater,5,0.362231229,108.6
2023-06-02 06:15,Freshwater,15,0.32228839,79.8
2023-06-02 06:15,Freshwater,30,0.338027045,81.2
2023-06-02 06:15,Saltwater,5,0.35664159,112.1
2023-06-02 06:15,Saltwater,15,0.319618862,87
2023-06-02 06:15,Saltwater,30,0.298568305,78
2023-06-02 06:30,Control,5,0.318718417,81.66666667
2023-06-02 06:30,Control,15,0.310542778,57
2023-06-02 06:30,Control,30,0.367880863,125.6666667
2023-06-02 06:30,Freshwater,5,0.362061329,110
2023-06-02 06:30,Freshwater,15,0.322433465,79.6
2023-06-02 06:30,Freshwater,30,0.337991358,80.2
2023-06-02 06:30,Saltwater,5,0.356579526,112
2023-06-02 06:30,Saltwater,15,0.320554477,87
2023-06-02 06:30,Saltwater,30,0.298642782,77.8
2023-06-02 06:45,Control,5,0.318658939,82.66666667
2023-06-02 06:45,Control,15,0.310583507,55.5
2023-06-02 06:45,Control,30,0.367871812,127.3333333
2023-06-02 06:45,Freshwater,5,0.362252175,108.4
2023-06-02 06:45,Freshwater,15,0.320981167,80.4
2023-06-02 06:45,Freshwater,30,0.337757066,80.4
2023-06-02 06:45,Saltwater,5,0.356622971,109
2023-06-02 06:45,Saltwater,15,0.31977635,86.8
2023-06-02 06:45,Saltwater,30,0.298389095,78.4
2023-06-02 07:00,Control,5,0.318781774,80.66666667
2023-06-02 07:00,Control,15,0.310531141,57.5
2023-06-02 07:00,Control,30,0.36777613,127
2023-06-02 07:00,Freshwater,5,0.3622033,110.2
2023-06-02 07:00,Freshwater,15,0.321116156,80.2
2023-06-02 07:00,Freshwater,30,0.337592597,82
2023-06-02 07:00,Saltwater,5,0.35674865,111.2
2023-06-02 07:00,Saltwater,15,0.319751524,86.8
2023-06-02 07:00,Saltwater,30,0.298312291,78
2023-06-02 07:15,Control,5,0.319000291,81.33333333
2023-06-02 07:15,Control,15,0.310711515,57
2023-06-02 07:15,Control,30,0.368257126,128.6666667
2023-06-02 07:15,Freshwater,5,0.361945734,109
2023-06-02 07:15,Freshwater,15,0.321055644,79.6
2023-06-02 07:15,Freshwater,30,0.33793007,80.4
2023-06-02 07:15,Saltwater,5,0.356640814,110.4
2023-06-02 07:15,Saltwater,15,0.319700321,87
2023-06-02 07:15,Saltwater,30,0.2984178,77.8
2023-06-02 07:30,Control,5,0.318625321,82.33333333
2023-06-02 07:30,Control,15,0.310628116,57
2023-06-02 07:30,Control,30,0.367623556,124
2023-06-02 07:30,Freshwater,5,0.362190887,109
2023-06-02 07:30,Freshwater,15,0.321084348,81
2023-06-02 07:30,Freshwater,30,0.337413387,79.6
2023-06-02 07:30,Saltwater,5,0.356618316,108.8
2023-06-02 07:30,Saltwater,15,0.319760834,87.8
2023-06-02 07:30,Saltwater,30,0.29851943,77.8
2023-06-02 07:45,Control,5,0.318764965,82.33333333
2023-06-02 07:45,Control,15,0.311037351,57.5
2023-06-02 07:45,Control,30,0.367809748,126.3333333
2023-06-02 07:45,Freshwater,5,0.362197094,109.8
2023-06-02 07:45,Freshwater,15,0.320717395,80.2
2023-06-02 07:45,Freshwater,30,0.337677935,80.6
2023-06-02 07:45,Saltwater,5,0.356603576,110.6
2023-06-02 07:45,Saltwater,15,0.319629723,86.8
2023-06-02 07:45,Saltwater,30,0.298372803,77.4
2023-06-02 08:00,Control,5,0.318730054,82.66666667
2023-06-02 08:00,Control,15,0.310833703,57.5
2023-06-02 08:00,Control,30,0.367786474,128
2023-06-02 08:00,Freshwater,5,0.362151321,108.4
2023-06-02 08:00,Freshwater,15,0.32096022,80
2023-06-02 08:00,Freshwater,30,0.337497173,80.6
2023-06-02 08:00,Saltwater,5,0.35643833,111
2023-06-02 08:00,Saltwater,15,0.319826777,86.8
2023-06-02 08:00,Saltwater,30,0.298435643,78.2
2023-06-02 08:15,Control,5,0.318607219,80.66666667
2023-06-02 08:15,Control,15,0.310511746,57.5
2023-06-02 08:15,Control,30,0.367566664,126.3333333
2023-06-02 08:15,Freshwater,5,0.361886774,109
2023-06-02 08:15,Freshwater,15,0.320953238,80.4
2023-06-02 08:15,Freshwater,30,0.337501828,81.2
2023-06-02 08:15,Saltwater,5,0.356149733,110
2023-06-02 08:15,Saltwater,15,0.319673168,86
2023-06-02 08:15,Saltwater,30,0.298759152,78.4
2023-06-02 08:30,Control,5,0.318658939,82.33333333
2023-06-02 08:30,Control,15,0.310587386,57
2023-06-02 08:30,Control,30,0.367476154,125.3333333
2023-06-02 08:30,Freshwater,5,0.361932546,108.8
2023-06-02 08:30,Freshwater,15,0.321009872,81.2
2023-06-02 08:30,Freshwater,30,0.337306326,81.4
2023-06-02 08:30,Saltwater,5,0.356202487,111.4
2023-06-02 08:30,Saltwater,15,0.320356648,86.4
2023-06-02 08:30,Saltwater,30,0.298202903,76.8
2023-06-02 08:45,Control,5,0.318326638,82.33333333
2023-06-02 08:45,Control,15,0.310331372,58
2023-06-02 08:45,Control,30,0.367342975,125.6666667
2023-06-02 08:45,Freshwater,5,0.361560162,107.4
2023-06-02 08:45,Freshwater,15,0.320858591,81
2023-06-02 08:45,Freshwater,30,0.337118583,80
2023-06-02 08:45,Saltwater,5,0.356295583,109.8
2023-06-02 08:45,Saltwater,15,0.319475339,87
2023-06-02 08:45,Saltwater,30,0.298165665,77.8
2023-06-02 09:00,Control,5,0.318441715,83.33333333
2023-06-02 09:00,Control,15,0.310635874,57.5
2023-06-02 09:00,Control,30,0.367456759,127.3333333
2023-06-02 09:00,Freshwater,5,0.36151982,108.4
2023-06-02 09:00,Freshwater,15,0.320801181,80.4
2023-06-02 09:00,Freshwater,30,0.337058846,81.2
2023-06-02 09:00,Saltwater,5,0.355952679,111.8
2023-06-02 09:00,Saltwater,15,0.31947146,85.4
2023-06-02 09:00,Saltwater,30,0.298233159,78.6
2023-06-02 09:15,Control,5,0.318419734,81.66666667
2023-06-02 09:15,Control,15,0.310129665,54
2023-06-02 09:15,Control,30,0.3669874,127.3333333
2023-06-02 09:15,Freshwater,5,0.361578781,108.6
2023-06-02 09:15,Freshwater,15,0.320747651,80.2
2023-06-02 09:15,Freshwater,30,0.336856362,80.2
2023-06-02 09:15,Saltwater,5,0.35587122,111.4
2023-06-02 09:15,Saltwater,15,0.319324834,86.4
2023-06-02 09:15,Saltwater,30,0.298039985,78.2
2023-06-02 09:30,Control,5,0.318087433,82
2023-06-02 09:30,Control,15,0.310387618,57.5
2023-06-02 09:30,Control,30,0.367217554,125.6666667
2023-06-02 09:30,Freshwater,5,0.361383279,109.2
2023-06-02 09:30,Freshwater,15,0.320592491,78.8
2023-06-02 09:30,Freshwater,30,0.336523544,82.2
2023-06-02 09:30,Saltwater,5,0.355890615,110.8
2023-06-02 09:30,Saltwater,15,0.319230186,87.4
2023-06-02 09:30,Saltwater,30,0.297766904,77.4
2023-06-02 09:45,Control,5,0.318093898,83.66666667
2023-06-02 09:45,Control,15,0.310232458,55
2023-06-02 09:45,Control,30,0.366803794,125
2023-06-02 09:45,Freshwater,5,0.36178592,108.6
2023-06-02 09:45,Freshwater,15,0.320576199,79.4
2023-06-02 09:45,Freshwater,30,0.336214,80.2
2023-06-02 09:45,Saltwater,5,0.355726922,112
2023-06-02 09:45,Saltwater,15,0.319266649,86.4
2023-06-02 09:45,Saltwater,30,0.297800263,77.8
2023-06-02 10:00,Control,5,0.317817196,82
2023-06-02 10:00,Control,15,0.30987753,55
2023-06-02 10:00,Control,30,0.366475372,125.3333333
2023-06-02 10:00,Freshwater,5,0.361129593,107.8
2023-06-02 10:00,Freshwater,15,0.32044121,78.6
2023-06-02 10:00,Freshwater,30,0.335781879,79.8
2023-06-02 10:00,Saltwater,5,0.355436772,110.4
2023-06-02 10:00,Saltwater,15,0.319096749,86.4
2023-06-02 10:00,Saltwater,30,0.297624156,77.8
2023-06-02 10:15,Control,5,0.317729272,82.66666667
2023-06-02 10:15,Control,15,0.309534238,56.5
2023-06-02 10:15,Control,30,0.366752074,126
2023-06-02 10:15,Freshwater,5,0.361285529,109.4
2023-06-02 10:15,Freshwater,15,0.32051879,80.6
2023-06-02 10:15,Freshwater,30,0.335691887,79.2
2023-06-02 10:15,Saltwater,5,0.355171449,110.4
2023-06-02 10:15,Saltwater,15,0.318989688,86.4
2023-06-02 10:15,Saltwater,30,0.297539594,76.8
2023-06-02 10:30,Control,5,0.317536615,80.33333333
2023-06-02 10:30,Control,15,0.309452779,59
2023-06-02 10:30,Control,30,0.366973177,125.6666667
2023-06-02 10:30,Freshwater,5,0.361008568,109
2023-06-02 10:30,Freshwater,15,0.320278292,79.8
2023-06-02 10:30,Freshwater,30,0.335537502,80.4
2023-06-02 10:30,Saltwater,5,0.355290922,112
2023-06-02 10:30,Saltwater,15,0.318906678,86.6
2023-06-02 10:30,Saltwater,30,0.297458135,76.4
2023-06-02 10:45,Control,5,0.317457742,83
2023-06-02 10:45,Control,15,0.30948963,59.5
2023-06-02 10:45,Control,30,0.366617602,127.3333333
2023-06-02 10:45,Freshwater,5,0.360567914,110.2
2023-06-02 10:45,Freshwater,15,0.320087445,79.8
2023-06-02 10:45,Freshwater,30,0.335456043,79.4
2023-06-02 10:45,Saltwater,5,0.354966638,111.8
2023-06-02 10:45,Saltwater,15,0.318829874,86.2
2023-06-02 10:45,Saltwater,30,0.297302199,77.4
2023-06-02 11:00,Control,5,0.317135785,83
2023-06-02 11:00,Control,15,0.309317014,57.5
2023-06-02 11:00,Control,30,0.36631504,127
2023-06-02 11:00,Freshwater,5,0.360334398,108.8
2023-06-02 11:00,Freshwater,15,0.320032364,80.4
2023-06-02 11:00,Freshwater,30,0.335064264,78.8
2023-06-02 11:00,Saltwater,5,0.354863456,112.8
2023-06-02 11:00,Saltwater,15,0.318556016,86.4
2023-06-02 11:00,Saltwater,30,0.297023687,78
2023-06-02 11:15,Control,5,0.317042689,81
2023-06-02 11:15,Control,15,0.308719648,58
2023-06-02 11:15,Control,30,0.366144364,125.6666667
2023-06-02 11:15,Freshwater,5,0.36029328,110
2023-06-02 11:15,Freshwater,15,0.319876428,79.2
2023-06-02 11:15,Freshwater,30,0.334849368,79.4
2023-06-02 11:15,Saltwater,5,0.354503485,110
2023-06-02 11:15,Saltwater,15,0.318468351,86
2023-06-02 11:15,Saltwater,30,0.297069459,77
2023-06-02 11:30,Control,5,0.316804777,81
2023-06-02 11:30,Control,15,0.308543154,56
2023-06-02 11:30,Control,30,0.365482348,123.3333333
2023-06-02 11:30,Freshwater,5,0.360198633,109.4
2023-06-02 11:30,Freshwater,15,0.319614983,79.2
2023-06-02 11:30,Freshwater,30,0.334290016,79.8
2023-06-02 11:30,Saltwater,5,0.354461592,112
2023-06-02 11:30,Saltwater,15,0.318057177,86.2
2023-06-02 11:30,Saltwater,30,0.29693447,77.6
2023-06-02 11:45,Control,5,0.316515145,83.66666667
2023-06-02 11:45,Control,15,0.308467513,55.5
2023-06-02 11:45,Control,30,0.365393131,128.6666667
2023-06-02 11:45,Freshwater,5,0.359819267,109.2
2023-06-02 11:45,Freshwater,15,0.319506371,79.8
2023-06-02 11:45,Freshwater,30,0.3342264,80.6
2023-06-02 11:45,Saltwater,5,0.354145065,111
2023-06-02 11:45,Saltwater,15,0.318136308,85.8
2023-06-02 11:45,Saltwater,30,0.296602428,78.4
2023-06-02 12:00,Control,5,0.316335418,83.33333333
2023-06-02 12:00,Control,15,0.308137798,58.5
2023-06-02 12:00,Control,30,0.365964637,125.3333333
2023-06-02 12:00,Freshwater,5,0.359883658,109.2
2023-06-02 12:00,Freshwater,15,0.319357418,79.2
2023-06-02 12:00,Freshwater,30,0.333796607,78.8
2023-06-02 12:00,Saltwater,5,0.353920859,109
2023-06-02 12:00,Saltwater,15,0.31773522,86.6
2023-06-02 12:00,Saltwater,30,0.296742072,77.6
2023-06-02 12:15,Control,5,0.316231978,80.33333333
2023-06-02 12:15,Control,15,0.308100948,54
2023-06-02 12:15,Control,30,0.365429335,126
2023-06-02 12:15,Freshwater,5,0.359529117,109.6
2023-06-02 12:15,Freshwater,15,0.319158813,79
2023-06-02 12:15,Freshwater,30,0.333530508,77.8
2023-06-02 12:15,Saltwater,5,0.353817678,109.4
2023-06-02 12:15,Saltwater,15,0.317651433,85.6
2023-06-02 12:15,Saltwater,30,0.296240129,75.8
2023-06-02 12:30,Control,5,0.315906142,82
2023-06-02 12:30,Control,15,0.307635468,55
2023-06-02 12:30,Control,30,0.365068588,126.6666667
2023-06-02 12:30,Freshwater,5,0.359320427,107.8
2023-06-02 12:30,Freshwater,15,0.319002101,79.4
2023-06-02 12:30,Freshwater,30,0.333265184,79
2023-06-02 12:30,Saltwater,5,0.35356787,111
2023-06-02 12:30,Saltwater,15,0.317642124,85.8
2023-06-02 12:30,Saltwater,30,0.295967823,77
2023-06-02 12:45,Control,5,0.315734173,82.33333333
2023-06-02 12:45,Control,15,0.307672318,54.5
2023-06-02 12:45,Control,30,0.365239264,124.3333333
2023-06-02 12:45,Freshwater,5,0.359020968,110.6
2023-06-02 12:45,Freshwater,15,0.320278292,79.2
2023-06-02 12:45,Freshwater,30,0.332895903,78.2
2023-06-02 12:45,Saltwater,5,0.353453052,109.8
2023-06-02 12:45,Saltwater,15,0.317302323,86.4
2023-06-02 12:45,Saltwater,30,0.295829731,76.8
2023-06-02 13:00,Control,5,0.315846664,84.66666667
2023-06-02 13:00,Control,15,0.307119561,56.5
2023-06-02 13:00,Control,30,0.365247022,126.3333333
2023-06-02 13:00,Freshwater,5,0.358739353,109.6
2023-06-02 13:00,Freshwater,15,0.31869566,79.2
2023-06-02 13:00,Freshwater,30,0.33281522,79.2
2023-06-02 13:00,Saltwater,5,0.353204796,111.2
2023-06-02 13:00,Saltwater,15,0.317217761,84.8
2023-06-02 13:00,Saltwater,30,0.295801026,76.6
2023-06-02 13:15,Control,5,0.315431611,83.33333333
2023-06-02 13:15,Control,15,0.306917853,55
2023-06-02 13:15,Control,30,0.364626382,123.6666667
2023-06-02 13:15,Freshwater,5,0.358528335,108.8
2023-06-02 13:15,Freshwater,15,0.318631269,80.2
2023-06-02 13:15,Freshwater,30,0.332425769,78.6
2023-06-02 13:15,Saltwater,5,0.352938696,109.2
2023-06-02 13:15,Saltwater,15,0.31699821,86
2023-06-02 13:15,Saltwater,30,0.295727325,76.8
2023-06-02 13:30,Control,5,0.315263521,83
2023-06-02 13:30,Control,15,0.306434917,55
2023-06-02 13:30,Control,30,0.36445312,122
2023-06-02 13:30,Freshwater,5,0.358069062,110
2023-06-02 13:30,Freshwater,15,0.318486194,80.2
2023-06-02 13:30,Freshwater,30,0.332287676,76.8
2023-06-02 13:30,Saltwater,5,0.352939472,111
2023-06-02 13:30,Saltwater,15,0.316785641,86.2
2023-06-02 13:30,Saltwater,30,0.295417005,76.2
2023-06-02 13:45,Control,5,0.314937685,83.33333333
2023-06-02 13:45,Control,15,0.306528013,56
2023-06-02 13:45,Control,30,0.36434968,124
2023-06-02 13:45,Freshwater,5,0.357553931,108.8
2023-06-02 13:45,Freshwater,15,0.319280613,79.6
2023-06-02 13:45,Freshwater,30,0.331800474,80
2023-06-02 13:45,Saltwater,5,0.352533729,111.4
2023-06-02 13:45,Saltwater,15,0.317421797,87
2023-06-02 13:45,Saltwater,30,0.2952665,77
2023-06-02 14:00,Control,5,0.31486657,83.66666667
2023-06-02 14:00,Control,15,0.306128476,56
2023-06-02 14:00,Control,30,0.364147972,126
2023-06-02 14:00,Freshwater,5,0.357489539,110
2023-06-02 14:00,Freshwater,15,0.318168892,79.6
2023-06-02 14:00,Freshwater,30,0.331632125,78.2
2023-06-02 14:00,Saltwater,5,0.352214099,111.8
2023-06-02 14:00,Saltwater,15,0.316447392,86
2023-06-02 14:00,Saltwater,30,0.294943767,76
2023-06-02 14:15,Control,5,0.314729512,82.33333333
2023-06-02 14:15,Control,15,0.305680451,54.5
2023-06-02 14:15,Control,30,0.364378126,126.6666667
2023-06-02 14:15,Freshwater,5,0.357152066,108
2023-06-02 14:15,Freshwater,15,0.317965632,79.8
2023-06-02 14:15,Freshwater,30,0.331524289,78
2023-06-02 14:15,Saltwater,5,0.352158242,110.6
2023-06-02 14:15,Saltwater,15,0.316372139,86.2
2023-06-02 14:15,Saltwater,30,0.295158664,75.8
2023-06-02 14:30,Control,5,0.314353249,83.33333333
2023-06-02 14:30,Control,15,0.305461288,57.5
2023-06-02 14:30,Control,30,0.364228138,126
2023-06-02 14:30,Freshwater,5,0.356941824,109.8
2023-06-02 14:30,Freshwater,15,0.317947013,79.4
2023-06-02 14:30,Freshwater,30,0.332279918,76.8
2023-06-02 14:30,Saltwater,5,0.352058939,110
2023-06-02 14:30,Saltwater,15,0.316342659,86.2
2023-06-02 14:30,Saltwater,30,0.29480102,76.8
2023-06-02 14:45,Control,5,0.314169643,83
2023-06-02 14:45,Control,15,0.305207214,56
2023-06-02 14:45,Control,30,0.363778174,124.6666667
2023-06-02 14:45,Freshwater,5,0.356805284,108
2023-06-02 14:45,Freshwater,15,0.31768712,79.4
2023-06-02 14:45,Freshwater,30,0.330930802,77.6
2023-06-02 14:45,Saltwater,5,0.352032562,110.6
2023-06-02 14:45,Saltwater,15,0.315999755,85.4
2023-06-02 14:45,Saltwater,30,0.294676892,76.2
2023-06-02 15:00,Control,5,0.314151541,82.33333333
2023-06-02 15:00,Control,15,0.305341039,55.5
2023-06-02 15:00,Control,30,0.363511816,120.3333333
2023-06-02 15:00,Freshwater,5,0.356847177,108.6
2023-06-02 15:00,Freshwater,15,0.317576957,79.6
2023-06-02 15:00,Freshwater,30,0.330612724,77
2023-06-02 15:00,Saltwater,5,0.351968946,110.4
2023-06-02 15:00,Saltwater,15,0.315798823,87
2023-06-02 15:00,Saltwater,30,0.294423206,76.2
2023-06-02 15:15,Control,5,0.314046808,81.33333333
2023-06-02 15:15,Control,15,0.305176182,54
2023-06-02 15:15,Control,30,0.363260974,123.6666667
2023-06-02 15:15,Freshwater,5,0.356459277,108.2
2023-06-02 15:15,Freshwater,15,0.317479206,79.4
2023-06-02 15:15,Freshwater,30,0.330466874,77.4
2023-06-02 15:15,Saltwater,5,0.351532947,111.6
2023-06-02 15:15,Saltwater,15,0.31571814,86.2
2023-06-02 15:15,Saltwater,30,0.294393725,75.8
2023-06-02 15:30,Control,5,0.313993795,81.66666667
2023-06-02 15:30,Control,15,0.304829011,54.5
2023-06-02 15:30,Control,30,0.36354802,126
2023-06-02 15:30,Freshwater,5,0.356489533,109.2
2023-06-02 15:30,Freshwater,15,0.317310857,79
2023-06-02 15:30,Freshwater,30,0.330203102,77.4
2023-06-02 15:30,Saltwater,5,0.351609751,109.2
2023-06-02 15:30,Saltwater,15,0.315595563,86
2023-06-02 15:30,Saltwater,30,0.294074871,76.8
2023-06-02 15:45,Control,5,0.313740367,81
2023-06-02 15:45,Control,15,0.304689367,55.5
2023-06-02 15:45,Control,30,0.36354802,124.3333333
2023-06-02 15:45,Freshwater,5,0.355968971,107.4
2023-06-02 15:45,Freshwater,15,0.317113804,79.8
2023-06-02 15:45,Freshwater,30,0.330075095,77
2023-06-02 15:45,Saltwater,5,0.351355289,110.4
2023-06-02 15:45,Saltwater,15,0.315396959,86
2023-06-02 15:45,Saltwater,30,0.293920487,76.2
2023-06-02 16:00,Control,5,0.313620118,83
2023-06-02 16:00,Control,15,0.304493478,55
2023-06-02 16:00,Control,30,0.362918329,125
2023-06-02 16:00,Freshwater,5,0.355954231,107.6
2023-06-02 16:00,Freshwater,15,0.316853135,79.6
2023-06-02 16:00,Freshwater,30,0.330013806,77
2023-06-02 16:00,Saltwater,5,0.351168321,112
2023-06-02 16:00,Saltwater,15,0.315455919,86
2023-06-02 16:00,Saltwater,30,0.293797911,76.4
2023-06-02 16:15,Control,5,0.313271008,85
2023-06-02 16:15,Control,15,0.304161823,54
2023-06-02 16:15,Control,30,0.362853679,123.6666667
2023-06-02 16:15,Freshwater,5,0.355425135,108.2
2023-06-02 16:15,Freshwater,15,0.31689658,79.2
2023-06-02 16:15,Freshwater,30,0.329698832,78
2023-06-02 16:15,Saltwater,5,0.350810677,109.2
2023-06-02 16:15,Saltwater,15,0.315189044,85.2
2023-06-02 16:15,Saltwater,30,0.293835925,75.4
2023-06-02 16:30,Control,5,0.313158517,82.33333333
2023-06-02 16:30,Control,15,0.304002784,55
2023-06-02 16:30,Control,30,0.362714035,125
2023-06-02 16:30,Freshwater,5,0.355438324,108.2
2023-06-02 16:30,Freshwater,15,0.316603328,78.8
2023-06-02 16:30,Freshwater,30,0.329573152,76.6
2023-06-02 16:30,Saltwater,5,0.350869638,110
2023-06-02 16:30,Saltwater,15,0.315103706,86.2
2023-06-02 16:30,Saltwater,30,0.293488367,75
2023-06-02 16:45,Control,5,0.313286524,83
2023-06-02 16:45,Control,15,0.304055151,55.5
2023-06-02 16:45,Control,30,0.362362339,125.3333333
2023-06-02 16:45,Freshwater,5,0.355243598,109.4
2023-06-02 16:45,Freshwater,15,0.316646772,79
2023-06-02 16:45,Freshwater,30,0.329436611,77.4
2023-06-02 16:45,Saltwater,5,0.35071215,110.8
2023-06-02 16:45,Saltwater,15,0.314978802,85.4
2023-06-02 16:45,Saltwater,30,0.29344337,75.4
2023-06-02 17:00,Control,5,0.313065421,80.33333333
2023-06-02 17:00,Control,15,0.304196734,54
2023-06-02 17:00,Control,30,0.362551117,125
2023-06-02 17:00,Freshwater,5,0.35511404,107.5
2023-06-02 17:00,Freshwater,15,0.316456701,79
2023-06-02 17:00,Freshwater,30,0.329273693,76.8
2023-06-02 17:00,Saltwater,5,0.350505788,111
2023-06-02 17:00,Saltwater,15,0.314875621,85.2
2023-06-02 17:00,Saltwater,30,0.293422424,75.8
2023-06-02 17:15,Control,5,0.31277191,81
2023-06-02 17:15,Control,15,0.303938781,57.5
2023-06-02 17:15,Control,30,0.362328721,125.3333333
2023-06-02 17:15,Freshwater,5,0.354840182,108.6
2023-06-02 17:15,Freshwater,15,0.316443513,79.6
2023-06-02 17:15,Freshwater,30,0.329120085,76.2
2023-06-02 17:15,Saltwater,5,0.350308734,110.4
2023-06-02 17:15,Saltwater,15,0.314677016,85.4
2023-06-02 17:15,Saltwater,30,0.293047712,75.6
2023-06-02 17:30,Control,5,0.31277191,83
2023-06-02 17:30,Control,15,0.304029937,56.5
2023-06-02 17:30,Control,30,0.362207179,124.3333333
2023-06-02 17:30,Freshwater,5,0.354640802,108.4
2023-06-02 17:30,Freshwater,15,0.316249563,80
2023-06-02 17:30,Freshwater,30,0.328993629,77.2
2023-06-02 17:30,Saltwater,5,0.350622158,112.2
2023-06-02 17:30,Saltwater,15,0.314659949,86
2023-06-02 17:30,Saltwater,30,0.293246317,75.8
2023-06-02 17:45,Control,5,0.313066714,82.66666667
2023-06-02 17:45,Control,15,0.303834047,55.5
2023-06-02 17:45,Control,30,0.362363632,123.6666667
2023-06-02 17:45,Freshwater,5,0.354491848,108.2
2023-06-02 17:45,Freshwater,15,0.31618362,78.4
2023-06-02 17:45,Freshwater,30,0.328990526,77
2023-06-02 17:45,Saltwater,5,0.350197019,109.6
2023-06-02 17:45,Saltwater,15,0.314518753,84.2
2023-06-02 17:45,Saltwater,30,0.292877812,75.6
2023-06-02 18:00,Control,5,0.312716311,82
2023-06-02 18:00,Control,15,0.304121094,56
2023-06-02 18:00,Control,30,0.362000299,124.6666667
2023-06-02 18:00,Freshwater,5,0.354695883,107.8
2023-06-02 18:00,Freshwater,15,0.316185947,80
2023-06-02 18:00,Freshwater,30,0.328892,77
2023-06-02 18:00,Saltwater,5,0.350356058,109.8
2023-06-02 18:00,Saltwater,15,0.314425657,85.8
2023-06-02 18:00,Saltwater,30,0.292946082,75.6
2023-06-02 18:15,Control,5,0.312871471,81
2023-06-02 18:15,Control,15,0.303859261,56
2023-06-02 18:15,Control,30,0.361863241,124.3333333
2023-06-02 18:15,Freshwater,5,0.354420474,108.6
2023-06-02 18:15,Freshwater,15,0.317141733,79
2023-06-02 18:15,Freshwater,30,0.328864847,75.8
2023-06-02 18:15,Saltwater,5,0.350157453,110
2023-06-02 18:15,Saltwater,15,0.314480739,84.6
2023-06-02 18:15,Saltwater,30,0.292852986,74.8
2023-06-02 18:30,Control,5,0.312828802,80.33333333
2023-06-02 18:30,Control,15,0.30409588,56
2023-06-02 18:30,Control,30,0.361899445,123.6666667
2023-06-02 18:30,Freshwater,5,0.354360738,108.4
2023-06-02 18:30,Freshwater,15,0.316022253,79.2
2023-06-02 18:30,Freshwater,30,0.32876632,77
2023-06-02 18:30,Saltwater,5,0.350310286,108.8
2023-06-02 18:30,Saltwater,15,0.3145397,84.2
2023-06-02 18:30,Saltwater,30,0.292688517,74.8
2023-06-02 18:45,Control,5,0.312654247,82.66666667
2023-06-02 18:45,Control,15,0.303603247,56.5
2023-06-02 18:45,Control,30,0.361877464,124
2023-06-02 18:45,Freshwater,5,0.354714503,107.8
2023-06-02 18:45,Freshwater,15,0.315898901,79.4
2023-06-02 18:45,Freshwater,30,0.328754683,77.4
2023-06-02 18:45,Saltwater,5,0.35038709,110
2023-06-02 18:45,Saltwater,15,0.314320148,84.8
2023-06-02 18:45,Saltwater,30,0.292665243,77.2
2023-06-02 19:00,Control,5,0.312527533,81
2023-06-02 19:00,Control,15,0.303878656,56.5
2023-06-02 19:00,Control,30,0.361486978,124.3333333
2023-06-02 19:00,Freshwater,5,0.35421256,108.4
2023-06-02 19:00,Freshwater,15,0.317181299,79.2
2023-06-02 19:00,Freshwater,30,0.328725978,77
2023-06-02 19:00,Saltwater,5,0.350168315,109.6
2023-06-02 19:00,Saltwater,15,0.314241017,85
2023-06-02 19:00,Saltwater,30,0.292564389,76.2
2023-06-02 19:15,Control,5,0.312557272,82.66666667
2023-06-02 19:15,Control,15,0.303995026,57
2023-06-02 19:15,Control,30,0.361927891,125.6666667
2023-06-02 19:15,Freshwater,5,0.354501933,108.6
2023-06-02 19:15,Freshwater,15,0.316002083,79.2
2023-06-02 19:15,Freshwater,30,0.328559957,76.6
2023-06-02 19:15,Saltwater,5,0.349996863,109.4
2023-06-02 19:15,Saltwater,15,0.314286789,85.2
2023-06-02 19:15,Saltwater,30,0.292712567,76.2
2023-06-02 19:30,Control,5,0.31238401,82.33333333
2023-06-02 19:30,Control,15,0.303762286,55.5
2023-06-02 19:30,Control,30,0.361858069,124.3333333
2023-06-02 19:30,Freshwater,5,0.354692004,107.8
2023-06-02 19:30,Freshwater,15,0.315902004,78.6
2023-06-02 19:30,Freshwater,30,0.328657708,77.2
2023-06-02 19:30,Saltwater,5,0.350120215,109.8
2023-06-02 19:30,Saltwater,15,0.314355059,85.4
2023-06-02 19:30,Saltwater,30,0.292579905,74.4
2023-06-02 19:45,Control,5,0.312468055,82.66666667
2023-06-02 19:45,Control,15,0.303834047,55
2023-06-02 19:45,Control,30,0.362200714,125.6666667
2023-06-02 19:45,Freshwater,5,0.354254453,108.6
2023-06-02 19:45,Freshwater,15,0.315857008,79.6
2023-06-02 19:45,Freshwater,30,0.328438157,76.6
2023-06-02 19:45,Saltwater,5,0.350002293,109.2
2023-06-02 19:45,Saltwater,15,0.314119216,86.2
2023-06-02 19:45,Saltwater,30,0.292596972,76
2023-06-02 20:00,Control,5,0.312607699,82.33333333
2023-06-02 20:00,Control,15,0.304043513,57
2023-06-02 20:00,Control,30,0.361499908,126.3333333
2023-06-02 20:00,Freshwater,5,0.3542273,107.2
2023-06-02 20:00,Freshwater,15,0.315923727,78.6
2023-06-02 20:00,Freshwater,30,0.328767096,77
2023-06-02 20:00,Saltwater,5,0.350197019,109.6
2023-06-02 20:00,Saltwater,15,0.314325579,85.8
2023-06-02 20:00,Saltwater,30,0.292503101,75.6
2023-06-02 20:15,Control,5,0.312434437,82.33333333
2023-06-02 20:15,Control,15,0.304117215,56.5
2023-06-02 20:15,Control,30,0.361656361,125
2023-06-02 20:15,Freshwater,5,0.35428083,106.8
2023-06-02 20:15,Freshwater,15,0.315970275,79
2023-06-02 20:15,Freshwater,30,0.328686413,76.6
2023-06-02 20:15,Saltwater,5,0.350041083,108.6
2023-06-02 20:15,Saltwater,15,0.314271273,85.4
2023-06-02 20:15,Saltwater,30,0.292522496,74.2
2023-06-02 20:30,Control,5,0.312618043,82
2023-06-02 20:30,Control,15,0.304068727,56
2023-06-02 20:30,Control,30,0.361675756,125.3333333
2023-06-02 20:30,Freshwater,5,0.354444524,108.4
2023-06-02 20:30,Freshwater,15,0.317171989,79.6
2023-06-02 20:30,Freshwater,30,0.328571594,76.4
2023-06-02 20:30,Saltwater,5,0.350006948,109.6
2023-06-02 20:30,Saltwater,15,0.31430696,85.6
2023-06-02 20:30,Saltwater,30,0.292326994,74.8
2023-06-02 20:45,Control,5,0.312492622,83
2023-06-02 20:45,Control,15,0.304012481,55.5
2023-06-02 20:45,Control,30,0.361433965,125.3333333
2023-06-02 20:45,Freshwater,5,0.35412024,107.2
2023-06-02 20:45,Freshwater,15,0.315869421,79.2
2023-06-02 20:45,Freshwater,30,0.328487032,76.6
2023-06-02 20:45,Saltwater,5,0.350020137,108.2
2023-06-02 20:45,Saltwater,15,0.314136284,86.2
2023-06-02 20:45,Saltwater,30,0.292419314,75.2
2023-06-02 21:00,Control,5,0.312376252,82
2023-06-02 21:00,Control,15,0.304340257,56
2023-06-02 21:00,Control,30,0.361764973,126
2023-06-02 21:00,Freshwater,5,0.354111706,106.4
2023-06-02 21:00,Freshwater,15,0.315988118,79.4
2023-06-02 21:00,Freshwater,30,0.328587886,77.2
2023-06-02 21:00,Saltwater,5,0.350017034,109.8
2023-06-02 21:00,Saltwater,15,0.314343422,84.2
2023-06-02 21:00,Saltwater,30,0.292431727,74.6
2023-06-02 21:15,Control,5,0.312186181,82
2023-06-02 21:15,Control,15,0.304103638,56
2023-06-02 21:15,Control,30,0.361514131,124.6666667
2023-06-02 21:15,Freshwater,5,0.35446935,108
2023-06-02 21:15,Freshwater,15,0.315724346,79.6
2023-06-02 21:15,Freshwater,30,0.328649174,76.4
2023-06-02 21:15,Saltwater,5,0.349851788,109.8
2023-06-02 21:15,Saltwater,15,0.314201451,85
2023-06-02 21:15,Saltwater,30,0.292482154,74.8
2023-06-02 21:30,Control,5,0.312499087,82.66666667
2023-06-02 21:30,Control,15,0.303826289,57.5
2023-06-02 21:30,Control,30,0.361545163,125
2023-06-02 21:30,Freshwater,5,0.354240489,108.2
2023-06-02 21:30,Freshwater,15,0.31723638,80
2023-06-02 21:30,Freshwater,30,0.328556854,76.4
2023-06-02 21:30,Saltwater,5,0.350148144,109.8
2023-06-02 21:30,Saltwater,15,0.314222397,84.6
2023-06-02 21:30,Saltwater,30,0.292358802,74.4
2023-06-02 21:45,Control,5,0.312444781,82
2023-06-02 21:45,Control,15,0.304190916,57
2023-06-02 21:45,Control,30,0.36149215,125
2023-06-02 21:45,Freshwater,5,0.354107827,107
2023-06-02 21:45,Freshwater,15,0.315918296,78.6
2023-06-02 21:45,Freshwater,30,0.328694171,77.8
2023-06-02 21:45,Saltwater,5,0.349971261,110
2023-06-02 21:45,Saltwater,15,0.314271273,85.3
2023-06-02 21:45,Saltwater,30,0.292417763,74.6
2023-06-02 22:00,Control,5,0.31231936,82
2023-06-02 22:00,Control,15,0.303925204,57
2023-06-02 22:00,Control,30,0.361682221,125
2023-06-02 22:00,Freshwater,5,0.354093863,107.8
2023-06-02 22:00,Freshwater,15,0.315985791,80
2023-06-02 22:00,Freshwater,30,0.328460655,76.8
2023-06-02 22:00,Saltwater,5,0.349888251,109.8
2023-06-02 22:00,Saltwater,15,0.314252654,84.4
2023-06-02 22:00,Saltwater,30,0.292212176,74.6
2023-06-02 22:15,Control,5,0.312237901,81
2023-06-02 22:15,Control,15,0.303956236,55
2023-06-02 22:15,Control,30,0.361340869,125.3333333
2023-06-02 22:15,Freshwater,5,0.354195492,107.6
2023-06-02 22:15,Freshwater,15,0.315934588,80.4
2023-06-02 22:15,Freshwater,30,0.328535132,78.2
2023-06-02 22:15,Saltwater,5,0.34997514,108.8
2023-06-02 22:15,Saltwater,15,0.314247223,85.8
2023-06-02 22:15,Saltwater,30,0.292321563,74.2
2023-06-02 22:30,Control,5,0.312227557,83
2023-06-02 22:30,Control,15,0.303965933,56.5
2023-06-02 22:30,Control,30,0.361325353,126
2023-06-02 22:30,Freshwater,5,0.354204026,108
2023-06-02 22:30,Freshwater,15,0.315851577,79.2
2023-06-02 22:30,Freshwater,30,0.328815971,77.4
2023-06-02 22:30,Saltwater,5,0.349996863,109.2
2023-06-02 22:30,Saltwater,15,0.314281358,85.6
2023-06-02 22:30,Saltwater,30,0.292268809,74.6
2023-06-02 22:45,Control,5,0.312416335,83
2023-06-02 22:45,Control,15,0.304264617,55
2023-06-02 22:45,Control,30,0.361559386,125.3333333
2023-06-02 22:45,Freshwater,5,0.354377805,108.8
2023-06-02 22:45,Freshwater,15,0.315864766,79.6
2023-06-02 22:45,Freshwater,30,0.328376093,77
2023-06-02 22:45,Saltwater,5,0.349944108,109.8
2023-06-02 22:45,Saltwater,15,0.314313942,84.8
2023-06-02 22:45,Saltwater,30,0.292201314,74.6
2023-06-02 23:00,Control,5,0.312320653,82
2023-06-02 23:00,Control,15,0.30409588,56
2023-06-02 23:00,Control,30,0.361281391,124.6666667
2023-06-02 23:00,Freshwater,5,0.354237386,108
2023-06-02 23:00,Freshwater,15,0.317171989,79.2
2023-06-02 23:00,Freshwater,30,0.328798128,77
2023-06-02 23:00,Saltwater,5,0.349806016,109
2023-06-02 23:00,Saltwater,15,0.314269721,84.2
2023-06-02 23:00,Saltwater,30,0.292240104,76
2023-06-02 23:15,Control,5,0.312109894,80
2023-06-02 23:15,Control,15,0.30428983,56.5
2023-06-02 23:15,Control,30,0.361264582,123.3333333
2023-06-02 23:15,Freshwater,5,0.354207905,108.2
2023-06-02 23:15,Freshwater,15,0.316080438,79
2023-06-02 23:15,Freshwater,30,0.328608833,76.6
2023-06-02 23:15,Saltwater,5,0.349889027,110.4
2023-06-02 23:15,Saltwater,15,0.3142736,84.6
2023-06-02 23:15,Saltwater,30,0.29225562,73.8
2023-06-02 23:30,Control,5,0.312386596,82.33333333
2023-06-02 23:30,Control,15,0.307476429,56
2023-06-02 23:30,Control,30,0.361198639,126
2023-06-02 23:30,Freshwater,5,0.353968959,108.4
2023-06-02 23:30,Freshwater,15,0.316054061,79.2
2023-06-02 23:30,Freshwater,30,0.328510306,77
2023-06-02 23:30,Saltwater,5,0.349938678,108.6
2023-06-02 23:30,Saltwater,15,0.314100597,84.6
2023-06-02 23:30,Saltwater,30,0.292212951,74.6
2023-06-02 23:45,Control,5,0.312356857,82
2023-06-02 23:45,Control,15,0.304165702,57.5
2023-06-02 23:45,Control,30,0.361481806,123.6666667
2023-06-02 23:45,Freshwater,5,0.354050418,107.8
2023-06-02 23:45,Freshwater,15,0.315829855,79.4
2023-06-02 23:45,Freshwater,30,0.328365231,77.6
2023-06-02 23:45,Saltwater,5,0.349705938,108.8
2023-06-02 23:45,Saltwater,15,0.31424955,84.6
2023-06-02 23:45,Saltwater,30,0.292131492,74.4
2023-06-03 00:00,Control,5,0.312408577,81.33333333
2023-06-03 00:00,Control,15,0.304448869,55.5
2023-06-03 00:00,Control,30,0.36164731,125.6666667
2023-06-03 00:00,Freshwater,5,0.354089984,108.4
2023-06-03 00:00,Freshwater,15,0.31615026,80.4
2023-06-03 00:00,Freshwater,30,0.328767096,77.4
2023-06-03 00:00,Saltwater,5,0.34979981,109.6
2023-06-03 00:00,Saltwater,15,0.314289892,85.2
2023-06-03 00:00,Saltwater,30,0.292031414,74.6
2023-06-03 00:15,Control,5,0.312318067,82.33333333
2023-06-03 00:15,Control,15,0.304402321,56
2023-06-03 00:15,Control,30,0.361183123,124.3333333
2023-06-03 00:15,Freshwater,5,0.354309535,106.2
2023-06-03 00:15,Freshwater,15,0.317255,79.8
2023-06-03 00:15,Freshwater,30,0.328656156,76.8
2023-06-03 00:15,Saltwater,5,0.349885148,107.6
2023-06-03 00:15,Saltwater,15,0.314203778,85.2
2023-06-03 00:15,Saltwater,30,0.292108994,73.8
2023-06-03 00:30,Control,5,0.312266347,80.66666667
2023-06-03 00:30,Control,15,0.304637001,55
2023-06-03 00:30,Control,30,0.360902542,125.3333333
2023-06-03 00:30,Freshwater,5,0.353990681,106.8
2023-06-03 00:30,Freshwater,15,0.316102161,79.8
2023-06-03 00:30,Freshwater,30,0.328467637,77.4
2023-06-03 00:30,Saltwater,5,0.349685767,109.4
2023-06-03 00:30,Saltwater,15,0.314291444,85.4
2023-06-03 00:30,Saltwater,30,0.292222261,75.8
2023-06-03 00:45,Control,5,0.312239194,81
2023-06-03 00:45,Control,15,0.304413958,56.5
2023-06-03 00:45,Control,30,0.361115887,125.6666667
2023-06-03 00:45,Freshwater,5,0.354204026,107.2
2023-06-03 00:45,Freshwater,15,0.315775549,78.8
2023-06-03 00:45,Freshwater,30,0.328575473,76.8
2023-06-03 00:45,Saltwater,5,0.349870407,108.6
2023-06-03 00:45,Saltwater,15,0.314165764,84.8
2023-06-03 00:45,Saltwater,30,0.292204418,75
2023-06-03 01:00,Control,5,0.312223678,82.33333333
2023-06-03 01:00,Control,15,0.304340257,56
2023-06-03 01:00,Control,30,0.361489564,125
2023-06-03 01:00,Freshwater,5,0.35409619,108
2023-06-03 01:00,Freshwater,15,0.316017599,79.4
2023-06-03 01:00,Freshwater,30,0.328487808,76.2
2023-06-03 01:00,Saltwater,5,0.349732315,108.4
2023-06-03 01:00,Saltwater,15,0.314298426,85.4
2023-06-03 01:00,Saltwater,30,0.292203642,74.6
2023-06-03 01:15,Control,5,0.312298672,82.33333333
2023-06-03 01:15,Control,15,0.304763068,55
2023-06-03 01:15,Control,30,0.361146919,124.3333333
2023-06-03 01:15,Freshwater,5,0.354318845,107.8
2023-06-03 01:15,Freshwater,15,0.315918296,79.4
2023-06-03 01:15,Freshwater,30,0.328734512,77.2
2023-06-03 01:15,Saltwater,5,0.34966482,108.4
2023-06-03 01:15,Saltwater,15,0.314372903,85.6
2023-06-03 01:15,Saltwater,30,0.29218735,74.8
2023-06-03 01:30,Control,5,0.312173251,82
2023-06-03 01:30,Control,15,0.307517158,56
2023-06-03 01:30,Control,30,0.361249066,125.6666667
2023-06-03 01:30,Freshwater,5,0.354201699,107.6
2023-06-03 01:30,Freshwater,15,0.316109143,79
2023-06-03 01:30,Freshwater,30,0.328552975,76.2
2023-06-03 01:30,Saltwater,5,0.349881269,109
2023-06-03 01:30,Saltwater,15,0.314244896,84.4
2023-06-03 01:30,Saltwater,30,0.292053137,75.4
2023-06-03 01:45,Control,5,0.312155149,82.33333333
2023-06-03 01:45,Control,15,0.304221948,55.5
2023-06-03 01:45,Control,30,0.361075804,125
2023-06-03 01:45,Freshwater,5,0.353912325,107
2023-06-03 01:45,Freshwater,15,0.316056389,80.4
2023-06-03 01:45,Freshwater,30,0.328608057,76.8
2023-06-03 01:45,Saltwater,5,0.349617497,109.6
2023-06-03 01:45,Saltwater,15,0.31501061,85.2
2023-06-03 01:45,Saltwater,30,0.29213925,75.6
2023-06-03 02:00,Control,5,0.312149977,81.33333333
2023-06-03 02:00,Control,15,0.304588513,56
2023-06-03 02:00,Control,30,0.36141457,125.6666667
2023-06-03 02:00,Freshwater,5,0.35368424,107.8
2023-06-03 02:00,Freshwater,15,0.31618905,79.6
2023-06-03 02:00,Freshwater,30,0.328606505,77.4
2023-06-03 02:00,Saltwater,5,0.349733091,109.6
2023-06-03 02:00,Saltwater,15,0.314214639,85.2
2023-06-03 02:00,Saltwater,30,0.292005037,74.8
2023-06-03 02:15,Control,5,0.312050416,80.33333333
2023-06-03 02:15,Control,15,0.304448869,57
2023-06-03 02:15,Control,30,0.36127234,125
2023-06-03 02:15,Freshwater,5,0.353915429,106
2023-06-03 02:15,Freshwater,15,0.316060268,80.2
2023-06-03 02:15,Freshwater,30,0.32854832,78.2
2023-06-03 02:15,Saltwater,5,0.349635728,109
2023-06-03 02:15,Saltwater,15,0.314243344,86
2023-06-03 02:15,Saltwater,30,0.292344837,75
2023-06-03 02:30,Control,5,0.312288328,81
2023-06-03 02:30,Control,15,0.304852285,56.5
2023-06-03 02:30,Control,30,0.360554725,125.6666667
2023-06-03 02:30,Freshwater,5,0.353951115,107.6
2023-06-03 02:30,Freshwater,15,0.316152588,78.6
2023-06-03 02:30,Freshwater,30,0.328642192,77.2
2023-06-03 02:30,Saltwater,5,0.349729988,110.8
2023-06-03 02:30,Saltwater,15,0.314338767,84.8
2023-06-03 02:30,Saltwater,30,0.293264936,75
2023-06-03 02:45,Control,5,0.312210748,81.66666667
2023-06-03 02:45,Control,15,0.304477962,56.5
2023-06-03 02:45,Control,30,0.361042186,124.3333333
2023-06-03 02:45,Freshwater,5,0.354076019,106.4
2023-06-03 02:45,Freshwater,15,0.315846923,79.4
2023-06-03 02:45,Freshwater,30,0.328443587,77.2
2023-06-03 02:45,Saltwater,5,0.349720678,110.2
2023-06-03 02:45,Saltwater,15,0.314240241,85
2023-06-03 02:45,Saltwater,30,0.291967799,74.2
2023-06-03 03:00,Control,5,0.312124117,82.66666667
2023-06-03 03:00,Control,15,0.304588513,56.5
2023-06-03 03:00,Control,30,0.361365436,124.6666667
2023-06-03 03:00,Freshwater,5,0.353930169,107.4
2023-06-03 03:00,Freshwater,15,0.315920624,79.6
2023-06-03 03:00,Freshwater,30,0.328737615,78.2
2023-06-03 03:00,Saltwater,5,0.349863425,109.4
2023-06-03 03:00,Saltwater,15,0.314187486,85.2
2023-06-03 03:00,Saltwater,30,0.292209848,74.8
2023-06-03 03:15,Control,5,0.312076276,82.33333333
2023-06-03 03:15,Control,15,0.304625363,56
2023-06-03 03:15,Control,30,0.360762898,124.6666667
2023-06-03 03:15,Freshwater,5,0.353805265,106.8
2023-06-03 03:15,Freshwater,15,0.316124659,79.6
2023-06-03 03:15,Freshwater,30,0.328493238,77
2023-06-03 03:15,Saltwater,5,0.349811447,109.4
2023-06-03 03:15,Saltwater,15,0.314349629,85.6
2023-06-03 03:15,Saltwater,30,0.292083393,75.5
2023-06-03 03:30,Control,5,0.312115066,81.66666667
2023-06-03 03:30,Control,15,0.304501236,56
2023-06-03 03:30,Control,30,0.360746089,123.6666667
2023-06-03 03:30,Freshwater,5,0.353999215,106
2023-06-03 03:30,Freshwater,15,0.316256545,79.4
2023-06-03 03:30,Freshwater,30,0.328474619,77
2023-06-03 03:30,Saltwater,5,0.349929368,109.2
2023-06-03 03:30,Saltwater,15,0.314178177,84.2
2023-06-03 03:30,Saltwater,30,0.292257172,75.4
2023-06-03 03:45,Control,5,0.312149977,82.33333333
2023-06-03 03:45,Control,15,0.304530328,56
2023-06-03 03:45,Control,30,0.360762898,124
2023-06-03 03:45,Freshwater,5,0.353791301,107.8
2023-06-03 03:45,Freshwater,15,0.316021478,80
2023-06-03 03:45,Freshwater,30,0.328493238,75.2
2023-06-03 03:45,Saltwater,5,0.34968344,109
2023-06-03 03:45,Saltwater,15,0.314401607,84
2023-06-03 03:45,Saltwater,30,0.292015898,74.8
2023-06-03 04:00,Control,5,0.312081448,81
2023-06-03 04:00,Control,15,0.304644758,54.5
2023-06-03 04:00,Control,30,0.361011154,124.3333333
2023-06-03 04:00,Freshwater,5,0.353897585,107.2
2023-06-03 04:00,Freshwater,15,0.315908987,80.2
2023-06-03 04:00,Freshwater,30,0.328539786,76.4
2023-06-03 04:00,Saltwater,5,0.350016258,108.6
2023-06-03 04:00,Saltwater,15,0.314258084,85
2023-06-03 04:00,Saltwater,30,0.291835137,75.8
2023-06-03 04:15,Control,5,0.311937925,81.33333333
2023-06-03 04:15,Control,15,0.304332499,56.5
2023-06-03 04:15,Control,30,0.360901249,124.3333333
2023-06-03 04:15,Freshwater,5,0.353894482,106
2023-06-03 04:15,Freshwater,15,0.316002083,79.2
2023-06-03 04:15,Freshwater,30,0.32836911,77.6
2023-06-03 04:15,Saltwater,5,0.349593447,108.2
2023-06-03 04:15,Saltwater,15,0.314411693,85
2023-06-03 04:15,Saltwater,30,0.292079514,75.2
2023-06-03 04:30,Control,5,0.312019384,82.66666667
2023-06-03 04:30,Control,15,0.304720399,57
2023-06-03 04:30,Control,30,0.360627133,124.3333333
2023-06-03 04:30,Freshwater,5,0.353855692,107.2
2023-06-03 04:30,Freshwater,15,0.317189832,79
2023-06-03 04:30,Freshwater,30,0.328501772,76.6
2023-06-03 04:30,Saltwater,5,0.34958724,110
2023-06-03 04:30,Saltwater,15,0.314392298,84.2
2023-06-03 04:30,Saltwater,30,0.291900304,75.2
2023-06-03 04:45,Control,5,0.312029728,81.66666667
2023-06-03 04:45,Control,15,0.304759189,55.5
2023-06-03 04:45,Control,30,0.360874096,125.3333333
2023-06-03 04:45,Freshwater,5,0.353685016,107
2023-06-03 04:45,Freshwater,15,0.315815115,80
2023-06-03 04:45,Freshwater,30,0.328694946,77.2
2023-06-03 04:45,Saltwater,5,0.349789724,109.2
2023-06-03 04:45,Saltwater,15,0.314177401,84.8
2023-06-03 04:45,Saltwater,30,0.291918923,75.6
2023-06-03 05:00,Control,5,0.312049123,81.66666667
2023-06-03 05:00,Control,15,0.304898833,56
2023-06-03 05:00,Control,30,0.360517228,125
2023-06-03 05:00,Freshwater,5,0.353847934,105.8
2023-06-03 05:00,Freshwater,15,0.316037769,78.8
2023-06-03 05:00,Freshwater,30,0.328585559,76.4
2023-06-03 05:00,Saltwater,5,0.349398721,108.2
2023-06-03 05:00,Saltwater,15,0.314253429,84.8
2023-06-03 05:00,Saltwater,30,0.292081841,75.4
2023-06-03 05:15,Control,5,0.311809918,81.33333333
2023-06-03 05:15,Control,15,0.304619545,55.5
2023-06-03 05:15,Control,30,0.360881854,124.6666667
2023-06-03 05:15,Freshwater,5,0.353793628,107.8
2023-06-03 05:15,Freshwater,15,0.315933812,79.4
2023-06-03 05:15,Freshwater,30,0.328549872,77.8
2023-06-03 05:15,Saltwater,5,0.349677233,109
2023-06-03 05:15,Saltwater,15,0.314445828,85
2023-06-03 05:15,Saltwater,30,0.292066325,75.4
2023-06-03 05:30,Control,5,0.311978008,82.33333333
2023-06-03 05:30,Control,15,0.304974473,55.5
2023-06-03 05:30,Control,30,0.360557311,123
2023-06-03 05:30,Freshwater,5,0.353723806,107.2
2023-06-03 05:30,Freshwater,15,0.316234823,79.4
2023-06-03 05:30,Freshwater,30,0.328310925,76.2
2023-06-03 05:30,Saltwater,5,0.349449924,109
2023-06-03 05:30,Saltwater,15,0.314310063,85.6
2023-06-03 05:30,Saltwater,30,0.292197435,75.4
2023-06-03 05:45,Control,5,0.312032314,82.66666667
2023-06-03 05:45,Control,15,0.304582695,56
2023-06-03 05:45,Control,30,0.360571534,125.3333333
2023-06-03 05:45,Freshwater,5,0.353635365,107
2023-06-03 05:45,Freshwater,15,0.31609673,79.2
2023-06-03 05:45,Freshwater,30,0.3285041,77.6
2023-06-03 05:45,Saltwater,5,0.349617497,110
2023-06-03 05:45,Saltwater,15,0.315147927,84.8
2023-06-03 05:45,Saltwater,30,0.292078738,75.4
2023-06-03 06:00,Control,5,0.312067225,81.66666667
2023-06-03 06:00,Control,15,0.304803798,55.5
2023-06-03 06:00,Control,30,0.360894784,124
2023-06-03 06:00,Freshwater,5,0.353768027,107.8
2023-06-03 06:00,Freshwater,15,0.316022253,78.6
2023-06-03 06:00,Freshwater,30,0.328573146,77.6
2023-06-03 06:00,Saltwater,5,0.349783518,109.2
2023-06-03 06:00,Saltwater,15,0.314167316,85
2023-06-03 06:00,Saltwater,30,0.291873927,75
2023-06-03 06:15,Control,5,0.312156442,82
2023-06-03 06:15,Control,15,0.304435292,57
2023-06-03 06:15,Control,30,0.360927109,124
2023-06-03 06:15,Freshwater,5,0.353972838,107.2
2023-06-03 06:15,Freshwater,15,0.31605794,79
2023-06-03 06:15,Freshwater,30,0.328489359,77.4
2023-06-03 06:15,Saltwater,5,0.349539917,109
2023-06-03 06:15,Saltwater,15,0.314344974,84.6
2023-06-03 06:15,Saltwater,30,0.291895649,75.4
2023-06-03 06:30,Control,5,0.311997403,82.33333333
2023-06-03 06:30,Control,15,0.305044295,54.5
2023-06-03 06:30,Control,30,0.360183634,125.3333333
2023-06-03 06:30,Freshwater,5,0.353657087,107.6
2023-06-03 06:30,Freshwater,15,0.315998204,80
2023-06-03 06:30,Freshwater,30,0.328563836,77.6
2023-06-03 06:30,Saltwater,5,0.349607411,108.2
2023-06-03 06:30,Saltwater,15,0.314310063,85.4
2023-06-03 06:30,Saltwater,30,0.292192781,74.4
2023-06-03 06:45,Control,5,0.311915944,81.66666667
2023-06-03 06:45,Control,15,0.304644759,56.5
2023-06-03 06:45,Control,30,0.359915983,124.6666667
2023-06-03 06:45,Freshwater,5,0.353894482,106.2
2023-06-03 06:45,Freshwater,15,0.316095954,80
2023-06-03 06:45,Freshwater,30,0.328553751,76.4
2023-06-03 06:45,Saltwater,5,0.349718351,109
2023-06-03 06:45,Saltwater,15,0.314376782,84.6
2023-06-03 06:45,Saltwater,30,0.292065549,74.6
2023-06-03 07:00,Control,5,0.311843536,81.33333333
2023-06-03 07:00,Control,15,0.304840648,57
2023-06-03 07:00,Control,30,0.360503005,123.3333333
2023-06-03 07:00,Freshwater,5,0.353897585,107.2
2023-06-03 07:00,Freshwater,15,0.315964068,79.4
2023-06-03 07:00,Freshwater,30,0.328344285,77.6
2023-06-03 07:00,Saltwater,5,0.349427426,109.2
2023-06-03 07:00,Saltwater,15,0.314281358,85
2023-06-03 07:00,Saltwater,30,0.291804105,75.8
2023-06-03 07:15,Control,5,0.311948269,82.33333333
2023-06-03 07:15,Control,15,0.304848406,56.5
2023-06-03 07:15,Control,30,0.360262507,125.3333333
2023-06-03 07:15,Freshwater,5,0.353540717,107.2
2023-06-03 07:15,Freshwater,15,0.316133969,79.6
2023-06-03 07:15,Freshwater,30,0.328490135,77.2
2023-06-03 07:15,Saltwater,5,0.349425874,109
2023-06-03 07:15,Saltwater,15,0.314373678,84.8
2023-06-03 07:15,Saltwater,30,0.291596966,75.2
2023-06-03 07:30,Control,5,0.311924995,82
2023-06-03 07:30,Control,15,0.304745613,56.5
2023-06-03 07:30,Control,30,0.360382756,123.6666667
2023-06-03 07:30,Freshwater,5,0.353605109,107.6
2023-06-03 07:30,Freshwater,15,0.315970275,79.4
2023-06-03 07:30,Freshwater,30,0.328476947,76.2
2023-06-03 07:30,Saltwater,5,0.349591119,106.8
2023-06-03 07:30,Saltwater,15,0.314262739,84.8
2023-06-03 07:30,Saltwater,30,0.291749799,74.8
2023-06-03 07:45,Control,5,0.311778886,81.33333333
2023-06-03 07:45,Control,15,0.304673851,56
2023-06-03 07:45,Control,30,0.360298711,123.3333333
2023-06-03 07:45,Freshwater,5,0.353269187,107
2023-06-03 07:45,Freshwater,15,0.315929933,79.6
2023-06-03 07:45,Freshwater,30,0.328224036,77.2
2023-06-03 07:45,Saltwater,5,0.349141155,106.4
2023-06-03 07:45,Saltwater,15,0.314316269,86.1
2023-06-03 07:45,Saltwater,30,0.291856083,75.4
2023-06-03 08:00,Control,5,0.311762077,80.33333333
2023-06-03 08:00,Control,15,0.304582695,54.5
2023-06-03 08:00,Control,30,0.3600052,124.3333333
2023-06-03 08:00,Freshwater,5,0.353629158,106.8
2023-06-03 08:00,Freshwater,15,0.315880282,79.2
2023-06-03 08:00,Freshwater,30,0.328338078,77.2
2023-06-03 08:00,Saltwater,5,0.34923813,110.2
2023-06-03 08:00,Saltwater,15,0.314195244,82.8
2023-06-03 08:00,Saltwater,30,0.291894873,74.6
2023-06-03 08:15,Control,5,0.311666395,81.33333333
2023-06-03 08:15,Control,15,0.304470204,56
2023-06-03 08:15,Control,30,0.360208201,124.6666667
2023-06-03 08:15,Freshwater,5,0.353384781,107.8
2023-06-03 08:15,Freshwater,15,0.316121556,80
2023-06-03 08:15,Freshwater,30,0.328321787,77.2
2023-06-03 08:15,Saltwater,5,0.34900539,107.2
2023-06-03 08:15,Saltwater,15,0.31417197,84.6
2023-06-03 08:15,Saltwater,30,0.29180876,73.6
2023-06-03 08:30,Control,5,0.311681911,80
2023-06-03 08:30,Control,15,0.304443051,57.5
2023-06-03 08:30,Control,30,0.359716861,123.6666667
2023-06-03 08:30,Freshwater,5,0.353346767,107.2
2023-06-03 08:30,Freshwater,15,0.315794944,78.4
2023-06-03 08:30,Freshwater,30,0.327836912,76
2023-06-03 08:30,Saltwater,5,0.349058921,110.2
2023-06-03 08:30,Saltwater,15,0.314169643,85.4
2023-06-03 08:30,Saltwater,30,0.291666788,74.6
2023-06-03 08:45,Control,5,0.311456929,81.66666667
2023-06-03 08:45,Control,15,0.304584634,57.5
2023-06-03 08:45,Control,30,0.35982418,125
2023-06-03 08:45,Freshwater,5,0.353294789,106.4
2023-06-03 08:45,Freshwater,15,0.315800375,79
2023-06-03 08:45,Freshwater,30,0.327991296,76.2
2023-06-03 08:45,Saltwater,5,0.349170636,107.2
2023-06-03 08:45,Saltwater,15,0.313975693,85
2023-06-03 08:45,Saltwater,30,0.291439479,75.2
2023-06-03 09:00,Control,5,0.311459515,82
2023-06-03 09:00,Control,15,0.304493478,56.5
2023-06-03 09:00,Control,30,0.359915983,124.3333333
2023-06-03 09:00,Freshwater,5,0.353043429,106.8
2023-06-03 09:00,Freshwater,15,0.315744517,78.8
2023-06-03 09:00,Freshwater,30,0.327856307,77
2023-06-03 09:00,Saltwater,5,0.348908415,108.8
2023-06-03 09:00,Saltwater,15,0.313902768,83.6
2023-06-03 09:00,Saltwater,30,0.29138207,73.6
2023-06-03 09:15,Control,5,0.311334094,82.66666667
2023-06-03 09:15,Control,15,0.304472143,55
2023-06-03 09:15,Control,30,0.35965609,124
2023-06-03 09:15,Freshwater,5,0.35325212,107.4
2023-06-03 09:15,Freshwater,15,0.315774773,78.6
2023-06-03 09:15,Freshwater,30,0.327653823,77
2023-06-03 09:15,Saltwater,5,0.348956515,107.8
2023-06-03 09:15,Saltwater,15,0.313953971,83
2023-06-03 09:15,Saltwater,30,0.291540333,75.4
2023-06-03 09:30,Control,5,0.311348317,81.66666667
2023-06-03 09:30,Control,15,0.304348015,56.5
2023-06-03 09:30,Control,30,0.359512567,124
2023-06-03 09:30,Freshwater,5,0.352909992,107.2
2023-06-03 09:30,Freshwater,15,0.315760809,79.2
2023-06-03 09:30,Freshwater,30,0.327651495,77
2023-06-03 09:30,Saltwater,5,0.348620594,110.8
2023-06-03 09:30,Saltwater,15,0.314559095,84.6
2023-06-03 09:30,Saltwater,30,0.291338625,74
2023-06-03 09:45,Control,5,0.31120738,82
2023-06-03 09:45,Control,15,0.304214189,55.5
2023-06-03 09:45,Control,30,0.359579803,124.6666667
2023-06-03 09:45,Freshwater,5,0.352778882,106.8
2023-06-03 09:45,Freshwater,15,0.315441955,78.8
2023-06-03 09:45,Freshwater,30,0.327454442,76
2023-06-03 09:45,Saltwater,5,0.348591889,108
2023-06-03 09:45,Saltwater,15,0.313666925,84.8
2023-06-03 09:45,Saltwater,30,0.291221479,74.2
2023-06-03 10:00,Control,5,0.310920334,82
2023-06-03 10:00,Control,15,0.304159883,56
2023-06-03 10:00,Control,30,0.359556529,122.6666667
2023-06-03 10:00,Freshwater,5,0.352587259,108.6
2023-06-03 10:00,Freshwater,15,0.315473763,79.2
2023-06-03 10:00,Freshwater,30,0.32741798,76.2
2023-06-03 10:00,Saltwater,5,0.348580252,109.6
2023-06-03 10:00,Saltwater,15,0.313590896,84.8
2023-06-03 10:00,Saltwater,30,0.291155536,75.2
2023-06-03 10:15,Control,5,0.310700524,82
2023-06-03 10:15,Control,15,0.303682767,56.5
2023-06-03 10:15,Control,30,0.359304394,124
2023-06-03 10:15,Freshwater,5,0.352599672,106.2
2023-06-03 10:15,Freshwater,15,0.315435749,79.4
2023-06-03 10:15,Freshwater,30,0.327191446,76.8
2023-06-03 10:15,Saltwater,5,0.348242003,107.8
2023-06-03 10:15,Saltwater,15,0.31343496,85.8
2023-06-03 10:15,Saltwater,30,0.291111315,75.4
2023-06-03 10:30,Control,5,0.310894474,82
2023-06-03 10:30,Control,15,0.303465543,56.25
2023-06-03 10:30,Control,30,0.358884169,125.6666667
2023-06-03 10:30,Freshwater,5,0.352174533,107.2
2023-06-03 10:30,Freshwater,15,0.315175856,78.4
2023-06-03 10:30,Freshwater,30,0.32703551,76.6
2023-06-03 10:30,Saltwater,5,0.348144252,108.4
2023-06-03 10:30,Saltwater,15,0.313248768,85
2023-06-03 10:30,Saltwater,30,0.290956155,75
2023-06-03 10:45,Control,5,0.310577689,82.33333333
2023-06-03 10:45,Control,15,0.303339475,55.5
2023-06-03 10:45,Control,30,0.359317324,123
2023-06-03 10:45,Freshwater,5,0.352213323,107.8
2023-06-03 10:45,Freshwater,15,0.315187493,78.2
2023-06-03 10:45,Freshwater,30,0.326877247,77
2023-06-03 10:45,Saltwater,5,0.347866516,108.6
2023-06-03 10:45,Saltwater,15,0.312998961,85.2
2023-06-03 10:45,Saltwater,30,0.290880903,74.6
2023-06-03 11:00,Control,5,0.310373395,82
2023-06-03 11:00,Control,15,0.303170739,57
2023-06-03 11:00,Control,30,0.358837621,123
2023-06-03 11:00,Freshwater,5,0.351970498,107.2
2023-06-03 11:00,Freshwater,15,0.314731322,79.4
2023-06-03 11:00,Freshwater,30,0.326622785,77.2
2023-06-03 11:00,Saltwater,5,0.347882808,109.4
2023-06-03 11:00,Saltwater,15,0.313818206,82.8
2023-06-03 11:00,Saltwater,30,0.290554291,74
2023-06-03 11:15,Control,5,0.310174273,82.33333333
2023-06-03 11:15,Control,15,0.302883692,55
2023-06-03 11:15,Control,30,0.358452307,123.3333333
2023-06-03 11:15,Freshwater,5,0.351693537,107.8
2023-06-03 11:15,Freshwater,15,0.314926048,79.6
2023-06-03 11:15,Freshwater,30,0.32624497,76
2023-06-03 11:15,Saltwater,5,0.347610502,107.8
2023-06-03 11:15,Saltwater,15,0.312843025,83.6
2023-06-03 11:15,Saltwater,30,0.290398355,73.8
2023-06-03 11:30,Control,5,0.310047559,80
2023-06-03 11:30,Control,15,0.302681985,57
2023-06-03 11:30,Control,30,0.35801398,123.3333333
2023-06-03 11:30,Freshwater,5,0.351734655,106
2023-06-03 11:30,Freshwater,15,0.314735977,79
2023-06-03 11:30,Freshwater,30,0.326231781,75.6
2023-06-03 11:30,Saltwater,5,0.347401812,107.8
2023-06-03 11:30,Saltwater,15,0.312608733,84.6
2023-06-03 11:30,Saltwater,30,0.290561273,74.4
2023-06-03 11:45,Control,5,0.310044973,82.33333333
2023-06-03 11:45,Control,15,0.302476397,56
2023-06-03 11:45,Control,30,0.357944158,124
2023-06-03 11:45,Freshwater,5,0.351548463,106.4
2023-06-03 11:45,Freshwater,15,0.314746062,79.8
2023-06-03 11:45,Freshwater,30,0.326028522,74.8
2023-06-03 11:45,Saltwater,5,0.347188467,109.4
2023-06-03 11:45,Saltwater,15,0.312514862,83
2023-06-03 11:45,Saltwater,30,0.290150099,74.2
2023-06-03 12:00,Control,5,0.309501913,81.33333333
2023-06-03 12:00,Control,15,0.302191291,54.5
2023-06-03 12:00,Control,30,0.357657112,125
2023-06-03 12:00,Freshwater,5,0.351444506,106.8
2023-06-03 12:00,Freshwater,15,0.314627365,78.4
2023-06-03 12:00,Freshwater,30,0.32590517,75.4
2023-06-03 12:00,Saltwater,5,0.347007705,108
2023-06-03 12:00,Saltwater,15,0.312228591,83.8
2023-06-03 12:00,Saltwater,30,0.290297501,72.8
2023-06-03 12:15,Control,5,0.309553633,82
2023-06-03 12:15,Control,15,0.30192558,54
2023-06-03 12:15,Control,30,0.35743213,119.6666667
2023-06-03 12:15,Freshwater,5,0.351071346,106.6
2023-06-03 12:15,Freshwater,15,0.31437523,78.6
2023-06-03 12:15,Freshwater,30,0.325608038,75.8
2023-06-03 12:15,Saltwater,5,0.347059684,110
2023-06-03 12:15,Saltwater,15,0.312053261,84.8
2023-06-03 12:15,Saltwater,30,0.28986926,73.8
2023-06-03 12:30,Control,5,0.308971783,81
2023-06-03 12:30,Control,15,0.301760722,54
2023-06-03 12:30,Control,30,0.357676507,123.6666667
2023-06-03 12:30,Freshwater,5,0.350785076,106.8
2023-06-03 12:30,Freshwater,15,0.314095166,79.2
2023-06-03 12:30,Freshwater,30,0.325318665,75.4
2023-06-03 12:30,Saltwater,5,0.346515072,107.2
2023-06-03 12:30,Saltwater,15,0.31193146,84.8
2023-06-03 12:30,Saltwater,30,0.289709445,73.8
2023-06-03 12:45,Control,5,0.308995057,82
2023-06-03 12:45,Control,15,0.30134179,55
2023-06-03 12:45,Control,30,0.357136033,121.3333333
2023-06-03 12:45,Freshwater,5,0.35080835,106
2023-06-03 12:45,Freshwater,15,0.314621159,78.8
2023-06-03 12:45,Freshwater,30,0.325015327,75.6
2023-06-03 12:45,Saltwater,5,0.346682645,107.2
2023-06-03 12:45,Saltwater,15,0.311891118,82.6
2023-06-03 12:45,Saltwater,30,0.289610142,73
2023-06-03 13:00,Control,5,0.308718355,82
2023-06-03 13:00,Control,15,0.301076079,55
2023-06-03 13:00,Control,30,0.357283435,123.3333333
2023-06-03 13:00,Freshwater,5,0.35011013,106.8
2023-06-03 13:00,Freshwater,15,0.313943885,78
2023-06-03 13:00,Freshwater,30,0.325020758,75.6
2023-06-03 13:00,Saltwater,5,0.346451457,109.4
2023-06-03 13:00,Saltwater,15,0.311773973,83
2023-06-03 13:00,Saltwater,30,0.289686947,74.2
2023-06-03 13:15,Control,5,0.308515354,82.66666667
2023-06-03 13:15,Control,15,0.300820065,55
2023-06-03 13:15,Control,30,0.357350671,124
2023-06-03 13:15,Freshwater,5,0.349944108,105.8
2023-06-03 13:15,Freshwater,15,0.313938455,79.2
2023-06-03 13:15,Freshwater,30,0.324831462,75
2023-06-03 13:15,Saltwater,5,0.346219493,110
2023-06-03 13:15,Saltwater,15,0.311583902,82.4
2023-06-03 13:15,Saltwater,30,0.28956437,73.6
2023-06-03 13:30,Control,5,0.308459755,80
2023-06-03 13:30,Control,15,0.300492289,52.5
2023-06-03 13:30,Control,30,0.356877433,122
2023-06-03 13:30,Freshwater,5,0.34996971,106.2
2023-06-03 13:30,Freshwater,15,0.313674683,78.4
2023-06-03 13:30,Freshwater,30,0.324696473,76.6
2023-06-03 13:30,Saltwater,5,0.346093813,108.2
2023-06-03 13:30,Saltwater,15,0.311427966,84.4
2023-06-03 13:30,Saltwater,30,0.289275773,73.2
2023-06-03 13:45,Control,5,0.308183053,81
2023-06-03 13:45,Control,15,0.300500047,54
2023-06-03 13:45,Control,30,0.357061039,122.6666667
2023-06-03 13:45,Freshwater,5,0.349688094,105.4
2023-06-03 13:45,Freshwater,15,0.313538142,79.4
2023-06-03 13:45,Freshwater,30,0.324494765,75.8
2023-06-03 13:45,Saltwater,5,0.345792803,106.4
2023-06-03 13:45,Saltwater,15,0.311324784,84
2023-06-03 13:45,Saltwater,30,0.288944506,72.8
2023-06-03 14:00,Control,5,0.308079613,81.66666667
2023-06-03 14:00,Control,15,0.300356524,53
2023-06-03 14:00,Control,30,0.356594266,123.3333333
2023-06-03 14:00,Freshwater,5,0.3496206,106
2023-06-03 14:00,Freshwater,15,0.313351174,78.8
2023-06-03 14:00,Freshwater,30,0.324083591,75
2023-06-03 14:00,Saltwater,5,0.345751685,108.4
2023-06-03 14:00,Saltwater,15,0.311134713,83.4
2023-06-03 14:00,Saltwater,30,0.288996485,73.8
2023-06-03 14:15,Control,5,0.308034358,81.66666667
2023-06-03 14:15,Control,15,0.299863891,56
2023-06-03 14:15,Control,30,0.356574871,124
2023-06-03 14:15,Freshwater,5,0.349671803,106
2023-06-03 14:15,Freshwater,15,0.313131623,79
2023-06-03 14:15,Freshwater,30,0.324052559,76.2
2023-06-03 14:15,Saltwater,5,0.34543128,108.8
2023-06-03 14:15,Saltwater,15,0.310939988,83.6
2023-06-03 14:15,Saltwater,30,0.288918129,73.6
2023-06-03 14:30,Control,5,0.307840408,82
2023-06-03 14:30,Control,15,0.30277702,53.5
2023-06-03 14:30,Control,30,0.356261965,124
2023-06-03 14:30,Freshwater,5,0.349172187,105.4
2023-06-03 14:30,Freshwater,15,0.31328911,79.8
2023-06-03 14:30,Freshwater,30,0.323798873,75.4
2023-06-03 14:30,Saltwater,5,0.345337408,109.4
2023-06-03 14:30,Saltwater,15,0.310913223,82.3
2023-06-03 14:30,Saltwater,30,0.288549624,73.8
2023-06-03 14:45,Control,5,0.307760242,81
2023-06-03 14:45,Control,15,0.299722308,54
2023-06-03 14:45,Control,30,0.35634601,123
2023-06-03 14:45,Freshwater,5,0.349027889,107.8
2023-06-03 14:45,Freshwater,15,0.313137053,77
2023-06-03 14:45,Freshwater,30,0.323746118,73
2023-06-03 14:45,Saltwater,5,0.345393653,108.6
2023-06-03 14:45,Saltwater,15,0.310857753,83
2023-06-03 14:45,Saltwater,30,0.288437909,73.1
2023-06-03 15:00,Control,5,0.307702057,82
2023-06-03 15:00,Control,15,0.302288266,53
2023-06-03 15:00,Control,30,0.356283946,124.6666667
2023-06-03 15:00,Freshwater,5,0.349057369,106.2
2023-06-03 15:00,Freshwater,15,0.313003616,78.4
2023-06-03 15:00,Freshwater,30,0.323608026,74.2
2023-06-03 15:00,Saltwater,5,0.345152768,107.6
2023-06-03 15:00,Saltwater,15,0.310444251,83
2023-06-03 15:00,Saltwater,30,0.288312229,73.8
2023-06-03 15:15,Control,5,0.307629649,79
2023-06-03 15:15,Control,15,0.299408109,56.5
2023-06-03 15:15,Control,30,0.356205073,121
2023-06-03 15:15,Freshwater,5,0.348955739,106.8
2023-06-03 15:15,Freshwater,15,0.312778634,78.2
2023-06-03 15:15,Freshwater,30,0.323367528,74.6
2023-06-03 15:15,Saltwater,5,0.345123287,108.4
2023-06-03 15:15,Saltwater,15,0.310382187,82
2023-06-03 15:15,Saltwater,30,0.287970101,73.2
2023-06-03 15:30,Control,5,0.307158997,82.66666667
2023-06-03 15:30,Control,15,0.299243251,54
2023-06-03 15:30,Control,30,0.356047327,121.3333333
2023-06-03 15:30,Freshwater,5,0.348761013,105.8
2023-06-03 15:30,Freshwater,15,0.312709587,78.8
2023-06-03 15:30,Freshwater,30,0.323384595,74.2
2023-06-03 15:30,Saltwater,5,0.344886668,106.2
2023-06-03 15:30,Saltwater,15,0.310334864,81.4
2023-06-03 15:30,Saltwater,30,0.288039147,73.4
2023-06-03 15:45,Control,5,0.307001251,82.33333333
2023-06-03 15:45,Control,15,0.298849532,53
2023-06-03 15:45,Control,30,0.356355061,122.3333333
2023-06-03 15:45,Freshwater,5,0.348529825,106.3
2023-06-03 15:45,Freshwater,15,0.31263899,78.8
2023-06-03 15:45,Freshwater,30,0.323134788,74.6
2023-06-03 15:45,Saltwater,5,0.344904512,106.4
2023-06-03 15:45,Saltwater,15,0.310275127,83
2023-06-03 15:45,Saltwater,30,0.287928984,72.6
2023-06-03 16:00,Control,5,0.306826696,82.33333333
2023-06-03 16:00,Control,15,0.298696312,53
2023-06-03 16:00,Control,30,0.35568658,121.3333333
2023-06-03 16:00,Freshwater,5,0.348708259,106
2023-06-03 16:00,Freshwater,15,0.312493139,78.2
2023-06-03 16:00,Freshwater,30,0.323071172,74.2
2023-06-03 16:00,Saltwater,5,0.344565487,106.4
2023-06-03 16:00,Saltwater,15,0.310116864,84
2023-06-03 16:00,Saltwater,30,0.287829681,72.4
2023-06-03 16:15,Control,5,0.30674653,81.66666667
2023-06-03 16:15,Control,15,0.298808803,53.5
2023-06-03 16:15,Control,30,0.35538919,123.6666667
2023-06-03 16:15,Freshwater,5,0.348342857,106.6
2023-06-03 16:15,Freshwater,15,0.312300741,77.4
2023-06-03 16:15,Freshwater,30,0.323039364,75.2
2023-06-03 16:15,Saltwater,5,0.344454548,107.8
2023-06-03 16:15,Saltwater,15,0.310672337,83
2023-06-03 16:15,Saltwater,30,0.287801753,72.8
2023-06-03 16:30,Control,5,0.306848677,81.66666667
2023-06-03 16:30,Control,15,0.301624957,51.5
2023-06-03 16:30,Control,30,0.355713733,122.6666667
2023-06-03 16:30,Freshwater,5,0.34839406,106.2
2023-06-03 16:30,Freshwater,15,0.31238763,77.8
2023-06-03 16:30,Freshwater,30,0.322776368,73.8
2023-06-03 16:30,Saltwater,5,0.344522818,106
2023-06-03 16:30,Saltwater,15,0.309853868,84
2023-06-03 16:30,Saltwater,30,0.287361874,73.2
2023-06-03 16:45,Control,5,0.306763339,81.66666667
2023-06-03 16:45,Control,15,0.298498483,53.5
2023-06-03 16:45,Control,30,0.355881823,122.6666667
2023-06-03 16:45,Freshwater,5,0.348163647,105
2023-06-03 16:45,Freshwater,15,0.312342634,78.8
2023-06-03 16:45,Freshwater,30,0.322629742,73.6
2023-06-03 16:45,Saltwater,5,0.344498768,105.8
2023-06-03 16:45,Saltwater,15,0.309773184,82.4
2023-06-03 16:45,Saltwater,30,0.287512379,72.8
2023-06-03 17:00,Control,5,0.30672067,81
2023-06-03 17:00,Control,15,0.298647825,55
2023-06-03 17:00,Control,30,0.355833982,121.6666667
2023-06-03 17:00,Freshwater,5,0.348064345,105
2023-06-03 17:00,Freshwater,15,0.312185922,77.2
2023-06-03 17:00,Freshwater,30,0.322571557,74.8
2023-06-03 17:00,Saltwater,5,0.34430637,106.8
2023-06-03 17:00,Saltwater,15,0.309774736,82.6
2023-06-03 17:00,Saltwater,30,0.287550393,72.8
2023-06-03 17:15,Control,5,0.306512497,81.66666667
2023-06-03 17:15,Control,15,0.298321988,55
2023-06-03 17:15,Control,30,0.355131883,122
2023-06-03 17:15,Freshwater,5,0.348040295,104
2023-06-03 17:15,Freshwater,15,0.312118428,78.8
2023-06-03 17:15,Freshwater,30,0.322469151,75
2023-06-03 17:15,Saltwater,5,0.344468512,105.6
2023-06-03 17:15,Saltwater,15,0.309713448,84.2
2023-06-03 17:15,Saltwater,30,0.287245504,72.4
2023-06-03 17:30,Control,5,0.306522841,81.33333333
2023-06-03 17:30,Control,15,0.298116401,55
2023-06-03 17:30,Control,30,0.355409878,121
2023-06-03 17:30,Freshwater,5,0.347938665,106.2
2023-06-03 17:30,Freshwater,15,0.312177389,78.2
2023-06-03 17:30,Freshwater,30,0.322453635,75.2
2023-06-03 17:30,Saltwater,5,0.344301715,108.2
2023-06-03 17:30,Saltwater,15,0.309524153,83.4
2023-06-03 17:30,Saltwater,30,0.287115945,72.2
2023-06-03 17:45,Control,5,0.306315961,80.66666667
2023-06-03 17:45,Control,15,0.298358839,53.5
2023-06-03 17:45,Control,30,0.355073698,122.3333333
2023-06-03 17:45,Freshwater,5,0.347908409,104.8
2023-06-03 17:45,Freshwater,15,0.311926805,77.8
2023-06-03 17:45,Freshwater,30,0.322453635,74.2
2023-06-03 17:45,Saltwater,5,0.344214825,107.8
2023-06-03 17:45,Saltwater,15,0.309611042,83.8
2023-06-03 17:45,Saltwater,30,0.287005782,72
2023-06-03 18:00,Control,5,0.306467242,82.33333333
2023-06-03 18:00,Control,15,0.298382113,53
2023-06-03 18:00,Control,30,0.355073698,121.6666667
2023-06-03 18:00,Freshwater,5,0.347816865,105.2
2023-06-03 18:00,Freshwater,15,0.312070716,78.7
2023-06-03 18:00,Freshwater,30,0.322374504,74.2
2023-06-03 18:00,Saltwater,5,0.344251288,107.4
2023-06-03 18:00,Saltwater,15,0.309417092,82.6
2023-06-03 18:00,Saltwater,30,0.286987938,72.4
2023-06-03 18:15,Control,5,0.306394834,78.66666667
2023-06-03 18:15,Control,15,0.298180405,53
2023-06-03 18:15,Control,30,0.355173259,122
2023-06-03 18:15,Freshwater,5,0.347892893,105.6
2023-06-03 18:15,Freshwater,15,0.312035417,78.6
2023-06-03 18:15,Freshwater,30,0.322237963,75.6
2023-06-03 18:15,Saltwater,5,0.34411242,106
2023-06-03 18:15,Saltwater,15,0.309424074,83.2
2023-06-03 18:15,Saltwater,30,0.287145426,72.4
2023-06-03 18:30,Control,5,0.306204763,82.66666667
2023-06-03 18:30,Control,15,0.298254106,55
2023-06-03 18:30,Control,30,0.355151278,122.3333333
2023-06-03 18:30,Freshwater,5,0.347684979,105.2
2023-06-03 18:30,Freshwater,15,0.311833709,78.8
2023-06-03 18:30,Freshwater,30,0.322421828,75.6
2023-06-03 18:30,Saltwater,5,0.343874249,106
2023-06-03 18:30,Saltwater,15,0.309350373,81.8
2023-06-03 18:30,Saltwater,30,0.287017419,72.6
2023-06-03 18:45,Control,5,0.30637156,82
2023-06-03 18:45,Control,15,0.29831423,54.5
2023-06-03 18:45,Control,30,0.355171966,122.6666667
2023-06-03 18:45,Freshwater,5,0.347733854,104.8
2023-06-03 18:45,Freshwater,15,0.3119462,77.6
2023-06-03 18:45,Freshwater,30,0.322420276,74.6
2023-06-03 18:45,Saltwater,5,0.344028633,106
2023-06-03 18:45,Saltwater,15,0.309465192,82
2023-06-03 18:45,Saltwater,30,0.287351013,73.2
2023-06-03 19:00,Control,5,0.306437503,80.66666667
2023-06-03 19:00,Control,15,0.298605155,54.5
2023-06-03 19:00,Control,30,0.354693556,121.6666667
2023-06-03 19:00,Freshwater,5,0.347911512,106.2
2023-06-03 19:00,Freshwater,15,0.311816642,78.8
2023-06-03 19:00,Freshwater,30,0.322203052,74.4
2023-06-03 19:00,Saltwater,5,0.344144228,106
2023-06-03 19:00,Saltwater,15,0.309424074,83.2
2023-06-03 19:00,Saltwater,30,0.287002679,72.4
2023-06-03 19:15,Control,5,0.306159508,81
2023-06-03 19:15,Control,15,0.298409266,55
2023-06-03 19:15,Control,30,0.354893971,123.6666667
2023-06-03 19:15,Freshwater,5,0.347667135,105.6
2023-06-03 19:15,Freshwater,15,0.311990421,78.6
2023-06-03 19:15,Freshwater,30,0.322350454,75.4
2023-06-03 19:15,Saltwater,5,0.343890541,106.2
2023-06-03 19:15,Saltwater,15,0.309424074,81.2
2023-06-03 19:15,Saltwater,30,0.287211369,71.6
2023-06-03 19:30,Control,5,0.306313375,79.66666667
2023-06-03 19:30,Control,15,0.298527576,55.5
2023-06-03 19:30,Control,30,0.354734932,123
2023-06-03 19:30,Freshwater,5,0.347342851,105.4
2023-06-03 19:30,Freshwater,15,0.311949303,78.4
2023-06-03 19:30,Freshwater,30,0.32231244,74.2
2023-06-03 19:30,Saltwater,5,0.344013893,106.6
2023-06-03 19:30,Saltwater,15,0.309472174,83
2023-06-03 19:30,Saltwater,30,0.286751319,72.6
2023-06-03 19:45,Control,5,0.306127183,79
2023-06-03 19:45,Control,15,0.298630369,54.5
2023-06-03 19:45,Control,30,0.354722002,119
2023-06-03 19:45,Freshwater,5,0.347456894,104.4
2023-06-03 19:45,Freshwater,15,0.311943097,77.4
2023-06-03 19:45,Freshwater,30,0.322403984,74.8
2023-06-03 19:45,Saltwater,5,0.344021651,105.2
2023-06-03 19:45,Saltwater,15,0.309389163,82.4
2023-06-03 19:45,Saltwater,30,0.287149305,72.8
2023-06-03 20:00,Control,5,0.306337942,80
2023-06-03 20:00,Control,15,0.298409266,54.5
2023-06-03 20:00,Control,30,0.354575893,123
2023-06-03 20:00,Freshwater,5,0.347896772,104
2023-06-03 20:00,Freshwater,15,0.311739837,78.4
2023-06-03 20:00,Freshwater,30,0.322431913,74.2
2023-06-03 20:00,Saltwater,5,0.344125608,106.2
2023-06-03 20:00,Saltwater,15,0.309474501,83.4
2023-06-03 20:00,Saltwater,30,0.286906479,72.2
2023-06-03 20:15,Control,5,0.306389662,80.66666667
2023-06-03 20:15,Control,15,0.298446117,55
2023-06-03 20:15,Control,30,0.355258597,122.3333333
2023-06-03 20:15,Freshwater,5,0.34767179,105
2023-06-03 20:15,Freshwater,15,0.312000506,79
2023-06-03 20:15,Freshwater,30,0.322199173,74.2
2023-06-03 20:15,Saltwater,5,0.34396269,106.2
2023-06-03 20:15,Saltwater,15,0.309413989,83.6
2023-06-03 20:15,Saltwater,30,0.286759853,72.8
2023-06-03 20:30,Control,5,0.306248725,80
2023-06-03 20:30,Control,15,0.29854697,55
2023-06-03 20:30,Control,30,0.354683212,121.6666667
2023-06-03 20:30,Freshwater,5,0.347613605,104
2023-06-03 20:30,Freshwater,15,0.311787161,78.4
2023-06-03 20:30,Freshwater,30,0.322159607,74.6
2023-06-03 20:30,Saltwater,5,0.344184569,106.6
2023-06-03 20:30,Saltwater,15,0.309406231,83.2
2023-06-03 20:30,Saltwater,30,0.287361098,72
2023-06-03 20:45,Control,5,0.306207349,80.66666667
2023-06-03 20:45,Control,15,0.298696312,53
2023-06-03 20:45,Control,30,0.355023271,122
2023-06-03 20:45,Freshwater,5,0.347735406,105.4
2023-06-03 20:45,Freshwater,15,0.311981887,78.4
2023-06-03 20:45,Freshwater,30,0.322225938,74.8
2023-06-03 20:45,Saltwater,5,0.344093025,107.4
2023-06-03 20:45,Saltwater,15,0.309438815,83.6
2023-06-03 20:45,Saltwater,30,0.28686381,73.2
2023-06-03 21:00,Control,5,0.306247432,81.33333333
2023-06-03 21:00,Control,15,0.298958145,54.5
2023-06-03 21:00,Control,30,0.354965086,122
2023-06-03 21:00,Freshwater,5,0.347508872,103.6
2023-06-03 21:00,Freshwater,15,0.311857759,79.2
2023-06-03 21:00,Freshwater,30,0.322248048,74.8
2023-06-03 21:00,Saltwater,5,0.344067423,105.2
2023-06-03 21:00,Saltwater,15,0.309218487,83.5
2023-06-03 21:00,Saltwater,30,0.286826572,72
2023-06-03 21:15,Control,5,0.30620347,80.66666667
2023-06-03 21:15,Control,15,0.298886383,56
2023-06-03 21:15,Control,30,0.35502715,122.6666667
2023-06-03 21:15,Freshwater,5,0.347279235,104.4
2023-06-03 21:15,Freshwater,15,0.311929908,78
2023-06-03 21:15,Freshwater,30,0.322275201,74.4
2023-06-03 21:15,Saltwater,5,0.343940968,107.2
2023-06-03 21:15,Saltwater,15,0.309392267,82.8
2023-06-03 21:15,Saltwater,30,0.286828899,71.6
2023-06-03 21:30,Control,5,0.306032794,81.33333333
2023-06-03 21:30,Control,15,0.298692433,52.5
2023-06-03 21:30,Control,30,0.354504778,121.6666667
2023-06-03 21:30,Freshwater,5,0.347902203,104
2023-06-03 21:30,Freshwater,15,0.311876378,78
2023-06-03 21:30,Freshwater,30,0.322261237,74.4
2023-06-03 21:30,Saltwater,5,0.344299388,106
2023-06-03 21:30,Saltwater,15,0.309465968,82.6
2023-06-03 21:30,Saltwater,30,0.286969319,72.2
2023-06-03 21:45,Control,5,0.30616468,81.33333333
2023-06-03 21:45,Control,15,0.298779711,54.5
2023-06-03 21:45,Control,30,0.354773722,122.3333333
2023-06-03 21:45,Freshwater,5,0.347662481,103.4
2023-06-03 21:45,Freshwater,15,0.311918271,77.8
2023-06-03 21:45,Freshwater,30,0.322292269,74.8
2023-06-03 21:45,Saltwater,5,0.343833908,106
2023-06-03 21:45,Saltwater,15,0.309333306,83.4
2023-06-03 21:45,Saltwater,30,0.286850622,72.2
2023-06-03 22:00,Control,5,0.306383197,81
2023-06-03 22:00,Control,15,0.298789408,55
2023-06-03 22:00,Control,30,0.354734932,119.6666667
2023-06-03 22:00,Freshwater,5,0.347634552,105
2023-06-03 22:00,Freshwater,15,0.311845346,78.4
2023-06-03 22:00,Freshwater,30,0.322241842,73.6
2023-06-03 22:00,Saltwater,5,0.343730726,106
2023-06-03 22:00,Saltwater,15,0.309476053,82.6
2023-06-03 22:00,Saltwater,30,0.286676067,71.2
2023-06-03 22:15,Control,5,0.306211228,79.66666667
2023-06-03 22:15,Control,15,0.299000813,54.5
2023-06-03 22:15,Control,30,0.35445823,120.6666667
2023-06-03 22:15,Freshwater,5,0.347619812,104.6
2023-06-03 22:15,Freshwater,15,0.311933012,77.6
2023-06-03 22:15,Freshwater,30,0.32222012,74.2
2023-06-03 22:15,Saltwater,5,0.343813737,106.2
2023-06-03 22:15,Saltwater,15,0.309400025,83
2023-06-03 22:15,Saltwater,30,0.286806401,72.2
2023-06-03 22:30,Control,5,0.306278464,81.66666667
2023-06-03 22:30,Control,15,0.298909657,53
2023-06-03 22:30,Control,30,0.354696142,122
2023-06-03 22:30,Freshwater,5,0.347510424,104.6
2023-06-03 22:30,Freshwater,15,0.311808108,78.4
2023-06-03 22:30,Freshwater,30,0.322254255,74.4
2023-06-03 22:30,Saltwater,5,0.343906833,104.6
2023-06-03 22:30,Saltwater,15,0.309473726,82.8
2023-06-03 22:30,Saltwater,30,0.286628743,72.6
2023-06-03 22:45,Control,5,0.306243553,78.66666667
2023-06-03 22:45,Control,15,0.298667219,55
2023-06-03 22:45,Control,30,0.354477625,121.6666667
2023-06-03 22:45,Freshwater,5,0.347615157,104.6
2023-06-03 22:45,Freshwater,15,0.311964044,78.4
2023-06-03 22:45,Freshwater,30,0.322371401,75
2023-06-03 22:45,Saltwater,5,0.34419,105.4
2023-06-03 22:45,Saltwater,15,0.309372096,82.8
2023-06-03 22:45,Saltwater,30,0.286658999,72
2023-06-03 23:00,Control,5,0.306352165,80.33333333
2023-06-03 23:00,Control,15,0.299282041,56
2023-06-03 23:00,Control,30,0.354400045,122.3333333
2023-06-03 23:00,Freshwater,5,0.347577143,104.2
2023-06-03 23:00,Freshwater,15,0.311991972,78.4
2023-06-03 23:00,Freshwater,30,0.322415621,75
2023-06-03 23:00,Saltwater,5,0.343995274,105.2
2023-06-03 23:00,Saltwater,15,0.309420971,81.8
2023-06-03 23:00,Saltwater,30,0.286600814,71.6
2023-06-03 23:15,Control,5,0.306172438,80.66666667
2023-06-03 23:15,Control,15,0.298845654,54
2023-06-03 23:15,Control,30,0.354517708,122.6666667
2023-06-03 23:15,Freshwater,5,0.34761826,103
2023-06-03 23:15,Freshwater,15,0.312074983,78.8
2023-06-03 23:15,Freshwater,30,0.322190639,74.6
2023-06-03 23:15,Saltwater,5,0.34399605,104.8
2023-06-03 23:15,Saltwater,15,0.309432608,82.8
2023-06-03 23:15,Saltwater,30,0.286712529,71.4
2023-06-03 23:30,Control,5,0.306271999,80.66666667
2023-06-03 23:30,Control,15,0.298834017,54.5
2023-06-03 23:30,Control,30,0.354590116,123.3333333
2023-06-03 23:30,Freshwater,5,0.347626794,103.4
2023-06-03 23:30,Freshwater,15,0.311188244,79
2023-06-03 23:30,Freshwater,30,0.32231787,74.6
2023-06-03 23:30,Saltwater,5,0.344008463,104.2
2023-06-03 23:30,Saltwater,15,0.309497,82.6
2023-06-03 23:30,Saltwater,30,0.28671796,73
2023-06-03 23:45,Control,5,0.306279757,80.33333333
2023-06-03 23:45,Control,15,0.299022148,54
2023-06-03 23:45,Control,30,0.354325051,120.3333333
2023-06-03 23:45,Freshwater,5,0.347562402,105
2023-06-03 23:45,Freshwater,15,0.311788713,77.8
2023-06-03 23:45,Freshwater,30,0.322313991,74.4
2023-06-03 23:45,Saltwater,5,0.344029409,104.2
2023-06-03 23:45,Saltwater,15,0.309383345,81.4
2023-06-03 23:45,Saltwater,30,0.286716408,72.8
2023-06-04 00:00,Control,5,0.306156922,80
2023-06-04 00:00,Control,15,0.29913076,55
2023-06-04 00:00,Control,30,0.354628906,121.6666667
2023-06-04 00:00,Freshwater,5,0.347543007,103.6
2023-06-04 00:00,Freshwater,15,0.311982663,77.8
2023-06-04 00:00,Freshwater,30,0.32235666,73.6
2023-06-04 00:00,Saltwater,5,0.344080612,105.4
2023-06-04 00:00,Saltwater,15,0.309425626,82.6
2023-06-04 00:00,Saltwater,30,0.286550387,71.6
2023-06-04 00:15,Control,5,0.306134941,81.33333333
2023-06-04 00:15,Control,15,0.299138518,55.5
2023-06-04 00:15,Control,30,0.354462109,123
2023-06-04 00:15,Freshwater,5,0.34757947,103.8
2023-06-04 00:15,Freshwater,15,0.311934563,78.8
2023-06-04 00:15,Freshwater,30,0.322348902,74.2
2023-06-04 00:15,Saltwater,5,0.343759431,106.8
2023-06-04 00:15,Saltwater,15,0.3094489,83.2
2023-06-04 00:15,Saltwater,30,0.286442551,72.4
2023-06-04 00:30,Control,5,0.30620347,80.66666667
2023-06-04 00:30,Control,15,0.299058999,54
2023-06-04 00:30,Control,30,0.354067744,121.6666667
2023-06-04 00:30,Freshwater,5,0.347621363,104.4
2023-06-04 00:30,Freshwater,15,0.31191672,78.2
2023-06-04 00:30,Freshwater,30,0.32228839,74
2023-06-04 00:30,Saltwater,5,0.344063544,105.4
2023-06-04 00:30,Saltwater,15,0.309410886,81.8
2023-06-04 00:30,Saltwater,30,0.286702444,72
2023-06-04 00:45,Control,5,0.306043138,78.66666667
2023-06-04 00:45,Control,15,0.299070636,54.5
2023-06-04 00:45,Control,30,0.354456937,119.3333333
2023-06-04 00:45,Freshwater,5,0.347429741,103.4
2023-06-04 00:45,Freshwater,15,0.311982663,77.6
2023-06-04 00:45,Freshwater,30,0.322371401,73.8
2023-06-04 00:45,Saltwater,5,0.343849424,105.2
2023-06-04 00:45,Saltwater,15,0.309337185,83.2
2023-06-04 00:45,Saltwater,30,0.286886309,71.8
2023-06-04 01:00,Control,5,0.306032794,80.33333333
2023-06-04 01:00,Control,15,0.299344105,54.5
2023-06-04 01:00,Control,30,0.354348325,122
2023-06-04 01:00,Freshwater,5,0.347617484,103.4
2023-06-04 01:00,Freshwater,15,0.311929133,77.4
2023-06-04 01:00,Freshwater,30,0.322267443,74
2023-06-04 01:00,Saltwater,5,0.344055011,105
2023-06-04 01:00,Saltwater,15,0.309378302,83.4
2023-06-04 01:00,Saltwater,30,0.286442551,72
2023-06-04 01:15,Control,5,0.306013399,80.33333333
2023-06-04 01:15,Control,15,0.299392593,55
2023-06-04 01:15,Control,30,0.354286261,121.6666667
2023-06-04 01:15,Freshwater,5,0.347484047,104
2023-06-04 01:15,Freshwater,15,0.312123858,78
2023-06-04 01:15,Freshwater,30,0.32225891,74.2
2023-06-04 01:15,Saltwater,5,0.343895196,105.6
2023-06-04 01:15,Saltwater,15,0.309525704,83
2023-06-04 01:15,Saltwater,30,0.287751326,72.4
2023-06-04 01:30,Control,5,0.305973316,81.33333333
2023-06-04 01:30,Control,15,0.299212219,54
2023-06-04 01:30,Control,30,0.354478918,122.6666667
2023-06-04 01:30,Freshwater,5,0.3476811,103.4
2023-06-04 01:30,Freshwater,15,0.313322469,78.8
2023-06-04 01:30,Freshwater,30,0.322205379,74.6
2023-06-04 01:30,Saltwater,5,0.344013117,105.2
2023-06-04 01:30,Saltwater,15,0.310175825,82.4
2023-06-04 01:30,Saltwater,30,0.286829675,72.2
2023-06-04 01:45,Control,5,0.306169852,81.33333333
2023-06-04 01:45,Control,15,0.29901439,54
2023-06-04 01:45,Control,30,0.353868622,122
2023-06-04 01:45,Freshwater,5,0.347372331,103.8
2023-06-04 01:45,Freshwater,15,0.31228988,78
2023-06-04 01:45,Freshwater,30,0.322347351,74.6
2023-06-04 01:45,Saltwater,5,0.34391847,105.6
2023-06-04 01:45,Saltwater,15,0.309486138,81
2023-06-04 01:45,Saltwater,30,0.286511597,73
2023-06-04 02:00,Control,5,0.306279757,78.66666667
2023-06-04 02:00,Control,15,0.299097788,54.5
2023-06-04 02:00,Control,30,0.354219025,122.3333333
2023-06-04 02:00,Freshwater,5,0.347470858,103.6
2023-06-04 02:00,Freshwater,15,0.312099033,77.8
2023-06-04 02:00,Freshwater,30,0.322219344,74.6
2023-06-04 02:00,Saltwater,5,0.343764861,104
2023-06-04 02:00,Saltwater,15,0.309678537,81.6
2023-06-04 02:00,Saltwater,30,0.286351007,72.4
2023-06-04 02:15,Control,5,0.306194419,81
2023-06-04 02:15,Control,15,0.299223856,54.5
2023-06-04 02:15,Control,30,0.35390224,121.3333333
2023-06-04 02:15,Freshwater,5,0.347639982,104.4
2023-06-04 02:15,Freshwater,15,0.31207188,78
2023-06-04 02:15,Freshwater,30,0.322262789,74.2
2023-06-04 02:15,Saltwater,5,0.343988292,105
2023-06-04 02:15,Saltwater,15,0.309400025,82.8
2023-06-04 02:15,Saltwater,30,0.286428587,73
2023-06-04 02:30,Control,5,0.306036673,81.33333333
2023-06-04 02:30,Control,15,0.299355742,54
2023-06-04 02:30,Control,30,0.354350911,121.6666667
2023-06-04 02:30,Freshwater,5,0.347717562,104
2023-06-04 02:30,Freshwater,15,0.312039296,78.4
2023-06-04 02:30,Freshwater,30,0.322266668,74.6
2023-06-04 02:30,Saltwater,5,0.343730726,105.1
2023-06-04 02:30,Saltwater,15,0.309453555,83
2023-06-04 02:30,Saltwater,30,0.28664969,72.2
2023-06-04 02:45,Control,5,0.306314668,81.33333333
2023-06-04 02:45,Control,15,0.299342165,53.5
2023-06-04 02:45,Control,30,0.353677258,120.6666667
2023-06-04 02:45,Freshwater,5,0.34747241,103.4
2023-06-04 02:45,Freshwater,15,0.312147132,77
2023-06-04 02:45,Freshwater,30,0.322324077,75.2
2023-06-04 02:45,Saltwater,5,0.343982861,104.2
2023-06-04 02:45,Saltwater,15,0.309469071,82.6
2023-06-04 02:45,Saltwater,30,0.286561248,72.8
2023-06-04 03:00,Control,5,0.306336649,80.33333333
2023-06-04 03:00,Control,15,0.299332468,55.5
2023-06-04 03:00,Control,30,0.353519512,120.6666667
2023-06-04 03:00,Freshwater,5,0.34747241,101.6
2023-06-04 03:00,Freshwater,15,0.312008264,78.4
2023-06-04 03:00,Freshwater,30,0.322416397,74.4
2023-06-04 03:00,Saltwater,5,0.343833908,106
2023-06-04 03:00,Saltwater,15,0.309507085,83
2023-06-04 03:00,Saltwater,30,0.286585298,72.8
2023-06-04 03:15,Control,5,0.306379318,80.33333333
2023-06-04 03:15,Control,15,0.29940423,53.5
2023-06-04 03:15,Control,30,0.353888017,122
2023-06-04 03:15,Freshwater,5,0.347481719,103.8
2023-06-04 03:15,Freshwater,15,0.311990421,79
2023-06-04 03:15,Freshwater,30,0.322272874,74
2023-06-04 03:15,Saltwater,5,0.343790463,104.8
2023-06-04 03:15,Saltwater,15,0.309486914,83.2
2023-06-04 03:15,Saltwater,30,0.286472031,71.2
2023-06-04 03:30,Control,5,0.306054775,79.66666667
2023-06-04 03:30,Control,15,0.299251009,53.5
2023-06-04 03:30,Control,30,0.35388931,121.3333333
2023-06-04 03:30,Freshwater,5,0.347518182,103.6
2023-06-04 03:30,Freshwater,15,0.312095154,78.2
2023-06-04 03:30,Freshwater,30,0.322123145,74.8
2023-06-04 03:30,Saltwater,5,0.343798221,104.2
2023-06-04 03:30,Saltwater,15,0.30948769,83
2023-06-04 03:30,Saltwater,30,0.286522458,72.2
2023-06-04 03:45,Control,5,0.306180196,80.66666667
2023-06-04 03:45,Control,15,0.299206401,54
2023-06-04 03:45,Control,30,0.354136273,121.3333333
2023-06-04 03:45,Freshwater,5,0.347265271,104.4
2023-06-04 03:45,Freshwater,15,0.312107567,77.8
2023-06-04 03:45,Freshwater,30,0.32239545,74.6
2023-06-04 03:45,Saltwater,5,0.343936313,103.6
2023-06-04 03:45,Saltwater,15,0.309538117,83.2
2023-06-04 03:45,Saltwater,30,0.286522458,72.8
2023-06-04 04:00,Control,5,0.306257776,79.33333333
2023-06-04 04:00,Control,15,0.29955648,53.75
2023-06-04 04:00,Control,30,0.353849227,121
2023-06-04 04:00,Freshwater,5,0.347358367,104
2023-06-04 04:00,Freshwater,15,0.311988869,77.8
2023-06-04 04:00,Freshwater,30,0.322228653,74.2
2023-06-04 04:00,Saltwater,5,0.343627545,104.6
2023-06-04 04:00,Saltwater,15,0.309692501,81.8
2023-06-04 04:00,Saltwater,30,0.286593056,71.8
2023-06-04 04:15,Control,5,0.306165973,79.66666667
2023-06-04 04:15,Control,15,0.299708731,53.5
2023-06-04 04:15,Control,30,0.353704411,120
2023-06-04 04:15,Freshwater,5,0.346980552,103
2023-06-04 04:15,Freshwater,15,0.312061794,78.2
2023-06-04 04:15,Freshwater,30,0.322250376,74.2
2023-06-04 04:15,Saltwater,5,0.34370978,104.6
2023-06-04 04:15,Saltwater,15,0.309413989,82.6
2023-06-04 04:15,Saltwater,30,0.286568231,72
2023-06-04 04:30,Control,5,0.306049603,80
2023-06-04 04:30,Control,15,0.29928592,54.5
2023-06-04 04:30,Control,30,0.353807851,121
2023-06-04 04:30,Freshwater,5,0.347441378,102.6
2023-06-04 04:30,Freshwater,15,0.311981887,77.2
2023-06-04 04:30,Freshwater,30,0.322505614,74.2
2023-06-04 04:30,Saltwater,5,0.343811409,104.4
2023-06-04 04:30,Saltwater,15,0.309559064,82.2
2023-06-04 04:30,Saltwater,30,0.286555042,71.6
2023-06-04 04:45,Control,5,0.306181489,80.66666667
2023-06-04 04:45,Control,15,0.299136579,54
2023-06-04 04:45,Control,30,0.353482015,120
2023-06-04 04:45,Freshwater,5,0.34754999,103.8
2023-06-04 04:45,Freshwater,15,0.312022229,78.2
2023-06-04 04:45,Freshwater,30,0.322200725,73.8
2023-06-04 04:45,Saltwater,5,0.34364694,106.2
2023-06-04 04:45,Saltwater,15,0.309469847,82
2023-06-04 04:45,Saltwater,30,0.286676843,72.2
2023-06-04 05:00,Control,5,0.306043138,79.33333333
2023-06-04 05:00,Control,15,0.299392593,53.5
2023-06-04 05:00,Control,30,0.353703118,121
2023-06-04 05:00,Freshwater,5,0.34700693,104
2023-06-04 05:00,Freshwater,15,0.312013695,78.2
2023-06-04 05:00,Freshwater,30,0.322095216,73.8
2023-06-04 05:00,Saltwater,5,0.343725296,106
2023-06-04 05:00,Saltwater,15,0.309514843,83.2
2023-06-04 05:00,Saltwater,30,0.286349455,72.2
2023-06-04 05:15,Control,5,0.306076756,79.66666667
2023-06-04 05:15,Control,15,0.299452717,53
2023-06-04 05:15,Control,30,0.353505289,121.6666667
2023-06-04 05:15,Freshwater,5,0.347351385,103
2023-06-04 05:15,Freshwater,15,0.312061019,78
2023-06-04 05:15,Freshwater,30,0.322075045,74.2
2023-06-04 05:15,Saltwater,5,0.343823046,105.2
2023-06-04 05:15,Saltwater,15,0.309483035,83.4
2023-06-04 05:15,Saltwater,30,0.286408416,72.4
2023-06-04 05:30,Control,5,0.305988832,79.66666667
2023-06-04 05:30,Control,15,0.29932471,54.5
2023-06-04 05:30,Control,30,0.353637175,121.6666667
2023-06-04 05:30,Freshwater,5,0.347201655,102.2
2023-06-04 05:30,Freshwater,15,0.312115325,78.6
2023-06-04 05:30,Freshwater,30,0.322293045,74.4
2023-06-04 05:30,Saltwater,5,0.343896747,105.6
2023-06-04 05:30,Saltwater,15,0.309496224,82.2
2023-06-04 05:30,Saltwater,30,0.286517804,72.4
2023-06-04 05:45,Control,5,0.306137527,79.33333333
2023-06-04 05:45,Control,15,0.29944302,55
2023-06-04 05:45,Control,30,0.35383759,121
2023-06-04 05:45,Freshwater,5,0.346992965,103.6
2023-06-04 05:45,Freshwater,15,0.311898101,78
2023-06-04 05:45,Freshwater,30,0.322384977,73.7
2023-06-04 05:45,Saltwater,5,0.343766413,105.6
2023-06-04 05:45,Saltwater,15,0.30958932,82.4
2023-06-04 05:45,Saltwater,30,0.286396003,72.4
2023-06-04 06:00,Control,5,0.306059947,80.66666667
2023-06-04 06:00,Control,15,0.299371258,55
2023-06-04 06:00,Control,30,0.353713462,119.6666667
2023-06-04 06:00,Freshwater,5,0.347107784,104
2023-06-04 06:00,Freshwater,15,0.312049382,77
2023-06-04 06:00,Freshwater,30,0.322248824,74.8
2023-06-04 06:00,Saltwater,5,0.343570136,104.8
2023-06-04 06:00,Saltwater,15,0.309440366,82.2
2023-06-04 06:00,Saltwater,30,0.286449533,72
2023-06-04 06:15,Control,5,0.306001762,79.33333333
2023-06-04 06:15,Control,15,0.29928398,55
2023-06-04 06:15,Control,30,0.35344969,120.3333333
2023-06-04 06:15,Freshwater,5,0.347231136,102.9
2023-06-04 06:15,Freshwater,15,0.31200904,78
2023-06-04 06:15,Freshwater,30,0.322358988,74.4
2023-06-04 06:15,Saltwater,5,0.343726847,105.6
2023-06-04 06:15,Saltwater,15,0.309417092,83.6
2023-06-04 06:15,Saltwater,30,0.286424708,72.2
2023-06-04 06:30,Control,5,0.305966851,79.33333333
2023-06-04 06:30,Control,15,0.29928592,55
2023-06-04 06:30,Control,30,0.35372122,121.3333333
2023-06-04 06:30,Freshwater,5,0.346837805,103.2
2023-06-04 06:30,Freshwater,15,0.313324021,78
2023-06-04 06:30,Freshwater,30,0.322209258,74
2023-06-04 06:30,Saltwater,5,0.343597289,104.4
2023-06-04 06:30,Saltwater,15,0.30929374,82.4
2023-06-04 06:30,Saltwater,30,0.286377384,72
2023-06-04 06:45,Control,5,0.306012106,79.66666667
2023-06-04 06:45,Control,15,0.29944302,55.5
2023-06-04 06:45,Control,30,0.353683723,121.6666667
2023-06-04 06:45,Freshwater,5,0.347199328,103.2
2023-06-04 06:45,Freshwater,15,0.312085844,78
2023-06-04 06:45,Freshwater,30,0.322252703,74.4
2023-06-04 06:45,Saltwater,5,0.343606598,104.4
2023-06-04 06:45,Saltwater,15,0.309366665,83.2
2023-06-04 06:45,Saltwater,30,0.286597711,71.6
2023-06-04 07:00,Control,5,0.30585436,80.33333333
2023-06-04 07:00,Control,15,0.29971261,53.5
2023-06-04 07:00,Control,30,0.352966108,120.6666667
2023-06-04 07:00,Freshwater,5,0.346799791,102.8
2023-06-04 07:00,Freshwater,15,0.311977232,78.8
2023-06-04 07:00,Freshwater,30,0.322145643,73.6
2023-06-04 07:00,Saltwater,5,0.343342826,104.6
2023-06-04 07:00,Saltwater,15,0.309359683,82.6
2023-06-04 07:00,Saltwater,30,0.287483675,72
2023-06-04 07:15,Control,5,0.306056068,80.33333333
2023-06-04 07:15,Control,15,0.299342166,55
2023-06-04 07:15,Control,30,0.352972573,120.3333333
2023-06-04 07:15,Freshwater,5,0.346829271,104.2
2023-06-04 07:15,Freshwater,15,0.311845346,77.8
2023-06-04 07:15,Freshwater,30,0.322292269,73.8
2023-06-04 07:15,Saltwater,5,0.343500314,103.2
2023-06-04 07:15,Saltwater,15,0.309403904,83
2023-06-04 07:15,Saltwater,30,0.286055427,73.6
2023-06-04 07:30,Control,5,0.305732818,80.66666667
2023-06-04 07:30,Control,15,0.29893875,54
2023-06-04 07:30,Control,30,0.35322988,119.6666667
2023-06-04 07:30,Freshwater,5,0.346387841,103.4
2023-06-04 07:30,Freshwater,15,0.311882972,77.5
2023-06-04 07:30,Freshwater,30,0.321969536,74.2
2023-06-04 07:30,Saltwater,5,0.343422734,103.6
2023-06-04 07:30,Saltwater,15,0.309185904,82.8
2023-06-04 07:30,Saltwater,30,0.2861268,72
2023-06-04 07:45,Control,5,0.305520766,80.33333333
2023-06-04 07:45,Control,15,0.299163732,54.5
2023-06-04 07:45,Control,30,0.353127733,121.3333333
2023-06-04 07:45,Freshwater,5,0.346574033,102.8
2023-06-04 07:45,Freshwater,15,0.311930684,78.2
2023-06-04 07:45,Freshwater,30,0.321802739,73.6
2023-06-04 07:45,Saltwater,5,0.343359118,104.4
2023-06-04 07:45,Saltwater,15,0.309083498,82.4
2023-06-04 07:45,Saltwater,30,0.28599569,72
2023-06-04 08:00,Control,5,0.305723767,80
2023-06-04 08:00,Control,15,0.299148215,54
2023-06-04 08:00,Control,30,0.35301007,120
2023-06-04 08:00,Freshwater,5,0.346599635,104.4
2023-06-04 08:00,Freshwater,15,0.311924478,78
2023-06-04 08:00,Freshwater,30,0.321843081,74.4
2023-06-04 08:00,Saltwater,5,0.343134912,104
2023-06-04 08:00,Saltwater,15,0.309089705,82.2
2023-06-04 08:00,Saltwater,30,0.285958452,72
2023-06-04 08:15,Control,5,0.305471632,78
2023-06-04 08:15,Control,15,0.298870867,55
2023-06-04 08:15,Control,30,0.353153593,120
2023-06-04 08:15,Freshwater,5,0.34646387,104.4
2023-06-04 08:15,Freshwater,15,0.311756905,79.2
2023-06-04 08:15,Freshwater,30,0.321728262,74.2
2023-06-04 08:15,Saltwater,5,0.343069745,103.6
2023-06-04 08:15,Saltwater,15,0.309088929,82.8
2023-06-04 08:15,Saltwater,30,0.286210587,72.6
2023-06-04 08:30,Control,5,0.305664289,79.66666667
2023-06-04 08:30,Control,15,0.298539213,53.5
2023-06-04 08:30,Control,30,0.352540711,120.6666667
2023-06-04 08:30,Freshwater,5,0.346497229,103.2
2023-06-04 08:30,Freshwater,15,0.311908962,78
2023-06-04 08:30,Freshwater,30,0.321726711,74.4
2023-06-04 08:30,Saltwater,5,0.342965787,104.6
2023-06-04 08:30,Saltwater,15,0.308913598,82.4
2023-06-04 08:30,Saltwater,30,0.285743555,71.6
2023-06-04 08:45,Control,5,0.305374657,79.66666667
2023-06-04 08:45,Control,15,0.298500423,54
2023-06-04 08:45,Control,30,0.352655788,118.6666667
2023-06-04 08:45,Freshwater,5,0.346330432,104.4
2023-06-04 08:45,Freshwater,15,0.311759232,77.4
2023-06-04 08:45,Freshwater,30,0.32158086,73.2
2023-06-04 08:45,Saltwater,5,0.342991389,102.8
2023-06-04 08:45,Saltwater,15,0.309067982,82.6
2023-06-04 08:45,Saltwater,30,0.285901818,72.6
2023-06-04 09:00,Control,5,0.305369485,79
2023-06-04 09:00,Control,15,0.298205618,53.5
2023-06-04 09:00,Control,30,0.352732075,120.6666667
2023-06-04 09:00,Freshwater,5,0.346215614,103.2
2023-06-04 09:00,Freshwater,15,0.311719667,77.8
2023-06-04 09:00,Freshwater,30,0.321469145,73.2
2023-06-04 09:00,Saltwater,5,0.342914585,104
2023-06-04 09:00,Saltwater,15,0.308780936,83.2
2023-06-04 09:00,Saltwater,30,0.285544175,71.2
2023-06-04 09:15,Control,5,0.305250529,80.66666667
2023-06-04 09:15,Control,15,0.298298715,55
2023-06-04 09:15,Control,30,0.352529074,121.3333333
2023-06-04 09:15,Freshwater,5,0.346218717,102.2
2023-06-04 09:15,Freshwater,15,0.311507873,77.8
2023-06-04 09:15,Freshwater,30,0.321448199,73.2
2023-06-04 09:15,Saltwater,5,0.342686499,104.8
2023-06-04 09:15,Saltwater,15,0.308807313,82.4
2023-06-04 09:15,Saltwater,30,0.285842082,72.2
2023-06-04 09:30,Control,5,0.305196223,79.33333333
2023-06-04 09:30,Control,15,0.298440298,55
2023-06-04 09:30,Control,30,0.352399774,120.6666667
2023-06-04 09:30,Freshwater,5,0.345767977,104
2023-06-04 09:30,Freshwater,15,0.31127203,76.6
2023-06-04 09:30,Freshwater,30,0.321330277,74
2023-06-04 09:30,Saltwater,5,0.342404108,102.4
2023-06-04 09:30,Saltwater,15,0.308554403,81
2023-06-04 09:30,Saltwater,30,0.285725712,71.2
2023-06-04 09:45,Control,5,0.304857457,79.66666667
2023-06-04 09:45,Control,15,0.297961242,53.5
2023-06-04 09:45,Control,30,0.35245408,119.3333333
2023-06-04 09:45,Freshwater,5,0.34562523,102.4
2023-06-04 09:45,Freshwater,15,0.311317802,77.2
2023-06-04 09:45,Freshwater,30,0.321046334,74
2023-06-04 09:45,Saltwater,5,0.342490998,103.2
2023-06-04 09:45,Saltwater,15,0.308694822,83
2023-06-04 09:45,Saltwater,30,0.285181876,71.2
2023-06-04 10:00,Control,5,0.304904005,79.66666667
2023-06-04 10:00,Control,15,0.297759534,54
2023-06-04 10:00,Control,30,0.352345468,121.6666667
2023-06-04 10:00,Freshwater,5,0.345890553,103.8
2023-06-04 10:00,Freshwater,15,0.311374436,77.4
2023-06-04 10:00,Freshwater,30,0.321038576,72.8
2023-06-04 10:00,Saltwater,5,0.342519702,104.6
2023-06-04 10:00,Saltwater,15,0.308405449,82.2
2023-06-04 10:00,Saltwater,30,0.285189634,71.4
2023-06-04 10:15,Control,5,0.304725571,80
2023-06-04 10:15,Control,15,0.297453093,52.5
2023-06-04 10:15,Control,30,0.352340296,120
2023-06-04 10:15,Freshwater,5,0.345640746,104.4
2023-06-04 10:15,Freshwater,15,0.311265824,76.8
2023-06-04 10:15,Freshwater,30,0.321042455,73.4
2023-06-04 10:15,Saltwater,5,0.342183005,104
2023-06-04 10:15,Saltwater,15,0.308329421,81.8
2023-06-04 10:15,Saltwater,30,0.285512367,71
2023-06-04 10:30,Control,5,0.304628596,79.66666667
2023-06-04 10:30,Control,15,0.297513217,54
2023-06-04 10:30,Control,30,0.352358398,121.3333333
2023-06-04 10:30,Freshwater,5,0.345374646,101.8
2023-06-04 10:30,Freshwater,15,0.311227809,76
2023-06-04 10:30,Freshwater,30,0.320674726,73.4
2023-06-04 10:30,Saltwater,5,0.342070514,104
2023-06-04 10:30,Saltwater,15,0.308049357,82.4
2023-06-04 10:30,Saltwater,30,0.285209029,71
2023-06-04 10:45,Control,5,0.304556188,80
2023-06-04 10:45,Control,15,0.297138894,54
2023-06-04 10:45,Control,30,0.352099798,121
2023-06-04 10:45,Freshwater,5,0.345411109,103.6
2023-06-04 10:45,Freshwater,15,0.31107808,78.2
2023-06-04 10:45,Freshwater,30,0.32062973,73.2
2023-06-04 10:45,Saltwater,5,0.341818379,102.8
2023-06-04 10:45,Saltwater,15,0.308175812,82.2
2023-06-04 10:45,Saltwater,30,0.284913449,71.2
2023-06-04 11:00,Control,5,0.304275607,80
2023-06-04 11:00,Control,15,0.297216473,54.5
2023-06-04 11:00,Control,30,0.351854128,118.3333333
2023-06-04 11:00,Freshwater,5,0.345042604,103.8
2023-06-04 11:00,Freshwater,15,0.311202984,78
2023-06-04 11:00,Freshwater,30,0.320431901,73
2023-06-04 11:00,Saltwater,5,0.341847084,104
2023-06-04 11:00,Saltwater,15,0.307894973,82
2023-06-04 11:00,Saltwater,30,0.284633385,70.8
2023-06-04 11:15,Control,5,0.304097173,80
2023-06-04 11:15,Control,15,0.297243627,53.5
2023-06-04 11:15,Control,30,0.351720949,119
2023-06-04 11:15,Freshwater,5,0.344819949,102.4
2023-06-04 11:15,Freshwater,15,0.310998173,78
2023-06-04 11:15,Freshwater,30,0.320230193,72.6
2023-06-04 11:15,Saltwater,5,0.34149875,103.8
2023-06-04 11:15,Saltwater,15,0.307740588,82.6
2023-06-04 11:15,Saltwater,30,0.284808716,72.6
2023-06-04 11:30,Control,5,0.304001491,80
2023-06-04 11:30,Control,15,0.296667595,54
2023-06-04 11:30,Control,30,0.351934294,121.3333333
2023-06-04 11:30,Freshwater,5,0.344724526,104
2023-06-04 11:30,Freshwater,15,0.310811981,77.8
2023-06-04 11:30,Freshwater,30,0.320213125,74
2023-06-04 11:30,Saltwater,5,0.341723732,102.8
2023-06-04 11:30,Saltwater,15,0.307638959,80.8
2023-06-04 11:30,Saltwater,30,0.284482104,70.6
2023-06-04 11:45,Control,5,0.303909688,79.33333333
2023-06-04 11:45,Control,15,0.296448432,54
2023-06-04 11:45,Control,30,0.351475279,119.6666667
2023-06-04 11:45,Freshwater,5,0.344693494,103.8
2023-06-04 11:45,Freshwater,15,0.310905077,77.6
2023-06-04 11:45,Freshwater,30,0.320132442,73.4
2023-06-04 11:45,Saltwater,5,0.34139712,102.6
2023-06-04 11:45,Saltwater,15,0.30747992,80.8
2023-06-04 11:45,Saltwater,30,0.284600802,71.8
2023-06-04 12:00,Control,5,0.303742891,80
2023-06-04 12:00,Control,15,0.299460475,52.5
2023-06-04 12:00,Control,30,0.351427438,118.3333333
2023-06-04 12:00,Freshwater,5,0.344473943,104.2
2023-06-04 12:00,Freshwater,15,0.31074371,77.6
2023-06-04 12:00,Freshwater,30,0.319978833,74
2023-06-04 12:00,Saltwater,5,0.341022408,104
2023-06-04 12:00,Saltwater,15,0.307392254,82
2023-06-04 12:00,Saltwater,30,0.28437582,70.8
2023-06-04 12:15,Control,5,0.303401539,80.33333333
2023-06-04 12:15,Control,15,0.296297151,53
2023-06-04 12:15,Control,30,0.351360202,118.3333333
2023-06-04 12:15,Freshwater,5,0.34424812,103.95
2023-06-04 12:15,Freshwater,15,0.310534244,77.46666667
2023-06-04 12:15,Freshwater,30,0.319709372,73.46666667
2023-06-04 12:15,Saltwater,5,0.341141106,101.8
2023-06-04 12:15,Saltwater,15,0.307216923,80.6
2023-06-04 12:15,Saltwater,30,0.284227642,71.4
2023-06-04 12:30,Control,5,0.303277411,80.33333333
2023-06-04 12:30,Control,15,0.295959678,51
2023-06-04 12:30,Control,30,0.351551566,120
2023-06-04 12:30,Freshwater,5,0.344022298,103.7
2023-06-04 12:30,Freshwater,15,0.310324778,77.33333333
2023-06-04 12:30,Freshwater,30,0.319439911,72.93333333
2023-06-04 12:30,Saltwater,5,0.341018529,102
2023-06-04 12:30,Saltwater,15,0.3070734,81.2
2023-06-04 12:30,Saltwater,30,0.284112048,70.4
2023-06-04 12:45,Control,5,0.303248965,80
2023-06-04 12:45,Control,15,0.298896081,53.5
2023-06-04 12:45,Control,30,0.351214093,117.6666667
2023-06-04 12:45,Freshwater,5,0.343796475,103.45
2023-06-04 12:45,Freshwater,15,0.310115312,77.2
2023-06-04 12:45,Freshwater,30,0.31917045,72.4
2023-06-04 12:45,Saltwater,5,0.341027063,103.6
2023-06-04 12:45,Saltwater,15,0.307040817,80.6
2023-06-04 12:45,Saltwater,30,0.283939044,71
2023-06-04 13:00,Control,5,0.303137767,80.33333333
2023-06-04 13:00,Control,15,0.296120656,52.5
2023-06-04 13:00,Control,30,0.351102895,118.6666667
2023-06-04 13:00,Freshwater,5,0.34370978,102
2023-06-04 13:00,Freshwater,15,0.309916707,77.6
2023-06-04 13:00,Freshwater,30,0.318992016,72.8
2023-06-04 13:00,Saltwater,5,0.340936295,103.4
2023-06-04 13:00,Saltwater,15,0.30691824,81.2
2023-06-04 13:00,Saltwater,30,0.283711735,71.4
2023-06-04 13:15,Control,5,0.30303562,79
2023-06-04 13:15,Control,15,0.295812276,52.5
2023-06-04 13:15,Control,30,0.350764129,118.3333333
2023-06-04 13:15,Freshwater,5,0.343636854,103
2023-06-04 13:15,Freshwater,15,0.309832921,76.4
2023-06-04 13:15,Freshwater,30,0.319058735,72.6
2023-06-04 13:15,Saltwater,5,0.340687263,102.4
2023-06-04 13:15,Saltwater,15,0.306744461,81.8
2023-06-04 13:15,Saltwater,30,0.283707856,70.8
2023-06-04 13:30,Control,5,0.302796415,79.33333333
2023-06-04 13:30,Control,15,0.295472863,53.5
2023-06-04 13:30,Control,30,0.350720167,117
2023-06-04 13:30,Freshwater,5,0.343293951,102.6
2023-06-04 13:30,Freshwater,15,0.309743704,77.4
2023-06-04 13:30,Freshwater,30,0.318887283,73.2
2023-06-04 13:30,Saltwater,5,0.340387804,101
2023-06-04 13:30,Saltwater,15,0.306687828,80.8
2023-06-04 13:30,Saltwater,30,0.283866895,70
2023-06-04 13:45,Control,5,0.302690389,79.66666667
2023-06-04 13:45,Control,15,0.295474802,53.5
2023-06-04 13:45,Control,30,0.35057923,117.6666667
2023-06-04 13:45,Freshwater,5,0.343051901,103.2
2023-06-04 13:45,Freshwater,15,0.309518722,77
2023-06-04 13:45,Freshwater,30,0.318660749,72.4
2023-06-04 13:45,Saltwater,5,0.340358324,101.6
2023-06-04 13:45,Saltwater,15,0.306597835,81.8
2023-06-04 13:45,Saltwater,30,0.283676824,71.4
2023-06-04 14:00,Control,5,0.302636083,80
2023-06-04 14:00,Control,15,0.295046173,54
2023-06-04 14:00,Control,30,0.350659396,119
2023-06-04 14:00,Freshwater,5,0.343003802,102.8
2023-06-04 14:00,Freshwater,15,0.309164957,77.2
2023-06-04 14:00,Freshwater,30,0.318466023,72.6
2023-06-04 14:00,Saltwater,5,0.34046616,101.4
2023-06-04 14:00,Saltwater,15,0.30644733,82
2023-06-04 14:00,Saltwater,30,0.283506924,70
2023-06-04 14:15,Control,5,0.302359381,80.66666667
2023-06-04 14:15,Control,15,0.29482507,54
2023-06-04 14:15,Control,30,0.350246929,119.6666667
2023-06-04 14:15,Freshwater,5,0.343081382,101.8
2023-06-04 14:15,Freshwater,15,0.309461313,77.4
2023-06-04 14:15,Freshwater,30,0.318410166,71.8
2023-06-04 14:15,Saltwater,5,0.340342032,101.2
2023-06-04 14:15,Saltwater,15,0.306293721,81.4
2023-06-04 14:15,Saltwater,30,0.28344486,69.8
2023-06-04 14:30,Control,5,0.302069749,80
2023-06-04 14:30,Control,15,0.294753309,52
2023-06-04 14:30,Control,30,0.350383987,118.3333333
2023-06-04 14:30,Freshwater,5,0.342891311,104
2023-06-04 14:30,Freshwater,15,0.309309256,77.8
2023-06-04 14:30,Freshwater,30,0.318098294,71.8
2023-06-04 14:30,Saltwater,5,0.340189975,100
2023-06-04 14:30,Saltwater,15,0.306164939,80.4
2023-06-04 14:30,Saltwater,30,0.28335254,70.4
2023-06-04 14:45,Control,5,0.30213052,79.66666667
2023-06-04 14:45,Control,15,0.294761067,54
2023-06-04 14:45,Control,30,0.350332267,117.3333333
2023-06-04 14:45,Freshwater,5,0.342712101,103.8
2023-06-04 14:45,Freshwater,15,0.309226245,77.6
2023-06-04 14:45,Freshwater,30,0.317942358,70.8
2023-06-04 14:45,Saltwater,5,0.339972751,101.2
2023-06-04 14:45,Saltwater,15,0.306058654,78.4
2023-06-04 14:45,Saltwater,30,0.283051529,70
2023-06-04 15:00,Control,5,0.301891315,80
2023-06-04 15:00,Control,15,0.294960835,52.5
2023-06-04 15:00,Control,30,0.349838341,118
2023-06-04 15:00,Freshwater,5,0.342314891,102.6
2023-06-04 15:00,Freshwater,15,0.309032295,77
2023-06-04 15:00,Freshwater,30,0.317826764,72.4
2023-06-04 15:00,Saltwater,5,0.33979199,103
2023-06-04 15:00,Saltwater,15,0.305998142,82.6
2023-06-04 15:00,Saltwater,30,0.282839736,69.6
2023-06-04 15:15,Control,5,0.301645645,78.33333333
2023-06-04 15:15,Control,15,0.297759534,54
2023-06-04 15:15,Control,30,0.34993273,118.6666667
2023-06-04 15:15,Freshwater,5,0.342568578,103
2023-06-04 15:15,Freshwater,15,0.308975662,77
2023-06-04 15:15,Freshwater,30,0.317679362,71.8
2023-06-04 15:15,Saltwater,5,0.339503392,101.8
2023-06-04 15:15,Saltwater,15,0.305876341,80.8
2023-06-04 15:15,Saltwater,30,0.282858355,70.4
2023-06-04 15:30,Control,5,0.301853818,80
2023-06-04 15:30,Control,15,0.29466991,53
2023-06-04 15:30,Control,30,0.350019361,119.3333333
2023-06-04 15:30,Freshwater,5,0.342086806,101.8
2023-06-04 15:30,Freshwater,15,0.309043932,77.4
2023-06-04 15:30,Freshwater,30,0.3175467,72
2023-06-04 15:30,Saltwater,5,0.339641484,102.2
2023-06-04 15:30,Saltwater,15,0.305682391,80.8
2023-06-04 15:30,Saltwater,30,0.282963088,70
2023-06-04 15:45,Control,5,0.301655989,79.33333333
2023-06-04 15:45,Control,15,0.297222292,52.5
2023-06-04 15:45,Control,30,0.34998445,118.3333333
2023-06-04 15:45,Freshwater,5,0.341957247,102.8
2023-06-04 15:45,Freshwater,15,0.308832139,77
2023-06-04 15:45,Freshwater,30,0.317576181,72.8
2023-06-04 15:45,Saltwater,5,0.339428915,101.6
2023-06-04 15:45,Saltwater,15,0.305649807,82
2023-06-04 15:45,Saltwater,30,0.2826838,69.4
2023-06-04 16:00,Control,5,0.301593925,80
2023-06-04 16:00,Control,15,0.294324679,54.5
2023-06-04 16:00,Control,30,0.349742659,119.6666667
2023-06-04 16:00,Freshwater,5,0.341836998,103
2023-06-04 16:00,Freshwater,15,0.308763093,78.6
2023-06-04 16:00,Freshwater,30,0.317365939,70.8
2023-06-04 16:00,Saltwater,5,0.33957399,101.6
2023-06-04 16:00,Saltwater,15,0.305597829,80.6
2023-06-04 16:00,Saltwater,30,0.28271328,70.6
2023-06-04 16:15,Control,5,0.301372822,81
2023-06-04 16:15,Control,15,0.294311103,53.5
2023-06-04 16:15,Control,30,0.349645684,118.3333333
2023-06-04 16:15,Freshwater,5,0.341893632,103
2023-06-04 16:15,Freshwater,15,0.308696374,78.2
2023-06-04 16:15,Freshwater,30,0.317228622,71.8
2023-06-04 16:15,Saltwater,5,0.339259791,101
2023-06-04 16:15,Saltwater,15,0.305354228,80.6
2023-06-04 16:15,Saltwater,30,0.282378135,71.4
2023-06-04 16:30,Control,5,0.301158184,80
2023-06-04 16:30,Control,15,0.293944537,51.5
2023-06-04 16:30,Control,30,0.349025044,118
2023-06-04 16:30,Freshwater,5,0.341666322,102
2023-06-04 16:30,Freshwater,15,0.308716545,77
2023-06-04 16:30,Freshwater,30,0.317181299,71.8
2023-06-04 16:30,Saltwater,5,0.339189969,104
2023-06-04 16:30,Saltwater,15,0.305265011,80.6
2023-06-04 16:30,Saltwater,30,0.282330811,68.8
2023-06-04 16:45,Control,5,0.301090948,80.66666667
2023-06-04 16:45,Control,15,0.29401048,53.5
2023-06-04 16:45,Control,30,0.348929362,120
2023-06-04 16:45,Freshwater,5,0.341461511,102.6
2023-06-04 16:45,Freshwater,15,0.309905846,77.6
2023-06-04 16:45,Freshwater,30,0.318116138,72
2023-06-04 16:45,Saltwater,5,0.339028602,101
2023-06-04 16:45,Saltwater,15,0.305284406,82.2
2023-06-04 16:45,Saltwater,30,0.28222763,69.6
2023-06-04 17:00,Control,5,0.301078018,79
2023-06-04 17:00,Control,15,0.294109395,53.5
2023-06-04 17:00,Control,30,0.349159516,117.3333333
2023-06-04 17:00,Freshwater,5,0.341473924,103.6
2023-06-04 17:00,Freshwater,15,0.308383727,77.2
2023-06-04 17:00,Freshwater,30,0.317064929,70.8
2023-06-04 17:00,Saltwater,5,0.339154282,103.4
2023-06-04 17:00,Saltwater,15,0.305064078,78.8
2023-06-04 17:00,Saltwater,30,0.281897139,70.6
2023-06-04 17:15,Control,5,0.300955183,79.33333333
2023-06-04 17:15,Control,15,0.293903808,53.5
2023-06-04 17:15,Control,30,0.349246147,117
2023-06-04 17:15,Freshwater,5,0.341543746,103.2
2023-06-04 17:15,Freshwater,15,0.308383727,77.2
2023-06-04 17:15,Freshwater,30,0.316829085,72
2023-06-04 17:15,Saltwater,5,0.338906802,103.2
2023-06-04 17:15,Saltwater,15,0.305069509,82.2
2023-06-04 17:15,Saltwater,30,0.28189326,69.2
2023-06-04 17:30,Control,5,0.300971992,79.33333333
2023-06-04 17:30,Control,15,0.294146245,53.5
2023-06-04 17:30,Control,30,0.349538365,118.3333333
2023-06-04 17:30,Freshwater,5,0.341365312,102.8
2023-06-04 17:30,Freshwater,15,0.30861957,78.2
2023-06-04 17:30,Freshwater,30,0.316681683,72.6
2023-06-04 17:30,Saltwater,5,0.338662425,104.2
2023-06-04 17:30,Saltwater,15,0.304991929,80.4
2023-06-04 17:30,Saltwater,30,0.281807146,69.6
2023-06-04 17:45,Control,5,0.300864673,80.33333333
2023-06-04 17:45,Control,15,0.293826228,53
2023-06-04 17:45,Control,30,0.348929362,117.3333333
2023-06-04 17:45,Freshwater,5,0.341484785,102.6
2023-06-04 17:45,Freshwater,15,0.308264253,77
2023-06-04 17:45,Freshwater,30,0.316694096,71.6
2023-06-04 17:45,Saltwater,5,0.33870587,100.8
2023-06-04 17:45,Saltwater,15,0.30488642,80.6
2023-06-04 17:45,Saltwater,30,0.281996441,69.6
2023-06-04 18:00,Control,5,0.300796144,79.33333333
2023-06-04 18:00,Control,15,0.296465887,52
2023-06-04 18:00,Control,30,0.3490147,117.3333333
2023-06-04 18:00,Freshwater,5,0.341384707,102.8
2023-06-04 18:00,Freshwater,15,0.308232446,77.8
2023-06-04 18:00,Freshwater,30,0.316740644,71.6
2023-06-04 18:00,Saltwater,5,0.338808275,101
2023-06-04 18:00,Saltwater,15,0.30493452,79
2023-06-04 18:00,Saltwater,30,0.282318398,69.8
2023-06-04 18:15,Control,5,0.300691411,78.66666667
2023-06-04 18:15,Control,15,0.293927081,53.5
2023-06-04 18:15,Control,30,0.348881521,119.3333333
2023-06-04 18:15,Freshwater,5,0.341362209,102
2023-06-04 18:15,Freshwater,15,0.308189777,77.6
2023-06-04 18:15,Freshwater,30,0.316664616,71.4
2023-06-04 18:15,Saltwater,5,0.338689578,101.2
2023-06-04 18:15,Saltwater,15,0.304690143,81.2
2023-06-04 18:15,Saltwater,30,0.281755943,69.4
2023-06-04 18:30,Control,5,0.300753475,80
2023-06-04 18:30,Control,15,0.29401048,52
2023-06-04 18:30,Control,30,0.348827215,117.6666667
2023-06-04 18:30,Freshwater,5,0.341270664,102.8
2023-06-04 18:30,Freshwater,15,0.308137022,76.8
2023-06-04 18:30,Freshwater,30,0.316501698,72.2
2023-06-04 18:30,Saltwater,5,0.338325728,104
2023-06-04 18:30,Saltwater,15,0.304680833,78.6
2023-06-04 18:30,Saltwater,30,0.281818007,69.4
2023-06-04 18:45,Control,5,0.30064357,78.33333333
2023-06-04 18:45,Control,15,0.29397363,53.5
2023-06-04 18:45,Control,30,0.348550513,117.3333333
2023-06-04 18:45,Freshwater,5,0.341044907,101.8
2023-06-04 18:45,Freshwater,15,0.308041599,77
2023-06-04 18:45,Freshwater,30,0.316559107,72.8
2023-06-04 18:45,Saltwater,5,0.338593379,101.8
2023-06-04 18:45,Saltwater,15,0.304583082,81
2023-06-04 18:45,Saltwater,30,0.281598456,70.6
2023-06-04 19:00,Control,5,0.300456085,80.33333333
2023-06-04 19:00,Control,15,0.293715676,54
2023-06-04 19:00,Control,30,0.348849196,117.3333333
2023-06-04 19:00,Freshwater,5,0.341096885,103
2023-06-04 19:00,Freshwater,15,0.307992723,77.4
2023-06-04 19:00,Freshwater,30,0.316478424,71.4
2023-06-04 19:00,Saltwater,5,0.338692681,102.2
2023-06-04 19:00,Saltwater,15,0.30449852,79.4
2023-06-04 19:00,Saltwater,30,0.281616299,69.6
2023-06-04 19:15,Control,5,0.300485824,79.33333333
2023-06-04 19:15,Control,15,0.293705979,54
2023-06-04 19:15,Control,30,0.348682399,117.3333333
2023-06-04 19:15,Freshwater,5,0.341002238,103.2
2023-06-04 19:15,Freshwater,15,0.308054787,77.2
2023-06-04 19:15,Freshwater,30,0.316265855,72.4
2023-06-04 19:15,Saltwater,5,0.338660873,102.8
2023-06-04 19:15,Saltwater,15,0.304605581,80.6
2023-06-04 19:15,Saltwater,30,0.281387438,69.6
2023-06-04 19:30,Control,5,0.300262135,79.66666667
2023-06-04 19:30,Control,15,0.293769982,54
2023-06-04 19:30,Control,30,0.348650074,116.6666667
2023-06-04 19:30,Freshwater,5,0.341106971,102
2023-06-04 19:30,Freshwater,15,0.308109093,76.8
2023-06-04 19:30,Freshwater,30,0.316147933,72
2023-06-04 19:30,Saltwater,5,0.338355984,101.2
2023-06-04 19:30,Saltwater,15,0.304617218,79.4
2023-06-04 19:30,Saltwater,30,0.281624833,69.8
2023-06-04 19:45,Control,5,0.300315148,79.66666667
2023-06-04 19:45,Control,15,0.293946476,54
2023-06-04 19:45,Control,30,0.348413455,119.6666667
2023-06-04 19:45,Freshwater,5,0.340866473,102.2
2023-06-04 19:45,Freshwater,15,0.30808194,76.6
2023-06-04 19:45,Freshwater,30,0.316393086,72.2
2023-06-04 19:45,Saltwater,5,0.338538297,102
2023-06-04 19:45,Saltwater,15,0.304624976,80.8
2023-06-04 19:45,Saltwater,30,0.281600783,68.6
2023-06-04 20:00,Control,5,0.300172918,80.33333333
2023-06-04 20:00,Control,15,0.294278131,52.5
2023-06-04 20:00,Control,30,0.348783253,117
2023-06-04 20:00,Freshwater,5,0.341078266,102.2
2023-06-04 20:00,Freshwater,15,0.308018325,77.4
2023-06-04 20:00,Freshwater,30,0.316468338,71
2023-06-04 20:00,Saltwater,5,0.338226425,100.4
2023-06-04 20:00,Saltwater,15,0.304464385,80.4
2023-06-04 20:00,Saltwater,30,0.281328477,69.8
2023-06-04 20:15,Control,5,0.300238861,80
2023-06-04 20:15,Control,15,0.293965872,53
2023-06-04 20:15,Control,30,0.348631972,118
2023-06-04 20:15,Freshwater,5,0.341016978,103
2023-06-04 20:15,Freshwater,15,0.307999706,77.2
2023-06-04 20:15,Freshwater,30,0.31636826,72.7
2023-06-04 20:15,Saltwater,5,0.33823108,99.6
2023-06-04 20:15,Saltwater,15,0.304512485,80.4
2023-06-04 20:15,Saltwater,30,0.281459588,69
2023-06-04 20:30,Control,5,0.300416002,79
2023-06-04 20:30,Control,15,0.293903808,54.5
2023-06-04 20:30,Control,30,0.348289327,118
2023-06-04 20:30,Freshwater,5,0.340954138,102.2
2023-06-04 20:30,Freshwater,15,0.309286758,76.8
2023-06-04 20:30,Freshwater,30,0.316220858,72.2
2023-06-04 20:30,Saltwater,5,0.338365293,100.6
2023-06-04 20:30,Saltwater,15,0.304576876,79.2
2023-06-04 20:30,Saltwater,30,0.281380456,68.6
2023-06-04 20:45,Control,5,0.300236275,78
2023-06-04 20:45,Control,15,0.294353772,54
2023-06-04 20:45,Control,30,0.348863419,118.3333333
2023-06-04 20:45,Freshwater,5,0.341069732,101
2023-06-04 20:45,Freshwater,15,0.308063321,76.2
2023-06-04 20:45,Freshwater,30,0.316339556,71
2023-06-04 20:45,Saltwater,5,0.338471578,100.6
2023-06-04 20:45,Saltwater,15,0.304460506,80.6
2023-06-04 20:45,Saltwater,30,0.281396748,69.2
2023-06-04 21:00,Control,5,0.300302218,79.33333333
2023-06-04 21:00,Control,15,0.294169519,54.5
2023-06-04 21:00,Control,30,0.348555685,117.6666667
2023-06-04 21:00,Freshwater,5,0.340706658,101.6
2023-06-04 21:00,Freshwater,15,0.308033065,77.2
2023-06-04 21:00,Freshwater,30,0.316341883,70.6
2023-06-04 21:00,Saltwater,5,0.338370724,100.6
2023-06-04 21:00,Saltwater,15,0.304482228,78.8
2023-06-04 21:00,Saltwater,30,0.281241588,68.2
2023-06-04 21:15,Control,5,0.300278944,80
2023-06-04 21:15,Control,15,0.293717616,52.5
2023-06-04 21:15,Control,30,0.348642316,117
2023-06-04 21:15,Freshwater,5,0.341130245,100.8
2023-06-04 21:15,Freshwater,15,0.308025307,76.6
2023-06-04 21:15,Freshwater,30,0.316155691,71
2023-06-04 21:15,Saltwater,5,0.338300126,102.6
2023-06-04 21:15,Saltwater,15,0.304490762,79.8
2023-06-04 21:15,Saltwater,30,0.281527082,68.6
2023-06-04 21:30,Control,5,0.300044911,76.33333333
2023-06-04 21:30,Control,15,0.294198612,54
2023-06-04 21:30,Control,30,0.348659125,118
2023-06-04 21:30,Freshwater,5,0.340991376,100.4
2023-06-04 21:30,Freshwater,15,0.307774724,76.8
2023-06-04 21:30,Freshwater,30,0.316125435,71.8
2023-06-04 21:30,Saltwater,5,0.338511144,102.4
2023-06-04 21:30,Saltwater,15,0.304622648,81
2023-06-04 21:30,Saltwater,30,0.281288136,69.4
2023-06-04 21:45,Control,5,0.300247912,79
2023-06-04 21:45,Control,15,0.294122971,54.5
2023-06-04 21:45,Control,30,0.348449659,120.6666667
2023-06-04 21:45,Freshwater,5,0.340981291,103.4
2023-06-04 21:45,Freshwater,15,0.307960916,77
2023-06-04 21:45,Freshwater,30,0.316327919,72
2023-06-04 21:45,Saltwater,5,0.338435891,101
2023-06-04 21:45,Saltwater,15,0.304617993,80.4
2023-06-04 21:45,Saltwater,30,0.281336235,68.6
2023-06-04 22:00,Control,5,0.300090166,78.66666667
2023-06-04 22:00,Control,15,0.29401048,53.5
2023-06-04 22:00,Control,30,0.348481984,120.3333333
2023-06-04 22:00,Freshwater,5,0.340971206,101.2
2023-06-04 22:00,Freshwater,15,0.308090474,77.6
2023-06-04 22:00,Freshwater,30,0.316269734,72
2023-06-04 22:00,Saltwater,5,0.338318745,101.6
2023-06-04 22:00,Saltwater,15,0.304593168,79.4
2023-06-04 22:00,Saltwater,30,0.281580612,69
2023-06-04 22:15,Control,5,0.300038446,79
2023-06-04 22:15,Control,15,0.294144306,51.5
2023-06-04 22:15,Control,30,0.34839406,115.6666667
2023-06-04 22:15,Freshwater,5,0.340785789,101
2023-06-04 22:15,Freshwater,15,0.307862389,77
2023-06-04 22:15,Freshwater,30,0.316250339,71
2023-06-04 22:15,Saltwater,5,0.338403308,101.2
2023-06-04 22:15,Saltwater,15,0.304545068,80
2023-06-04 22:15,Saltwater,30,0.281420022,68.8
2023-06-04 22:30,Control,5,0.300213001,79
2023-06-04 22:30,Control,15,0.293977509,54
2023-06-04 22:30,Control,30,0.348448366,117.3333333
2023-06-04 22:30,Freshwater,5,0.340872679,101.8
2023-06-04 22:30,Freshwater,15,0.307996602,77
2023-06-04 22:30,Freshwater,30,0.31628525,72
2023-06-04 22:30,Saltwater,5,0.338286162,102.4
2023-06-04 22:30,Saltwater,15,0.304417061,80.2
2023-06-04 22:30,Saltwater,30,0.281356406,69
2023-06-04 22:45,Control,5,0.300090166,79.33333333
2023-06-04 22:45,Control,15,0.294233523,53.5
2023-06-04 22:45,Control,30,0.348392767,117.3333333
2023-06-04 22:45,Freshwater,5,0.340846302,101.8
2023-06-04 22:45,Freshwater,15,0.307155635,77.6
2023-06-04 22:45,Freshwater,30,0.316362054,70.8
2023-06-04 22:45,Saltwater,5,0.338369948,100.8
2023-06-04 22:45,Saltwater,15,0.304422492,80.8
2023-06-04 22:45,Saltwater,30,0.281334684,69.4
2023-06-04 23:00,Control,5,0.299787604,78
2023-06-04 23:00,Control,15,0.294268434,52.5
2023-06-04 23:00,Control,30,0.348697915,119.3333333
2023-06-04 23:00,Freshwater,5,0.340965775,101.4
2023-06-04 23:00,Freshwater,15,0.307764638,77.4
2023-06-04 23:00,Freshwater,30,0.316383,72.2
2023-06-04 23:00,Saltwater,5,0.338205479,101.2
2023-06-04 23:00,Saltwater,15,0.304514036,80.2
2023-06-04 23:00,Saltwater,30,0.281025915,68.6
2023-06-04 23:15,Control,5,0.30020395,79.33333333
2023-06-04 23:15,Control,15,0.29416758,55
2023-06-04 23:15,Control,30,0.348372079,118
2023-06-04 23:15,Freshwater,5,0.340982843,101.4
2023-06-04 23:15,Freshwater,15,0.307969449,76.4
2023-06-04 23:15,Freshwater,30,0.316352744,72.4
2023-06-04 23:15,Saltwater,5,0.337963429,99.6
2023-06-04 23:15,Saltwater,15,0.304533431,81.8
2023-06-04 23:15,Saltwater,30,0.281420798,69.6
2023-06-04 23:30,Control,5,0.300175504,78
2023-06-04 23:30,Control,15,0.294522508,54
2023-06-04 23:30,Control,30,0.348126409,117
2023-06-04 23:30,Freshwater,5,0.341113177,101.8
2023-06-04 23:30,Freshwater,15,0.30786782,75.8
2023-06-04 23:30,Freshwater,30,0.316473769,72.2
2023-06-04 23:30,Saltwater,5,0.338137208,100.8
2023-06-04 23:30,Saltwater,15,0.304481453,80.2
2023-06-04 23:30,Saltwater,30,0.281351751,69.4
2023-06-04 23:45,Control,5,0.300000949,79.66666667
2023-06-04 23:45,Control,15,0.29443717,53
2023-06-04 23:45,Control,30,0.34821304,116.6666667
2023-06-04 23:45,Freshwater,5,0.340805184,101.8
2023-06-04 23:45,Freshwater,15,0.307951606,77.6
2023-06-04 23:45,Freshwater,30,0.316318609,72.2
2023-06-04 23:45,Saltwater,5,0.338194617,101.6
2023-06-04 23:45,Saltwater,15,0.304433353,80
2023-06-04 23:45,Saltwater,30,0.281298221,68.8
2023-06-05 00:00,Control,5,0.299968624,78.33333333
2023-06-05 00:00,Control,15,0.294433291,52.5
2023-06-05 00:00,Control,30,0.348377251,118
2023-06-05 00:00,Freshwater,5,0.341016202,102.4
2023-06-05 00:00,Freshwater,15,0.308065649,76.6
2023-06-05 00:00,Freshwater,30,0.316355072,72.2
2023-06-05 00:00,Saltwater,5,0.338127123,99.8
2023-06-05 00:00,Saltwater,15,0.304528001,79
2023-06-05 00:00,Saltwater,30,0.282070142,69.2
2023-06-05 00:15,Control,5,0.300092752,78
2023-06-05 00:15,Control,15,0.294421654,53.5
2023-06-05 00:15,Control,30,0.348300964,117
2023-06-05 00:15,Freshwater,5,0.340682608,102.2
2023-06-05 00:15,Freshwater,15,0.307946175,77.4
2023-06-05 00:15,Freshwater,30,0.316155691,71.8
2023-06-05 00:15,Saltwater,5,0.338252802,101
2023-06-05 00:15,Saltwater,15,0.304625751,79.4
2023-06-05 00:15,Saltwater,30,0.281273396,69.2
2023-06-05 00:30,Control,5,0.299785018,79.66666667
2023-06-05 00:30,Control,15,0.294340195,55
2023-06-05 00:30,Control,30,0.347999695,117
2023-06-05 00:30,Freshwater,5,0.340836216,102.4
2023-06-05 00:30,Freshwater,15,0.307936866,76.4
2023-06-05 00:30,Freshwater,30,0.316441961,72.6
2023-06-05 00:30,Saltwater,5,0.338078247,101.6
2023-06-05 00:30,Saltwater,15,0.304676178,80.4
2023-06-05 00:30,Saltwater,30,0.281233054,69.4
2023-06-05 00:45,Control,5,0.299707438,79
2023-06-05 00:45,Control,15,0.294307224,54
2023-06-05 00:45,Control,30,0.347892376,117.6666667
2023-06-05 00:45,Freshwater,5,0.340918451,101.6
2023-06-05 00:45,Freshwater,15,0.307939193,77.8
2023-06-05 00:45,Freshwater,30,0.316372915,72.4
2023-06-05 00:45,Saltwater,5,0.338324952,101.2
2023-06-05 00:45,Saltwater,15,0.304393011,80.4
2023-06-05 00:45,Saltwater,30,0.281032898,68.6
2023-06-05 01:00,Control,5,0.29984191,78.66666667
2023-06-05 01:00,Control,15,0.294132668,53.5
2023-06-05 01:00,Control,30,0.348275104,117
2023-06-05 01:00,Freshwater,5,0.340917675,101.6
2023-06-05 01:00,Freshwater,15,0.308033065,76.4
2023-06-05 01:00,Freshwater,30,0.316407826,71.8
2023-06-05 01:00,Saltwater,5,0.338231856,100.8
2023-06-05 01:00,Saltwater,15,0.304387581,81
2023-06-05 01:00,Saltwater,30,0.281304428,70.2
2023-06-05 01:15,Control,5,0.300037153,78.66666667
2023-06-05 01:15,Control,15,0.294351832,53.5
2023-06-05 01:15,Control,30,0.348476812,117.3333333
2023-06-05 01:15,Freshwater,5,0.340528224,102.2
2023-06-05 01:15,Freshwater,15,0.307937642,77.2
2023-06-05 01:15,Freshwater,30,0.316396189,72.4
2023-06-05 01:15,Saltwater,5,0.338058852,101
2023-06-05 01:15,Saltwater,15,0.304660662,79.2
2023-06-05 01:15,Saltwater,30,0.281068584,69.4
2023-06-05 01:30,Control,5,0.299949229,79.66666667
2023-06-05 01:30,Control,15,0.294549661,51
2023-06-05 01:30,Control,30,0.348235021,117.3333333
2023-06-05 01:30,Freshwater,5,0.340842423,102
2023-06-05 01:30,Freshwater,15,0.307925229,76
2023-06-05 01:30,Freshwater,30,0.316402395,72.4
2023-06-05 01:30,Saltwater,5,0.33807592,99.8
2023-06-05 01:30,Saltwater,15,0.304564463,80.2
2023-06-05 01:30,Saltwater,30,0.281174093,68.8
2023-06-05 01:45,Control,5,0.299849668,79.33333333
2023-06-05 01:45,Control,15,0.294441049,53.5
2023-06-05 01:45,Control,30,0.348123823,115.6666667
2023-06-05 01:45,Freshwater,5,0.340733811,100.8
2023-06-05 01:45,Freshwater,15,0.307713435,77.4
2023-06-05 01:45,Freshwater,30,0.316241029,72.6
2023-06-05 01:45,Saltwater,5,0.338061956,100
2023-06-05 01:45,Saltwater,15,0.304572221,78
2023-06-05 01:45,Saltwater,30,0.281308307,69.6
2023-06-05 02:00,Control,5,0.299778553,79.33333333
2023-06-05 02:00,Control,15,0.294404199,53.5
2023-06-05 02:00,Control,30,0.347716528,115.6666667
2023-06-05 02:00,Freshwater,5,0.340788893,101.2
2023-06-05 02:00,Freshwater,15,0.307977207,77.4
2023-06-05 02:00,Freshwater,30,0.316348865,70
2023-06-05 02:00,Saltwater,5,0.337812924,99.6
2023-06-05 02:00,Saltwater,15,0.304438784,80.4
2023-06-05 02:00,Saltwater,30,0.28138899,69.2
2023-06-05 02:15,Control,5,0.299672527,80.66666667
2023-06-05 02:15,Control,15,0.294468202,54
2023-06-05 02:15,Control,30,0.348443194,115
2023-06-05 02:15,Freshwater,5,0.341005341,102
2023-06-05 02:15,Freshwater,15,0.307857734,76.4
2023-06-05 02:15,Freshwater,30,0.316340331,71.4
2023-06-05 02:15,Saltwater,5,0.338217116,100
2023-06-05 02:15,Saltwater,15,0.304520243,80.2
2023-06-05 02:15,Saltwater,30,0.281205901,68.8
2023-06-05 02:30,Control,5,0.299857426,80
2023-06-05 02:30,Control,15,0.294378985,53
2023-06-05 02:30,Control,30,0.347717821,117.6666667
2023-06-05 02:30,Freshwater,5,0.340875782,101.4
2023-06-05 02:30,Freshwater,15,0.308016773,77.4
2023-06-05 02:30,Freshwater,30,0.316258097,72.8
2023-06-05 02:30,Saltwater,5,0.33803713,100.4
2023-06-05 02:30,Saltwater,15,0.304659887,78.8
2023-06-05 02:30,Saltwater,30,0.281142285,69.8
2023-06-05 02:45,Control,5,0.299887165,79.66666667
2023-06-05 02:45,Control,15,0.297687772,54.5
2023-06-05 02:45,Control,30,0.347831605,117.6666667
2023-06-05 02:45,Freshwater,5,0.340795099,102.4
2023-06-05 02:45,Freshwater,15,0.307954709,77
2023-06-05 02:45,Freshwater,30,0.316158794,72.6
2023-06-05 02:45,Saltwater,5,0.337951792,99.6
2023-06-05 02:45,Saltwater,15,0.304400769,80
2023-06-05 02:45,Saltwater,30,0.281071688,68.8
2023-06-05 03:00,Control,5,0.299774674,78.66666667
2023-06-05 03:00,Control,15,0.294454626,54
2023-06-05 03:00,Control,30,0.348107014,114.3333333
2023-06-05 03:00,Freshwater,5,0.340726053,100.6
2023-06-05 03:00,Freshwater,15,0.307890318,76.4
2023-06-05 03:00,Freshwater,30,0.316417136,72.2
2023-06-05 03:00,Saltwater,5,0.337836974,100.4
2023-06-05 03:00,Saltwater,15,0.304568342,80.8
2023-06-05 03:00,Saltwater,30,0.281126769,69.2
2023-06-05 03:15,Control,5,0.299783725,79.66666667
2023-06-05 03:15,Control,15,0.294623362,53.5
2023-06-05 03:15,Control,30,0.348107014,116
2023-06-05 03:15,Freshwater,5,0.34077648,101.6
2023-06-05 03:15,Freshwater,15,0.30793609,76.8
2023-06-05 03:15,Freshwater,30,0.31624646,70.8
2023-06-05 03:15,Saltwater,5,0.337888176,100.8
2023-06-05 03:15,Saltwater,15,0.304451972,80.2
2023-06-05 03:15,Saltwater,30,0.280997211,70.2
2023-06-05 03:30,Control,5,0.299669941,78
2023-06-05 03:30,Control,15,0.29451475,53
2023-06-05 03:30,Control,30,0.348231142,116.6666667
2023-06-05 03:30,Freshwater,5,0.34046616,101.8
2023-06-05 03:30,Freshwater,15,0.308001257,77.4
2023-06-05 03:30,Freshwater,30,0.316312403,70.4
2023-06-05 03:30,Saltwater,5,0.338004546,100
2023-06-05 03:30,Saltwater,15,0.304363531,79.2
2023-06-05 03:30,Saltwater,30,0.281266413,69.6
2023-06-05 03:45,Control,5,0.299615635,79.33333333
2023-06-05 03:45,Control,15,0.294611725,54
2023-06-05 03:45,Control,30,0.347848414,116.6666667
2023-06-05 03:45,Freshwater,5,0.340741569,101.4
2023-06-05 03:45,Freshwater,15,0.307853855,76.8
2023-06-05 03:45,Freshwater,30,0.316212324,71.4
2023-06-05 03:45,Saltwater,5,0.338165913,100.2
2023-06-05 03:45,Saltwater,15,0.304405424,79.2
2023-06-05 03:45,Saltwater,30,0.281081773,68.6
2023-06-05 04:00,Control,5,0.299724247,76
2023-06-05 04:00,Control,15,0.294834767,53.5
2023-06-05 04:00,Control,30,0.347830312,118.6666667
2023-06-05 04:00,Freshwater,5,0.340789668,100.8
2023-06-05 04:00,Freshwater,15,0.307919798,77.2
2023-06-05 04:00,Freshwater,30,0.316213876,70.2
2023-06-05 04:00,Saltwater,5,0.337839301,100.4
2023-06-05 04:00,Saltwater,15,0.304669972,79.4
2023-06-05 04:00,Saltwater,30,0.281062378,69
2023-06-05 04:15,Control,5,0.299547106,78.33333333
2023-06-05 04:15,Control,15,0.294545782,53.5
2023-06-05 04:15,Control,30,0.347870395,117
2023-06-05 04:15,Freshwater,5,0.340397114,101.2
2023-06-05 04:15,Freshwater,15,0.307922126,77.2
2023-06-05 04:15,Freshwater,30,0.316312403,72.4
2023-06-05 04:15,Saltwater,5,0.33800765,99.8
2023-06-05 04:15,Saltwater,15,0.304441887,79.2
2023-06-05 04:15,Saltwater,30,0.281130648,69.8
2023-06-05 04:30,Control,5,0.299576845,78.66666667
2023-06-05 04:30,Control,15,0.294462384,52
2023-06-05 04:30,Control,30,0.348002281,118.3333333
2023-06-05 04:30,Freshwater,5,0.340601925,102
2023-06-05 04:30,Freshwater,15,0.307905058,78
2023-06-05 04:30,Freshwater,30,0.316332573,71.4
2023-06-05 04:30,Saltwater,5,0.338081351,102
2023-06-05 04:30,Saltwater,15,0.304598598,80.4
2023-06-05 04:30,Saltwater,30,0.281515445,69
2023-06-05 04:45,Control,5,0.29951866,78
2023-06-05 04:45,Control,15,0.294846405,53
2023-06-05 04:45,Control,30,0.347765662,117.3333333
2023-06-05 04:45,Freshwater,5,0.340401768,102.2
2023-06-05 04:45,Freshwater,15,0.307823599,76.4
2023-06-05 04:45,Freshwater,30,0.3162131,72.6
2023-06-05 04:45,Saltwater,5,0.337873436,100.6
2023-06-05 04:45,Saltwater,15,0.304735139,79.2
2023-06-05 04:45,Saltwater,30,0.281246243,69
2023-06-05 05:00,Control,5,0.29955745,79
2023-06-05 05:00,Control,15,0.294799857,52
2023-06-05 05:00,Control,30,0.347759197,117.3333333
2023-06-05 05:00,Freshwater,5,0.340708209,101.6
2023-06-05 05:00,Freshwater,15,0.307943072,76.8
2023-06-05 05:00,Freshwater,30,0.316407826,71.4
2023-06-05 05:00,Saltwater,5,0.337930845,102.6
2023-06-05 05:00,Saltwater,15,0.304548171,79.6
2023-06-05 05:00,Saltwater,30,0.281247794,69.2
2023-06-05 05:15,Control,5,0.299450131,79.33333333
2023-06-05 05:15,Control,15,0.294646636,53.5
2023-06-05 05:15,Control,30,0.34792858,117.3333333
2023-06-05 05:15,Freshwater,5,0.34039401,102
2023-06-05 05:15,Freshwater,15,0.307877905,76.4
2023-06-05 05:15,Freshwater,30,0.316255769,71.8
2023-06-05 05:15,Saltwater,5,0.337659315,100
2023-06-05 05:15,Saltwater,15,0.3045761,79.6
2023-06-05 05:15,Saltwater,30,0.281181851,69.2
2023-06-05 05:30,Control,5,0.299399704,79.33333333
2023-06-05 05:30,Control,15,0.294877437,52.5
2023-06-05 05:30,Control,30,0.347913064,118
2023-06-05 05:30,Freshwater,5,0.340312551,102.2
2023-06-05 05:30,Freshwater,15,0.307892645,76.6
2023-06-05 05:30,Freshwater,30,0.316181292,72
2023-06-05 05:30,Saltwater,5,0.337937828,99
2023-06-05 05:30,Saltwater,15,0.304452748,80
2023-06-05 05:30,Saltwater,30,0.281044535,69.4
2023-06-05 05:45,Control,5,0.299464354,79.66666667
2023-06-05 05:45,Control,15,0.294850284,53
2023-06-05 05:45,Control,30,0.347513527,115
2023-06-05 05:45,Freshwater,5,0.340584081,100.2
2023-06-05 05:45,Freshwater,15,0.307919022,76.8
2023-06-05 05:45,Freshwater,30,0.316299214,72.8
2023-06-05 05:45,Saltwater,5,0.337992134,100.2
2023-06-05 05:45,Saltwater,15,0.304531104,80
2023-06-05 05:45,Saltwater,30,0.281136855,68.2
2023-06-05 06:00,Control,5,0.299209633,78.33333333
2023-06-05 06:00,Control,15,0.294842525,53.5
2023-06-05 06:00,Control,30,0.34765705,117
2023-06-05 06:00,Freshwater,5,0.340513484,101.2
2023-06-05 06:00,Freshwater,15,0.30796557,76.6
2023-06-05 06:00,Freshwater,30,0.316510232,72
2023-06-05 06:00,Saltwater,5,0.337713621,100
2023-06-05 06:00,Saltwater,15,0.304621097,80
2023-06-05 06:00,Saltwater,30,0.281034449,69.4
2023-06-05 06:15,Control,5,0.299265232,77.66666667
2023-06-05 06:15,Control,15,0.29451475,53
2023-06-05 06:15,Control,30,0.347221309,117.3333333
2023-06-05 06:15,Freshwater,5,0.340346687,101.4
2023-06-05 06:15,Freshwater,15,0.307831357,76.4
2023-06-05 06:15,Freshwater,30,0.316269734,71.8
2023-06-05 06:15,Saltwater,5,0.337791201,100.2
2023-06-05 06:15,Saltwater,15,0.304516364,79.8
2023-06-05 06:15,Saltwater,30,0.281189609,69.6
2023-06-05 06:30,Control,5,0.299491507,79.33333333
2023-06-05 06:30,Control,15,0.294830889,54
2023-06-05 06:30,Control,30,0.347677738,116.6666667
2023-06-05 06:30,Freshwater,5,0.340303242,101.6
2023-06-05 06:30,Freshwater,15,0.307826702,77.2
2023-06-05 06:30,Freshwater,30,0.316154915,72.6
2023-06-05 06:30,Saltwater,5,0.337802063,100
2023-06-05 06:30,Saltwater,15,0.304526449,79.6
2023-06-05 06:30,Saltwater,30,0.281106599,69
2023-06-05 06:45,Control,5,0.29942815,78.33333333
2023-06-05 06:45,Control,15,0.294426503,54.25
2023-06-05 06:45,Control,30,0.347575591,115.6666667
2023-06-05 06:45,Freshwater,5,0.340529,101.4
2023-06-05 06:45,Freshwater,15,0.309246416,76.6
2023-06-05 06:45,Freshwater,30,0.31632947,71.8
2023-06-05 06:45,Saltwater,5,0.337669401,100.8
2023-06-05 06:45,Saltwater,15,0.304424043,80
2023-06-05 06:45,Saltwater,30,0.280927389,68.8
2023-06-05 07:00,Control,5,0.29927299,79
2023-06-05 07:00,Control,15,0.294489537,54.5
2023-06-05 07:00,Control,30,0.347591107,114.6666667
2023-06-05 07:00,Freshwater,5,0.340241178,100.8
2023-06-05 07:00,Freshwater,15,0.307953158,76.8
2023-06-05 07:00,Freshwater,30,0.316337228,72
2023-06-05 07:00,Saltwater,5,0.337683365,100.6
2023-06-05 07:00,Saltwater,15,0.304389908,81.2
2023-06-05 07:00,Saltwater,30,0.281099616,69
2023-06-05 07:15,Control,5,0.299412634,78.33333333
2023-06-05 07:15,Control,15,0.294347953,53.5
2023-06-05 07:15,Control,30,0.347456635,115.6666667
2023-06-05 07:15,Freshwater,5,0.34057322,100.8
2023-06-05 07:15,Freshwater,15,0.308044702,76.8
2023-06-05 07:15,Freshwater,30,0.316286025,72.7
2023-06-05 07:15,Saltwater,5,0.337727586,99.8
2023-06-05 07:15,Saltwater,15,0.30443568,80.4
2023-06-05 07:15,Saltwater,30,0.281042983,69
2023-06-05 07:30,Control,5,0.299174722,78.66666667
2023-06-05 07:30,Control,15,0.294421654,53
2023-06-05 07:30,Control,30,0.347451463,116.3333333
2023-06-05 07:30,Freshwater,5,0.340516587,102
2023-06-05 07:30,Freshwater,15,0.307643613,76.6
2023-06-05 07:30,Freshwater,30,0.316308524,71.6
2023-06-05 07:30,Saltwater,5,0.337582511,100
2023-06-05 07:30,Saltwater,15,0.304517915,79.4
2023-06-05 07:30,Saltwater,30,0.28106393,68.6
2023-06-05 07:45,Control,5,0.299351863,78.33333333
2023-06-05 07:45,Control,15,0.294342134,53.5
2023-06-05 07:45,Control,30,0.347053219,118
2023-06-05 07:45,Freshwater,5,0.339954908,102
2023-06-05 07:45,Freshwater,15,0.307476816,76.4
2023-06-05 07:45,Freshwater,30,0.31607268,71
2023-06-05 07:45,Saltwater,5,0.33748476,100.4
2023-06-05 07:45,Saltwater,15,0.304448869,80.6
2023-06-05 07:45,Saltwater,30,0.280928165,69
2023-06-05 08:00,Control,5,0.299046715,78.66666667
2023-06-05 08:00,Control,15,0.294435231,53.5
2023-06-05 08:00,Control,30,0.346983397,117
2023-06-05 08:00,Freshwater,5,0.340164374,101.6
2023-06-05 08:00,Freshwater,15,0.309054794,77.6
2023-06-05 08:00,Freshwater,30,0.315946225,71
2023-06-05 08:00,Saltwater,5,0.337487088,101.4
2023-06-05 08:00,Saltwater,15,0.304437232,79.6
2023-06-05 08:00,Saltwater,30,0.280918855,69
2023-06-05 08:15,Control,5,0.299013097,78.33333333
2023-06-05 08:15,Control,15,0.294394501,52.5
2023-06-05 08:15,Control,30,0.347054512,117.3333333
2023-06-05 08:15,Freshwater,5,0.340089121,99.8
2023-06-05 08:15,Freshwater,15,0.307644389,76.4
2023-06-05 08:15,Freshwater,30,0.315922951,71.4
2023-06-05 08:15,Saltwater,5,0.337570098,100.6
2023-06-05 08:15,Saltwater,15,0.30424173,79.4
2023-06-05 08:15,Saltwater,30,0.280697752,69
2023-06-05 08:30,Control,5,0.299042836,79.66666667
2023-06-05 08:30,Control,15,0.294091939,54.5
2023-06-05 08:30,Control,30,0.347037703,116.3333333
2023-06-05 08:30,Freshwater,5,0.339721392,102
2023-06-05 08:30,Freshwater,15,0.307704902,77
2023-06-05 08:30,Freshwater,30,0.315825976,70.2
2023-06-05 08:30,Saltwater,5,0.337000661,100
2023-06-05 08:30,Saltwater,15,0.305173466,79.6
2023-06-05 08:30,Saltwater,30,0.280700079,68.4
2023-06-05 08:45,Control,5,0.298793287,79.66666667
2023-06-05 08:45,Control,15,0.293940658,53
2023-06-05 08:45,Control,30,0.347116576,117
2023-06-05 08:45,Freshwater,5,0.339844744,101.6
2023-06-05 08:45,Freshwater,15,0.308819726,76.8
2023-06-05 08:45,Freshwater,30,0.315886488,70.8
2023-06-05 08:45,Saltwater,5,0.337254348,99.4
2023-06-05 08:45,Saltwater,15,0.303949254,78.2
2023-06-05 08:45,Saltwater,30,0.280680684,68.8
2023-06-05 09:00,Control,5,0.29874286,78.66666667
2023-06-05 09:00,Control,15,0.294425533,52.5
2023-06-05 09:00,Control,30,0.346676956,118.6666667
2023-06-05 09:00,Freshwater,5,0.339682602,101.6
2023-06-05 09:00,Freshwater,15,0.307448888,77.4
2023-06-05 09:00,Freshwater,30,0.315894246,71.6
2023-06-05 09:00,Saltwater,5,0.337082896,99.4
2023-06-05 09:00,Saltwater,15,0.304079588,79.8
2023-06-05 09:00,Saltwater,30,0.280624051,68.8
2023-06-05 09:15,Control,5,0.298636834,78.66666667
2023-06-05 09:15,Control,15,0.29404927,54.5
2023-06-05 09:15,Control,30,0.346656268,117
2023-06-05 09:15,Freshwater,5,0.339388574,100.4
2023-06-05 09:15,Freshwater,15,0.307472162,76.6
2023-06-05 09:15,Freshwater,30,0.315420233,70.4
2023-06-05 09:15,Saltwater,5,0.3372078,99.8
2023-06-05 09:15,Saltwater,15,0.303822798,78.8
2023-06-05 09:15,Saltwater,30,0.280533282,68.8
2023-06-05 09:30,Control,5,0.298436419,78.66666667
2023-06-05 09:30,Control,15,0.29656868,53.5
2023-06-05 09:30,Control,30,0.346707988,117.3333333
2023-06-05 09:30,Freshwater,5,0.339242723,100.8
2023-06-05 09:30,Freshwater,15,0.307440354,75.8
2023-06-05 09:30,Freshwater,30,0.315496261,71
2023-06-05 09:30,Saltwater,5,0.336755508,100.4
2023-06-05 09:30,Saltwater,15,0.303835211,79.6
2023-06-05 09:30,Saltwater,30,0.280336229,68.8
2023-06-05 09:45,Control,5,0.298572184,78
2023-06-05 09:45,Control,15,0.293515907,54.5
2023-06-05 09:45,Control,30,0.346947193,115.6666667
2023-06-05 09:45,Freshwater,5,0.339404865,100.6
2023-06-05 09:45,Freshwater,15,0.307213044,75.4
2023-06-05 09:45,Freshwater,30,0.315302311,71.6
2023-06-05 09:45,Saltwater,5,0.336805935,100.6
2023-06-05 09:45,Saltwater,15,0.303579973,79.8
2023-06-05 09:45,Saltwater,30,0.280206671,68.6
2023-06-05 10:00,Control,5,0.297907582,79.33333333
2023-06-05 10:00,Control,15,0.293657491,54.5
2023-06-05 10:00,Control,30,0.346410598,119.3333333
2023-06-05 10:00,Freshwater,5,0.339231862,101
2023-06-05 10:00,Freshwater,15,0.308642068,77.4
2023-06-05 10:00,Freshwater,30,0.315281364,71
2023-06-05 10:00,Saltwater,5,0.336366833,100.8
2023-06-05 10:00,Saltwater,15,0.30364514,80
2023-06-05 10:00,Saltwater,30,0.280131418,68.6
2023-06-05 10:15,Control,5,0.297933442,77.33333333
2023-06-05 10:15,Control,15,0.293601245,53
2023-06-05 10:15,Control,30,0.346269661,116
2023-06-05 10:15,Freshwater,5,0.338832325,101.2
2023-06-05 10:15,Freshwater,15,0.307271229,77.2
2023-06-05 10:15,Freshwater,30,0.315047849,70
2023-06-05 10:15,Saltwater,5,0.33661664,101.6
2023-06-05 10:15,Saltwater,15,0.303451966,78.2
2023-06-05 10:15,Saltwater,30,0.280102713,68.4
2023-06-05 10:30,Control,5,0.297603727,79.33333333
2023-06-05 10:30,Control,15,0.293011638,52.5
2023-06-05 10:30,Control,30,0.345855901,116.6666667
2023-06-05 10:30,Freshwater,5,0.339003001,101.2
2023-06-05 10:30,Freshwater,15,0.307111415,76.2
2023-06-05 10:30,Freshwater,30,0.31488881,71.4
2023-06-05 10:30,Saltwater,5,0.336531302,102.4
2023-06-05 10:30,Saltwater,15,0.303444208,80.4
2023-06-05 10:30,Saltwater,30,0.279978585,69
2023-06-05 10:45,Control,5,0.297452446,79.66666667
2023-06-05 10:45,Control,15,0.292831264,54.5
2023-06-05 10:45,Control,30,0.346248973,116.6666667
2023-06-05 10:45,Freshwater,5,0.33911394,100.4
2023-06-05 10:45,Freshwater,15,0.307057884,76.8
2023-06-05 10:45,Freshwater,30,0.314823642,69.8
2023-06-05 10:45,Saltwater,5,0.335996,100.4
2023-06-05 10:45,Saltwater,15,0.303228536,79.4
2023-06-05 10:45,Saltwater,30,0.279894023,68.2
2023-06-05 11:00,Control,5,0.297408484,78
2023-06-05 11:00,Control,15,0.292520944,52.5
2023-06-05 11:00,Control,30,0.345841678,117.3333333
2023-06-05 11:00,Freshwater,5,0.338666304,101
2023-06-05 11:00,Freshwater,15,0.306931429,77.2
2023-06-05 11:00,Freshwater,30,0.314691756,70.6
2023-06-05 11:00,Saltwater,5,0.336278391,99.8
2023-06-05 11:00,Saltwater,15,0.302999675,80
2023-06-05 11:00,Saltwater,30,0.279676023,68
2023-06-05 11:15,Control,5,0.297199018,79
2023-06-05 11:15,Control,15,0.292738168,52
2023-06-05 11:15,Control,30,0.346018819,115.3333333
2023-06-05 11:15,Freshwater,5,0.338634496,99.6
2023-06-05 11:15,Freshwater,15,0.306911258,76.4
2023-06-05 11:15,Freshwater,30,0.314334113,70.2
2023-06-05 11:15,Saltwater,5,0.335895146,99.4
2023-06-05 11:15,Saltwater,15,0.302770038,79.2
2023-06-05 11:15,Saltwater,30,0.279913418,68
2023-06-05 11:30,Control,5,0.29707489,78.33333333
2023-06-05 11:30,Control,15,0.292716834,52.5
2023-06-05 11:30,Control,30,0.345788665,116
2023-06-05 11:30,Freshwater,5,0.338520453,101.8
2023-06-05 11:30,Freshwater,15,0.306811956,77.2
2023-06-05 11:30,Freshwater,30,0.314418675,70.4
2023-06-05 11:30,Saltwater,5,0.335834634,98.6
2023-06-05 11:30,Saltwater,15,0.302818913,78.6
2023-06-05 11:30,Saltwater,30,0.27968223,67.8
2023-06-05 11:45,Control,5,0.296765863,79
2023-06-05 11:45,Control,15,0.292096194,52.5
2023-06-05 11:45,Control,30,0.345777028,116.6666667
2023-06-05 11:45,Freshwater,5,0.338133329,101.4
2023-06-05 11:45,Freshwater,15,0.306642056,76.2
2023-06-05 11:45,Freshwater,30,0.314089736,71
2023-06-05 11:45,Saltwater,5,0.335557673,100
2023-06-05 11:45,Saltwater,15,0.302562899,79.2
2023-06-05 11:45,Saltwater,30,0.279334671,68.4
2023-06-05 12:00,Control,5,0.296646907,78.33333333
2023-06-05 12:00,Control,15,0.291861514,52.5
2023-06-05 12:00,Control,30,0.345506791,115.6666667
2023-06-05 12:00,Freshwater,5,0.338002219,98.8
2023-06-05 12:00,Freshwater,15,0.306555166,76.4
2023-06-05 12:00,Freshwater,30,0.313815102,70
2023-06-05 12:00,Saltwater,5,0.335688783,99.4
2023-06-05 12:00,Saltwater,15,0.302627291,79.2
2023-06-05 12:00,Saltwater,30,0.279544913,68
2023-06-05 12:15,Control,5,0.296200822,78
2023-06-05 12:15,Control,15,0.291884788,51.5
2023-06-05 12:15,Control,30,0.345196471,118.3333333
2023-06-05 12:15,Freshwater,5,0.33766397,100.8
2023-06-05 12:15,Freshwater,15,0.306404661,76.4
2023-06-05 12:15,Freshwater,30,0.313749935,71.2
2023-06-05 12:15,Saltwater,5,0.335304762,100.4
2023-06-05 12:15,Saltwater,15,0.30243722,78.6
2023-06-05 12:15,Saltwater,30,0.279010387,67
2023-06-05 12:30,Control,5,0.29623444,78.66666667
2023-06-05 12:30,Control,15,0.291774236,50.5
2023-06-05 12:30,Control,30,0.345621868,117
2023-06-05 12:30,Freshwater,5,0.337922312,101.2
2023-06-05 12:30,Freshwater,15,0.306351906,75.4
2023-06-05 12:30,Freshwater,30,0.313587793,69.8
2023-06-05 12:30,Saltwater,5,0.335527417,99.8
2023-06-05 12:30,Saltwater,15,0.302244821,79
2023-06-05 12:30,Saltwater,30,0.279022024,68
2023-06-05 12:45,Control,5,0.296009458,79
2023-06-05 12:45,Control,15,0.291260269,51
2023-06-05 12:45,Control,30,0.345367147,115
2023-06-05 12:45,Freshwater,5,0.33755691,100.6
2023-06-05 12:45,Freshwater,15,0.306139337,75.6
2023-06-05 12:45,Freshwater,30,0.313464441,70.8
2023-06-05 12:45,Saltwater,5,0.33522951,100
2023-06-05 12:45,Saltwater,15,0.302087334,78.6
2023-06-05 12:45,Saltwater,30,0.278952978,67.6
2023-06-05 13:00,Control,5,0.295651297,78
2023-06-05 13:00,Control,15,0.29129324,53.5
2023-06-05 13:00,Control,30,0.345492568,115.6666667
2023-06-05 13:00,Freshwater,5,0.337364511,100.8
2023-06-05 13:00,Freshwater,15,0.305699459,77
2023-06-05 13:00,Freshwater,30,0.313269715,70.4
2023-06-05 13:00,Saltwater,5,0.335005691,99.9
2023-06-05 13:00,Saltwater,15,0.3020307,79.6
2023-06-05 13:00,Saltwater,30,0.278794715,68.4
2023-06-05 13:15,Control,5,0.295421143,76
2023-06-05 13:15,Control,15,0.290990678,51.5
2023-06-05 13:15,Control,30,0.345086566,117
2023-06-05 13:15,Freshwater,5,0.337075138,101
2023-06-05 13:15,Freshwater,15,0.306054775,76.2
2023-06-05 13:15,Freshwater,30,0.31308042,70.6
2023-06-05 13:15,Saltwater,5,0.334878848,99.8
2023-06-05 13:15,Saltwater,15,0.301819683,79
2023-06-05 13:15,Saltwater,30,0.27856275,67
2023-06-05 13:30,Control,5,0.295426315,79
2023-06-05 13:30,Control,15,0.290759878,52
2023-06-05 13:30,Control,30,0.344869342,116.6666667
2023-06-05 13:30,Freshwater,5,0.337175216,99.6
2023-06-05 13:30,Freshwater,15,0.306000469,75.8
2023-06-05 13:30,Freshwater,30,0.312865523,69
2023-06-05 13:30,Saltwater,5,0.334750841,98.4
2023-06-05 13:30,Saltwater,15,0.301575306,78.2
2023-06-05 13:30,Saltwater,30,0.278444829,67
2023-06-05 13:45,Control,5,0.2949673,78.33333333
2023-06-05 13:45,Control,15,0.29052132,52
2023-06-05 13:45,Control,30,0.345139579,116
2023-06-05 13:45,Freshwater,5,0.336865672,100.2
2023-06-05 13:45,Freshwater,15,0.305614121,76.8
2023-06-05 13:45,Freshwater,30,0.312792598,69
2023-06-05 13:45,Saltwater,5,0.334579002,99.3
2023-06-05 13:45,Saltwater,15,0.301256452,78.4
2023-06-05 13:45,Saltwater,30,0.278301306,67.2
2023-06-05 14:00,Control,5,0.294790159,77
2023-06-05 14:00,Control,15,0.290269184,51
2023-06-05 14:00,Control,30,0.344710303,114.6666667
2023-06-05 14:00,Freshwater,5,0.336653103,100.4
2023-06-05 14:00,Freshwater,15,0.305427929,77
2023-06-05 14:00,Freshwater,30,0.312447367,70
2023-06-05 14:00,Saltwater,5,0.334500258,100.8
2023-06-05 14:00,Saltwater,15,0.301379028,78.4
2023-06-05 14:00,Saltwater,30,0.278087185,66.4
2023-06-05 14:15,Control,5,0.294516043,77
2023-06-05 14:15,Control,15,0.28997632,53
2023-06-05 14:15,Control,30,0.344512474,114.6666667
2023-06-05 14:15,Freshwater,5,0.336413381,100.4
2023-06-05 14:15,Freshwater,15,0.306814283,77
2023-06-05 14:15,Freshwater,30,0.312291431,70
2023-06-05 14:15,Saltwater,5,0.334296998,98.8
2023-06-05 14:15,Saltwater,15,0.301217662,79.2
2023-06-05 14:15,Saltwater,30,0.278163989,65.8
2023-06-05 14:30,Control,5,0.294532852,76.33333333
2023-06-05 14:30,Control,15,0.289462352,51.5
2023-06-05 14:30,Control,30,0.344378002,114.6666667
2023-06-05 14:30,Freshwater,5,0.336082114,100.2
2023-06-05 14:30,Freshwater,15,0.305311559,75.6
2023-06-05 14:30,Freshwater,30,0.312156442,70.2
2023-06-05 14:30,Saltwater,5,0.334329582,100.2
2023-06-05 14:30,Saltwater,15,0.301017506,77.6
2023-06-05 14:30,Saltwater,30,0.27770394,67
2023-06-05 14:45,Control,5,0.294221239,79
2023-06-05 14:45,Control,15,0.289464292,52
2023-06-05 14:45,Control,30,0.344356021,116
2023-06-05 14:45,Freshwater,5,0.336008413,99.6
2023-06-05 14:45,Freshwater,15,0.305179673,77
2023-06-05 14:45,Freshwater,30,0.312064122,70.6
2023-06-05 14:45,Saltwater,5,0.333864878,99.8
2023-06-05 14:45,Saltwater,15,0.30082278,78.4
2023-06-05 14:45,Saltwater,30,0.277610844,66.4
2023-06-05 15:00,Control,5,0.294144952,78.66666667
2023-06-05 15:00,Control,15,0.289557388,51.5
2023-06-05 15:00,Control,30,0.344059924,114.6666667
2023-06-05 15:00,Freshwater,5,0.335984363,101
2023-06-05 15:00,Freshwater,15,0.304994256,76.8
2023-06-05 15:00,Freshwater,30,0.311781731,69.2
2023-06-05 15:00,Saltwater,5,0.333783419,99.6
2023-06-05 15:00,Saltwater,15,0.300579954,78.6
2023-06-05 15:00,Saltwater,30,0.277699285,66.8
2023-06-05 15:15,Control,5,0.293972983,78
2023-06-05 15:15,Control,15,0.289660181,54
2023-06-05 15:15,Control,30,0.34406251,113.6666667
2023-06-05 15:15,Freshwater,5,0.335760157,100.6
2023-06-05 15:15,Freshwater,15,0.305193637,77
2023-06-05 15:15,Freshwater,30,0.311564507,68.8
2023-06-05 15:15,Saltwater,5,0.333587917,99
2023-06-05 15:15,Saltwater,15,0.300420915,78
2023-06-05 15:15,Saltwater,30,0.27737888,66.6
2023-06-05 15:30,Control,5,0.293811358,79
2023-06-05 15:30,Control,15,0.289479808,52.5
2023-06-05 15:30,Control,30,0.344052166,117
2023-06-05 15:30,Freshwater,5,0.335736883,99.6
2023-06-05 15:30,Freshwater,15,0.304773153,76.8
2023-06-05 15:30,Freshwater,30,0.311424863,70.6
2023-06-05 15:30,Saltwater,5,0.333681013,98
2023-06-05 15:30,Saltwater,15,0.300396866,77.6
2023-06-05 15:30,Saltwater,30,0.2774231,66.2
2023-06-05 15:45,Control,5,0.293802307,77.33333333
2023-06-05 15:45,Control,15,0.288779649,52
2023-06-05 15:45,Control,30,0.343657801,113.6666667
2023-06-05 15:45,Freshwater,5,0.335515004,101.4
2023-06-05 15:45,Freshwater,15,0.304614114,77
2023-06-05 15:45,Freshwater,30,0.311434172,70.2
2023-06-05 15:45,Saltwater,5,0.333629034,99.8
2023-06-05 15:45,Saltwater,15,0.300167229,78
2023-06-05 15:45,Saltwater,30,0.27738431,67
2023-06-05 16:00,Control,5,0.293667835,78.66666667
2023-06-05 16:00,Control,15,0.28916173,53.5
2023-06-05 16:00,Control,30,0.344092249,114.6666667
2023-06-05 16:00,Freshwater,5,0.335319503,98.6
2023-06-05 16:00,Freshwater,15,0.305950818,76.6
2023-06-05 16:00,Freshwater,30,0.311261169,70.4
2023-06-05 16:00,Saltwater,5,0.333296216,100
2023-06-05 16:00,Saltwater,15,0.30007646,77.6
2023-06-05 16:00,Saltwater,30,0.277139157,66.2
2023-06-05 16:15,Control,5,0.293314846,78.33333333
2023-06-05 16:15,Control,15,0.288795164,52
2023-06-05 16:15,Control,30,0.343466437,112.3333333
2023-06-05 16:15,Freshwater,5,0.335258214,98.2
2023-06-05 16:15,Freshwater,15,0.304472143,76.8
2023-06-05 16:15,Freshwater,30,0.31124255,69.8
2023-06-05 16:15,Saltwater,5,0.333351298,98.4
2023-06-05 16:15,Saltwater,15,0.300042325,78.8
2023-06-05 16:15,Saltwater,30,0.276918054,66
2023-06-05 16:30,Control,5,0.293320018,78.66666667
2023-06-05 16:30,Control,15,0.288638065,50
2023-06-05 16:30,Control,30,0.343628062,115.3333333
2023-06-05 16:30,Freshwater,5,0.334989788,99.8
2023-06-05 16:30,Freshwater,15,0.304325517,76
2023-06-05 16:30,Freshwater,30,0.310865511,70
2023-06-05 16:30,Saltwater,5,0.333359832,98.6
2023-06-05 16:30,Saltwater,15,0.299763813,78
2023-06-05 16:30,Saltwater,30,0.276840474,65.7
2023-06-05 16:45,Control,5,0.293098915,77
2023-06-05 16:45,Control,15,0.28846351,53
2023-06-05 16:45,Control,30,0.343150945,114.6666667
2023-06-05 16:45,Freshwater,5,0.335148827,99.4
2023-06-05 16:45,Freshwater,15,0.30431388,75.8
2023-06-05 16:45,Freshwater,30,0.310858529,69.8
2023-06-05 16:45,Saltwater,5,0.333339661,98.2
2023-06-05 16:45,Saltwater,15,0.299771571,78.2
2023-06-05 16:45,Saltwater,30,0.276780738,67
2023-06-05 17:00,Control,5,0.293126068,78.66666667
2023-06-05 17:00,Control,15,0.288337443,50.5
2023-06-05 17:00,Control,30,0.34333843,115.3333333
2023-06-05 17:00,Freshwater,5,0.335052627,98.8
2023-06-05 17:00,Freshwater,15,0.304266556,76
2023-06-05 17:00,Freshwater,30,0.310683974,69.6
2023-06-05 17:00,Saltwater,5,0.333022359,98
2023-06-05 17:00,Saltwater,15,0.299589258,78.2
2023-06-05 17:00,Saltwater,30,0.276816425,66.2
2023-06-05 17:15,Control,5,0.293004526,77.66666667
2023-06-05 17:15,Control,15,0.288279258,53
2023-06-05 17:15,Control,30,0.343138015,114.3333333
2023-06-05 17:15,Freshwater,5,0.334916087,100
2023-06-05 17:15,Freshwater,15,0.304244058,76.2
2023-06-05 17:15,Freshwater,30,0.310702593,69.4
2023-06-05 17:15,Saltwater,5,0.333043305,98.8
2023-06-05 17:15,Saltwater,15,0.299636582,77.8
2023-06-05 17:15,Saltwater,30,0.276518517,66.6
2023-06-05 17:30,Control,5,0.292957978,77.33333333
2023-06-05 17:30,Control,15,0.288839773,53.5
2023-06-05 17:30,Control,30,0.343522036,116.6666667
2023-06-05 17:30,Freshwater,5,0.334588699,99.6
2023-06-05 17:30,Freshwater,15,0.304127688,76
2023-06-05 17:30,Freshwater,30,0.3106607,70
2023-06-05 17:30,Saltwater,5,0.332822202,99
2023-06-05 17:30,Saltwater,15,0.299467457,77.4
2023-06-05 17:30,Saltwater,30,0.276542567,66
2023-06-05 17:45,Control,5,0.292826092,78.66666667
2023-06-05 17:45,Control,15,0.288779649,53.5
2023-06-05 17:45,Control,30,0.34349359,116
2023-06-05 17:45,Freshwater,5,0.334504913,98.8
2023-06-05 17:45,Freshwater,15,0.304261125,76.8
2023-06-05 17:45,Freshwater,30,0.310504764,70
2023-06-05 17:45,Saltwater,5,0.332784188,99.8
2023-06-05 17:45,Saltwater,15,0.30020757,78.8
2023-06-05 17:45,Saltwater,30,0.276478952,65.6
2023-06-05 18:00,Control,5,0.292801525,77.66666667
2023-06-05 18:00,Control,15,0.288837834,52
2023-06-05 18:00,Control,30,0.343108276,113.6666667
2023-06-05 18:00,Freshwater,5,0.334545254,99.8
2023-06-05 18:00,Freshwater,15,0.30410519,76.6
2023-06-05 18:00,Freshwater,30,0.310484593,68.8
2023-06-05 18:00,Saltwater,5,0.33294633,98.6
2023-06-05 18:00,Saltwater,15,0.299244803,76.8
2023-06-05 18:00,Saltwater,30,0.276139927,65.6
2023-06-05 18:15,Control,5,0.292539046,78.66666667
2023-06-05 18:15,Control,15,0.28896972,52
2023-06-05 18:15,Control,30,0.343211716,115.6666667
2023-06-05 18:15,Freshwater,5,0.334324151,99.6
2023-06-05 18:15,Freshwater,15,0.304063296,75.4
2023-06-05 18:15,Freshwater,30,0.310327106,69.4
2023-06-05 18:15,Saltwater,5,0.332760914,98.2
2023-06-05 18:15,Saltwater,15,0.299368931,77.8
2023-06-05 18:15,Saltwater,30,0.276468866,67
2023-06-05 18:30,Control,5,0.292563613,77.33333333
2023-06-05 18:30,Control,15,0.288368475,51.5
2023-06-05 18:30,Control,30,0.343075951,117
2023-06-05 18:30,Freshwater,5,0.33457551,100
2023-06-05 18:30,Freshwater,15,0.303897275,75.4
2023-06-05 18:30,Freshwater,30,0.31035038,69
2023-06-05 18:30,Saltwater,5,0.33278574,98.4
2023-06-05 18:30,Saltwater,15,0.299331692,77.8
2023-06-05 18:30,Saltwater,30,0.27615777,66
2023-06-05 18:45,Control,5,0.292564906,78
2023-06-05 18:45,Control,15,0.288529453,50.5
2023-06-05 18:45,Control,30,0.342972511,116.6666667
2023-06-05 18:45,Freshwater,5,0.33453129,98.8
2023-06-05 18:45,Freshwater,15,0.304112172,76.2
2023-06-05 18:45,Freshwater,30,0.310275903,69.6
2023-06-05 18:45,Saltwater,5,0.33273221,98.4
2023-06-05 18:45,Saltwater,15,0.299070248,77.6
2023-06-05 18:45,Saltwater,30,0.276047607,65.8
2023-06-05 19:00,Control,5,0.292376128,78.33333333
2023-06-05 19:00,Control,15,0.288351019,50.5
2023-06-05 19:00,Control,30,0.343007422,114.3333333
2023-06-05 19:00,Freshwater,5,0.334504137,98.4
2023-06-05 19:00,Freshwater,15,0.304017524,76.2
2023-06-05 19:00,Freshwater,30,0.310275903,69.2
2023-06-05 19:00,Saltwater,5,0.332682558,98.2
2023-06-05 19:00,Saltwater,15,0.299164895,77.8
2023-06-05 19:00,Saltwater,30,0.276265607,65.4
2023-06-05 19:15,Control,5,0.292314064,78.33333333
2023-06-05 19:15,Control,15,0.288558546,53
2023-06-05 19:15,Control,30,0.342707446,115.3333333
2023-06-05 19:15,Freshwater,5,0.334441297,99
2023-06-05 19:15,Freshwater,15,0.303962442,76.2
2023-06-05 19:15,Freshwater,30,0.310198323,69.6
2023-06-05 19:15,Saltwater,5,0.332663939,98.2
2023-06-05 19:15,Saltwater,15,0.298994219,78.8
2023-06-05 19:15,Saltwater,30,0.276122084,65.8
2023-06-05 19:30,Control,5,0.292520944,77.33333333
2023-06-05 19:30,Control,15,0.288288955,53
2023-06-05 19:30,Control,30,0.34297639,115.6666667
2023-06-05 19:30,Freshwater,5,0.334358286,99.8
2023-06-05 19:30,Freshwater,15,0.303778578,76
2023-06-05 19:30,Freshwater,30,0.310214615,69.4
2023-06-05 19:30,Saltwater,5,0.33269342,99.2
2023-06-05 19:30,Saltwater,15,0.299089643,77.6
2023-06-05 19:30,Saltwater,30,0.27622061,65.8
2023-06-05 19:45,Control,5,0.292352854,77.33333333
2023-06-05 19:45,Control,15,0.288758314,52
2023-06-05 19:45,Control,30,0.342918205,115.3333333
2023-06-05 19:45,Freshwater,5,0.334421902,98.2
2023-06-05 19:45,Freshwater,15,0.303953133,76
2023-06-05 19:45,Freshwater,30,0.310205305,69
2023-06-05 19:45,Saltwater,5,0.332587911,97.8
2023-06-05 19:45,Saltwater,15,0.299183514,78.4
2023-06-05 19:45,Saltwater,30,0.275984767,66
2023-06-05 20:00,Control,5,0.292323115,78.66666667
2023-06-05 20:00,Control,15,0.288341322,53
2023-06-05 20:00,Control,30,0.342583318,115
2023-06-05 20:00,Freshwater,5,0.334183731,98.6
2023-06-05 20:00,Freshwater,15,0.303782457,76.4
2023-06-05 20:00,Freshwater,30,0.310452009,68.8
2023-06-05 20:00,Saltwater,5,0.332650751,97.6
2023-06-05 20:00,Saltwater,15,0.299026803,76.6
2023-06-05 20:00,Saltwater,30,0.275962269,66.2
2023-06-05 20:15,Control,5,0.292169248,78
2023-06-05 20:15,Control,15,0.288554667,52
2023-06-05 20:15,Control,30,0.342694516,113.6666667
2023-06-05 20:15,Freshwater,5,0.334595681,99.2
2023-06-05 20:15,Freshwater,15,0.303927531,77
2023-06-05 20:15,Freshwater,30,0.309964031,71
2023-06-05 20:15,Saltwater,5,0.332652302,97.6
2023-06-05 20:15,Saltwater,15,0.299042319,77.4
2023-06-05 20:15,Saltwater,30,0.276091052,65.8
2023-06-05 20:30,Control,5,0.292224847,76.33333333
2023-06-05 20:30,Control,15,0.288954204,51.5
2023-06-05 20:30,Control,30,0.342606592,115
2023-06-05 20:30,Freshwater,5,0.334007625,97.4
2023-06-05 20:30,Freshwater,15,0.303794094,75.4
2023-06-05 20:30,Freshwater,30,0.310336415,69.4
2023-06-05 20:30,Saltwater,5,0.332673249,97.8
2023-06-05 20:30,Saltwater,15,0.299086539,78
2023-06-05 20:30,Saltwater,30,0.275990198,66.4
2023-06-05 20:45,Control,5,0.29221321,77.66666667
2023-06-05 20:45,Control,15,0.288389809,53.5
2023-06-05 20:45,Control,30,0.34286002,112.6666667
2023-06-05 20:45,Freshwater,5,0.334455261,99.4
2023-06-05 20:45,Freshwater,15,0.30379487,76.4
2023-06-05 20:45,Freshwater,30,0.310154102,70
2023-06-05 20:45,Saltwater,5,0.332651526,97.4
2023-06-05 20:45,Saltwater,15,0.298948447,77
2023-06-05 20:45,Saltwater,30,0.276009593,66.8
2023-06-05 21:00,Control,5,0.292233898,77.33333333
2023-06-05 21:00,Control,15,0.288733101,52.5
2023-06-05 21:00,Control,30,0.342800542,115.3333333
2023-06-05 21:00,Freshwater,5,0.334126322,98.2
2023-06-05 21:00,Freshwater,15,0.303681603,76.2
2023-06-05 21:00,Freshwater,30,0.310304607,70
2023-06-05 21:00,Saltwater,5,0.332674025,97.6
2023-06-05 21:00,Saltwater,15,0.298929052,77.4
2023-06-05 21:00,Saltwater,30,0.275890895,65.6
2023-06-05 21:15,Control,5,0.292077445,78
2023-06-05 21:15,Control,15,0.291890607,52.5
2023-06-05 21:15,Control,30,0.342922084,115.3333333
2023-06-05 21:15,Freshwater,5,0.334404059,99.2
2023-06-05 21:15,Freshwater,15,0.303684706,76.4
2023-06-05 21:15,Freshwater,30,0.310225476,69.4
2023-06-05 21:15,Saltwater,5,0.332566188,99.2
2023-06-05 21:15,Saltwater,15,0.29984372,79
2023-06-05 21:15,Saltwater,30,0.275963045,65.6
2023-06-05 21:30,Control,5,0.292059343,78
2023-06-05 21:30,Control,15,0.288942567,53.5
2023-06-05 21:30,Control,30,0.342810886,114.3333333
2023-06-05 21:30,Freshwater,5,0.334178301,98.6
2023-06-05 21:30,Freshwater,15,0.303493859,76.2
2023-06-05 21:30,Freshwater,30,0.309995063,69.4
2023-06-05 21:30,Saltwater,5,0.332393185,97
2023-06-05 21:30,Saltwater,15,0.298983358,77.2
2023-06-05 21:30,Saltwater,30,0.276195785,65
2023-06-05 21:45,Control,5,0.292248121,78.66666667
2023-06-05 21:45,Control,15,0.288641944,52
2023-06-05 21:45,Control,30,0.343094053,115
2023-06-05 21:45,Freshwater,5,0.334273724,97.2
2023-06-05 21:45,Freshwater,15,0.303739012,75.8
2023-06-05 21:45,Freshwater,30,0.310182807,70.6
2023-06-05 21:45,Saltwater,5,0.332603427,97.4
2023-06-05 21:45,Saltwater,15,0.298762255,79.6
2023-06-05 21:45,Saltwater,30,0.275902532,66.2
2023-06-05 22:00,Control,5,0.292068394,76.66666667
2023-06-05 22:00,Control,15,0.288577941,52.5
2023-06-05 22:00,Control,30,0.342424279,113.6666667
2023-06-05 22:00,Freshwater,5,0.334044087,99.2
2023-06-05 22:00,Freshwater,15,0.303845297,76.2
2023-06-05 22:00,Freshwater,30,0.310124622,70
2023-06-05 22:00,Saltwater,5,0.332509555,99.8
2023-06-05 22:00,Saltwater,15,0.299898026,79.2
2023-06-05 22:00,Saltwater,30,0.275876155,66
2023-06-05 22:15,Control,5,0.292156318,78
2023-06-05 22:15,Control,15,0.288886321,52.5
2023-06-05 22:15,Control,30,0.342747529,114
2023-06-05 22:15,Freshwater,5,0.33418761,98.8
2023-06-05 22:15,Freshwater,15,0.303665699,74.9
2023-06-05 22:15,Freshwater,30,0.310290643,68.6
2023-06-05 22:15,Saltwater,5,0.332472317,99.6
2023-06-05 22:15,Saltwater,15,0.299371258,76.4
2023-06-05 22:15,Saltwater,30,0.275883137,65.2
2023-06-05 22:30,Control,5,0.292302427,76.33333333
2023-06-05 22:30,Control,15,0.288667157,52.5
2023-06-05 22:30,Control,30,0.342550993,114.3333333
2023-06-05 22:30,Freshwater,5,0.334066586,97.8
2023-06-05 22:30,Freshwater,15,0.303673845,75.8
2023-06-05 22:30,Freshwater,30,0.310044714,68.4
2023-06-05 22:30,Saltwater,5,0.332399391,99.6
2023-06-05 22:30,Saltwater,15,0.298853799,77.6
2023-06-05 22:30,Saltwater,30,0.275961493,65.6
2023-06-05 22:45,Control,5,0.292064515,78
2023-06-05 22:45,Control,15,0.288797104,52.5
2023-06-05 22:45,Control,30,0.342527719,113.3333333
2023-06-05 22:45,Freshwater,5,0.334304756,98.6
2023-06-05 22:45,Freshwater,15,0.303676948,74.6
2023-06-05 22:45,Freshwater,30,0.31006023,68.6
2023-06-05 22:45,Saltwater,5,0.33242189,97.8
2023-06-05 22:45,Saltwater,15,0.298858454,77.2
2023-06-05 22:45,Saltwater,30,0.275817194,65.8
2023-06-05 23:00,Control,5,0.292118821,77.33333333
2023-06-05 23:00,Control,15,0.288830076,53
2023-06-05 23:00,Control,30,0.342611764,113.6666667
2023-06-05 23:00,Freshwater,5,0.333996764,96.6
2023-06-05 23:00,Freshwater,15,0.303704877,76
2023-06-05 23:00,Freshwater,30,0.310095141,69.4
2023-06-05 23:00,Saltwater,5,0.33224268,96.8
2023-06-05 23:00,Saltwater,15,0.298902675,78.2
2023-06-05 23:00,Saltwater,30,0.275840468,65.8
2023-06-05 23:15,Control,5,0.292005037,77.33333333
2023-06-05 23:15,Control,15,0.288911534,52.5
2023-06-05 23:15,Control,30,0.342619522,113
2023-06-05 23:15,Freshwater,5,0.334087532,99.4
2023-06-05 23:15,Freshwater,15,0.303707204,75.8
2023-06-05 23:15,Freshwater,30,0.310223924,69
2023-06-05 23:15,Saltwater,5,0.332637562,97
2023-06-05 23:15,Saltwater,15,0.298928276,78.8
2023-06-05 23:15,Saltwater,30,0.27579392,66.8
2023-06-05 23:30,Control,5,0.292038655,75.66666667
2023-06-05 23:30,Control,15,0.288863047,53
2023-06-05 23:30,Control,30,0.342270412,116.3333333
2023-06-05 23:30,Freshwater,5,0.334245795,98.4
2023-06-05 23:30,Freshwater,15,0.303711859,75.2
2023-06-05 23:30,Freshwater,30,0.31019522,66.8
2023-06-05 23:30,Saltwater,5,0.332394737,98.6
2023-06-05 23:30,Saltwater,15,0.299690888,76.4
2023-06-05 23:30,Saltwater,30,0.275792369,66.8
2023-06-05 23:45,Control,5,0.291869272,77.66666667
2023-06-05 23:45,Control,15,0.288936748,53
2023-06-05 23:45,Control,30,0.342236794,116.3333333
2023-06-05 23:45,Freshwater,5,0.333844707,97.6
2023-06-05 23:45,Freshwater,15,0.303638934,76.4
2023-06-05 23:45,Freshwater,30,0.309947739,69.4
2023-06-05 23:45,Saltwater,5,0.33224811,98.4
2023-06-05 23:45,Saltwater,15,0.298870091,77.8
2023-06-05 23:45,Saltwater,30,0.276046831,64.2
2023-06-06 00:00,Control,5,0.291882202,76.33333333
2023-06-06 00:00,Control,15,0.289132637,51
2023-06-06 00:00,Control,30,0.3422911,113.6666667
2023-06-06 00:00,Freshwater,5,0.334435091,97.4
2023-06-06 00:00,Freshwater,15,0.303649795,74.8
2023-06-06 00:00,Freshwater,30,0.310102124,68.6
2023-06-06 00:00,Saltwater,5,0.3323831,96.6
2023-06-06 00:00,Saltwater,15,0.298943016,78.2
2023-06-06 00:00,Saltwater,30,0.275876155,64.8
2023-06-06 00:15,Control,5,0.291774883,78.33333333
2023-06-06 00:15,Control,15,0.289111303,52
2023-06-06 00:15,Control,30,0.342460483,113.3333333
2023-06-06 00:15,Freshwater,5,0.334079774,98.8
2023-06-06 00:15,Freshwater,15,0.303574542,76
2023-06-06 00:15,Freshwater,30,0.310136259,69.2
2023-06-06 00:15,Saltwater,5,0.332421114,96.6
2023-06-06 00:15,Saltwater,15,0.298842162,76.8
2023-06-06 00:15,Saltwater,30,0.275804006,65
2023-06-06 00:30,Control,5,0.291874444,76
2023-06-06 00:30,Control,15,0.288876624,52
2023-06-06 00:30,Control,30,0.342236794,113.6666667
2023-06-06 00:30,Freshwater,5,0.333985902,97.4
2023-06-06 00:30,Freshwater,15,0.303642037,76.2
2023-06-06 00:30,Freshwater,30,0.310002821,67.4
2023-06-06 00:30,Saltwater,5,0.332629028,96.4
2023-06-06 00:30,Saltwater,15,0.299285144,78.6
2023-06-06 00:30,Saltwater,30,0.275960717,66.8
2023-06-06 00:45,Control,5,0.291935215,78
2023-06-06 00:45,Control,15,0.289134577,51.5
2023-06-06 00:45,Control,30,0.342314374,114.6666667
2023-06-06 00:45,Freshwater,5,0.333984351,98
2023-06-06 00:45,Freshwater,15,0.303611005,75.4
2023-06-06 00:45,Freshwater,30,0.309971013,68.6
2023-06-06 00:45,Saltwater,5,0.332312502,97
2023-06-06 00:45,Saltwater,15,0.298822767,78.6
2023-06-06 00:45,Saltwater,30,0.275647294,66.2
2023-06-06 01:00,Control,5,0.291829189,76
2023-06-06 01:00,Control,15,0.289392531,52
2023-06-06 01:00,Control,30,0.342439795,115
2023-06-06 01:00,Freshwater,5,0.333836173,99.2
2023-06-06 01:00,Freshwater,15,0.303616436,75.8
2023-06-06 01:00,Freshwater,30,0.310083504,68.6
2023-06-06 01:00,Saltwater,5,0.332220957,96.8
2023-06-06 01:00,Saltwater,15,0.298824319,77.8
2023-06-06 01:00,Saltwater,30,0.275715564,65.8
2023-06-06 01:15,Control,5,0.291870565,77.33333333
2023-06-06 01:15,Control,15,0.289066695,53
2023-06-06 01:15,Control,30,0.342009226,114
2023-06-06 01:15,Freshwater,5,0.334064258,97.8
2023-06-06 01:15,Freshwater,15,0.303357318,75.6
2023-06-06 01:15,Freshwater,30,0.309844558,69.8
2023-06-06 01:15,Saltwater,5,0.33217984,97.2
2023-06-06 01:15,Saltwater,15,0.299632703,77.2
2023-06-06 01:15,Saltwater,30,0.275630226,65.4
2023-06-06 01:30,Control,5,0.291648169,77.33333333
2023-06-06 01:30,Control,15,0.288940627,52
2023-06-06 01:30,Control,30,0.341974315,115.6666667
2023-06-06 01:30,Freshwater,5,0.334031675,97.4
2023-06-06 01:30,Freshwater,15,0.303440329,75.8
2023-06-06 01:30,Freshwater,30,0.309988081,69.6
2023-06-06 01:30,Saltwater,5,0.332418011,96.8
2023-06-06 01:30,Saltwater,15,0.298840611,75.6
2023-06-06 01:30,Saltwater,30,0.275796248,65.8
2023-06-06 01:45,Control,5,0.291893839,76.66666667
2023-06-06 01:45,Control,15,0.288907656,53
2023-06-06 01:45,Control,30,0.34218766,114.3333333
2023-06-06 01:45,Freshwater,5,0.334103048,98.4
2023-06-06 01:45,Freshwater,15,0.303597041,76
2023-06-06 01:45,Freshwater,30,0.309898088,68.4
2023-06-06 01:45,Saltwater,5,0.332351292,94.4
2023-06-06 01:45,Saltwater,15,0.298784753,78
2023-06-06 01:45,Saltwater,30,0.275665137,66
2023-06-06 02:00,Control,5,0.291855049,78
2023-06-06 02:00,Control,15,0.289066695,52
2023-06-06 02:00,Control,30,0.342244552,116
2023-06-06 02:00,Freshwater,5,0.333952543,97.8
2023-06-06 02:00,Freshwater,15,0.303649795,75.2
2023-06-06 02:00,Freshwater,30,0.309886451,70
2023-06-06 02:00,Saltwater,5,0.33223337,99
2023-06-06 02:00,Saltwater,15,0.298863109,77.4
2023-06-06 02:00,Saltwater,30,0.275727201,66.8
2023-06-06 02:15,Control,5,0.29168308,77.33333333
2023-06-06 02:15,Control,15,0.289169488,51.5
2023-06-06 02:15,Control,30,0.341963971,113.3333333
2023-06-06 02:15,Freshwater,5,0.333671703,98
2023-06-06 02:15,Freshwater,15,0.303452742,76
2023-06-06 02:15,Freshwater,30,0.310082729,68.4
2023-06-06 02:15,Saltwater,5,0.332342758,96
2023-06-06 02:15,Saltwater,15,0.298832853,76.6
2023-06-06 02:15,Saltwater,30,0.275790817,65.6
2023-06-06 02:30,Control,5,0.291776176,77.66666667
2023-06-06 02:30,Control,15,0.289146214,51.5
2023-06-06 02:30,Control,30,0.342009226,113
2023-06-06 02:30,Freshwater,5,0.333845483,97.4
2023-06-06 02:30,Freshwater,15,0.303534977,75.2
2023-06-06 02:30,Freshwater,30,0.309915932,69.6
2023-06-06 02:30,Saltwater,5,0.332217078,96
2023-06-06 02:30,Saltwater,15,0.298787856,77.8
2023-06-06 02:30,Saltwater,30,0.275665913,65.6
2023-06-06 02:45,Control,5,0.291739972,78
2023-06-06 02:45,Control,15,0.289415805,53
2023-06-06 02:45,Control,30,0.342160507,114.3333333
2023-06-06 02:45,Freshwater,5,0.334053397,98.2
2023-06-06 02:45,Freshwater,15,0.30371729,76.2
2023-06-06 02:45,Freshwater,30,0.31021539,68.6
2023-06-06 02:45,Saltwater,5,0.332315605,95.6
2023-06-06 02:45,Saltwater,15,0.299163344,78.6
2023-06-06 02:45,Saltwater,30,0.275513081,66
2023-06-06 03:00,Control,5,0.291658513,77.66666667
2023-06-06 03:00,Control,15,0.289142335,50.5
2023-06-06 03:00,Control,30,0.342024742,115
2023-06-06 03:00,Freshwater,5,0.333791177,97.6
2023-06-06 03:00,Freshwater,15,0.303668414,76.2
2023-06-06 03:00,Freshwater,30,0.310075746,69.8
2023-06-06 03:00,Saltwater,5,0.332214751,97.2
2023-06-06 03:00,Saltwater,15,0.298817337,76.2
2023-06-06 03:00,Saltwater,30,0.275595315,65.4
2023-06-06 03:15,Control,5,0.291575761,77.33333333
2023-06-06 03:15,Control,15,0.289082211,53
2023-06-06 03:15,Control,30,0.341744161,113.3333333
2023-06-06 03:15,Freshwater,5,0.33374618,97
2023-06-06 03:15,Freshwater,15,0.303602471,74.4
2023-06-06 03:15,Freshwater,30,0.309977996,69.6
2023-06-06 03:15,Saltwater,5,0.332314053,98.2
2023-06-06 03:15,Saltwater,15,0.298854575,78
2023-06-06 03:15,Saltwater,30,0.27564807,66
2023-06-06 03:30,Control,5,0.291500767,78
2023-06-06 03:30,Control,15,0.28951084,52
2023-06-06 03:30,Control,30,0.341636842,115.6666667
2023-06-06 03:30,Freshwater,5,0.333884273,97.6
2023-06-06 03:30,Freshwater,15,0.303649019,76.4
2023-06-06 03:30,Freshwater,30,0.310128501,69.4
2023-06-06 03:30,Saltwater,5,0.332112345,96.8
2023-06-06 03:30,Saltwater,15,0.298889486,77.6
2023-06-06 03:30,Saltwater,30,0.275641863,65.6
2023-06-06 03:45,Control,5,0.29185117,77.66666667
2023-06-06 03:45,Control,15,0.289584541,51
2023-06-06 03:45,Control,30,0.342218692,114
2023-06-06 03:45,Freshwater,5,0.333797383,96.8
2023-06-06 03:45,Freshwater,15,0.303517909,76.2
2023-06-06 03:45,Freshwater,30,0.310095141,69.4
2023-06-06 03:45,Saltwater,5,0.332184495,96.2
2023-06-06 03:45,Saltwater,15,0.298887159,77
2023-06-06 03:45,Saltwater,30,0.275728753,65.2
2023-06-06 04:00,Control,5,0.291601621,77.33333333
2023-06-06 04:00,Control,15,0.289175307,53
2023-06-06 04:00,Control,30,0.341823034,113.6666667
2023-06-06 04:00,Freshwater,5,0.333691098,97.8
2023-06-06 04:00,Freshwater,15,0.303557475,75.2
2023-06-06 04:00,Freshwater,30,0.310094366,68
2023-06-06 04:00,Saltwater,5,0.332228715,96
2023-06-06 04:00,Saltwater,15,0.298762643,77.8
2023-06-06 04:00,Saltwater,30,0.275354817,66.6
2023-06-06 04:15,Control,5,0.291630067,78.66666667
2023-06-06 04:15,Control,15,0.289345983,51.5
2023-06-06 04:15,Control,30,0.341807518,115.6666667
2023-06-06 04:15,Freshwater,5,0.33369265,97.6
2023-06-06 04:15,Freshwater,15,0.303680051,76.6
2023-06-06 04:15,Freshwater,30,0.309953946,67.8
2023-06-06 04:15,Saltwater,5,0.332153463,96.2
2023-06-06 04:15,Saltwater,15,0.298963187,77.4
2023-06-06 04:15,Saltwater,30,0.275448689,64.6
2023-06-06 04:30,Control,5,0.291675322,78.33333333
2023-06-06 04:30,Control,15,0.289726125,52
2023-06-06 04:30,Control,30,0.341744161,114.6666667
2023-06-06 04:30,Freshwater,5,0.334004522,96.2
2023-06-06 04:30,Freshwater,15,0.303622642,76
2023-06-06 04:30,Freshwater,30,0.311413226,70
2023-06-06 04:30,Saltwater,5,0.332158118,96.4
2023-06-06 04:30,Saltwater,15,0.298998874,76
2023-06-06 04:30,Saltwater,30,0.275451792,65.4
2023-06-06 04:45,Control,5,0.291503353,77
2023-06-06 04:45,Control,15,0.289792068,53.5
2023-06-06 04:45,Control,30,0.341419618,114.6666667
2023-06-06 04:45,Freshwater,5,0.333889703,97.8
2023-06-06 04:45,Freshwater,15,0.303428692,75.6
2023-06-06 04:45,Freshwater,30,0.309860074,68
2023-06-06 04:45,Saltwater,5,0.332290004,96
2023-06-06 04:45,Saltwater,15,0.298718034,76.4
2023-06-06 04:45,Saltwater,30,0.275536355,65.2
2023-06-06 05:00,Control,5,0.291705061,77
2023-06-06 05:00,Control,15,0.289229612,53.5
2023-06-06 05:00,Control,30,0.341899321,112.3333333
2023-06-06 05:00,Freshwater,5,0.339899826,100
2023-06-06 05:00,Freshwater,15,0.307574567,77.8
2023-06-06 05:00,Freshwater,30,0.327967246,88.2
2023-06-06 05:00,Saltwater,5,0.335540606,96
2023-06-06 05:00,Saltwater,15,0.307147101,229
2023-06-06 05:00,Saltwater,30,0.276364909,65.8
2023-06-06 05:15,Control,5,0.29151499,77.66666667
2023-06-06 05:15,Control,15,0.289378954,53.5
2023-06-06 05:15,Control,30,0.341790709,113
2023-06-06 05:15,Freshwater,5,0.349787397,102.6
2023-06-06 05:15,Freshwater,15,0.34722105,88
2023-06-06 05:15,Freshwater,30,0.33001691,91
2023-06-06 05:15,Saltwater,5,0.337611992,97.4
2023-06-06 05:15,Saltwater,15,0.306797991,278.8
2023-06-06 05:15,Saltwater,30,0.293278125,66.8
2023-06-06 05:30,Control,5,0.291458098,77
2023-06-06 05:30,Control,15,0.289774612,53
2023-06-06 05:30,Control,30,0.341798467,113.3333333
2023-06-06 05:30,Freshwater,5,0.353270739,102.8
2023-06-06 05:30,Freshwater,15,0.350104699,91.6
2023-06-06 05:30,Freshwater,30,0.369180845,102.2
2023-06-06 05:30,Saltwater,5,0.338506489,100.2
2023-06-06 05:30,Saltwater,15,0.307190546,316.4
2023-06-06 05:30,Saltwater,30,0.320439659,566.6
2023-06-06 05:45,Control,5,0.291455512,78
2023-06-06 05:45,Control,15,0.289799826,53
2023-06-06 05:45,Control,30,0.341570899,113.6666667
2023-06-06 05:45,Freshwater,5,0.355615206,102.9
2023-06-06 05:45,Freshwater,15,0.351681125,93.4
2023-06-06 05:45,Freshwater,30,0.385115001,109
2023-06-06 05:45,Saltwater,5,0.339103079,106.6
2023-06-06 05:45,Saltwater,15,0.310565276,357.4
2023-06-06 05:45,Saltwater,30,0.32365535,754.2
2023-06-06 06:00,Control,5,0.291425773,77
2023-06-06 06:00,Control,15,0.289441018,52
2023-06-06 06:00,Control,30,0.341627791,111.6666667
2023-06-06 06:00,Freshwater,5,0.358606691,103
2023-06-06 06:00,Freshwater,15,0.353677258,93.8
2023-06-06 06:00,Freshwater,30,0.402848238,110.8
2023-06-06 06:00,Saltwater,5,0.34306509,139.6
2023-06-06 06:00,Saltwater,15,0.313588569,401.8
2023-06-06 06:00,Saltwater,30,0.325751561,825.6
2023-06-06 06:15,Control,5,0.291376639,76.66666667
2023-06-06 06:15,Control,15,0.289291677,52.5
2023-06-06 06:15,Control,30,0.341423497,112.6666667
2023-06-06 06:15,Freshwater,5,0.367254017,109.1333333
2023-06-06 06:15,Freshwater,15,0.356518238,93.66666667
2023-06-06 06:15,Freshwater,30,0.408681995,112.2666667
2023-06-06 06:15,Saltwater,5,0.350015482,158.2
2023-06-06 06:15,Saltwater,15,0.31567935,553.4
2023-06-06 06:15,Saltwater,30,0.329387736,868.2
2023-06-06 06:30,Control,5,0.291045631,74.33333333
2023-06-06 06:30,Control,15,0.289695093,52.5
2023-06-06 06:30,Control,30,0.341488147,110.3333333
2023-06-06 06:30,Freshwater,5,0.376518879,116.2666667
2023-06-06 06:30,Freshwater,15,0.358505837,95.53333333
2023-06-06 06:30,Freshwater,30,0.41141488,115.3333333
2023-06-06 06:30,Saltwater,5,0.356318081,177.4
2023-06-06 06:30,Saltwater,15,0.317837625,622.6
2023-06-06 06:30,Saltwater,30,0.331003727,911.2
2023-06-06 06:45,Control,5,0.291370174,76.66666667
2023-06-06 06:45,Control,15,0.289361499,52.5
2023-06-06 06:45,Control,30,0.341287732,115.6666667
2023-06-06 06:45,Freshwater,5,0.393129015,120.2
2023-06-06 06:45,Freshwater,15,0.364238223,95.2
2023-06-06 06:45,Freshwater,30,0.412817268,114.4
2023-06-06 06:45,Saltwater,5,0.356891397,215.8
2023-06-06 06:45,Saltwater,15,0.320061068,672.6
2023-06-06 06:45,Saltwater,30,0.331743065,985.6
2023-06-06 07:00,Control,5,0.291353365,77.33333333
2023-06-06 07:00,Control,15,0.289150093,52
2023-06-06 07:00,Control,30,0.341141623,114.6666667
2023-06-06 07:00,Freshwater,5,0.399821066,123.6
2023-06-06 07:00,Freshwater,15,0.366171517,97.6
2023-06-06 07:00,Freshwater,30,0.413114399,115
2023-06-06 07:00,Saltwater,5,0.35723818,387.6
2023-06-06 07:00,Saltwater,15,0.321479231,710.2
2023-06-06 07:00,Saltwater,30,0.332995982,1045.2
2023-06-06 07:15,Control,5,0.29115295,77.66666667
2023-06-06 07:15,Control,15,0.289605876,51
2023-06-06 07:15,Control,30,0.341173948,116.3333333
2023-06-06 07:15,Freshwater,5,0.406420797,132.8
2023-06-06 07:15,Freshwater,15,0.366613723,97
2023-06-06 07:15,Freshwater,30,0.413331623,114.2
2023-06-06 07:15,Saltwater,5,0.360075281,464.4
2023-06-06 07:15,Saltwater,15,0.322508717,736.8
2023-06-06 07:15,Saltwater,30,0.333744629,1089.8
2023-06-06 07:30,Control,5,0.291168466,77.33333333
2023-06-06 07:30,Control,15,0.289417744,52
2023-06-06 07:30,Control,30,0.341250235,111
2023-06-06 07:30,Freshwater,5,0.407101949,138.4
2023-06-06 07:30,Freshwater,15,0.367448484,98
2023-06-06 07:30,Freshwater,30,0.413041474,113.8
2023-06-06 07:30,Saltwater,5,0.363754124,529.6
2023-06-06 07:30,Saltwater,15,0.323270553,731.4
2023-06-06 07:30,Saltwater,30,0.329810547,1101.4
2023-06-06 07:45,Control,5,0.291125797,77
2023-06-06 07:45,Control,15,0.289518598,50
2023-06-06 07:45,Control,30,0.341316178,113.6666667
2023-06-06 07:45,Freshwater,5,0.410732693,139.6
2023-06-06 07:45,Freshwater,15,0.367617608,98
2023-06-06 07:45,Freshwater,30,0.413573673,116.6
2023-06-06 07:45,Saltwater,5,0.376649472,784.2
2023-06-06 07:45,Saltwater,15,0.324423392,791.8
2023-06-06 07:45,Saltwater,30,0.329494796,1148.5
2023-06-06 08:00,Control,5,0.29107537,77
2023-06-06 08:00,Control,15,0.289382833,52
2023-06-06 08:00,Control,30,0.34119205,113
2023-06-06 08:00,Freshwater,5,0.413235424,140.8
2023-06-06 08:00,Freshwater,15,0.368237472,99.2
2023-06-06 08:00,Freshwater,30,0.413659011,114.8
2023-06-06 08:00,Saltwater,5,0.379424508,1014
2023-06-06 08:00,Saltwater,15,0.325473049,826.4
2023-06-06 08:00,Saltwater,30,0.332691092,1200.6
2023-06-06 08:15,Control,5,0.291065026,78
2023-06-06 08:15,Control,15,0.289309132,52.5
2023-06-06 08:15,Control,30,0.340963189,113
2023-06-06 08:15,Freshwater,5,0.41499649,140.2
2023-06-06 08:15,Freshwater,15,0.368728554,100.6
2023-06-06 08:15,Freshwater,30,0.413714093,115.2
2023-06-06 08:15,Saltwater,5,0.381620022,1119.2
2023-06-06 08:15,Saltwater,15,0.326715881,850.6
2023-06-06 08:15,Saltwater,30,0.333603433,1229.4
2023-06-06 08:30,Control,5,0.290799961,77.66666667
2023-06-06 08:30,Control,15,0.289225733,53
2023-06-06 08:30,Control,30,0.340822252,113
2023-06-06 08:30,Freshwater,5,0.415819614,143
2023-06-06 08:30,Freshwater,15,0.368715365,102
2023-06-06 08:30,Freshwater,30,0.413753658,116
2023-06-06 08:30,Saltwater,5,0.38330506,1228.2
2023-06-06 08:30,Saltwater,15,0.327863289,872.2
2023-06-06 08:30,Saltwater,30,0.333580935,1248.6
2023-06-06 08:45,Control,5,0.290734018,77.66666667
2023-06-06 08:45,Control,15,0.289204399,52
2023-06-06 08:45,Control,30,0.340668385,114
2023-06-06 08:45,Freshwater,5,0.416510852,141.2
2023-06-06 08:45,Freshwater,15,0.368908539,100.6
2023-06-06 08:45,Freshwater,30,0.413867701,115.6
2023-06-06 08:45,Saltwater,5,0.385135172,1275.2
2023-06-06 08:45,Saltwater,15,0.329376099,977.4
2023-06-06 08:45,Saltwater,30,0.333471547,1265
2023-06-06 09:00,Control,5,0.290449558,77.33333333
2023-06-06 09:00,Control,15,0.288647762,51
2023-06-06 09:00,Control,30,0.340716226,113.6666667
2023-06-06 09:00,Freshwater,5,0.416863065,139.8
2023-06-06 09:00,Freshwater,15,0.368958966,103.6
2023-06-06 09:00,Freshwater,30,0.414068633,116.4
2023-06-06 09:00,Saltwater,5,0.386756594,1334.4
2023-06-06 09:00,Saltwater,15,0.330444375,1017.4
2023-06-06 09:00,Saltwater,30,0.333860999,1289.8
2023-06-06 09:15,Control,5,0.290459902,77
2023-06-06 09:15,Control,15,0.288896019,50.5
2023-06-06 09:15,Control,30,0.340285657,114.3333333
2023-06-06 09:15,Freshwater,5,0.417436381,143.6
2023-06-06 09:15,Freshwater,15,0.369073009,103.8
2023-06-06 09:15,Freshwater,30,0.414106647,115.2
2023-06-06 09:15,Saltwater,5,0.388327589,1374.6
2023-06-06 09:15,Saltwater,15,0.331165094,1038.8
2023-06-06 09:15,Saltwater,30,0.333835397,1315.2
2023-06-06 09:30,Control,5,0.29022199,78
2023-06-06 09:30,Control,15,0.288422781,51.5
2023-06-06 09:30,Control,30,0.340478314,113
2023-06-06 09:30,Freshwater,5,0.414101217,145.6
2023-06-06 09:30,Freshwater,15,0.368332896,102.8
2023-06-06 09:30,Freshwater,30,0.414250946,112.6
2023-06-06 09:30,Saltwater,5,0.382300399,1333.2
2023-06-06 09:30,Saltwater,15,0.330171294,978.6
2023-06-06 09:30,Saltwater,30,0.333667049,1305.2
2023-06-06 09:45,Control,5,0.290060365,78.66666667
2023-06-06 09:45,Control,15,0.288145432,52.5
2023-06-06 09:45,Control,30,0.340361944,113.3333333
2023-06-06 09:45,Freshwater,5,0.418019783,147.2
2023-06-06 09:45,Freshwater,15,0.369493493,107
2023-06-06 09:45,Freshwater,30,0.414358782,117.6
2023-06-06 09:45,Saltwater,5,0.400226034,1443.6
2023-06-06 09:45,Saltwater,15,0.333178295,1034.2
2023-06-06 09:45,Saltwater,30,0.333847034,1334.8
2023-06-06 10:00,Control,5,0.289871587,76.33333333
2023-06-06 10:00,Control,15,0.288160948,52
2023-06-06 10:00,Control,30,0.340275313,113
2023-06-06 10:00,Freshwater,5,0.420557424,149.6
2023-06-06 10:00,Freshwater,15,0.370204901,107.8
2023-06-06 10:00,Freshwater,30,0.414293615,116
2023-06-06 10:00,Saltwater,5,0.402977021,1488.6
2023-06-06 10:00,Saltwater,15,0.330988987,1042.4
2023-06-06 10:00,Saltwater,30,0.334018486,1345
2023-06-06 10:15,Control,5,0.289781077,77
2023-06-06 10:15,Control,15,0.288050396,51
2023-06-06 10:15,Control,30,0.340277899,112
2023-06-06 10:15,Freshwater,5,0.420755253,147.8
2023-06-06 10:15,Freshwater,15,0.370311186,108
2023-06-06 10:15,Freshwater,30,0.414447224,116.2
2023-06-06 10:15,Saltwater,5,0.405001859,1546.8
2023-06-06 10:15,Saltwater,15,0.329635992,1138
2023-06-06 10:15,Saltwater,30,0.334078223,1352.4
2023-06-06 10:30,Control,5,0.289655656,77.66666667
2023-06-06 10:30,Control,15,0.287522853,50
2023-06-06 10:30,Control,30,0.340283071,114.3333333
2023-06-06 10:30,Freshwater,5,0.421758363,148.6
2023-06-06 10:30,Freshwater,15,0.370023364,108
2023-06-06 10:30,Freshwater,30,0.414559715,116.8
2023-06-06 10:30,Saltwater,5,0.415462746,1891.6
2023-06-06 10:30,Saltwater,15,0.328760889,1216
2023-06-06 10:30,Saltwater,30,0.334150372,1366
2023-06-06 10:45,Control,5,0.289153972,76.66666667
2023-06-06 10:45,Control,15,0.28741618,51
2023-06-06 10:45,Control,30,0.340361944,113.3333333
2023-06-06 10:45,Freshwater,5,0.421984896,148
2023-06-06 10:45,Freshwater,15,0.370235933,106.8
2023-06-06 10:45,Freshwater,30,0.414910376,116.8
2023-06-06 10:45,Saltwater,5,0.415839785,2022.6
2023-06-06 10:45,Saltwater,15,0.328279893,1244.4
2023-06-06 10:45,Saltwater,30,0.334053397,1364.6
2023-06-06 11:00,Control,5,0.288953557,77
2023-06-06 11:00,Control,15,0.287542247,52.5
2023-06-06 11:00,Control,30,0.33949822,113.6666667
2023-06-06 11:00,Freshwater,5,0.422286683,147.8
2023-06-06 11:00,Freshwater,15,0.370463243,106.8
2023-06-06 11:00,Freshwater,30,0.41498718,116
2023-06-06 11:00,Saltwater,5,0.416180361,2158.2
2023-06-06 11:00,Saltwater,15,0.328024655,1262.8
2023-06-06 11:00,Saltwater,30,0.334132529,1378.8
2023-06-06 11:15,Control,5,0.288817792,77.33333333
2023-06-06 11:15,Control,15,0.287076768,50.5
2023-06-06 11:15,Control,30,0.339681826,113.3333333
2023-06-06 11:15,Freshwater,5,0.422147814,150.4
2023-06-06 11:15,Freshwater,15,0.3701312,107.2
2023-06-06 11:15,Freshwater,30,0.414692376,115.2
2023-06-06 11:15,Saltwater,5,0.416528695,2245.2
2023-06-06 11:15,Saltwater,15,0.327798122,1280.8
2023-06-06 11:15,Saltwater,30,0.333985127,1379.2
2023-06-06 11:30,Control,5,0.288431185,78
2023-06-06 11:30,Control,15,0.286908031,51.5
2023-06-06 11:30,Control,30,0.339578386,113.6666667
2023-06-06 11:30,Freshwater,5,0.422376675,148.8
2023-06-06 11:30,Freshwater,15,0.37020335,107.2
2023-06-06 11:30,Freshwater,30,0.414815729,115.4
2023-06-06 11:30,Saltwater,5,0.416970125,2307
2023-06-06 11:30,Saltwater,15,0.327470734,1293.4
2023-06-06 11:30,Saltwater,30,0.333905995,1387.8
2023-06-06 11:45,Control,5,0.288373,77
2023-06-06 11:45,Control,15,0.286417338,50
2023-06-06 11:45,Control,30,0.33945943,112.3333333
2023-06-06 11:45,Freshwater,5,0.422247117,147.2
2023-06-06 11:45,Freshwater,15,0.370232054,108.4
2023-06-06 11:45,Freshwater,30,0.414839003,116.8
2023-06-06 11:45,Saltwater,5,0.415874696,2299.2
2023-06-06 11:45,Saltwater,15,0.326930001,1296
2023-06-06 11:45,Saltwater,30,0.333853241,1383.4
2023-06-06 12:00,Control,5,0.288158362,77
2023-06-06 12:00,Control,15,0.286506555,52
2023-06-06 12:00,Control,30,0.339092218,113.3333333
2023-06-06 12:00,Freshwater,5,0.422518647,148.6
2023-06-06 12:00,Freshwater,15,0.370156026,108.6
2023-06-06 12:00,Freshwater,30,0.414971664,117.2
2023-06-06 12:00,Saltwater,5,0.416942196,2314
2023-06-06 12:00,Saltwater,15,0.326831087,1305.7
2023-06-06 12:00,Saltwater,30,0.333821433,1400.4
2023-06-06 12:15,Control,5,0.287789857,77.66666667
2023-06-06 12:15,Control,15,0.286244722,50
2023-06-06 12:15,Control,30,0.339260308,112.6666667
2023-06-06 12:15,Freshwater,5,0.422617173,146
2023-06-06 12:15,Freshwater,15,0.370253001,108.2
2023-06-06 12:15,Freshwater,30,0.414945287,116
2023-06-06 12:15,Saltwater,5,0.417233897,2374.8
2023-06-06 12:15,Saltwater,15,0.326521931,1312.4
2023-06-06 12:15,Saltwater,30,0.333856344,1396.4
2023-06-06 12:30,Control,5,0.287517034,76.66666667
2023-06-06 12:30,Control,15,0.286139989,51.5
2023-06-06 12:30,Control,30,0.339410296,110.6666667
2023-06-06 12:30,Freshwater,5,0.422776988,148.6
2023-06-06 12:30,Freshwater,15,0.370288688,108.4
2023-06-06 12:30,Freshwater,30,0.414856846,116.2
2023-06-06 12:30,Saltwater,5,0.41763421,2398.4
2023-06-06 12:30,Saltwater,15,0.326147995,1324.6
2023-06-06 12:30,Saltwater,30,0.33400297,1406.8
2023-06-06 12:45,Control,5,0.287236453,76.33333333
2023-06-06 12:45,Control,15,0.28570942,50
2023-06-06 12:45,Control,30,0.338560795,112.6666667
2023-06-06 12:45,Freshwater,5,0.422554334,148
2023-06-06 12:45,Freshwater,15,0.370391869,108.2
2023-06-06 12:45,Freshwater,30,0.414888654,118.2
2023-06-06 12:45,Saltwater,5,0.41817727,2369.8
2023-06-06 12:45,Saltwater,15,0.325926892,1332.2
2023-06-06 12:45,Saltwater,30,0.333932372,1421.8
2023-06-06 13:00,Control,5,0.287076121,78
2023-06-06 13:00,Control,15,0.285402979,51.5
2023-06-06 13:00,Control,30,0.338456062,112.3333333
2023-06-06 13:00,Freshwater,5,0.422808796,149.4
2023-06-06 13:00,Freshwater,15,0.371457042,108.8
2023-06-06 13:00,Freshwater,30,0.41493365,117.4
2023-06-06 13:00,Saltwater,5,0.418360359,2414.4
2023-06-06 13:00,Saltwater,15,0.325801212,1334.2
2023-06-06 13:00,Saltwater,30,0.334013831,1412
2023-06-06 13:15,Control,5,0.286884757,77
2023-06-06 13:15,Control,15,0.285055809,52.5
2023-06-06 13:15,Control,30,0.33868363,113
2023-06-06 13:15,Freshwater,5,0.422655963,146.8
2023-06-06 13:15,Freshwater,15,0.370460139,107.6
2023-06-06 13:15,Freshwater,30,0.415072518,116.4
2023-06-06 13:15,Saltwater,5,0.418901609,2411.266667
2023-06-06 13:15,Saltwater,15,0.325641398,1340.2
2023-06-06 13:15,Saltwater,30,0.334037105,1424.2
2023-06-06 13:30,Control,5,0.28644643,78
2023-06-06 13:30,Control,15,0.284590328,50.5
2023-06-06 13:30,Control,30,0.33826987,111.3333333
2023-06-06 13:30,Freshwater,5,0.423502361,148.4
2023-06-06 13:30,Freshwater,15,0.37023283,108.4
2023-06-06 13:30,Freshwater,30,0.415008903,117
2023-06-06 13:30,Saltwater,5,0.41902703,2474.333333
2023-06-06 13:30,Saltwater,15,0.325520373,1334.4
2023-06-06 13:30,Saltwater,30,0.334183731,1428.2
2023-06-06 13:45,Control,5,0.286305493,77.66666667
2023-06-06 13:45,Control,15,0.284278069,52
2023-06-06 13:45,Control,30,0.338236252,110.6666667
2023-06-06 13:45,Freshwater,5,0.423053561,149.1
2023-06-06 13:45,Freshwater,15,0.370281705,109
2023-06-06 13:45,Freshwater,30,0.415029074,117.4
2023-06-06 13:45,Saltwater,5,0.419219169,2465.8
2023-06-06 13:45,Saltwater,15,0.325437362,1353.2
2023-06-06 13:45,Saltwater,30,0.333883497,1433.6
2023-06-06 14:00,Control,5,0.286001638,76.66666667
2023-06-06 14:00,Control,15,0.284264492,50
2023-06-06 14:00,Control,30,0.337841887,111
2023-06-06 14:00,Freshwater,5,0.423143166,147.8
2023-06-06 14:00,Freshwater,15,0.370409712,107.8
2023-06-06 14:00,Freshwater,30,0.414657465,116.6
2023-06-06 14:00,Saltwater,5,0.418615597,2476.6
2023-06-06 14:00,Saltwater,15,0.325140231,1375.8
2023-06-06 14:00,Saltwater,30,0.334035554,1433.2
2023-06-06 14:15,Control,5,0.285651235,76.33333333
2023-06-06 14:15,Control,15,0.283837803,50
2023-06-06 14:15,Control,30,0.337795339,112.3333333
2023-06-06 14:15,Freshwater,5,0.42328824,149.2
2023-06-06 14:15,Freshwater,15,0.370246794,109
2023-06-06 14:15,Freshwater,30,0.414702462,115.8
2023-06-06 14:15,Saltwater,5,0.419047718,2486.2
2023-06-06 14:15,Saltwater,15,0.32521238,1384.4
2023-06-06 14:15,Saltwater,30,0.333991333,1443.6
2023-06-06 14:30,Control,5,0.285465043,77.33333333
2023-06-06 14:30,Control,15,0.283667127,49.5
2023-06-06 14:30,Control,30,0.337588459,112.6666667
2023-06-06 14:30,Freshwater,5,0.423754496,148
2023-06-06 14:30,Freshwater,15,0.370612972,108.4
2023-06-06 14:30,Freshwater,30,0.415029074,116.6
2023-06-06 14:30,Saltwater,5,0.419308386,2494.8
2023-06-06 14:30,Saltwater,15,0.325174366,1404.6
2023-06-06 14:30,Saltwater,30,0.334123219,1441.6
2023-06-06 14:45,Control,5,0.285040939,78
2023-06-06 14:45,Control,15,0.283698159,50
2023-06-06 14:45,Control,30,0.337619491,112.3333333
2023-06-06 14:45,Freshwater,5,0.423442625,149.2
2023-06-06 14:45,Freshwater,15,0.370236709,108.6
2023-06-06 14:45,Freshwater,30,0.415130703,116.4
2023-06-06 14:45,Saltwater,5,0.419412344,2508.4
2023-06-06 14:45,Saltwater,15,0.325186779,1409.4
2023-06-06 14:45,Saltwater,30,0.334057276,1442.8
2023-06-06 15:00,Control,5,0.285175411,77.66666667
2023-06-06 15:00,Control,15,0.28299218,50
2023-06-06 15:00,Control,30,0.337600096,112.3333333
2023-06-06 15:00,Freshwater,5,0.423300653,149.4
2023-06-06 15:00,Freshwater,15,0.370237485,108.2
2023-06-06 15:00,Freshwater,30,0.414956924,116.4
2023-06-06 15:00,Saltwater,5,0.419458892,2519.4
2023-06-06 15:00,Saltwater,15,0.325131697,1405
2023-06-06 15:00,Saltwater,30,0.33360576,1446.4
2023-06-06 15:15,Control,5,0.284563822,76.66666667
2023-06-06 15:15,Control,15,0.283042608,51
2023-06-06 15:15,Control,30,0.336850156,111.3333333
2023-06-06 15:15,Freshwater,5,0.42289491,149
2023-06-06 15:15,Freshwater,15,0.3701312,108.2
2023-06-06 15:15,Freshwater,30,0.414693928,115
2023-06-06 15:15,Saltwater,5,0.419123746,2542.6
2023-06-06 15:15,Saltwater,15,0.324902836,1412.4
2023-06-06 15:15,Saltwater,30,0.333500252,1448.8
2023-06-06 15:30,Control,5,0.284407369,74.33333333
2023-06-06 15:30,Control,15,0.283259831,51.5
2023-06-06 15:30,Control,30,0.337294948,109.6666667
2023-06-06 15:30,Freshwater,5,0.422908874,147.6
2023-06-06 15:30,Freshwater,15,0.36982088,106.2
2023-06-06 15:30,Freshwater,30,0.414581437,115.4
2023-06-06 15:30,Saltwater,5,0.417250965,2473
2023-06-06 15:30,Saltwater,15,0.324943178,1414
2023-06-06 15:30,Saltwater,30,0.333383882,1447.6
2023-06-06 15:45,Control,5,0.284281948,75
2023-06-06 15:45,Control,15,0.282782715,50
2023-06-06 15:45,Control,30,0.337077724,110
2023-06-06 15:45,Freshwater,5,0.422164882,147.8
2023-06-06 15:45,Freshwater,15,0.368985344,107.2
2023-06-06 15:45,Freshwater,30,0.414292839,114.4
2023-06-06 15:45,Saltwater,5,0.415677642,2426.2
2023-06-06 15:45,Saltwater,15,0.324845427,1405.4
2023-06-06 15:45,Saltwater,30,0.333226394,1435.6
2023-06-06 16:00,Control,5,0.284031106,77.33333333
2023-06-06 16:00,Control,15,0.282251292,50.5
2023-06-06 16:00,Control,30,0.337221247,110.6666667
2023-06-06 16:00,Freshwater,5,0.421849907,145.8
2023-06-06 16:00,Freshwater,15,0.368030334,106.8
2023-06-06 16:00,Freshwater,30,0.414010448,115.4
2023-06-06 16:00,Saltwater,5,0.41452907,2402.5
2023-06-06 16:00,Saltwater,15,0.32470811,1420.6
2023-06-06 16:00,Saltwater,30,0.333217085,1439.8
2023-06-06 16:15,Control,5,0.284024641,76.66666667
2023-06-06 16:15,Control,15,0.28221638,50
2023-06-06 16:15,Control,30,0.336894118,111.6666667
2023-06-06 16:15,Freshwater,5,0.421291331,146.8
2023-06-06 16:15,Freshwater,15,0.367389523,106.4
2023-06-06 16:15,Freshwater,30,0.413906491,111.4
2023-06-06 16:15,Saltwater,5,0.413508506,2344
2023-06-06 16:15,Saltwater,15,0.324566139,1406
2023-06-06 16:15,Saltwater,30,0.333122696,1445.2
2023-06-06 16:30,Control,5,0.283897927,75.66666667
2023-06-06 16:30,Control,15,0.281801327,51
2023-06-06 16:30,Control,30,0.336595435,107
2023-06-06 16:30,Freshwater,5,0.420588456,146.4
2023-06-06 16:30,Freshwater,15,0.366922491,105.2
2023-06-06 16:30,Freshwater,30,0.413639616,110.6
2023-06-06 16:30,Saltwater,5,0.412206713,2282.8
2023-06-06 16:30,Saltwater,15,0.324463733,1419.4
2023-06-06 16:30,Saltwater,30,0.332908833,1446
2023-06-06 16:45,Control,5,0.283672945,77.33333333
2023-06-06 16:45,Control,15,0.282154317,49
2023-06-06 16:45,Control,30,0.336557938,111.3333333
2023-06-06 16:45,Freshwater,5,0.415164063,145.8
2023-06-06 16:45,Freshwater,15,0.366573381,105
2023-06-06 16:45,Freshwater,30,0.414174918,112.2
2023-06-06 16:45,Saltwater,5,0.412036813,2257.6
2023-06-06 16:45,Saltwater,15,0.324337278,1423.2
2023-06-06 16:45,Saltwater,30,0.332656181,1440.6
2023-06-06 17:00,Control,5,0.28364062,77.33333333
2023-06-06 17:00,Control,15,0.282010794,50
2023-06-06 17:00,Control,30,0.336609658,111
2023-06-06 17:00,Freshwater,5,0.414163281,146.2
2023-06-06 17:00,Freshwater,15,0.366549332,102.8
2023-06-06 17:00,Freshwater,30,0.413665993,109.4
2023-06-06 17:00,Saltwater,5,0.411480564,2237.8
2023-06-06 17:00,Saltwater,15,0.323982737,1412.4
2023-06-06 17:00,Saltwater,30,0.332660836,1430.8
2023-06-06 17:15,Control,5,0.28347253,77.66666667
2023-06-06 17:15,Control,15,0.281931274,51
2023-06-06 17:15,Control,30,0.33614935,112.3333333
2023-06-06 17:15,Freshwater,5,0.413272662,146.8
2023-06-06 17:15,Freshwater,15,0.366619929,103.2
2023-06-06 17:15,Freshwater,30,0.413735815,110.4
2023-06-06 17:15,Saltwater,5,0.402222167,2220.8
2023-06-06 17:15,Saltwater,15,0.323961015,1413.2
2023-06-06 17:15,Saltwater,30,0.332674025,1410.4
2023-06-06 17:30,Control,5,0.283437619,73.33333333
2023-06-06 17:30,Control,15,0.282222199,51.5
2023-06-06 17:30,Control,30,0.336564403,109
2023-06-06 17:30,Freshwater,5,0.412518585,145.6
2023-06-06 17:30,Freshwater,15,0.366778968,104.4
2023-06-06 17:30,Freshwater,30,0.413887872,110.8
2023-06-06 17:30,Saltwater,5,0.400982439,2168.4
2023-06-06 17:30,Saltwater,15,0.323411748,1366.2
2023-06-06 17:30,Saltwater,30,0.332362153,1408.6
2023-06-06 17:45,Control,5,0.283182898,76.33333333
2023-06-06 17:45,Control,15,0.281884726,51
2023-06-06 17:45,Control,30,0.33664069,112.3333333
2023-06-06 17:45,Freshwater,5,0.411937511,143.8
2023-06-06 17:45,Freshwater,15,0.366785175,103.6
2023-06-06 17:45,Freshwater,30,0.413860719,110
2023-06-06 17:45,Saltwater,5,0.399489024,2128.6
2023-06-06 17:45,Saltwater,15,0.322998247,1350
2023-06-06 17:45,Saltwater,30,0.329935451,1392
2023-06-06 18:00,Control,5,0.283251427,75.66666667
2023-06-06 18:00,Control,15,0.281979762,50
2023-06-06 18:00,Control,30,0.336401485,108
2023-06-06 18:00,Freshwater,5,0.41144255,143.4
2023-06-06 18:00,Freshwater,15,0.367027224,103.6
2023-06-06 18:00,Freshwater,30,0.413829687,111
2023-06-06 18:00,Saltwater,5,0.398461089,2151.8
2023-06-06 18:00,Saltwater,15,0.32274456,1349.8
2023-06-06 18:00,Saltwater,30,0.325688721,1394.6
2023-06-06 18:15,Control,5,0.283078165,77.66666667
2023-06-06 18:15,Control,15,0.282008854,50
2023-06-06 18:15,Control,30,0.335972209,111.6666667
2023-06-06 18:15,Freshwater,5,0.410638821,143.6
2023-06-06 18:15,Freshwater,15,0.367202555,103.2
2023-06-06 18:15,Freshwater,30,0.413489111,110.8
2023-06-06 18:15,Saltwater,5,0.395520031,2104.8
2023-06-06 18:15,Saltwater,15,0.322002896,1309.4
2023-06-06 18:15,Saltwater,30,0.325525028,1381.8
2023-06-06 18:30,Control,5,0.283092388,77
2023-06-06 18:30,Control,15,0.28175284,49
2023-06-06 18:30,Control,30,0.335762743,111.6666667
2023-06-06 18:30,Freshwater,5,0.409340908,144.6
2023-06-06 18:30,Freshwater,15,0.368195579,103.8
2023-06-06 18:30,Freshwater,30,0.413160171,110
2023-06-06 18:30,Saltwater,5,0.393944381,2069.6
2023-06-06 18:30,Saltwater,15,0.321476903,1292.6
2023-06-06 18:30,Saltwater,30,0.324282972,1381
2023-06-06 18:45,Control,5,0.282924298,77
2023-06-06 18:45,Control,15,0.281812965,52
2023-06-06 18:45,Control,30,0.336263134,111.3333333
2023-06-06 18:45,Freshwater,5,0.407434767,144.8
2023-06-06 18:45,Freshwater,15,0.366770435,103.6
2023-06-06 18:45,Freshwater,30,0.413308349,109.2
2023-06-06 18:45,Saltwater,5,0.393001008,2060
2023-06-06 18:45,Saltwater,15,0.321136327,1253.4
2023-06-06 18:45,Saltwater,30,0.324467612,1369.6
2023-06-06 19:00,Control,5,0.282749743,78
2023-06-06 19:00,Control,15,0.281958427,50
2023-06-06 19:00,Control,30,0.335845495,110.3333333
2023-06-06 19:00,Freshwater,5,0.406767579,142.4
2023-06-06 19:00,Freshwater,15,0.366680442,102.8
2023-06-06 19:00,Freshwater,30,0.413023631,109.4
2023-06-06 19:00,Saltwater,5,0.391052975,2037
2023-06-06 19:00,Saltwater,15,0.320610335,1240.2
2023-06-06 19:00,Saltwater,30,0.324235648,1359.8
2023-06-06 19:15,Control,5,0.282753622,77.66666667
2023-06-06 19:15,Control,15,0.281993338,49.5
2023-06-06 19:15,Control,30,0.336378211,110.3333333
2023-06-06 19:15,Freshwater,5,0.405866876,144.8
2023-06-06 19:15,Freshwater,15,0.366408912,103
2023-06-06 19:15,Freshwater,30,0.412653574,110.6
2023-06-06 19:15,Saltwater,5,0.389791524,2081.6
2023-06-06 19:15,Saltwater,15,0.32012546,1206.4
2023-06-06 19:15,Saltwater,30,0.324104538,1344.8
2023-06-06 19:30,Control,5,0.282798877,76
2023-06-06 19:30,Control,15,0.281937092,52
2023-06-06 19:30,Control,30,0.335897215,111.3333333
2023-06-06 19:30,Freshwater,5,0.40492583,143
2023-06-06 19:30,Freshwater,15,0.366372449,103.8
2023-06-06 19:30,Freshwater,30,0.412617887,109.6
2023-06-06 19:30,Saltwater,5,0.388544813,2055.2
2023-06-06 19:30,Saltwater,15,0.319843844,1177.2
2023-06-06 19:30,Saltwater,30,0.323814389,1346
2023-06-06 19:45,Control,5,0.282770431,77.33333333
2023-06-06 19:45,Control,15,0.281805206,49.5
2023-06-06 19:45,Control,30,0.336379504,111
2023-06-06 19:45,Freshwater,5,0.40360697,140.4
2023-06-06 19:45,Freshwater,15,0.366107901,103.8
2023-06-06 19:45,Freshwater,30,0.412129133,110.2
2023-06-06 19:45,Saltwater,5,0.386652637,2032.6
2023-06-06 19:45,Saltwater,15,0.31968946,1173.6
2023-06-06 19:45,Saltwater,30,0.32352036,1335
2023-06-06 20:00,Control,5,0.282780775,76.66666667
2023-06-06 20:00,Control,15,0.282068978,51.5
2023-06-06 20:00,Control,30,0.335885578,110.3333333
2023-06-06 20:00,Freshwater,5,0.402268715,141.2
2023-06-06 20:00,Freshwater,15,0.366023339,103.4
2023-06-06 20:00,Freshwater,30,0.411687703,110.2
2023-06-06 20:00,Saltwater,5,0.383971472,2034.2
2023-06-06 20:00,Saltwater,15,0.319022272,1167.8
2023-06-06 20:00,Saltwater,30,0.323366752,1336.6
2023-06-06 20:15,Control,5,0.282815686,76.66666667
2023-06-06 20:15,Control,15,0.284966592,49.5
2023-06-06 20:15,Control,30,0.335996776,109.6666667
2023-06-06 20:15,Freshwater,5,0.401665143,140.6
2023-06-06 20:15,Freshwater,15,0.365977567,103.8
2023-06-06 20:15,Freshwater,30,0.41132075,110.2
2023-06-06 20:15,Saltwater,5,0.382685972,2012.6
2023-06-06 20:15,Saltwater,15,0.318607219,1149.6
2023-06-06 20:15,Saltwater,30,0.323118496,1324.4
2023-06-06 20:30,Control,5,0.28264501,77
2023-06-06 20:30,Control,15,0.281977822,51.5
2023-06-06 20:30,Control,30,0.335726539,111.3333333
2023-06-06 20:30,Freshwater,5,0.400452567,140.6
2023-06-06 20:30,Freshwater,15,0.365862749,102.8
2023-06-06 20:30,Freshwater,30,0.408779229,110.8
2023-06-06 20:30,Saltwater,5,0.381571147,1982.4
2023-06-06 20:30,Saltwater,15,0.318292244,1149.6
2023-06-06 20:30,Saltwater,30,0.323072724,1310.8
2023-06-06 20:45,Control,5,0.282630787,76.66666667
2023-06-06 20:45,Control,15,0.282148498,50
2023-06-06 20:45,Control,30,0.335947642,109
2023-06-06 20:45,Freshwater,5,0.399914938,138.8
2023-06-06 20:45,Freshwater,15,0.365614493,103.2
2023-06-06 20:45,Freshwater,30,0.408768368,109.2
2023-06-06 20:45,Saltwater,5,0.380668116,1976.4
2023-06-06 20:45,Saltwater,15,0.313606412,1122.8
2023-06-06 20:45,Saltwater,30,0.322949372,1322.4
2023-06-06 21:00,Control,5,0.28247692,76.66666667
2023-06-06 21:00,Control,15,0.28202437,49.5
2023-06-06 21:00,Control,30,0.335784724,110
2023-06-06 21:00,Freshwater,5,0.399291971,136.8
2023-06-06 21:00,Freshwater,15,0.365405027,103
2023-06-06 21:00,Freshwater,30,0.407511572,109.8
2023-06-06 21:00,Saltwater,5,0.37933374,1955.2
2023-06-06 21:00,Saltwater,15,0.312597872,1112
2023-06-06 21:00,Saltwater,30,0.322740681,1301.6
2023-06-06 21:15,Control,5,0.282514417,75.33333333
2023-06-06 21:15,Control,15,0.282053463,51
2023-06-06 21:15,Control,30,0.33547699,109.6666667
2023-06-06 21:15,Freshwater,5,0.397849758,136.2
2023-06-06 21:15,Freshwater,15,0.365290984,102.6
2023-06-06 21:15,Freshwater,30,0.40764113,109.6
2023-06-06 21:15,Saltwater,5,0.378087805,1914.6
2023-06-06 21:15,Saltwater,15,0.312180492,1123.6
2023-06-06 21:15,Saltwater,30,0.322727493,1297.4
2023-06-06 21:30,Control,5,0.28245106,76
2023-06-06 21:30,Control,15,0.28225711,51
2023-06-06 21:30,Control,30,0.335976088,109.6666667
2023-06-06 21:30,Freshwater,5,0.397329972,136.4
2023-06-06 21:30,Freshwater,15,0.36519944,101.6
2023-06-06 21:30,Freshwater,30,0.407163237,109.6
2023-06-06 21:30,Saltwater,5,0.377385706,1941.8
2023-06-06 21:30,Saltwater,15,0.310658372,1105.2
2023-06-06 21:30,Saltwater,30,0.322227878,1300.2
2023-06-06 21:45,Control,5,0.282368308,77
2023-06-06 21:45,Control,15,0.282260989,51.5
2023-06-06 21:45,Control,30,0.335718781,111.3333333
2023-06-06 21:45,Freshwater,5,0.396800877,135.2
2023-06-06 21:45,Freshwater,15,0.365045055,101.2
2023-06-06 21:45,Freshwater,30,0.407307536,109.1
2023-06-06 21:45,Saltwater,5,0.375945045,1927.9
2023-06-06 21:45,Saltwater,15,0.310198323,1101.4
2023-06-06 21:45,Saltwater,30,0.322308561,1297.2
2023-06-06 22:00,Control,5,0.282351499,76
2023-06-06 22:00,Control,15,0.282016612,50.5
2023-06-06 22:00,Control,30,0.335859718,111
2023-06-06 22:00,Freshwater,5,0.395072394,134.8
2023-06-06 22:00,Freshwater,15,0.364218053,99.8
2023-06-06 22:00,Freshwater,30,0.406153922,110.4
2023-06-06 22:00,Saltwater,5,0.375313544,1906
2023-06-06 22:00,Saltwater,15,0.309583113,1091.2
2023-06-06 22:00,Saltwater,30,0.322021515,1286.4
2023-06-06 22:15,Control,5,0.282154963,77
2023-06-06 22:15,Control,15,0.282233836,50.5
2023-06-06 22:15,Control,30,0.335570086,110.6666667
2023-06-06 22:15,Freshwater,5,0.394672082,134.4
2023-06-06 22:15,Freshwater,15,0.364171505,100.2
2023-06-06 22:15,Freshwater,30,0.406014278,110
2023-06-06 22:15,Saltwater,5,0.374758071,1900.4
2023-06-06 22:15,Saltwater,15,0.309098238,1088
2023-06-06 22:15,Saltwater,30,0.321718953,1273.6
2023-06-06 22:30,Control,5,0.282337276,75.66666667
2023-06-06 22:30,Control,15,0.282398693,50
2023-06-06 22:30,Control,30,0.335625685,110.6666667
2023-06-06 22:30,Freshwater,5,0.39361389,133.4
2023-06-06 22:30,Freshwater,15,0.363842565,99.2
2023-06-06 22:30,Freshwater,30,0.405925061,107.8
2023-06-06 22:30,Saltwater,5,0.374040456,1891
2023-06-06 22:30,Saltwater,15,0.308493114,1068.8
2023-06-06 22:30,Saltwater,30,0.3214738,1276
2023-06-06 22:45,Control,5,0.282059281,77.33333333
2023-06-06 22:45,Control,15,0.282408391,51
2023-06-06 22:45,Control,30,0.335227441,110.6666667
2023-06-06 22:45,Freshwater,5,0.393028937,132.6
2023-06-06 22:45,Freshwater,15,0.362792132,98.4
2023-06-06 22:45,Freshwater,30,0.405719474,109
2023-06-06 22:45,Saltwater,5,0.372530362,1878.6
2023-06-06 22:45,Saltwater,15,0.307832909,1062.6
2023-06-06 22:45,Saltwater,30,0.321310106,1265.8
2023-06-06 23:00,Control,5,0.282262282,76.33333333
2023-06-06 23:00,Control,15,0.282493729,50.5
2023-06-06 23:00,Control,30,0.335365792,110.6666667
2023-06-06 23:00,Freshwater,5,0.391438547,131.6
2023-06-06 23:00,Freshwater,15,0.362325876,98.2
2023-06-06 23:00,Freshwater,30,0.405612413,110
2023-06-06 23:00,Saltwater,5,0.372208793,1865.4
2023-06-06 23:00,Saltwater,15,0.307351137,1041.6
2023-06-06 23:00,Saltwater,30,0.321254249,1262.8
2023-06-06 23:15,Control,5,0.282111001,76
2023-06-06 23:15,Control,15,0.282282324,51.5
2023-06-06 23:15,Control,30,0.335294677,108.3333333
2023-06-06 23:15,Freshwater,5,0.390740327,131
2023-06-06 23:15,Freshwater,15,0.362304154,98.2
2023-06-06 23:15,Freshwater,30,0.405566641,109.2
2023-06-06 23:15,Saltwater,5,0.370209556,1852.4
2023-06-06 23:15,Saltwater,15,0.306662226,1040.4
2023-06-06 23:15,Saltwater,30,0.320663089,1220.6
2023-06-06 23:30,Control,5,0.282217027,76.33333333
2023-06-06 23:30,Control,15,0.282132982,50
2023-06-06 23:30,Control,30,0.33547699,108.3333333
2023-06-06 23:30,Freshwater,5,0.390727139,132.8
2023-06-06 23:30,Freshwater,15,0.361997713,98.6
2023-06-06 23:30,Freshwater,30,0.404955311,107.8
2023-06-06 23:30,Saltwater,5,0.369738645,1848.8
2023-06-06 23:30,Saltwater,15,0.306279757,1033
2023-06-06 23:30,Saltwater,30,0.320560683,1210.2
2023-06-06 23:45,Control,5,0.282105829,76.66666667
2023-06-06 23:45,Control,15,0.2828409,49.5
2023-06-06 23:45,Control,30,0.335364499,110
2023-06-06 23:45,Freshwater,5,0.390378804,131.4
2023-06-06 23:45,Freshwater,15,0.361847208,97.8
2023-06-06 23:45,Freshwater,30,0.405076335,108.4
2023-06-06 23:45,Saltwater,5,0.368724675,1838
2023-06-06 23:45,Saltwater,15,0.306019088,982.6
2023-06-06 23:45,Saltwater,30,0.320514911,1196.8
2023-06-07 00:00,Control,5,0.282017905,74.33333333
2023-06-07 00:00,Control,15,0.282749743,49
2023-06-07 00:00,Control,30,0.335453716,110.3333333
2023-06-07 00:00,Freshwater,5,0.389983922,130.4
2023-06-07 00:00,Freshwater,15,0.361744026,98
2023-06-07 00:00,Freshwater,30,0.404693866,108.2
2023-06-07 00:00,Saltwater,5,0.368222732,1828.6
2023-06-07 00:00,Saltwater,15,0.305819708,979.8
2023-06-07 00:00,Saltwater,30,0.320173559,1184.4
2023-06-07 00:15,Control,5,0.282091606,76.33333333
2023-06-07 00:15,Control,15,0.282596523,48
2023-06-07 00:15,Control,30,0.335604997,110
2023-06-07 00:15,Freshwater,5,0.389713556,130.1
2023-06-07 00:15,Freshwater,15,0.361338283,97.4
2023-06-07 00:15,Freshwater,30,0.403575938,110.2
2023-06-07 00:15,Saltwater,5,0.367710704,1836
2023-06-07 00:15,Saltwater,15,0.305493872,961.2
2023-06-07 00:15,Saltwater,30,0.320028485,1137.6
2023-06-07 00:30,Control,5,0.281982994,76.33333333
2023-06-07 00:30,Control,15,0.282437484,50
2023-06-07 00:30,Control,30,0.335576551,110
2023-06-07 00:30,Freshwater,5,0.389531631,130.4
2023-06-07 00:30,Freshwater,15,0.361273116,97.4
2023-06-07 00:30,Freshwater,30,0.402827291,109.2
2023-06-07 00:30,Saltwater,5,0.367176954,1835.8
2023-06-07 00:30,Saltwater,15,0.305328626,967.2
2023-06-07 00:30,Saltwater,30,0.319916769,1122
2023-06-07 00:45,Control,5,0.28210195,77
2023-06-07 00:45,Control,15,0.282239655,51.5
2023-06-07 00:45,Control,30,0.335442079,110.3333333
2023-06-07 00:45,Freshwater,5,0.388972279,132.2
2023-06-07 00:45,Freshwater,15,0.362184681,98
2023-06-07 00:45,Freshwater,30,0.400170176,110
2023-06-07 00:45,Saltwater,5,0.366638549,1827.6
2023-06-07 00:45,Saltwater,15,0.303225432,954.2
2023-06-07 00:45,Saltwater,30,0.318310863,1077.4
2023-06-07 01:00,Control,5,0.281924809,76.33333333
2023-06-07 01:00,Control,15,0.282307537,50
2023-06-07 01:00,Control,30,0.335240371,110
2023-06-07 01:00,Freshwater,5,0.388412151,129.4
2023-06-07 01:00,Freshwater,15,0.361702133,96.4
2023-06-07 01:00,Freshwater,30,0.399986312,109.6
2023-06-07 01:00,Saltwater,5,0.366289439,1784.6
2023-06-07 01:00,Saltwater,15,0.3029027,965.6
2023-06-07 01:00,Saltwater,30,0.318101397,1064.2
2023-06-07 01:15,Control,5,0.28175284,75.66666667
2023-06-07 01:15,Control,15,0.282557732,50.5
2023-06-07 01:15,Control,30,0.335589481,110
2023-06-07 01:15,Freshwater,5,0.388040543,132
2023-06-07 01:15,Freshwater,15,0.359915466,96.8
2023-06-07 01:15,Freshwater,30,0.399810205,108.2
2023-06-07 01:15,Saltwater,5,0.365893005,1787
2023-06-07 01:15,Saltwater,15,0.30277702,957.2
2023-06-07 01:15,Saltwater,30,0.317630487,1017.2
2023-06-07 01:30,Control,5,0.281742496,76.33333333
2023-06-07 01:30,Control,15,0.282534459,48.5
2023-06-07 01:30,Control,30,0.335319244,109
2023-06-07 01:30,Freshwater,5,0.387666608,130
2023-06-07 01:30,Freshwater,15,0.359597388,95.6
2023-06-07 01:30,Freshwater,30,0.399808653,108.2
2023-06-07 01:30,Saltwater,5,0.36533598,1782.4
2023-06-07 01:30,Saltwater,15,0.302672287,951.6
2023-06-07 01:30,Saltwater,30,0.31743964,991
2023-06-07 01:45,Control,5,0.281774821,76.33333333
2023-06-07 01:45,Control,15,0.282425846,50
2023-06-07 01:45,Control,30,0.335052886,110.3333333
2023-06-07 01:45,Freshwater,5,0.38740206,131.6
2023-06-07 01:45,Freshwater,15,0.359173025,96.2
2023-06-07 01:45,Freshwater,30,0.399885458,110
2023-06-07 01:45,Saltwater,5,0.364654052,1771.8
2023-06-07 01:45,Saltwater,15,0.302453511,948.6
2023-06-07 01:45,Saltwater,30,0.317263533,983
2023-06-07 02:00,Control,5,0.281645521,76
2023-06-07 02:00,Control,15,0.282819565,50.5
2023-06-07 02:00,Control,30,0.33498565,109.3333333
2023-06-07 02:00,Freshwater,5,0.386878395,128.8
2023-06-07 02:00,Freshwater,15,0.359076826,96.2
2023-06-07 02:00,Freshwater,30,0.399641856,108
2023-06-07 02:00,Saltwater,5,0.364461654,1781.2
2023-06-07 02:00,Saltwater,15,0.302205255,947.4
2023-06-07 02:00,Saltwater,30,0.317296893,976.2
2023-06-07 02:15,Control,5,0.281680432,76.66666667
2023-06-07 02:15,Control,15,0.282352146,51
2023-06-07 02:15,Control,30,0.335258473,109
2023-06-07 02:15,Freshwater,5,0.386906324,128.6
2023-06-07 02:15,Freshwater,15,0.359115616,95.6
2023-06-07 02:15,Freshwater,30,0.399214391,109
2023-06-07 02:15,Saltwater,5,0.363845669,1775.4
2023-06-07 02:15,Saltwater,15,0.30224327,945.4
2023-06-07 02:15,Saltwater,30,0.316694096,982.6
2023-06-07 02:30,Control,5,0.281857573,75.66666667
2023-06-07 02:30,Control,15,0.282833142,51.5
2023-06-07 02:30,Control,30,0.335167963,111
2023-06-07 02:30,Freshwater,5,0.386796936,128.4
2023-06-07 02:30,Freshwater,15,0.358908477,94.4
2023-06-07 02:30,Freshwater,30,0.399066989,108.4
2023-06-07 02:30,Saltwater,5,0.363586551,1756
2023-06-07 02:30,Saltwater,15,0.301991135,939.2
2023-06-07 02:30,Saltwater,30,0.316835292,969.8
2023-06-07 02:45,Control,5,0.281716636,76
2023-06-07 02:45,Control,15,0.282891327,49
2023-06-07 02:45,Control,30,0.335343811,109.3333333
2023-06-07 02:45,Freshwater,5,0.385650303,127.4
2023-06-07 02:45,Freshwater,15,0.35887667,95
2023-06-07 02:45,Freshwater,30,0.39867521,108.4
2023-06-07 02:45,Saltwater,5,0.363388722,1774.8
2023-06-07 02:45,Saltwater,15,0.302017512,934.8
2023-06-07 02:45,Saltwater,30,0.316613413,968.6
2023-06-07 03:00,Control,5,0.281465794,75.66666667
2023-06-07 03:00,Control,15,0.282699316,50
2023-06-07 03:00,Control,30,0.335125294,108.3333333
2023-06-07 03:00,Freshwater,5,0.385265507,127.4
2023-06-07 03:00,Freshwater,15,0.358584969,95.4
2023-06-07 03:00,Freshwater,30,0.398495224,109.2
2023-06-07 03:00,Saltwater,5,0.363009356,1725
2023-06-07 03:00,Saltwater,15,0.302067939,931.4
2023-06-07 03:00,Saltwater,30,0.316398516,971.8
2023-06-07 03:15,Control,5,0.281516221,75.66666667
2023-06-07 03:15,Control,15,0.282997999,51
2023-06-07 03:15,Control,30,0.334892554,109.6666667
2023-06-07 03:15,Freshwater,5,0.385094831,126.2
2023-06-07 03:15,Freshwater,15,0.358332834,94.4
2023-06-07 03:15,Freshwater,30,0.398233779,109
2023-06-07 03:15,Saltwater,5,0.362301827,1730.6
2023-06-07 03:15,Saltwater,15,0.301835199,937
2023-06-07 03:15,Saltwater,30,0.316116901,965.6
2023-06-07 03:30,Control,5,0.281689483,75.66666667
2023-06-07 03:30,Control,15,0.282837021,50.5
2023-06-07 03:30,Control,30,0.335061937,110.3333333
2023-06-07 03:30,Freshwater,5,0.385063799,128
2023-06-07 03:30,Freshwater,15,0.356474017,94.8
2023-06-07 03:30,Freshwater,30,0.39818568,108.8
2023-06-07 03:30,Saltwater,5,0.361510511,1684
2023-06-07 03:30,Saltwater,15,0.301631939,937.6
2023-06-07 03:30,Saltwater,30,0.316088972,958
2023-06-07 03:45,Control,5,0.281383042,75.66666667
2023-06-07 03:45,Control,15,0.285715238,49
2023-06-07 03:45,Control,30,0.335046421,109
2023-06-07 03:45,Freshwater,5,0.385034318,127.2
2023-06-07 03:45,Freshwater,15,0.356114822,95
2023-06-07 03:45,Freshwater,30,0.398177922,107.4
2023-06-07 03:45,Saltwater,5,0.361178468,1661
2023-06-07 03:45,Saltwater,15,0.301666074,930.6
2023-06-07 03:45,Saltwater,30,0.316118453,954.8
2023-06-07 04:00,Control,5,0.281368819,75.66666667
2023-06-07 04:00,Control,15,0.282883568,51
2023-06-07 04:00,Control,30,0.334824025,109.3333333
2023-06-07 04:00,Freshwater,5,0.384549443,127
2023-06-07 04:00,Freshwater,15,0.356127234,94
2023-06-07 04:00,Freshwater,30,0.397702356,108.6
2023-06-07 04:00,Saltwater,5,0.360886767,1694.8
2023-06-07 04:00,Saltwater,15,0.30158384,930.2
2023-06-07 04:00,Saltwater,30,0.315895798,953.4
2023-06-07 04:15,Control,5,0.281355889,76.66666667
2023-06-07 04:15,Control,15,0.282809867,50.5
2023-06-07 04:15,Control,30,0.335111071,110
2023-06-07 04:15,Freshwater,5,0.384588233,126.6
2023-06-07 04:15,Freshwater,15,0.356031811,93
2023-06-07 04:15,Freshwater,30,0.397747353,107.4
2023-06-07 04:15,Saltwater,5,0.360120277,1657.8
2023-06-07 04:15,Saltwater,15,0.301539619,933
2023-06-07 04:15,Saltwater,30,0.315652197,949.8
2023-06-07 04:30,Control,5,0.281143837,75.33333333
2023-06-07 04:30,Control,15,0.282891327,50
2023-06-07 04:30,Control,30,0.334737394,110.3333333
2023-06-07 04:30,Freshwater,5,0.384477294,125.6
2023-06-07 04:30,Freshwater,15,0.356130338,93.6
2023-06-07 04:30,Freshwater,30,0.397662015,108.8
2023-06-07 04:30,Saltwater,5,0.359622989,1701
2023-06-07 04:30,Saltwater,15,0.301342566,926
2023-06-07 04:30,Saltwater,30,0.315556773,945.2
2023-06-07 04:45,Control,5,0.281397265,75
2023-06-07 04:45,Control,15,0.282869992,50.5
2023-06-07 04:45,Control,30,0.33494686,109.3333333
2023-06-07 04:45,Freshwater,5,0.383827949,125.2
2023-06-07 04:45,Freshwater,15,0.355626843,94.4
2023-06-07 04:45,Freshwater,30,0.397503752,107.2
2023-06-07 04:45,Saltwater,5,0.359388698,1679
2023-06-07 04:45,Saltwater,15,0.301211456,933.4
2023-06-07 04:45,Saltwater,30,0.315255763,943.8
2023-06-07 05:00,Control,5,0.281399851,76.33333333
2023-06-07 05:00,Control,15,0.283069761,52
2023-06-07 05:00,Control,30,0.334795579,109
2023-06-07 05:00,Freshwater,5,0.383924924,126.8
2023-06-07 05:00,Freshwater,15,0.35610396,94.2
2023-06-07 05:00,Freshwater,30,0.397423844,107.8
2023-06-07 05:00,Saltwater,5,0.360966675,1668.8
2023-06-07 05:00,Saltwater,15,0.304022955,1007.8
2023-06-07 05:00,Saltwater,30,0.315341101,938
2023-06-07 05:15,Control,5,0.281185213,76
2023-06-07 05:15,Control,15,0.282718711,51
2023-06-07 05:15,Control,30,0.334866694,109
2023-06-07 05:15,Freshwater,5,0.392899379,131.2
2023-06-07 05:15,Freshwater,15,0.361988403,97.4
2023-06-07 05:15,Freshwater,30,0.399376533,116.2
2023-06-07 05:15,Saltwater,5,0.377052888,1991
2023-06-07 05:15,Saltwater,15,0.315933812,1213.2
2023-06-07 05:15,Saltwater,30,0.323807406,1364.8
2023-06-07 05:30,Control,5,0.281270551,74.33333333
2023-06-07 05:30,Control,15,0.282978604,49.5
2023-06-07 05:30,Control,30,0.335151154,108.6666667
2023-06-07 05:30,Freshwater,5,0.409573648,139.8
2023-06-07 05:30,Freshwater,15,0.366636997,103
2023-06-07 05:30,Freshwater,30,0.401965377,116.6
2023-06-07 05:30,Saltwater,5,0.395253156,2185
2023-06-07 05:30,Saltwater,15,0.320601025,1475.4
2023-06-07 05:30,Saltwater,30,0.325545198,1404
2023-06-07 05:45,Control,5,0.281295118,74.66666667
2023-06-07 05:45,Control,15,0.283025152,49
2023-06-07 05:45,Control,30,0.334979185,109.6666667
2023-06-07 05:45,Freshwater,5,0.413069403,142
2023-06-07 05:45,Freshwater,15,0.367226605,106
2023-06-07 05:45,Freshwater,30,0.402926594,115
2023-06-07 05:45,Saltwater,5,0.403873845,2342
2023-06-07 05:45,Saltwater,15,0.321974967,1509.4
2023-06-07 05:45,Saltwater,30,0.326573909,1444.8
2023-06-07 06:00,Control,5,0.281227882,75.66666667
2023-06-07 06:00,Control,15,0.283021273,51
2023-06-07 06:00,Control,30,0.334971427,108
2023-06-07 06:00,Freshwater,5,0.41374047,144.4
2023-06-07 06:00,Freshwater,15,0.367939565,107.8
2023-06-07 06:00,Freshwater,30,0.403328458,116.2
2023-06-07 06:00,Saltwater,5,0.406338562,2448
2023-06-07 06:00,Saltwater,15,0.322635948,1570.4
2023-06-07 06:00,Saltwater,30,0.327230236,1434.2
2023-06-07 06:15,Control,5,0.28131322,75.66666667
2023-06-07 06:15,Control,15,0.283034849,50
2023-06-07 06:15,Control,30,0.334557667,109.3333333
2023-06-07 06:15,Freshwater,5,0.413890975,145.4
2023-06-07 06:15,Freshwater,15,0.368086967,107
2023-06-07 06:15,Freshwater,30,0.403707048,114.2
2023-06-07 06:15,Saltwater,5,0.407361842,2508.2
2023-06-07 06:15,Saltwater,15,0.323006781,1555
2023-06-07 06:15,Saltwater,30,0.327538229,1453.2
2023-06-07 06:30,Control,5,0.281359768,74.66666667
2023-06-07 06:30,Control,15,0.282965027,51
2023-06-07 06:30,Control,30,0.334976599,107.6666667
2023-06-07 06:30,Freshwater,5,0.414099665,145.8
2023-06-07 06:30,Freshwater,15,0.3682398,107.4
2023-06-07 06:30,Freshwater,30,0.403789283,116.4
2023-06-07 06:30,Saltwater,5,0.407897144,2505.8
2023-06-07 06:30,Saltwater,15,0.323251158,1550.8
2023-06-07 06:30,Saltwater,30,0.327881132,1460.8
2023-06-07 06:45,Control,5,0.281141251,75.33333333
2023-06-07 06:45,Control,15,0.283126006,49.5
2023-06-07 06:45,Control,30,0.334473622,109.3333333
2023-06-07 06:45,Freshwater,5,0.414378177,145.6
2023-06-07 06:45,Freshwater,15,0.368219241,107
2023-06-07 06:45,Freshwater,30,0.403542579,116
2023-06-07 06:45,Saltwater,5,0.408409948,2512.4
2023-06-07 06:45,Saltwater,15,0.323452866,1554.4
2023-06-07 06:45,Saltwater,30,0.328090598,1481
2023-06-07 07:00,Control,5,0.281062378,75.66666667
2023-06-07 07:00,Control,15,0.282776896,51
2023-06-07 07:00,Control,30,0.334490431,111
2023-06-07 07:00,Freshwater,5,0.414509288,146.8
2023-06-07 07:00,Freshwater,15,0.368488056,107.4
2023-06-07 07:00,Freshwater,30,0.403129853,116.4
2023-06-07 07:00,Saltwater,5,0.408813364,2524
2023-06-07 07:00,Saltwater,15,0.32377172,1550.4
2023-06-07 07:00,Saltwater,30,0.328503324,1485
2023-06-07 07:15,Control,5,0.280926613,75.33333333
2023-06-07 07:15,Control,15,0.282941753,51
2023-06-07 07:15,Control,30,0.334639126,110
2023-06-07 07:15,Freshwater,5,0.414590747,146.6
2023-06-07 07:15,Freshwater,15,0.368430647,106.6
2023-06-07 07:15,Freshwater,30,0.403276479,116
2023-06-07 07:15,Saltwater,5,0.409292808,2580
2023-06-07 07:15,Saltwater,15,0.323945499,1550
2023-06-07 07:15,Saltwater,30,0.328756235,1498.6
2023-06-07 07:30,Control,5,0.281079187,75
2023-06-07 07:30,Control,15,0.282792412,50.5
2023-06-07 07:30,Control,30,0.334438711,108.6666667
2023-06-07 07:30,Freshwater,5,0.415088034,147.6
2023-06-07 07:30,Freshwater,15,0.368349963,107.2
2023-06-07 07:30,Freshwater,30,0.40280712,117.2
2023-06-07 07:30,Saltwater,5,0.409217556,2611
2023-06-07 07:30,Saltwater,15,0.324169705,1578.2
2023-06-07 07:30,Saltwater,30,0.328935444,1506.4
2023-06-07 07:45,Control,5,0.280971868,74.66666667
2023-06-07 07:45,Control,15,0.283191949,49.5
2023-06-07 07:45,Control,30,0.334693432,109.3333333
2023-06-07 07:45,Freshwater,5,0.41503528,147
2023-06-07 07:45,Freshwater,15,0.368386426,106.8
2023-06-07 07:45,Freshwater,30,0.402808672,116.8
2023-06-07 07:45,Saltwater,5,0.410140758,2599.8
2023-06-07 07:45,Saltwater,15,0.32421858,1574.4
2023-06-07 07:45,Saltwater,30,0.329403252,1519.8
2023-06-07 08:00,Control,5,0.280670599,75.33333333
2023-06-07 08:00,Control,15,0.282588764,50
2023-06-07 08:00,Control,30,0.334348201,110.3333333
2023-06-07 08:00,Freshwater,5,0.41515165,148
2023-06-07 08:00,Freshwater,15,0.368646319,107.4
2023-06-07 08:00,Freshwater,30,0.403314494,116.8
2023-06-07 08:00,Saltwater,5,0.410491419,2578.8
2023-06-07 08:00,Saltwater,15,0.324312452,1558
2023-06-07 08:00,Saltwater,30,0.329497124,1517.8
2023-06-07 08:15,Control,5,0.28070551,76
2023-06-07 08:15,Control,15,0.282666344,50.5
2023-06-07 08:15,Control,30,0.333898237,107.6666667
2023-06-07 08:15,Freshwater,5,0.415358013,145
2023-06-07 08:15,Freshwater,15,0.368626148,107.6
2023-06-07 08:15,Freshwater,30,0.403330785,116
2023-06-07 08:15,Saltwater,5,0.411241618,2618.7
2023-06-07 08:15,Saltwater,15,0.324542865,1563.4
2023-06-07 08:15,Saltwater,30,0.329642198,1514.2
2023-06-07 08:30,Control,5,0.280636981,75.66666667
2023-06-07 08:30,Control,15,0.282480153,50.5
2023-06-07 08:30,Control,30,0.334115461,109.6666667
2023-06-07 08:30,Freshwater,5,0.415627991,146.8
2023-06-07 08:30,Freshwater,15,0.36853538,107
2023-06-07 08:30,Freshwater,30,0.403197348,117
2023-06-07 08:30,Saltwater,5,0.411903375,2640.8
2023-06-07 08:30,Saltwater,15,0.324686388,1610.2
2023-06-07 08:30,Saltwater,30,0.329805892,1539.6
2023-06-07 08:45,Control,5,0.28043398,75.33333333
2023-06-07 08:45,Control,15,0.28217759,50.5
2023-06-07 08:45,Control,30,0.333895651,105.3333333
2023-06-07 08:45,Freshwater,5,0.415894091,147.8
2023-06-07 08:45,Freshwater,15,0.368706831,107.4
2023-06-07 08:45,Freshwater,30,0.403409917,116.8
2023-06-07 08:45,Saltwater,5,0.412301361,2594.8
2023-06-07 08:45,Saltwater,15,0.324907491,1601.6
2023-06-07 08:45,Saltwater,30,0.330212411,1537.6
2023-06-07 09:00,Control,5,0.280329247,74.66666667
2023-06-07 09:00,Control,15,0.28233663,48.5
2023-06-07 09:00,Control,30,0.334150372,107.6666667
2023-06-07 09:00,Freshwater,5,0.415658247,148.4
2023-06-07 09:00,Freshwater,15,0.368655629,107.4
2023-06-07 09:00,Freshwater,30,0.403250878,117
2023-06-07 09:00,Saltwater,5,0.412724948,2672.6
2023-06-07 09:00,Saltwater,15,0.324962573,1600.6
2023-06-07 09:00,Saltwater,30,0.330081301,1548.4
2023-06-07 09:15,Control,5,0.280318903,73.66666667
2023-06-07 09:15,Control,15,0.282032128,50
2023-06-07 09:15,Control,30,0.333683599,110
2023-06-07 09:15,Freshwater,5,0.415649714,149.8
2023-06-07 09:15,Freshwater,15,0.369912425,108.4
2023-06-07 09:15,Freshwater,30,0.403357163,116.4
2023-06-07 09:15,Saltwater,5,0.413438684,2661
2023-06-07 09:15,Saltwater,15,0.325156523,1617.4
2023-06-07 09:15,Saltwater,30,0.330512646,1556.4
2023-06-07 09:30,Control,5,0.280029271,75.33333333
2023-06-07 09:30,Control,15,0.282266808,50
2023-06-07 09:30,Control,30,0.333872377,108.3333333
2023-06-07 09:30,Freshwater,5,0.416214496,149.4
2023-06-07 09:30,Freshwater,15,0.368739415,107.2
2023-06-07 09:30,Freshwater,30,0.403175625,117.4
2023-06-07 09:30,Saltwater,5,0.41370711,2684
2023-06-07 09:30,Saltwater,15,0.325190658,1600.8
2023-06-07 09:30,Saltwater,30,0.330654617,1553.8
2023-06-07 09:45,Control,5,0.27967111,75.66666667
2023-06-07 09:45,Control,15,0.281993338,48.5
2023-06-07 09:45,Control,30,0.333878842,106.3333333
2023-06-07 09:45,Freshwater,5,0.416057784,150.4
2023-06-07 09:45,Freshwater,15,0.368774326,108.2
2023-06-07 09:45,Freshwater,30,0.403216743,117.4
2023-06-07 09:45,Saltwater,5,0.413700904,2697.2
2023-06-07 09:45,Saltwater,15,0.325324871,1598.8
2023-06-07 09:45,Saltwater,30,0.330795813,1572.8
2023-06-07 10:00,Control,5,0.279468109,75.66666667
2023-06-07 10:00,Control,15,0.281108926,51
2023-06-07 10:00,Control,30,0.333659032,107.3333333
2023-06-07 10:00,Freshwater,5,0.416038389,149.2
2023-06-07 10:00,Freshwater,15,0.368590461,108.2
2023-06-07 10:00,Freshwater,30,0.402900992,117
2023-06-07 10:00,Saltwater,5,0.414489893,2663.8
2023-06-07 10:00,Saltwater,15,0.325545974,1650.2
2023-06-07 10:00,Saltwater,30,0.331075101,1569.2
2023-06-07 10:15,Control,5,0.279510778,75
2023-06-07 10:15,Control,15,0.281244691,49
2023-06-07 10:15,Control,30,0.333313801,108.6666667
2023-06-07 10:15,Freshwater,5,0.416111315,149.6
2023-06-07 10:15,Freshwater,15,0.368941899,108
2023-06-07 10:15,Freshwater,30,0.40297159,117
2023-06-07 10:15,Saltwater,5,0.415055451,2698.6
2023-06-07 10:15,Saltwater,15,0.325445896,1624
2023-06-07 10:15,Saltwater,30,0.331226382,1571.6
2023-06-07 10:30,Control,5,0.279073744,74.33333333
2023-06-07 10:30,Control,15,0.281285421,50.5
2023-06-07 10:30,Control,30,0.3333694,108.6666667
2023-06-07 10:30,Freshwater,5,0.416344055,150.4
2023-06-07 10:30,Freshwater,15,0.368659508,108.6
2023-06-07 10:30,Freshwater,30,0.402623256,116.4
2023-06-07 10:30,Saltwater,5,0.415599287,2701
2023-06-07 10:30,Saltwater,15,0.325587867,1661.8
2023-06-07 10:30,Saltwater,30,0.331303962,1587.5
2023-06-07 10:45,Control,5,0.279045298,75
2023-06-07 10:45,Control,15,0.280882004,50
2023-06-07 10:45,Control,30,0.333140539,107.6666667
2023-06-07 10:45,Freshwater,5,0.416540332,151.2
2023-06-07 10:45,Freshwater,15,0.368855785,108
2023-06-07 10:45,Freshwater,30,0.402637996,116.4
2023-06-07 10:45,Saltwater,5,0.416007357,2752.6
2023-06-07 10:45,Saltwater,15,0.325642173,1656.4
2023-06-07 10:45,Saltwater,30,0.331567734,1587.8
2023-06-07 11:00,Control,5,0.278601799,76
2023-06-07 11:00,Control,15,0.280606596,48.5
2023-06-07 11:00,Control,30,0.333057787,107
2023-06-07 11:00,Freshwater,5,0.41669394,149.6
2023-06-07 11:00,Freshwater,15,0.368927159,108.4
2023-06-07 11:00,Freshwater,30,0.402970038,118
2023-06-07 11:00,Saltwater,5,0.41619898,2716.2
2023-06-07 11:00,Saltwater,15,0.325805867,1653.6
2023-06-07 11:00,Saltwater,30,0.331605748,1594.6
2023-06-07 11:15,Control,5,0.278493187,74.33333333
2023-06-07 11:15,Control,15,0.28047277,49.5
2023-06-07 11:15,Control,30,0.333037099,107.3333333
2023-06-07 11:15,Freshwater,5,0.416595414,150.8
2023-06-07 11:15,Freshwater,15,0.368708383,108.6
2023-06-07 11:15,Freshwater,30,0.403170971,117.4
2023-06-07 11:15,Saltwater,5,0.416484474,2713.8
2023-06-07 11:15,Saltwater,15,0.325931547,1646.8
2023-06-07 11:15,Saltwater,30,0.331729876,1595
2023-06-07 11:30,Control,5,0.278083306,74.66666667
2023-06-07 11:30,Control,15,0.280509621,50.5
2023-06-07 11:30,Control,30,0.332602651,108
2023-06-07 11:30,Freshwater,5,0.416895648,151.8
2023-06-07 11:30,Freshwater,15,0.368820874,107.4
2023-06-07 11:30,Freshwater,30,0.40307865,116.4
2023-06-07 11:30,Saltwater,5,0.416937542,2720.2
2023-06-07 11:30,Saltwater,15,0.325851639,1668.2
2023-06-07 11:30,Saltwater,30,0.331717463,1601.8
2023-06-07 11:45,Control,5,0.277895821,73.66666667
2023-06-07 11:45,Control,15,0.27997044,50
2023-06-07 11:45,Control,30,0.332654371,106
2023-06-07 11:45,Freshwater,5,0.416707129,151.4
2023-06-07 11:45,Freshwater,15,0.368786739,108.2
2023-06-07 11:45,Freshwater,30,0.402063904,117.2
2023-06-07 11:45,Saltwater,5,0.417078737,2704
2023-06-07 11:45,Saltwater,15,0.325993611,1663.4
2023-06-07 11:45,Saltwater,30,0.331904431,1614
2023-06-07 12:00,Control,5,0.277672132,74.66666667
2023-06-07 12:00,Control,15,0.279966561,49
2023-06-07 12:00,Control,30,0.332618167,107
2023-06-07 12:00,Freshwater,5,0.416482923,152.6
2023-06-07 12:00,Freshwater,15,0.368851906,108.8
2023-06-07 12:00,Freshwater,30,0.401969256,117.4
2023-06-07 12:00,Saltwater,5,0.417077961,2760.4
2023-06-07 12:00,Saltwater,15,0.326173596,1661.4
2023-06-07 12:00,Saltwater,30,0.331899,1615
2023-06-07 12:15,Control,5,0.277461373,74.33333333
2023-06-07 12:15,Control,15,0.279603874,48.5
2023-06-07 12:15,Control,30,0.332676352,107
2023-06-07 12:15,Freshwater,5,0.416841342,151.6
2023-06-07 12:15,Freshwater,15,0.368927159,107.8
2023-06-07 12:15,Freshwater,30,0.402070886,117.6
2023-06-07 12:15,Saltwater,5,0.417548096,2748.8
2023-06-07 12:15,Saltwater,15,0.326257383,1686.6
2023-06-07 12:15,Saltwater,30,0.331857883,1613.2
2023-06-07 12:30,Control,5,0.277308799,75
2023-06-07 12:30,Control,15,0.279256704,48.5
2023-06-07 12:30,Control,30,0.332265178,105.3333333
2023-06-07 12:30,Freshwater,5,0.417080289,152
2023-06-07 12:30,Freshwater,15,0.368878283,108
2023-06-07 12:30,Freshwater,30,0.401875385,116.2
2023-06-07 12:30,Saltwater,5,0.41776532,2772.8
2023-06-07 12:30,Saltwater,15,0.32626902,1678.8
2023-06-07 12:30,Saltwater,30,0.332211648,1619.4
2023-06-07 12:45,Control,5,0.276816166,76
2023-06-07 12:45,Control,15,0.279307131,50
2023-06-07 12:45,Control,30,0.331970374,106
2023-06-07 12:45,Freshwater,5,0.416937542,152.2
2023-06-07 12:45,Freshwater,15,0.368591237,108.4
2023-06-07 12:45,Freshwater,30,0.401983221,117.4
2023-06-07 12:45,Saltwater,5,0.418203647,2762.8
2023-06-07 12:45,Saltwater,15,0.326439696,1693.4
2023-06-07 12:45,Saltwater,30,0.332213975,1612.6
2023-06-07 13:00,Control,5,0.276733414,73.66666667
2023-06-07 13:00,Control,15,0.279118999,49
2023-06-07 13:00,Control,30,0.331763494,107.6666667
2023-06-07 13:00,Freshwater,5,0.417114424,151.4
2023-06-07 13:00,Freshwater,15,0.368969828,108.2
2023-06-07 13:00,Freshwater,30,0.40196305,117.2
2023-06-07 13:00,Saltwater,5,0.418306829,2726.8
2023-06-07 13:00,Saltwater,15,0.326635973,1691.2
2023-06-07 13:00,Saltwater,30,0.33240327,1628
2023-06-07 13:15,Control,5,0.276701089,76.33333333
2023-06-07 13:15,Control,15,0.278956081,49
2023-06-07 13:15,Control,30,0.331949686,104.6666667
2023-06-07 13:15,Freshwater,5,0.417093477,152
2023-06-07 13:15,Freshwater,15,0.368803031,108.2
2023-06-07 13:15,Freshwater,30,0.401689193,117.2
2023-06-07 13:15,Saltwater,5,0.41865206,2749
2023-06-07 13:15,Saltwater,15,0.326585546,1688.6
2023-06-07 13:15,Saltwater,30,0.332398616,1630.6
2023-06-07 13:30,Control,5,0.276641611,75.66666667
2023-06-07 13:30,Control,15,0.278694248,50
2023-06-07 13:30,Control,30,0.331488085,106
2023-06-07 13:30,Freshwater,5,0.417223812,153.2
2023-06-07 13:30,Freshwater,15,0.368905436,107.2
2023-06-07 13:30,Freshwater,30,0.401857541,117.4
2023-06-07 13:30,Saltwater,5,0.418724985,2784.4
2023-06-07 13:30,Saltwater,15,0.326743809,1697.6
2023-06-07 13:30,Saltwater,30,0.33256774,1634.2
2023-06-07 13:45,Control,5,0.276212335,75.33333333
2023-06-07 13:45,Control,15,0.278021242,49
2023-06-07 13:45,Control,30,0.331426021,106.6666667
2023-06-07 13:45,Freshwater,5,0.417322338,152.1
2023-06-07 13:45,Freshwater,15,0.368761913,108
2023-06-07 13:45,Freshwater,30,0.400423087,118
2023-06-07 13:45,Saltwater,5,0.419004273,2804.4
2023-06-07 13:45,Saltwater,15,0.326745749,1719.8
2023-06-07 13:45,Saltwater,30,0.332685662,1641.4
2023-06-07 14:00,Control,5,0.275899429,75.33333333
2023-06-07 14:00,Control,15,0.278302469,49
2023-06-07 14:00,Control,30,0.331469983,109.6666667
2023-06-07 14:00,Freshwater,5,0.417126061,151.4
2023-06-07 14:00,Freshwater,15,0.368914358,108.6
2023-06-07 14:00,Freshwater,30,0.400880809,117.2
2023-06-07 14:00,Saltwater,5,0.418772309,2777.2
2023-06-07 14:00,Saltwater,15,0.326796564,1694.4
2023-06-07 14:00,Saltwater,30,0.332619719,1626.6
2023-06-07 14:15,Control,5,0.275883913,74
2023-06-07 14:15,Control,15,0.278114338,49.5
2023-06-07 14:15,Control,30,0.331151905,104.6666667
2023-06-07 14:15,Freshwater,5,0.417150111,150.6
2023-06-07 14:15,Freshwater,15,0.368854233,109.4
2023-06-07 14:15,Freshwater,30,0.40107088,116.2
2023-06-07 14:15,Saltwater,5,0.419130728,2813.6
2023-06-07 14:15,Saltwater,15,0.327225581,1695.4
2023-06-07 14:15,Saltwater,30,0.332874957,1633.4
2023-06-07 14:30,Control,5,0.275444293,75.66666667
2023-06-07 14:30,Control,15,0.277658556,45.5
2023-06-07 14:30,Control,30,0.331129924,106.6666667
2023-06-07 14:30,Freshwater,5,0.417348716,151.8
2023-06-07 14:30,Freshwater,15,0.369163002,108.4
2023-06-07 14:30,Freshwater,30,0.401144581,117.2
2023-06-07 14:30,Saltwater,5,0.419213739,2804.4
2023-06-07 14:30,Saltwater,15,0.32717593,1726.2
2023-06-07 14:30,Saltwater,30,0.332856338,1641
2023-06-07 14:45,Control,5,0.2753137,75.66666667
2023-06-07 14:45,Control,15,0.277788502,48.5
2023-06-07 14:45,Control,30,0.331198453,106
2023-06-07 14:45,Freshwater,5,0.417771527,152.2
2023-06-07 14:45,Freshwater,15,0.368915522,108.8
2023-06-07 14:45,Freshwater,30,0.40070703,118.8
2023-06-07 14:45,Saltwater,5,0.419586899,2789.4
2023-06-07 14:45,Saltwater,15,0.32708361,1695.6
2023-06-07 14:45,Saltwater,30,0.332933142,1634.6
2023-06-07 15:00,Control,5,0.275123629,74.33333333
2023-06-07 15:00,Control,15,0.2772532,49.5
2023-06-07 15:00,Control,30,0.330955369,106
2023-06-07 15:00,Freshwater,5,0.417533356,151.6
2023-06-07 15:00,Freshwater,15,0.368837166,108.4
2023-06-07 15:00,Freshwater,30,0.401090275,118
2023-06-07 15:00,Saltwater,5,0.419655169,2790
2023-06-07 15:00,Saltwater,15,0.32710766,1733.4
2023-06-07 15:00,Saltwater,30,0.333014601,1642.8
2023-06-07 15:15,Control,5,0.274877959,74.33333333
2023-06-07 15:15,Control,15,0.277359872,49.5
2023-06-07 15:15,Control,30,0.330638584,106.6666667
2023-06-07 15:15,Freshwater,5,0.416714887,153.6
2023-06-07 15:15,Freshwater,15,0.368679678,108.4
2023-06-07 15:15,Freshwater,30,0.40029508,117.8
2023-06-07 15:15,Saltwater,5,0.41983593,2830.2
2023-06-07 15:15,Saltwater,15,0.327349709,1729
2023-06-07 15:15,Saltwater,30,0.333068131,1639.6
2023-06-07 15:30,Control,5,0.274883131,73.66666667
2023-06-07 15:30,Control,15,0.277051492,47.5
2023-06-07 15:30,Control,30,0.330376105,107.6666667
2023-06-07 15:30,Freshwater,5,0.416603948,150.6
2023-06-07 15:30,Freshwater,15,0.3684578,109
2023-06-07 15:30,Freshwater,30,0.400025102,118
2023-06-07 15:30,Saltwater,5,0.41858922,2738.8
2023-06-07 15:30,Saltwater,15,0.32723877,1709.4
2023-06-07 15:30,Saltwater,30,0.333093732,1635
2023-06-07 15:45,Control,5,0.274587034,75.66666667
2023-06-07 15:45,Control,15,0.277247382,50
2023-06-07 15:45,Control,30,0.330241633,105
2023-06-07 15:45,Freshwater,5,0.416242425,151.4
2023-06-07 15:45,Freshwater,15,0.367885259,107.2
2023-06-07 15:45,Freshwater,30,0.39985365,117.4
2023-06-07 15:45,Saltwater,5,0.417673776,2713.4
2023-06-07 15:45,Saltwater,15,0.327484698,1721.8
2023-06-07 15:45,Saltwater,30,0.332978914,1625.4
2023-06-07 16:00,Control,5,0.274540486,74.33333333
2023-06-07 16:00,Control,15,0.277328841,48.5
2023-06-07 16:00,Control,30,0.330776935,107.3333333
2023-06-07 16:00,Freshwater,5,0.416207514,151.6
2023-06-07 16:00,Freshwater,15,0.368207216,107.6
2023-06-07 16:00,Freshwater,30,0.399082505,116.6
2023-06-07 16:00,Saltwater,5,0.416910389,2761.6
2023-06-07 16:00,Saltwater,15,0.32736988,1725.6
2023-06-07 16:00,Saltwater,30,0.332971932,1626.8
2023-06-07 16:15,Control,5,0.274319383,75.33333333
2023-06-07 16:15,Control,15,0.276727596,46.5
2023-06-07 16:15,Control,30,0.33030499,106.3333333
2023-06-07 16:15,Freshwater,5,0.415804098,150.6
2023-06-07 16:15,Freshwater,15,0.368318156,107
2023-06-07 16:15,Freshwater,30,0.39913138,115.6
2023-06-07 16:15,Saltwater,5,0.415800219,2737.6
2023-06-07 16:15,Saltwater,15,0.327594086,1742.8
2023-06-07 16:15,Saltwater,30,0.332805135,1636.4
2023-06-07 16:30,Control,5,0.27416293,74.33333333
2023-06-07 16:30,Control,15,0.276840086,50
2023-06-07 16:30,Control,30,0.330030874,106.3333333
2023-06-07 16:30,Freshwater,5,0.416152432,151.2
2023-06-07 16:30,Freshwater,15,0.367184712,107.6
2023-06-07 16:30,Freshwater,30,0.398757444,116.8
2023-06-07 16:30,Saltwater,5,0.415558169,2700
2023-06-07 16:30,Saltwater,15,0.327669339,1731.4
2023-06-07 16:30,Saltwater,30,0.332754708,1635.7
2023-06-07 16:45,Control,5,0.274206892,74.66666667
2023-06-07 16:45,Control,15,0.276772204,48
2023-06-07 16:45,Control,30,0.330024409,104.6666667
2023-06-07 16:45,Freshwater,5,0.416021322,150.4
2023-06-07 16:45,Freshwater,15,0.367501238,108
2023-06-07 16:45,Freshwater,30,0.3991019,114.8
2023-06-07 16:45,Saltwater,5,0.415036832,2677.6
2023-06-07 16:45,Saltwater,15,0.327580898,1716.2
2023-06-07 16:45,Saltwater,30,0.332873405,1633
2023-06-07 17:00,Control,5,0.273953464,75
2023-06-07 17:00,Control,15,0.276467702,48.5
2023-06-07 17:00,Control,30,0.330068371,105.6666667
2023-06-07 17:00,Freshwater,5,0.415245522,150.2
2023-06-07 17:00,Freshwater,15,0.366715353,106.6
2023-06-07 17:00,Freshwater,30,0.39889864,113.6
2023-06-07 17:00,Saltwater,5,0.414388263,2659.2
2023-06-07 17:00,Saltwater,15,0.327647616,1724.4
2023-06-07 17:00,Saltwater,30,0.332685662,1629.6
2023-06-07 17:15,Control,5,0.27382675,74.33333333
2023-06-07 17:15,Control,15,0.276809055,49.5
2023-06-07 17:15,Control,30,0.329870542,106
2023-06-07 17:15,Freshwater,5,0.41557834,151.2
2023-06-07 17:15,Freshwater,15,0.366856548,107.2
2023-06-07 17:15,Freshwater,30,0.399538675,111.6
2023-06-07 17:15,Saltwater,5,0.414098889,2607
2023-06-07 17:15,Saltwater,15,0.327798897,1716.2
2023-06-07 17:15,Saltwater,30,0.332780309,1628.8
2023-06-07 17:30,Control,5,0.273784081,74
2023-06-07 17:30,Control,15,0.276907969,47.5
2023-06-07 17:30,Control,30,0.330019237,104.3333333
2023-06-07 17:30,Freshwater,5,0.415495329,151.4
2023-06-07 17:30,Freshwater,15,0.366636609,107.7
2023-06-07 17:30,Freshwater,30,0.398672882,113.2
2023-06-07 17:30,Saltwater,5,0.412904157,2554
2023-06-07 17:30,Saltwater,15,0.327762435,1726
2023-06-07 17:30,Saltwater,30,0.332633683,1631.8
2023-06-07 17:45,Control,5,0.273608233,75.33333333
2023-06-07 17:45,Control,15,0.279378892,49
2023-06-07 17:45,Control,30,0.329311966,106.3333333
2023-06-07 17:45,Freshwater,5,0.414882447,151
2023-06-07 17:45,Freshwater,15,0.366319695,108
2023-06-07 17:45,Freshwater,30,0.399383515,113
2023-06-07 17:45,Saltwater,5,0.412236194,2536.2
2023-06-07 17:45,Saltwater,15,0.327722093,1721.4
2023-06-07 17:45,Saltwater,30,0.33246068,1622.4
2023-06-07 18:00,Control,5,0.273578494,75
2023-06-07 18:00,Control,15,0.276426973,49
2023-06-07 18:00,Control,30,0.32973607,106
2023-06-07 18:00,Freshwater,5,0.412707104,150.8
2023-06-07 18:00,Freshwater,15,0.365965154,104.6
2023-06-07 18:00,Freshwater,30,0.399500661,113.6
2023-06-07 18:00,Saltwater,5,0.411898721,2535.2
2023-06-07 18:00,Saltwater,15,0.327874926,1712.8
2023-06-07 18:00,Saltwater,30,0.332478523,1614.8
2023-06-07 18:15,Control,5,0.273498328,74.66666667
2023-06-07 18:15,Control,15,0.276622862,49
2023-06-07 18:15,Control,30,0.329796841,105.6666667
2023-06-07 18:15,Freshwater,5,0.412939844,150
2023-06-07 18:15,Freshwater,15,0.365662592,104.8
2023-06-07 18:15,Freshwater,30,0.399305935,112.8
2023-06-07 18:15,Saltwater,5,0.411286614,2490.8
2023-06-07 18:15,Saltwater,15,0.327695716,1711.4
2023-06-07 18:15,Saltwater,30,0.332600324,1604.2
2023-06-07 18:30,Control,5,0.273609526,74.66666667
2023-06-07 18:30,Control,15,0.276661652,49
2023-06-07 18:30,Control,30,0.329702452,106
2023-06-07 18:30,Freshwater,5,0.412462339,149.6
2023-06-07 18:30,Freshwater,15,0.365600528,105.2
2023-06-07 18:30,Freshwater,30,0.399513849,112.8
2023-06-07 18:30,Saltwater,5,0.405200463,2485
2023-06-07 18:30,Saltwater,15,0.327684855,1721.4
2023-06-07 18:30,Saltwater,30,0.33245137,1603.8
2023-06-07 18:45,Control,5,0.273370321,73
2023-06-07 18:45,Control,15,0.27659571,49.5
2023-06-07 18:45,Control,30,0.329403769,106.6666667
2023-06-07 18:45,Freshwater,5,0.411925874,149.4
2023-06-07 18:45,Freshwater,15,0.365876713,105.4
2023-06-07 18:45,Freshwater,30,0.3993936,111.2
2023-06-07 18:45,Saltwater,5,0.404826528,2468.6
2023-06-07 18:45,Saltwater,15,0.327576243,1719
2023-06-07 18:45,Saltwater,30,0.332144153,1585.8
2023-06-07 19:00,Control,5,0.273391009,74.66666667
2023-06-07 19:00,Control,15,0.276490977,49
2023-06-07 19:00,Control,30,0.329297743,105.6666667
2023-06-07 19:00,Freshwater,5,0.411493753,149.8
2023-06-07 19:00,Freshwater,15,0.365944208,104.4
2023-06-07 19:00,Freshwater,30,0.399942091,112.2
2023-06-07 19:00,Saltwater,5,0.404054607,2438.8
2023-06-07 19:00,Saltwater,15,0.327248079,1670
2023-06-07 19:00,Saltwater,30,0.332249662,1590.2
2023-06-07 19:15,Control,5,0.273491863,73.33333333
2023-06-07 19:15,Control,15,0.276861421,48
2023-06-07 19:15,Control,30,0.329679178,105.3333333
2023-06-07 19:15,Freshwater,5,0.411413846,149.6
2023-06-07 19:15,Freshwater,15,0.365899987,104.4
2023-06-07 19:15,Freshwater,30,0.400046048,110.4
2023-06-07 19:15,Saltwater,5,0.402841256,2422.2
2023-06-07 19:15,Saltwater,15,0.326901297,1623.4
2023-06-07 19:15,Saltwater,30,0.331812887,1572.8
2023-06-07 19:30,Control,5,0.273402646,75
2023-06-07 19:30,Control,15,0.276514251,47.5
2023-06-07 19:30,Control,30,0.329654611,103
2023-06-07 19:30,Freshwater,5,0.410869234,149
2023-06-07 19:30,Freshwater,15,0.365932571,104.4
2023-06-07 19:30,Freshwater,30,0.399627892,111.2
2023-06-07 19:30,Saltwater,5,0.402281904,2429.8
2023-06-07 19:30,Saltwater,15,0.326840784,1612.6
2023-06-07 19:30,Saltwater,30,0.331945548,1577
2023-06-07 19:45,Control,5,0.273292741,74.33333333
2023-06-07 19:45,Control,15,0.276667471,49
2023-06-07 19:45,Control,30,0.329617114,104.6666667
2023-06-07 19:45,Freshwater,5,0.41051159,148
2023-06-07 19:45,Freshwater,15,0.366020236,103.4
2023-06-07 19:45,Freshwater,30,0.399612376,111.4
2023-06-07 19:45,Saltwater,5,0.401489036,2404.8
2023-06-07 19:45,Saltwater,15,0.326646059,1618
2023-06-07 19:45,Saltwater,30,0.331630574,1558.4
2023-06-07 20:00,Control,5,0.273352219,72.33333333
2023-06-07 20:00,Control,15,0.276628681,49
2023-06-07 20:00,Control,30,0.329328775,102.6666667
2023-06-07 20:00,Freshwater,5,0.409709413,148
2023-06-07 20:00,Freshwater,15,0.366050492,104.4
2023-06-07 20:00,Freshwater,30,0.399884682,112.2
2023-06-07 20:00,Saltwater,5,0.400810987,2429.8
2023-06-07 20:00,Saltwater,15,0.326426507,1610.8
2023-06-07 20:00,Saltwater,30,0.33161273,1552.6
2023-06-07 20:15,Control,5,0.273242314,73.66666667
2023-06-07 20:15,Control,15,0.2768653,46.5
2023-06-07 20:15,Control,30,0.328996474,106.3333333
2023-06-07 20:15,Freshwater,5,0.409122132,147.2
2023-06-07 20:15,Freshwater,15,0.366079973,104.4
2023-06-07 20:15,Freshwater,30,0.396766742,111.2
2023-06-07 20:15,Saltwater,5,0.400364902,2394
2023-06-07 20:15,Saltwater,15,0.326357461,1609.8
2023-06-07 20:15,Saltwater,30,0.331480068,1535.4
2023-06-07 20:30,Control,5,0.273304378,74.33333333
2023-06-07 20:30,Control,15,0.276766385,49
2023-06-07 20:30,Control,30,0.329498158,104.3333333
2023-06-07 20:30,Freshwater,5,0.409004211,147.2
2023-06-07 20:30,Freshwater,15,0.366090058,103.2
2023-06-07 20:30,Freshwater,30,0.396963019,111.2
2023-06-07 20:30,Saltwater,5,0.399933557,2375.2
2023-06-07 20:30,Saltwater,15,0.32614334,1591.2
2023-06-07 20:30,Saltwater,30,0.331587905,1541.6
2023-06-07 20:45,Control,5,0.27308974,73.33333333
2023-06-07 20:45,Control,15,0.276512311,49.5
2023-06-07 20:45,Control,30,0.329411527,105.6666667
2023-06-07 20:45,Freshwater,5,0.409121357,146.6
2023-06-07 20:45,Freshwater,15,0.36611178,104
2023-06-07 20:45,Freshwater,30,0.397765196,112
2023-06-07 20:45,Saltwater,5,0.39937343,2347
2023-06-07 20:45,Saltwater,15,0.326109981,1575.6
2023-06-07 20:45,Saltwater,30,0.331393179,1519.4
2023-06-07 21:00,Control,5,0.273100084,74.66666667
2023-06-07 21:00,Control,15,0.276326119,49
2023-06-07 21:00,Control,30,0.329588668,105.3333333
2023-06-07 21:00,Freshwater,5,0.4079274,144.4
2023-06-07 21:00,Freshwater,15,0.366022563,104.6
2023-06-07 21:00,Freshwater,30,0.398775288,110
2023-06-07 21:00,Saltwater,5,0.398758996,2325.8
2023-06-07 21:00,Saltwater,15,0.32592534,1576.2
2023-06-07 21:00,Saltwater,30,0.331173627,1514.8
2023-06-07 21:15,Control,5,0.273028969,74.66666667
2023-06-07 21:15,Control,15,0.277129072,50
2023-06-07 21:15,Control,30,0.32932231,104.3333333
2023-06-07 21:15,Freshwater,5,0.407712504,147.8
2023-06-07 21:15,Freshwater,15,0.366050492,104.8
2023-06-07 21:15,Freshwater,30,0.398714,111.2
2023-06-07 21:15,Saltwater,5,0.398560391,2344.2
2023-06-07 21:15,Saltwater,15,0.325647604,1548.2
2023-06-07 21:15,Saltwater,30,0.331116994,1500.8
2023-06-07 21:30,Control,5,0.273184129,74.33333333
2023-06-07 21:30,Control,15,0.276842026,48
2023-06-07 21:30,Control,30,0.329208526,106.6666667
2023-06-07 21:30,Freshwater,5,0.407119793,147.6
2023-06-07 21:30,Freshwater,15,0.366079973,104
2023-06-07 21:30,Freshwater,30,0.39881175,111.8
2023-06-07 21:30,Saltwater,5,0.397916477,2316
2023-06-07 21:30,Saltwater,15,0.325077391,1539.2
2023-06-07 21:30,Saltwater,30,0.330900934,1502.3
2023-06-07 21:45,Control,5,0.273137581,74.66666667
2023-06-07 21:45,Control,15,0.276892453,49
2023-06-07 21:45,Control,30,0.32902492,105
2023-06-07 21:45,Freshwater,5,0.406130648,148.4
2023-06-07 21:45,Freshwater,15,0.365777411,104
2023-06-07 21:45,Freshwater,30,0.399300504,110.4
2023-06-07 21:45,Saltwater,5,0.397323766,2321.2
2023-06-07 21:45,Saltwater,15,0.324964124,1521.6
2023-06-07 21:45,Saltwater,30,0.330817535,1481
2023-06-07 22:00,Control,5,0.273181543,73.66666667
2023-06-07 22:00,Control,15,0.279951044,48.5
2023-06-07 22:00,Control,30,0.329145169,105.6666667
2023-06-07 22:00,Freshwater,5,0.405301317,145.6
2023-06-07 22:00,Freshwater,15,0.365745603,103.4
2023-06-07 22:00,Freshwater,30,0.399153878,110
2023-06-07 22:00,Saltwater,5,0.396725236,2314.7
2023-06-07 22:00,Saltwater,15,0.324976537,1517.2
2023-06-07 22:00,Saltwater,30,0.330867186,1489.2
2023-06-07 22:15,Control,5,0.273030262,73.33333333
2023-06-07 22:15,Control,15,0.2772532,49.5
2023-06-07 22:15,Control,30,0.329569273,106.6666667
2023-06-07 22:15,Freshwater,5,0.40515314,146.2
2023-06-07 22:15,Freshwater,15,0.36558734,102.8
2023-06-07 22:15,Freshwater,30,0.399081729,111
2023-06-07 22:15,Saltwater,5,0.39576596,2288.6
2023-06-07 22:15,Saltwater,15,0.324731384,1498.2
2023-06-07 22:15,Saltwater,30,0.330558418,1482
2023-06-07 22:30,Control,5,0.273087154,75
2023-06-07 22:30,Control,15,0.277497577,48.5
2023-06-07 22:30,Control,30,0.329380495,105.3333333
2023-06-07 22:30,Freshwater,5,0.404651973,144
2023-06-07 22:30,Freshwater,15,0.365843354,102.8
2023-06-07 22:30,Freshwater,30,0.399073195,112
2023-06-07 22:30,Saltwater,5,0.393949812,2272.4
2023-06-07 22:30,Saltwater,15,0.324546744,1491.2
2023-06-07 22:30,Saltwater,30,0.330713578,1475.2
2023-06-07 22:45,Control,5,0.273069052,73.33333333
2023-06-07 22:45,Control,15,0.277043734,49
2023-06-07 22:45,Control,30,0.328930531,104
2023-06-07 22:45,Freshwater,5,0.404105034,143.8
2023-06-07 22:45,Freshwater,15,0.365581133,103.8
2023-06-07 22:45,Freshwater,30,0.398591423,110.2
2023-06-07 22:45,Saltwater,5,0.393415286,2265
2023-06-07 22:45,Saltwater,15,0.324455199,1467.8
2023-06-07 22:45,Saltwater,30,0.330629016,1465.6
2023-06-07 23:00,Control,5,0.272995351,72.33333333
2023-06-07 23:00,Control,15,0.277086403,48
2023-06-07 23:00,Control,30,0.329266711,104.6666667
2023-06-07 23:00,Freshwater,5,0.403897119,143.6
2023-06-07 23:00,Freshwater,15,0.365327447,103.4
2023-06-07 23:00,Freshwater,30,0.398826103,109.9
2023-06-07 23:00,Saltwater,5,0.392973855,2273.2
2023-06-07 23:00,Saltwater,15,0.324121605,1451.2
2023-06-07 23:00,Saltwater,30,0.330467649,1463.2
2023-06-07 23:15,Control,5,0.272859586,72.33333333
2023-06-07 23:15,Control,15,0.277096101,48.5
2023-06-07 23:15,Control,30,0.328889155,102.6666667
2023-06-07 23:15,Freshwater,5,0.402964608,141.2
2023-06-07 23:15,Freshwater,15,0.365333653,102.8
2023-06-07 23:15,Freshwater,30,0.399303608,110.6
2023-06-07 23:15,Saltwater,5,0.39214918,2272.8
2023-06-07 23:15,Saltwater,15,0.32406342,1437.2
2023-06-07 23:15,Saltwater,30,0.330429635,1454.2
2023-06-07 23:30,Control,5,0.272854414,74.33333333
2023-06-07 23:30,Control,15,0.277406421,49
2023-06-07 23:30,Control,30,0.328710721,105.6666667
2023-06-07 23:30,Freshwater,5,0.402116658,139.8
2023-06-07 23:30,Freshwater,15,0.365056692,103.8
2023-06-07 23:30,Freshwater,30,0.399409116,111
2023-06-07 23:30,Saltwater,5,0.391885408,2272.2
2023-06-07 23:30,Saltwater,15,0.323819043,1429.4
2023-06-07 23:30,Saltwater,30,0.330362916,1449
2023-06-07 23:45,Control,5,0.272850535,73
2023-06-07 23:45,Control,15,0.277067008,49
2023-06-07 23:45,Control,30,0.329160685,106.3333333
2023-06-07 23:45,Freshwater,5,0.401063122,139
2023-06-07 23:45,Freshwater,15,0.365245212,104
2023-06-07 23:45,Freshwater,30,0.399358689,109.8
2023-06-07 23:45,Saltwater,5,0.391376483,2244.6
2023-06-07 23:45,Saltwater,15,0.323701122,1416.6
2023-06-07 23:45,Saltwater,30,0.330140262,1443.6
2023-06-08 00:00,Control,5,0.272840191,72.66666667
2023-06-08 00:00,Control,15,0.277148467,49.5
2023-06-08 00:00,Control,30,0.328644778,104.6666667
2023-06-08 00:00,Freshwater,5,0.400502994,139.4
2023-06-08 00:00,Freshwater,15,0.365085397,102.4
2023-06-08 00:00,Freshwater,30,0.399438597,110.4
2023-06-08 00:00,Saltwater,5,0.390934277,2229
2023-06-08 00:00,Saltwater,15,0.323507948,1391.8
2023-06-08 00:00,Saltwater,30,0.330057251,1449
2023-06-08 00:15,Control,5,0.272757439,71.66666667
2023-06-08 00:15,Control,15,0.277612008,48.5
2023-06-08 00:15,Control,30,0.329129653,105
2023-06-08 00:15,Freshwater,5,0.400098803,139
2023-06-08 00:15,Freshwater,15,0.36506445,103
2023-06-08 00:15,Freshwater,30,0.399489024,110.8
2023-06-08 00:15,Saltwater,5,0.390187958,2258.2
2023-06-08 00:15,Saltwater,15,0.323448987,1401.4
2023-06-08 00:15,Saltwater,30,0.329926917,1447.2
2023-06-08 00:30,Control,5,0.272872516,73
2023-06-08 00:30,Control,15,0.277497577,49.5
2023-06-08 00:30,Control,30,0.329059831,103.3333333
2023-06-08 00:30,Freshwater,5,0.399822618,138.6
2023-06-08 00:30,Freshwater,15,0.364605177,103.2
2023-06-08 00:30,Freshwater,30,0.399535572,109
2023-06-08 00:30,Saltwater,5,0.389898584,2242.2
2023-06-08 00:30,Saltwater,15,0.317194487,1393.4
2023-06-08 00:30,Saltwater,30,0.329850888,1439.2
2023-06-08 00:45,Control,5,0.272757439,73.66666667
2023-06-08 00:45,Control,15,0.277231866,47.5
2023-06-08 00:45,Control,30,0.328453414,105.3333333
2023-06-08 00:45,Freshwater,5,0.399552639,138.2
2023-06-08 00:45,Freshwater,15,0.364456999,103
2023-06-08 00:45,Freshwater,30,0.399390497,110.4
2023-06-08 00:45,Saltwater,5,0.389523097,2230.4
2023-06-08 00:45,Saltwater,15,0.316708061,1375.2
2023-06-08 00:45,Saltwater,30,0.329763223,1427.6
2023-06-08 01:00,Control,5,0.272716063,74
2023-06-08 01:00,Control,15,0.277507274,47.5
2023-06-08 01:00,Control,30,0.329018455,103.6666667
2023-06-08 01:00,Freshwater,5,0.398606939,137.6
2023-06-08 01:00,Freshwater,15,0.364483376,103
2023-06-08 01:00,Freshwater,30,0.399191892,109.2
2023-06-08 01:00,Saltwater,5,0.389364058,2220.4
2023-06-08 01:00,Saltwater,15,0.316294559,1384.6
2023-06-08 01:00,Saltwater,30,0.329676333,1439.8
2023-06-08 01:15,Control,5,0.272762611,73
2023-06-08 01:15,Control,15,0.277181438,49
2023-06-08 01:15,Control,30,0.328810282,105
2023-06-08 01:15,Freshwater,5,0.397858292,138.4
2023-06-08 01:15,Freshwater,15,0.364370109,102.2
2023-06-08 01:15,Freshwater,30,0.399060006,109.2
2023-06-08 01:15,Saltwater,5,0.388930386,2216.4
2023-06-08 01:15,Saltwater,15,0.315918296,1344.8
2023-06-08 01:15,Saltwater,30,0.329456782,1415.8
2023-06-08 01:30,Control,5,0.27281821,73.33333333
2023-06-08 01:30,Control,15,0.277540246,50
2023-06-08 01:30,Control,30,0.328785715,105.3333333
2023-06-08 01:30,Freshwater,5,0.397711666,138.4
2023-06-08 01:30,Freshwater,15,0.365497347,102.2
2023-06-08 01:30,Freshwater,30,0.398111979,109.4
2023-06-08 01:30,Saltwater,5,0.388274059,2232.8
2023-06-08 01:30,Saltwater,15,0.315832958,1360.2
2023-06-08 01:30,Saltwater,30,0.329321017,1419.8
2023-06-08 01:45,Control,5,0.272747095,71.66666667
2023-06-08 01:45,Control,15,0.277437453,47.5
2023-06-08 01:45,Control,30,0.329107672,106.3333333
2023-06-08 01:45,Freshwater,5,0.397211275,138
2023-06-08 01:45,Freshwater,15,0.363584224,102.8
2023-06-08 01:45,Freshwater,30,0.397042151,110
2023-06-08 01:45,Saltwater,5,0.388172429,2189.2
2023-06-08 01:45,Saltwater,15,0.315595563,1360.8
2023-06-08 01:45,Saltwater,30,0.329057245,1418.8
2023-06-08 02:00,Control,5,0.272694082,72.66666667
2023-06-08 02:00,Control,15,0.277361812,48.5
2023-06-08 02:00,Control,30,0.32863702,103.6666667
2023-06-08 02:00,Freshwater,5,0.396673646,136.4
2023-06-08 02:00,Freshwater,15,0.363268473,102.2
2023-06-08 02:00,Freshwater,30,0.396409874,110
2023-06-08 02:00,Saltwater,5,0.387692209,2225.8
2023-06-08 02:00,Saltwater,15,0.315454368,1345.8
2023-06-08 02:00,Saltwater,30,0.329107672,1418.8
2023-06-08 02:15,Control,5,0.272652706,73.33333333
2023-06-08 02:15,Control,15,0.277555762,47.5
2023-06-08 02:15,Control,30,0.32881804,106.3333333
2023-06-08 02:15,Freshwater,5,0.396307468,136.2
2023-06-08 02:15,Freshwater,15,0.363437598,102.6
2023-06-08 02:15,Freshwater,30,0.396017319,110.6
2023-06-08 02:15,Saltwater,5,0.387486622,2205.8
2023-06-08 02:15,Saltwater,15,0.3153155,1339.2
2023-06-08 02:15,Saltwater,30,0.329006042,1410.4
2023-06-08 02:30,Control,5,0.272694082,72.33333333
2023-06-08 02:30,Control,15,0.277823413,48
2023-06-08 02:30,Control,30,0.328912429,105.3333333
2023-06-08 02:30,Freshwater,5,0.395960685,135.5
2023-06-08 02:30,Freshwater,15,0.363048146,101.6
2023-06-08 02:30,Freshwater,30,0.395516928,108.8
2023-06-08 02:30,Saltwater,5,0.387147597,2179.2
2023-06-08 02:30,Saltwater,15,0.314641329,1332.6
2023-06-08 02:30,Saltwater,30,0.328995181,1422.6
2023-06-08 02:45,Control,5,0.272603572,71.33333333
2023-06-08 02:45,Control,15,0.277431634,49.5
2023-06-08 02:45,Control,30,0.32866288,103.3333333
2023-06-08 02:45,Freshwater,5,0.395901725,136
2023-06-08 02:45,Freshwater,15,0.362796787,100.6
2023-06-08 02:45,Freshwater,30,0.395907931,110.6
2023-06-08 02:45,Saltwater,5,0.386661171,2196.6
2023-06-08 02:45,Saltwater,15,0.314282134,1336.6
2023-06-08 02:45,Saltwater,30,0.328904412,1417.4
2023-06-08 03:00,Control,5,0.272500132,74
2023-06-08 03:00,Control,15,0.277435513,49.5
2023-06-08 03:00,Control,30,0.329018455,103
2023-06-08 03:00,Freshwater,5,0.39547581,136.4
2023-06-08 03:00,Freshwater,15,0.362805321,100.8
2023-06-08 03:00,Freshwater,30,0.396200408,110.2
2023-06-08 03:00,Saltwater,5,0.386327577,2170.6
2023-06-08 03:00,Saltwater,15,0.314123095,1323.4
2023-06-08 03:00,Saltwater,30,0.328615815,1413.4
2023-06-08 03:15,Control,5,0.272524699,73.66666667
2023-06-08 03:15,Control,15,0.279161668,48.5
2023-06-08 03:15,Control,30,0.328381006,104.3333333
2023-06-08 03:15,Freshwater,5,0.39530048,136.2
2023-06-08 03:15,Freshwater,15,0.362802993,101.4
2023-06-08 03:15,Freshwater,30,0.395876123,110.6
2023-06-08 03:15,Saltwater,5,0.385915239,2169.8
2023-06-08 03:15,Saltwater,15,0.313792604,1326.2
2023-06-08 03:15,Saltwater,30,0.328665466,1395.2
2023-06-08 03:30,Control,5,0.272399278,72.33333333
2023-06-08 03:30,Control,15,0.27737151,49.5
2023-06-08 03:30,Control,30,0.32861116,104
2023-06-08 03:30,Freshwater,5,0.395253156,135.8
2023-06-08 03:30,Freshwater,15,0.362834801,100.2
2023-06-08 03:30,Freshwater,30,0.395944394,110
2023-06-08 03:30,Saltwater,5,0.385623926,2173.8
2023-06-08 03:30,Saltwater,15,0.313528832,1314.4
2023-06-08 03:30,Saltwater,30,0.328407125,1407.6
2023-06-08 03:45,Control,5,0.272607451,72.33333333
2023-06-08 03:45,Control,15,0.277662435,49
2023-06-08 03:45,Control,30,0.328361611,104.6666667
2023-06-08 03:45,Freshwater,5,0.393821805,133.2
2023-06-08 03:45,Freshwater,15,0.362725413,100.2
2023-06-08 03:45,Freshwater,30,0.395606145,110
2023-06-08 03:45,Saltwater,5,0.385184823,2161.6
2023-06-08 03:45,Saltwater,15,0.313247217,1322.2
2023-06-08 03:45,Saltwater,30,0.328371438,1396.4
2023-06-08 04:00,Control,5,0.272620381,72
2023-06-08 04:00,Control,15,0.277805957,48.5
2023-06-08 04:00,Control,30,0.32852065,106
2023-06-08 04:00,Freshwater,5,0.393494417,134.4
2023-06-08 04:00,Freshwater,15,0.362702139,99.4
2023-06-08 04:00,Freshwater,30,0.39530591,110.4
2023-06-08 04:00,Saltwater,5,0.384642539,2190.4
2023-06-08 04:00,Saltwater,15,0.312879488,1327.4
2023-06-08 04:00,Saltwater,30,0.328338078,1395.2
2023-06-08 04:15,Control,5,0.272590642,73.33333333
2023-06-08 04:15,Control,15,0.277703164,51
2023-06-08 04:15,Control,30,0.328424968,102.6666667
2023-06-08 04:15,Freshwater,5,0.393405976,134.4
2023-06-08 04:15,Freshwater,15,0.362582666,98.6
2023-06-08 04:15,Freshwater,30,0.395388145,110.6
2023-06-08 04:15,Saltwater,5,0.382203424,2179.4
2023-06-08 04:15,Saltwater,15,0.312718897,1308
2023-06-08 04:15,Saltwater,30,0.32824731,1391
2023-06-08 04:30,Control,5,0.272439361,72.33333333
2023-06-08 04:30,Control,15,0.277672132,48
2023-06-08 04:30,Control,30,0.328237483,104.6666667
2023-06-08 04:30,Freshwater,5,0.392439329,133.2
2023-06-08 04:30,Freshwater,15,0.36264473,99.2
2023-06-08 04:30,Freshwater,30,0.394882323,110.6
2023-06-08 04:30,Saltwater,5,0.381684414,2157.6
2023-06-08 04:30,Saltwater,15,0.312514086,1306
2023-06-08 04:30,Saltwater,30,0.328256619,1395.4
2023-06-08 04:45,Control,5,0.272492374,72
2023-06-08 04:45,Control,15,0.277817594,49
2023-06-08 04:45,Control,30,0.328388764,102
2023-06-08 04:45,Freshwater,5,0.392189522,132.4
2023-06-08 04:45,Freshwater,15,0.362477157,99
2023-06-08 04:45,Freshwater,30,0.395208159,110.6
2023-06-08 04:45,Saltwater,5,0.381240656,2128
2023-06-08 04:45,Saltwater,15,0.312240228,1298
2023-06-08 04:45,Saltwater,30,0.328210071,1393.6
2023-06-08 05:00,Control,5,0.272355316,72
2023-06-08 05:00,Control,15,0.277580975,50.5
2023-06-08 05:00,Control,30,0.328706842,103.6666667
2023-06-08 05:00,Freshwater,5,0.392059187,134.2
2023-06-08 05:00,Freshwater,15,0.362643954,98.8
2023-06-08 05:00,Freshwater,30,0.394852067,111.2
2023-06-08 05:00,Saltwater,5,0.380682856,2141
2023-06-08 05:00,Saltwater,15,0.312209972,1305.8
2023-06-08 05:00,Saltwater,30,0.327959488,1396.8
2023-06-08 05:15,Control,5,0.272445826,72.66666667
2023-06-08 05:15,Control,15,0.277670193,50
2023-06-08 05:15,Control,30,0.328682275,103.6666667
2023-06-08 05:15,Freshwater,5,0.391130555,132.8
2023-06-08 05:15,Freshwater,15,0.362409663,98.4
2023-06-08 05:15,Freshwater,30,0.394800089,110.6
2023-06-08 05:15,Saltwater,5,0.379955931,2152
2023-06-08 05:15,Saltwater,15,0.311637432,1287.1
2023-06-08 05:15,Saltwater,30,0.327947851,1393.2
2023-06-08 05:30,Control,5,0.27235273,71.66666667
2023-06-08 05:30,Control,15,0.277683769,48
2023-06-08 05:30,Control,30,0.328501255,104.6666667
2023-06-08 05:30,Freshwater,5,0.390603011,131
2023-06-08 05:30,Freshwater,15,0.361609037,96.2
2023-06-08 05:30,Freshwater,30,0.395507618,109.6
2023-06-08 05:30,Saltwater,5,0.378914032,2156
2023-06-08 05:30,Saltwater,15,0.311437275,1267.8
2023-06-08 05:30,Saltwater,30,0.327673218,1382.6
2023-06-08 05:45,Control,5,0.272390227,73
2023-06-08 05:45,Control,15,0.277697346,49
2023-06-08 05:45,Control,30,0.328617625,105
2023-06-08 05:45,Freshwater,5,0.390550256,132.2
2023-06-08 05:45,Freshwater,15,0.361561713,97.8
2023-06-08 05:45,Freshwater,30,0.395255483,110.4
2023-06-08 05:45,Saltwater,5,0.378374075,2141.2
2023-06-08 05:45,Saltwater,15,0.311216172,1265.2
2023-06-08 05:45,Saltwater,30,0.327686406,1385.2
2023-06-08 06:00,Control,5,0.272257048,73
2023-06-08 06:00,Control,15,0.277900993,49
2023-06-08 06:00,Control,30,0.328331872,102.6666667
2023-06-08 06:00,Freshwater,5,0.39032605,132.6
2023-06-08 06:00,Freshwater,15,0.361491891,97
2023-06-08 06:00,Freshwater,30,0.394765178,109.2
2023-06-08 06:00,Saltwater,5,0.377888424,2125
2023-06-08 06:00,Saltwater,15,0.310482266,1256.9
2023-06-08 06:00,Saltwater,30,0.327313247,1371.6
2023-06-08 06:15,Control,5,0.272319112,71.33333333
2023-06-08 06:15,Control,15,0.277615887,49
2023-06-08 06:15,Control,30,0.328400401,103.3333333
2023-06-08 06:15,Freshwater,5,0.389927289,132.8
2023-06-08 06:15,Freshwater,15,0.361375521,97.6
2023-06-08 06:15,Freshwater,30,0.394579761,108.6
2023-06-08 06:15,Saltwater,5,0.37739424,2123.6
2023-06-08 06:15,Saltwater,15,0.309922138,1244.2
2023-06-08 06:15,Saltwater,30,0.327428841,1359.6
2023-06-08 06:30,Control,5,0.272307475,73
2023-06-08 06:30,Control,15,0.277608128,49.5
2023-06-08 06:30,Control,30,0.328419796,103.3333333
2023-06-08 06:30,Freshwater,5,0.389624727,130.2
2023-06-08 06:30,Freshwater,15,0.361193208,98
2023-06-08 06:30,Freshwater,30,0.394427705,108.8
2023-06-08 06:30,Saltwater,5,0.376733258,2127.8
2023-06-08 06:30,Saltwater,15,0.309521825,1255.4
2023-06-08 06:30,Saltwater,30,0.32675855,1333.2
2023-06-08 06:45,Control,5,0.27219757,73.66666667
2023-06-08 06:45,Control,15,0.277829232,49.5
2023-06-08 06:45,Control,30,0.328165075,104.3333333
2023-06-08 06:45,Freshwater,5,0.389234499,132
2023-06-08 06:45,Freshwater,15,0.360811515,96.8
2023-06-08 06:45,Freshwater,30,0.394201171,109.8
2023-06-08 06:45,Saltwater,5,0.376649472,2128.2
2023-06-08 06:45,Saltwater,15,0.309273569,1231
2023-06-08 06:45,Saltwater,30,0.32661813,1311.8
2023-06-08 07:00,Control,5,0.272198863,73.33333333
2023-06-08 07:00,Control,15,0.277823413,47.5
2023-06-08 07:00,Control,30,0.328079737,103
2023-06-08 07:00,Freshwater,5,0.388836514,130.8
2023-06-08 07:00,Freshwater,15,0.360527572,97.8
2023-06-08 07:00,Freshwater,30,0.394083249,111.2
2023-06-08 07:00,Saltwater,5,0.375928754,2098.2
2023-06-08 07:00,Saltwater,15,0.308794901,1232.2
2023-06-08 07:00,Saltwater,30,0.326396251,1306.4
2023-06-08 07:15,Control,5,0.272139385,73
2023-06-08 07:15,Control,15,0.277842808,49.5
2023-06-08 07:15,Control,30,0.328024138,103.6666667
2023-06-08 07:15,Freshwater,5,0.388803155,131.4
2023-06-08 07:15,Freshwater,15,0.360010113,95.6
2023-06-08 07:15,Freshwater,30,0.393905591,110
2023-06-08 07:15,Saltwater,5,0.375223551,2078
2023-06-08 07:15,Saltwater,15,0.308558282,1192.4
2023-06-08 07:15,Saltwater,30,0.324144879,1296.6
2023-06-08 07:30,Control,5,0.271973881,71.66666667
2023-06-08 07:30,Control,15,0.277637221,48
2023-06-08 07:30,Control,30,0.327753901,104.3333333
2023-06-08 07:30,Freshwater,5,0.388324486,130.8
2023-06-08 07:30,Freshwater,15,0.359405765,96.8
2023-06-08 07:30,Freshwater,30,0.393642595,109.4
2023-06-08 07:30,Saltwater,5,0.375076925,2091.4
2023-06-08 07:30,Saltwater,15,0.308189777,1179.8
2023-06-08 07:30,Saltwater,30,0.323803527,1287.2
2023-06-08 07:45,Control,5,0.271905352,73.66666667
2023-06-08 07:45,Control,15,0.277532488,49.5
2023-06-08 07:45,Control,30,0.328095253,104
2023-06-08 07:45,Freshwater,5,0.38835707,132.2
2023-06-08 07:45,Freshwater,15,0.359049285,96.4
2023-06-08 07:45,Freshwater,30,0.393779136,109
2023-06-08 07:45,Saltwater,5,0.374014855,2074.8
2023-06-08 07:45,Saltwater,15,0.3078973,1188.6
2023-06-08 07:45,Saltwater,30,0.323796545,1282
2023-06-08 08:00,Control,5,0.271883371,72.33333333
2023-06-08 08:00,Control,15,0.277419997,49
2023-06-08 08:00,Control,30,0.327663391,104.6666667
2023-06-08 08:00,Freshwater,5,0.387083982,131
2023-06-08 08:00,Freshwater,15,0.358666428,96
2023-06-08 08:00,Freshwater,30,0.393620097,107.6
2023-06-08 08:00,Saltwater,5,0.373757289,2099.8
2023-06-08 08:00,Saltwater,15,0.307576119,1176.4
2023-06-08 08:00,Saltwater,30,0.32359794,1272.6
2023-06-08 08:15,Control,5,0.271761829,72.66666667
2023-06-08 08:15,Control,15,0.277429695,49.5
2023-06-08 08:15,Control,30,0.327549607,104.6666667
2023-06-08 08:15,Freshwater,5,0.386970715,130
2023-06-08 08:15,Freshwater,15,0.358498855,96.4
2023-06-08 08:15,Freshwater,30,0.393227542,111
2023-06-08 08:15,Saltwater,5,0.373401973,2109.2
2023-06-08 08:15,Saltwater,15,0.307301486,1168.2
2023-06-08 08:15,Saltwater,30,0.323367528,1228.2
2023-06-08 08:30,Control,5,0.27152521,74
2023-06-08 08:30,Control,15,0.27702046,49
2023-06-08 08:30,Control,30,0.328008622,104.3333333
2023-06-08 08:30,Freshwater,5,0.386505235,129.8
2023-06-08 08:30,Freshwater,15,0.35835378,94.8
2023-06-08 08:30,Freshwater,30,0.393280296,109.2
2023-06-08 08:30,Saltwater,5,0.372860465,2090.8
2023-06-08 08:30,Saltwater,15,0.307111415,1162.6
2023-06-08 08:30,Saltwater,30,0.323031606,1202.8
2023-06-08 08:45,Control,5,0.271535554,72
2023-06-08 08:45,Control,15,0.277132951,48
2023-06-08 08:45,Control,30,0.327751315,103.6666667
2023-06-08 08:45,Freshwater,5,0.386394296,130.4
2023-06-08 08:45,Freshwater,15,0.35824866,96.3
2023-06-08 08:45,Freshwater,30,0.392395109,108.8
2023-06-08 08:45,Saltwater,5,0.372355419,2058.2
2023-06-08 08:45,Saltwater,15,0.306935308,1154.2
2023-06-08 08:45,Saltwater,30,0.322680945,1181.6
2023-06-08 09:00,Control,5,0.271442458,72
2023-06-08 09:00,Control,15,0.276851724,50
2023-06-08 09:00,Control,30,0.327455218,101
2023-06-08 09:00,Freshwater,5,0.386213534,130.8
2023-06-08 09:00,Freshwater,15,0.358009325,94.8
2023-06-08 09:00,Freshwater,30,0.392806283,110.4
2023-06-08 09:00,Saltwater,5,0.371665733,2045.8
2023-06-08 09:00,Saltwater,15,0.30650086,1156
2023-06-08 09:00,Saltwater,30,0.322698012,1164.4
2023-06-08 09:15,Control,5,0.271257559,72.66666667
2023-06-08 09:15,Control,15,0.276772204,48.5
2023-06-08 09:15,Control,30,0.327600034,103.3333333
2023-06-08 09:15,Freshwater,5,0.38571935,129.8
2023-06-08 09:15,Freshwater,15,0.357970535,95.6
2023-06-08 09:15,Freshwater,30,0.392772147,109
2023-06-08 09:15,Saltwater,5,0.371207235,2069
2023-06-08 09:15,Saltwater,15,0.306479913,1154.4
2023-06-08 09:15,Saltwater,30,0.32235123,1130
2023-06-08 09:30,Control,5,0.271070074,72
2023-06-08 09:30,Control,15,0.276345514,48.5
2023-06-08 09:30,Control,30,0.327054388,102.6666667
2023-06-08 09:30,Freshwater,5,0.385106468,129.6
2023-06-08 09:30,Freshwater,15,0.357946485,94.8
2023-06-08 09:30,Freshwater,30,0.392997905,109.8
2023-06-08 09:30,Saltwater,5,0.370906224,2048.2
2023-06-08 09:30,Saltwater,15,0.306303031,1151.6
2023-06-08 09:30,Saltwater,30,0.32215728,1105
2023-06-08 09:45,Control,5,0.270983443,73
2023-06-08 09:45,Control,15,0.27636103,49
2023-06-08 09:45,Control,30,0.326771221,103.6666667
2023-06-08 09:45,Freshwater,5,0.384724774,130.6
2023-06-08 09:45,Freshwater,15,0.357508934,94.8
2023-06-08 09:45,Freshwater,30,0.392390454,110.8
2023-06-08 09:45,Saltwater,5,0.37025688,2055
2023-06-08 09:45,Saltwater,15,0.306207608,1147.4
2023-06-08 09:45,Saltwater,30,0.322119266,1084.8
2023-06-08 10:00,Control,5,0.270786907,73.66666667
2023-06-08 10:00,Control,15,0.276009981,47
2023-06-08 10:00,Control,30,0.326882419,101.3333333
2023-06-08 10:00,Freshwater,5,0.384571166,129.4
2023-06-08 10:00,Freshwater,15,0.357412735,95
2023-06-08 10:00,Freshwater,30,0.391580519,110.2
2023-06-08 10:00,Saltwater,5,0.369619172,2033.8
2023-06-08 10:00,Saltwater,15,0.306009779,1146.2
2023-06-08 10:00,Saltwater,30,0.321934625,1076.8
2023-06-08 10:15,Control,5,0.270560632,72
2023-06-08 10:15,Control,15,0.275843184,48.5
2023-06-08 10:15,Control,30,0.326590201,103
2023-06-08 10:15,Freshwater,5,0.38423602,129.6
2023-06-08 10:15,Freshwater,15,0.357200942,95.2
2023-06-08 10:15,Freshwater,30,0.391253131,109.2
2023-06-08 10:15,Saltwater,5,0.369446945,2062.8
2023-06-08 10:15,Saltwater,15,0.305740576,1141
2023-06-08 10:15,Saltwater,30,0.32153664,1075.2
2023-06-08 10:30,Control,5,0.270446848,73
2023-06-08 10:30,Control,15,0.27597313,48
2023-06-08 10:30,Control,30,0.326437627,103.6666667
2023-06-08 10:30,Freshwater,5,0.38428412,128.2
2023-06-08 10:30,Freshwater,15,0.35687976,93.8
2023-06-08 10:30,Freshwater,30,0.391006427,109
2023-06-08 10:30,Saltwater,5,0.368902333,2026.2
2023-06-08 10:30,Saltwater,15,0.305417843,1132.4
2023-06-08 10:30,Saltwater,30,0.321327174,1067.2
2023-06-08 10:45,Control,5,0.270097738,73
2023-06-08 10:45,Control,15,0.275550319,48.5
2023-06-08 10:45,Control,30,0.326701399,103.3333333
2023-06-08 10:45,Freshwater,5,0.38418249,128.2
2023-06-08 10:45,Freshwater,15,0.356706757,94.4
2023-06-08 10:45,Freshwater,30,0.391146846,110.2
2023-06-08 10:45,Saltwater,5,0.368529173,2021.2
2023-06-08 10:45,Saltwater,15,0.305206826,1137
2023-06-08 10:45,Saltwater,30,0.321097537,1065.4
2023-06-08 11:00,Control,5,0.269920597,72
2023-06-08 11:00,Control,15,0.275327276,46.5
2023-06-08 11:00,Control,30,0.32665873,101.6666667
2023-06-08 11:00,Freshwater,5,0.383360918,129
2023-06-08 11:00,Freshwater,15,0.356446088,94.2
2023-06-08 11:00,Freshwater,30,0.390590598,108.6
2023-06-08 11:00,Saltwater,5,0.368124206,2015
2023-06-08 11:00,Saltwater,15,0.30480884,1141.4
2023-06-08 11:00,Saltwater,30,0.321038576,1059.4
2023-06-08 11:15,Control,5,0.269881807,72.33333333
2023-06-08 11:15,Control,15,0.274900586,48
2023-06-08 11:15,Control,30,0.326292811,105.6666667
2023-06-08 11:15,Freshwater,5,0.383193345,127.2
2023-06-08 11:15,Freshwater,15,0.356267654,93.2
2023-06-08 11:15,Freshwater,30,0.390535516,110.2
2023-06-08 11:15,Saltwater,5,0.36754158,1950.4
2023-06-08 11:15,Saltwater,15,0.304618769,1131.4
2023-06-08 11:15,Saltwater,30,0.320543616,1050.2
2023-06-08 11:30,Control,5,0.269400811,73
2023-06-08 11:30,Control,15,0.274823006,49.5
2023-06-08 11:30,Control,30,0.326113084,102.6666667
2023-06-08 11:30,Freshwater,5,0.383225153,126.4
2023-06-08 11:30,Freshwater,15,0.356201711,94.2
2023-06-08 11:30,Freshwater,30,0.390175545,108.6
2023-06-08 11:30,Saltwater,5,0.367401936,2022
2023-06-08 11:30,Saltwater,15,0.304426371,1126.8
2023-06-08 11:30,Saltwater,30,0.320317858,1048.6
2023-06-08 11:45,Control,5,0.269341333,72.66666667
2023-06-08 11:45,Control,15,0.274400195,48.5
2023-06-08 11:45,Control,30,0.326158339,101.6666667
2023-06-08 11:45,Freshwater,5,0.382654164,127
2023-06-08 11:45,Freshwater,15,0.355981384,93.6
2023-06-08 11:45,Freshwater,30,0.389780663,108.8
2023-06-08 11:45,Saltwater,5,0.366775089,1958
2023-06-08 11:45,Saltwater,15,0.304455851,1111.8
2023-06-08 11:45,Saltwater,30,0.320059517,1048.6
2023-06-08 12:00,Control,5,0.269091784,73.33333333
2023-06-08 12:00,Control,15,0.274617419,46.5
2023-06-08 12:00,Control,30,0.325725184,101.6666667
2023-06-08 12:00,Freshwater,5,0.381966805,127
2023-06-08 12:00,Freshwater,15,0.355854153,93.4
2023-06-08 12:00,Freshwater,30,0.390049865,109.4
2023-06-08 12:00,Saltwater,5,0.366164535,1998
2023-06-08 12:00,Saltwater,15,0.304251816,1129.6
2023-06-08 12:00,Saltwater,30,0.319963705,1045.2
2023-06-08 12:15,Control,5,0.268843528,72.33333333
2023-06-08 12:15,Control,15,0.274217883,48.5
2023-06-08 12:15,Control,30,0.325519597,102.3333333
2023-06-08 12:15,Freshwater,5,0.381713894,127.6
2023-06-08 12:15,Freshwater,15,0.355559349,93.6
2023-06-08 12:15,Freshwater,30,0.389600677,109.2
2023-06-08 12:15,Saltwater,5,0.365800685,1973.8
2023-06-08 12:15,Saltwater,15,0.304223111,1113.2
2023-06-08 12:15,Saltwater,30,0.319264322,1043
2023-06-08 12:30,Control,5,0.268582342,74
2023-06-08 12:30,Control,15,0.273793132,46
2023-06-08 12:30,Control,30,0.325784662,101
2023-06-08 12:30,Freshwater,5,0.381318236,127
2023-06-08 12:30,Freshwater,15,0.355106282,92.4
2023-06-08 12:30,Freshwater,30,0.389597574,108.2
2023-06-08 12:30,Saltwater,5,0.365270037,1935.4
2023-06-08 12:30,Saltwater,15,0.304135446,1116.2
2023-06-08 12:30,Saltwater,30,0.318992016,1036
2023-06-08 12:45,Control,5,0.268428475,72.66666667
2023-06-08 12:45,Control,15,0.273634093,47.5
2023-06-08 12:45,Control,30,0.325800178,103.3333333
2023-06-08 12:45,Freshwater,5,0.381331425,124.6
2023-06-08 12:45,Freshwater,15,0.355391776,93.2
2023-06-08 12:45,Freshwater,30,0.389108044,107.8
2023-06-08 12:45,Saltwater,5,0.365149788,1988.4
2023-06-08 12:45,Saltwater,15,0.303875553,1116.2
2023-06-08 12:45,Saltwater,30,0.318595582,1038.4
2023-06-08 13:00,Control,5,0.268287538,73.33333333
2023-06-08 13:00,Control,15,0.273703915,47.5
2023-06-08 13:00,Control,30,0.325440724,103.3333333
2023-06-08 13:00,Freshwater,5,0.381270912,126.8
2023-06-08 13:00,Freshwater,15,0.354371599,92.8
2023-06-08 13:00,Freshwater,30,0.388259319,108.2
2023-06-08 13:00,Saltwater,5,0.364661034,1929.4
2023-06-08 13:00,Saltwater,15,0.303909688,1127.6
2023-06-08 13:00,Saltwater,30,0.318583169,1029.6
2023-06-08 13:15,Control,5,0.268144015,71.66666667
2023-06-08 13:15,Control,15,0.273601122,48.5
2023-06-08 13:15,Control,30,0.325328233,98.66666667
2023-06-08 13:15,Freshwater,5,0.380557176,126.6
2023-06-08 13:15,Freshwater,15,0.353894482,93.6
2023-06-08 13:15,Freshwater,30,0.387253882,109
2023-06-08 13:15,Saltwater,5,0.36449191,1936.8
2023-06-08 13:15,Saltwater,15,0.303487653,1125.4
2023-06-08 13:15,Saltwater,30,0.318264315,1038
2023-06-08 13:30,Control,5,0.267944893,72.33333333
2023-06-08 13:30,Control,15,0.273174432,47
2023-06-08 13:30,Control,30,0.325148506,101.6666667
2023-06-08 13:30,Freshwater,5,0.380472614,127
2023-06-08 13:30,Freshwater,15,0.353638468,92.8
2023-06-08 13:30,Freshwater,30,0.386632466,106.2
2023-06-08 13:30,Saltwater,5,0.364036515,1936.6
2023-06-08 13:30,Saltwater,15,0.303458172,1117.4
2023-06-08 13:30,Saltwater,30,0.317528857,1028
2023-06-08 13:45,Control,5,0.26774965,72
2023-06-08 13:45,Control,15,0.276120532,48.5
2023-06-08 13:45,Control,30,0.325105837,100.6666667
2023-06-08 13:45,Freshwater,5,0.380156864,124.2
2023-06-08 13:45,Freshwater,15,0.35105583,93.6
2023-06-08 13:45,Freshwater,30,0.386228274,107.6
2023-06-08 13:45,Saltwater,5,0.363702921,1916.8
2023-06-08 13:45,Saltwater,15,0.303295254,1117.8
2023-06-08 13:45,Saltwater,30,0.317088978,995.4
2023-06-08 14:00,Control,5,0.267550528,73.66666667
2023-06-08 14:00,Control,15,0.272759379,49
2023-06-08 14:00,Control,30,0.32471923,100.3333333
2023-06-08 14:00,Freshwater,5,0.379631647,125.2
2023-06-08 14:00,Freshwater,15,0.350547681,92.8
2023-06-08 14:00,Freshwater,30,0.385624702,106.4
2023-06-08 14:00,Saltwater,5,0.363325107,1952.4
2023-06-08 14:00,Saltwater,15,0.303202934,1120.4
2023-06-08 14:00,Saltwater,30,0.31682831,1002.8
2023-06-08 14:15,Control,5,0.267326839,72
2023-06-08 14:15,Control,15,0.272536336,48.5
2023-06-08 14:15,Control,30,0.324918352,101
2023-06-08 14:15,Freshwater,5,0.379463298,126
2023-06-08 14:15,Freshwater,15,0.349844806,91.4
2023-06-08 14:15,Freshwater,30,0.384782959,106
2023-06-08 14:15,Saltwater,5,0.362654816,1939.6
2023-06-08 14:15,Saltwater,15,0.302968643,1109.2
2023-06-08 14:15,Saltwater,30,0.31680426,986.2
2023-06-08 14:30,Control,5,0.267085048,71
2023-06-08 14:30,Control,15,0.272272564,49
2023-06-08 14:30,Control,30,0.324544675,101
2023-06-08 14:30,Freshwater,5,0.379436145,124.6
2023-06-08 14:30,Freshwater,15,0.34956707,91.2
2023-06-08 14:30,Freshwater,30,0.383891565,106
2023-06-08 14:30,Saltwater,5,0.36229019,1890.6
2023-06-08 14:30,Saltwater,15,0.302822792,1105
2023-06-08 14:30,Saltwater,30,0.316470666,981.4
2023-06-08 14:45,Control,5,0.267055309,71.66666667
2023-06-08 14:45,Control,15,0.272689557,48
2023-06-08 14:45,Control,30,0.324463216,103
2023-06-08 14:45,Freshwater,5,0.379267797,125
2023-06-08 14:45,Freshwater,15,0.349090728,90.8
2023-06-08 14:45,Freshwater,30,0.383559522,106
2023-06-08 14:45,Saltwater,5,0.362017884,1886.2
2023-06-08 14:45,Saltwater,15,0.302680821,1102.8
2023-06-08 14:45,Saltwater,30,0.31618362,988.6
2023-06-08 15:00,Control,5,0.266814811,74
2023-06-08 15:00,Control,15,0.272247351,46
2023-06-08 15:00,Control,30,0.324614497,101.6666667
2023-06-08 15:00,Freshwater,5,0.378655691,123.8
2023-06-08 15:00,Freshwater,15,0.348598871,90.8
2023-06-08 15:00,Freshwater,30,0.383254633,104.2
2023-06-08 15:00,Saltwater,5,0.361930218,1892.2
2023-06-08 15:00,Saltwater,15,0.302712629,1107.6
2023-06-08 15:00,Saltwater,30,0.316190602,977.6
2023-06-08 15:15,Control,5,0.26676697,73.66666667
2023-06-08 15:15,Control,15,0.27255767,47
2023-06-08 15:15,Control,30,0.323957653,99.66666667
2023-06-08 15:15,Freshwater,5,0.37891248,124
2023-06-08 15:15,Freshwater,15,0.346521279,90.8
2023-06-08 15:15,Freshwater,30,0.38246099,102.6
2023-06-08 15:15,Saltwater,5,0.361722304,1893.4
2023-06-08 15:15,Saltwater,15,0.302593931,1100.6
2023-06-08 15:15,Saltwater,30,0.315915969,982.6
2023-06-08 15:30,Control,5,0.266470873,70.33333333
2023-06-08 15:30,Control,15,0.272179468,48
2023-06-08 15:30,Control,30,0.324645529,101.3333333
2023-06-08 15:30,Freshwater,5,0.37848579,124.8
2023-06-08 15:30,Freshwater,15,0.342652364,90.4
2023-06-08 15:30,Freshwater,30,0.381698378,102.8
2023-06-08 15:30,Saltwater,5,0.361160625,1877.2
2023-06-08 15:30,Saltwater,15,0.302436444,1108.6
2023-06-08 15:30,Saltwater,30,0.315597115,966.6
2023-06-08 15:45,Control,5,0.26650837,72.33333333
2023-06-08 15:45,Control,15,0.271997155,48
2023-06-08 15:45,Control,30,0.32430547,99.66666667
2023-06-08 15:45,Freshwater,5,0.378295719,124.2
2023-06-08 15:45,Freshwater,15,0.342307521,91.1
2023-06-08 15:45,Freshwater,30,0.381211176,102.4
2023-06-08 15:45,Saltwater,5,0.360804533,1875.4
2023-06-08 15:45,Saltwater,15,0.302321625,1092.4
2023-06-08 15:45,Saltwater,30,0.315612631,978.8
2023-06-08 16:00,Control,5,0.266535523,72
2023-06-08 16:00,Control,15,0.27174502,47.5
2023-06-08 16:00,Control,30,0.32433133,99.33333333
2023-06-08 16:00,Freshwater,5,0.378270118,125
2023-06-08 16:00,Freshwater,15,0.342055774,90.6
2023-06-08 16:00,Freshwater,30,0.380710009,103.2
2023-06-08 16:00,Saltwater,5,0.360533003,1851.2
2023-06-08 16:00,Saltwater,15,0.302091989,1097.2
2023-06-08 16:00,Saltwater,30,0.315371745,965.8
2023-06-08 16:15,Control,5,0.26630149,72
2023-06-08 16:15,Control,15,0.274980106,47
2023-06-08 16:15,Control,30,0.324180049,98.66666667
2023-06-08 16:15,Freshwater,5,0.377880666,124
2023-06-08 16:15,Freshwater,15,0.341665547,90.2
2023-06-08 16:15,Freshwater,30,0.379707675,101.4
2023-06-08 16:15,Saltwater,5,0.360336725,1861.8
2023-06-08 16:15,Saltwater,15,0.302196722,1108.2
2023-06-08 16:15,Saltwater,30,0.31551488,956.6
2023-06-08 16:30,Control,5,0.266183827,73
2023-06-08 16:30,Control,15,0.27189824,48
2023-06-08 16:30,Control,30,0.324267973,100
2023-06-08 16:30,Freshwater,5,0.377748005,125.2
2023-06-08 16:30,Freshwater,15,0.341439789,90
2023-06-08 16:30,Freshwater,30,0.378995491,102.8
2023-06-08 16:30,Saltwater,5,0.359996149,1887.6
2023-06-08 16:30,Saltwater,15,0.301950793,1100
2023-06-08 16:30,Saltwater,30,0.315241799,968.8
2023-06-08 16:45,Control,5,0.266076508,72.66666667
2023-06-08 16:45,Control,15,0.27492386,48
2023-06-08 16:45,Control,30,0.324141259,100.3333333
2023-06-08 16:45,Freshwater,5,0.377494706,123.9
2023-06-08 16:45,Freshwater,15,0.341151191,89.8
2023-06-08 16:45,Freshwater,30,0.378006346,100.2
2023-06-08 16:45,Saltwater,5,0.359829352,1831.8
2023-06-08 16:45,Saltwater,15,0.30197717,1086.6
2023-06-08 16:45,Saltwater,30,0.31506414,969.8
2023-06-08 17:00,Control,5,0.266080387,71.33333333
2023-06-08 17:00,Control,15,0.271789629,46.5
2023-06-08 17:00,Control,30,0.323779219,100
2023-06-08 17:00,Freshwater,5,0.377468717,125.8
2023-06-08 17:00,Freshwater,15,0.340658558,89
2023-06-08 17:00,Freshwater,30,0.3782771,100.2
2023-06-08 17:00,Saltwater,5,0.35912415,1889.8
2023-06-08 17:00,Saltwater,15,0.30192364,1094
2023-06-08 17:00,Saltwater,30,0.314907429,969
2023-06-08 17:15,Control,5,0.265996342,72
2023-06-08 17:15,Control,15,0.271665501,48
2023-06-08 17:15,Control,30,0.323811544,97.66666667
2023-06-08 17:15,Freshwater,5,0.377290283,124
2023-06-08 17:15,Freshwater,15,0.340589512,89.8
2023-06-08 17:15,Freshwater,30,0.377904716,100
2023-06-08 17:15,Saltwater,5,0.35448409,1852.8
2023-06-08 17:15,Saltwater,15,0.301778953,1101.2
2023-06-08 17:15,Saltwater,30,0.314597885,963.6
2023-06-08 17:30,Control,5,0.265867042,72.66666667
2023-06-08 17:30,Control,15,0.272072796,48.5
2023-06-08 17:30,Control,30,0.323624059,100
2023-06-08 17:30,Freshwater,5,0.37715219,123.6
2023-06-08 17:30,Freshwater,15,0.340369961,90.4
2023-06-08 17:30,Freshwater,30,0.377384154,99.4
2023-06-08 17:30,Saltwater,5,0.354028695,1861.4
2023-06-08 17:30,Saltwater,15,0.301305327,1095
2023-06-08 17:30,Saltwater,30,0.314476084,958.6
2023-06-08 17:45,Control,5,0.265687315,71.66666667
2023-06-08 17:45,Control,15,0.271832298,49.5
2023-06-08 17:45,Control,30,0.323807665,100
2023-06-08 17:45,Freshwater,5,0.377321315,124.2
2023-06-08 17:45,Freshwater,15,0.339946374,90.4
2023-06-08 17:45,Freshwater,30,0.377255372,99.8
2023-06-08 17:45,Saltwater,5,0.354014731,1835.8
2023-06-08 17:45,Saltwater,15,0.301316189,1080.8
2023-06-08 17:45,Saltwater,30,0.314408589,950.8
2023-06-08 18:00,Control,5,0.265951087,72.66666667
2023-06-08 18:00,Control,15,0.271942849,47.5
2023-06-08 18:00,Control,30,0.32346502,100.3333333
2023-06-08 18:00,Freshwater,5,0.37692876,122.6
2023-06-08 18:00,Freshwater,15,0.339645363,90.2
2023-06-08 18:00,Freshwater,30,0.376857386,98.6
2023-06-08 18:00,Saltwater,5,0.353713721,1826.2
2023-06-08 18:00,Saltwater,15,0.301262658,1108.2
2023-06-08 18:00,Saltwater,30,0.314386867,966
2023-06-08 18:15,Control,5,0.26583601,73
2023-06-08 18:15,Control,15,0.271981639,49.5
2023-06-08 18:15,Control,30,0.323520619,100.3333333
2023-06-08 18:15,Freshwater,5,0.376920226,123.4
2023-06-08 18:15,Freshwater,15,0.339622865,89.4
2023-06-08 18:15,Freshwater,30,0.376502846,99.6
2023-06-08 18:15,Saltwater,5,0.353421244,1849
2023-06-08 18:15,Saltwater,15,0.300694773,1104.4
2023-06-08 18:15,Saltwater,30,0.314347301,948.6
2023-06-08 18:30,Control,5,0.265664041,72
2023-06-08 18:30,Control,15,0.272101888,47
2023-06-08 18:30,Control,30,0.323719741,100
2023-06-08 18:30,Freshwater,5,0.376879109,123.6
2023-06-08 18:30,Freshwater,15,0.339400986,89.8
2023-06-08 18:30,Freshwater,30,0.376196405,98.8
2023-06-08 18:30,Saltwater,5,0.353138077,1834.6
2023-06-08 18:30,Saltwater,15,0.300525648,1095.6
2023-06-08 18:30,Saltwater,30,0.312732861,954.6
2023-06-08 18:45,Control,5,0.2656162,69
2023-06-08 18:45,Control,15,0.271931212,46.5
2023-06-08 18:45,Control,30,0.323608543,101
2023-06-08 18:45,Freshwater,5,0.376550169,123
2023-06-08 18:45,Freshwater,15,0.339348232,89.8
2023-06-08 18:45,Freshwater,30,0.375975302,98
2023-06-08 18:45,Saltwater,5,0.352769572,1808.8
2023-06-08 18:45,Saltwater,15,0.30006172,1088.8
2023-06-08 18:45,Saltwater,30,0.312535032,942.6
2023-06-08 19:00,Control,5,0.265723519,71.66666667
2023-06-08 19:00,Control,15,0.272224076,47.5
2023-06-08 19:00,Control,30,0.323121082,100.3333333
2023-06-08 19:00,Freshwater,5,0.376621543,124
2023-06-08 19:00,Freshwater,15,0.339135663,90
2023-06-08 19:00,Freshwater,30,0.374676612,99.2
2023-06-08 19:00,Saltwater,5,0.352591138,1854
2023-06-08 19:00,Saltwater,15,0.299846823,1103.2
2023-06-08 19:00,Saltwater,30,0.312391509,950
2023-06-08 19:15,Control,5,0.265777825,72.66666667
2023-06-08 19:15,Control,15,0.271876906,47.5
2023-06-08 19:15,Control,30,0.32371069,99.33333333
2023-06-08 19:15,Freshwater,5,0.376406646,122.4
2023-06-08 19:15,Freshwater,15,0.339002225,90.6
2023-06-08 19:15,Freshwater,30,0.373082343,97.2
2023-06-08 19:15,Saltwater,5,0.352400291,1842.2
2023-06-08 19:15,Saltwater,15,0.299338674,1087.4
2023-06-08 19:15,Saltwater,30,0.312390734,948.6
2023-06-08 19:30,Control,5,0.265514053,73.33333333
2023-06-08 19:30,Control,15,0.271966123,48
2023-06-08 19:30,Control,30,0.322907737,98.66666667
2023-06-08 19:30,Freshwater,5,0.376223558,123.2
2023-06-08 19:30,Freshwater,15,0.338760951,90
2023-06-08 19:30,Freshwater,30,0.372159141,97.6
2023-06-08 19:30,Saltwater,5,0.352441409,1847.6
2023-06-08 19:30,Saltwater,15,0.29918429,1085.4
2023-06-08 19:30,Saltwater,30,0.312276691,956
2023-06-08 19:45,Control,5,0.265386046,71.66666667
2023-06-08 19:45,Control,15,0.271896301,48
2023-06-08 19:45,Control,30,0.323528377,100
2023-06-08 19:45,Freshwater,5,0.376153736,123.4
2023-06-08 19:45,Freshwater,15,0.338603464,89.8
2023-06-08 19:45,Freshwater,30,0.371874423,97
2023-06-08 19:45,Saltwater,5,0.352230003,1806.2
2023-06-08 19:45,Saltwater,15,0.299171877,1092.6
2023-06-08 19:45,Saltwater,30,0.312161873,950.5
2023-06-08 20:00,Control,5,0.265506295,71
2023-06-08 20:00,Control,15,0.272464574,46.5
2023-06-08 20:00,Control,30,0.323101687,101.6666667
2023-06-08 20:00,Freshwater,5,0.375918668,121.6
2023-06-08 20:00,Freshwater,15,0.338717895,90.1
2023-06-08 20:00,Freshwater,30,0.371429114,97.8
2023-06-08 20:00,Saltwater,5,0.351721466,1816
2023-06-08 20:00,Saltwater,15,0.299053956,1086
2023-06-08 20:00,Saltwater,30,0.312187474,947
2023-06-08 20:15,Control,5,0.265410613,72.66666667
2023-06-08 20:15,Control,15,0.272226016,46.5
2023-06-08 20:15,Control,30,0.323185732,100.6666667
2023-06-08 20:15,Freshwater,5,0.375978405,123
2023-06-08 20:15,Freshwater,15,0.339816815,89.6
2023-06-08 20:15,Freshwater,30,0.371059057,97.6
2023-06-08 20:15,Saltwater,5,0.351840939,1815
2023-06-08 20:15,Saltwater,15,0.299040767,1090
2023-06-08 20:15,Saltwater,30,0.311659154,937
2023-06-08 20:30,Control,5,0.265355014,71
2023-06-08 20:30,Control,15,0.272220198,48.5
2023-06-08 20:30,Control,30,0.323583976,98
2023-06-08 20:30,Freshwater,5,0.375895394,122.8
2023-06-08 20:30,Freshwater,15,0.338318745,89.4
2023-06-08 20:30,Freshwater,30,0.370879071,97
2023-06-08 20:30,Saltwater,5,0.351460797,1811.4
2023-06-08 20:30,Saltwater,15,0.298865436,1095.8
2023-06-08 20:30,Saltwater,30,0.311557524,937
2023-06-08 20:45,Control,5,0.265274848,70
2023-06-08 20:45,Control,15,0.272264806,46.5
2023-06-08 20:45,Control,30,0.323643454,96.33333333
2023-06-08 20:45,Freshwater,5,0.375847295,123
2023-06-08 20:45,Freshwater,15,0.338230304,89.4
2023-06-08 20:45,Freshwater,30,0.370637798,96.2
2023-06-08 20:45,Saltwater,5,0.351422007,1793.6
2023-06-08 20:45,Saltwater,15,0.298821992,1084.4
2023-06-08 20:45,Saltwater,30,0.311091269,935.6
2023-06-08 21:00,Control,5,0.265180459,70.66666667
2023-06-08 21:00,Control,15,0.272530518,48
2023-06-08 21:00,Control,30,0.322907737,102
2023-06-08 21:00,Freshwater,5,0.375489651,122
2023-06-08 21:00,Freshwater,15,0.338182205,89.6
2023-06-08 21:00,Freshwater,30,0.370263862,97
2023-06-08 21:00,Saltwater,5,0.351254435,1807.6
2023-06-08 21:00,Saltwater,15,0.29877234,1074.2
2023-06-08 21:00,Saltwater,30,0.310839134,941.2
2023-06-08 21:15,Control,5,0.265190803,71
2023-06-08 21:15,Control,15,0.272130981,45
2023-06-08 21:15,Control,30,0.323287879,97.66666667
2023-06-08 21:15,Freshwater,5,0.37580385,122.2
2023-06-08 21:15,Freshwater,15,0.338016959,89.4
2023-06-08 21:15,Freshwater,30,0.369953542,97.2
2023-06-08 21:15,Saltwater,5,0.35076025,1786.2
2023-06-08 21:15,Saltwater,15,0.298603992,1089.2
2023-06-08 21:15,Saltwater,30,0.310832927,942
2023-06-08 21:30,Control,5,0.265277434,71
2023-06-08 21:30,Control,15,0.272280322,48
2023-06-08 21:30,Control,30,0.32325814,98
2023-06-08 21:30,Freshwater,5,0.375547836,122.8
2023-06-08 21:30,Freshwater,15,0.337729913,89.2
2023-06-08 21:30,Freshwater,30,0.370015606,97.4
2023-06-08 21:30,Saltwater,5,0.350657069,1802.8
2023-06-08 21:30,Saltwater,15,0.298430213,1078.4
2023-06-08 21:30,Saltwater,30,0.310247198,925.8
2023-06-08 21:45,Control,5,0.265097707,72.33333333
2023-06-08 21:45,Control,15,0.272433542,48
2023-06-08 21:45,Control,30,0.323039623,99.66666667
2023-06-08 21:45,Freshwater,5,0.375743337,121.2
2023-06-08 21:45,Freshwater,15,0.33787266,88.8
2023-06-08 21:45,Freshwater,30,0.369632361,96
2023-06-08 21:45,Saltwater,5,0.350616727,1775.4
2023-06-08 21:45,Saltwater,15,0.298579166,1078
2023-06-08 21:45,Saltwater,30,0.310203753,931
2023-06-08 22:00,Control,5,0.265123567,72.66666667
2023-06-08 22:00,Control,15,0.27232687,47
2023-06-08 22:00,Control,30,0.322952992,100
2023-06-08 22:00,Freshwater,5,0.375524562,120
2023-06-08 22:00,Freshwater,15,0.337648454,88.6
2023-06-08 22:00,Freshwater,30,0.369164553,95.6
2023-06-08 22:00,Saltwater,5,0.350262186,1778
2023-06-08 22:00,Saltwater,15,0.298406939,1070.8
2023-06-08 22:00,Saltwater,30,0.310161084,931.2
2023-06-08 22:15,Control,5,0.265035643,72
2023-06-08 22:15,Control,15,0.272167831,45
2023-06-08 22:15,Control,30,0.323143063,100
2023-06-08 22:15,Freshwater,5,0.375371729,122.6
2023-06-08 22:15,Freshwater,15,0.337069707,88.4
2023-06-08 22:15,Freshwater,30,0.368080761,95.8
2023-06-08 22:15,Saltwater,5,0.350064357,1787.4
2023-06-08 22:15,Saltwater,15,0.298355736,1070
2023-06-08 22:15,Saltwater,30,0.310116088,927.6
2023-06-08 22:30,Control,5,0.264915394,72
2023-06-08 22:30,Control,15,0.272499485,46.5
2023-06-08 22:30,Control,30,0.322884463,99
2023-06-08 22:30,Freshwater,5,0.37550827,121.6
2023-06-08 22:30,Freshwater,15,0.336722149,89
2023-06-08 22:30,Freshwater,30,0.367899224,96
2023-06-08 22:30,Saltwater,5,0.349796706,1797
2023-06-08 22:30,Saltwater,15,0.298312291,1068.6
2023-06-08 22:30,Saltwater,30,0.30999196,926
2023-06-08 22:45,Control,5,0.264991681,70
2023-06-08 22:45,Control,15,0.272355963,48.5
2023-06-08 22:45,Control,30,0.322704736,99
2023-06-08 22:45,Freshwater,5,0.375273203,122.4
2023-06-08 22:45,Freshwater,15,0.336696548,89.6
2023-06-08 22:45,Freshwater,30,0.367436847,94.8
2023-06-08 22:45,Saltwater,5,0.349681888,1761.8
2023-06-08 22:45,Saltwater,15,0.298081878,1059.8
2023-06-08 22:45,Saltwater,30,0.309768918,924.7
2023-06-08 23:00,Control,5,0.265040815,72.33333333
2023-06-08 23:00,Control,15,0.272400571,45
2023-06-08 23:00,Control,30,0.323034451,100
2023-06-08 23:00,Freshwater,5,0.37537522,121.6
2023-06-08 23:00,Freshwater,15,0.336497555,89.6
2023-06-08 23:00,Freshwater,30,0.367239018,95.8
2023-06-08 23:00,Saltwater,5,0.349401048,1766.8
2023-06-08 23:00,Saltwater,15,0.298251003,1079.4
2023-06-08 23:00,Saltwater,30,0.309732067,928.8
2023-06-08 23:15,Control,5,0.265155892,71.66666667
2023-06-08 23:15,Control,15,0.27255961,47
2023-06-08 23:15,Control,30,0.323121082,97.66666667
2023-06-08 23:15,Freshwater,5,0.375115327,120.8
2023-06-08 23:15,Freshwater,15,0.336528199,89.4
2023-06-08 23:15,Freshwater,30,0.367052826,95.2
2023-06-08 23:15,Saltwater,5,0.349331226,1764
2023-06-08 23:15,Saltwater,15,0.298085757,1074.6
2023-06-08 23:15,Saltwater,30,0.309647505,923.2
2023-06-08 23:30,Control,5,0.264758941,70.66666667
2023-06-08 23:30,Control,15,0.275288487,47.5
2023-06-08 23:30,Control,30,0.322706029,99.33333333
2023-06-08 23:30,Freshwater,5,0.374850392,122.4
2023-06-08 23:30,Freshwater,15,0.336397089,88
2023-06-08 23:30,Freshwater,30,0.366362364,94.8
2023-06-08 23:30,Saltwater,5,0.349074437,1761.6
2023-06-08 23:30,Saltwater,15,0.298161786,1076.4
2023-06-08 23:30,Saltwater,30,0.309544323,916
2023-06-08 23:45,Control,5,0.264845572,72.33333333
2023-06-08 23:45,Control,15,0.27255961,48
2023-06-08 23:45,Control,30,0.323113324,99.33333333
2023-06-08 23:45,Freshwater,5,0.37491168,120.8
2023-06-08 23:45,Freshwater,15,0.336303993,88.6
2023-06-08 23:45,Freshwater,30,0.366566399,95
2023-06-08 23:45,Saltwater,5,0.348930914,1757.4
2023-06-08 23:45,Saltwater,15,0.297911978,1062.8
2023-06-08 23:45,Saltwater,30,0.30928443,909.2
2023-06-09 00:00,Control,5,0.264828763,71.33333333
2023-06-09 00:00,Control,15,0.272732226,48
2023-06-09 00:00,Control,30,0.322757749,99.66666667
2023-06-09 00:00,Freshwater,5,0.374754192,120.8
2023-06-09 00:00,Freshwater,15,0.336197708,89.4
2023-06-09 00:00,Freshwater,30,0.366279353,96
2023-06-09 00:00,Saltwater,5,0.348807561,1753.6
2023-06-09 00:00,Saltwater,15,0.298091964,1068.8
2023-06-09 00:00,Saltwater,30,0.309234003,912.8
2023-06-09 00:15,Control,5,0.264823591,70.66666667
2023-06-09 00:15,Control,15,0.272683738,48
2023-06-09 00:15,Control,30,0.322861189,98
2023-06-09 00:15,Freshwater,5,0.374599032,121.2
2023-06-09 00:15,Freshwater,15,0.337373821,88.4
2023-06-09 00:15,Freshwater,30,0.366236684,96.6
2023-06-09 00:15,Saltwater,5,0.348591889,1771.4
2023-06-09 00:15,Saltwater,15,0.297934476,1060.4
2023-06-09 00:15,Saltwater,30,0.309048587,914.2
2023-06-09 00:30,Control,5,0.264861088,71.66666667
2023-06-09 00:30,Control,15,0.272573187,48
2023-06-09 00:30,Control,30,0.322976266,98
2023-06-09 00:30,Freshwater,5,0.37449042,120.6
2023-06-09 00:30,Freshwater,15,0.336034014,88.8
2023-06-09 00:30,Freshwater,30,0.366301076,95
2023-06-09 00:30,Saltwater,5,0.348463106,1755.2
2023-06-09 00:30,Saltwater,15,0.297842156,1064.8
2023-06-09 00:30,Saltwater,30,0.30897411,908.8
2023-06-09 00:45,Control,5,0.2647111,71.66666667
2023-06-09 00:45,Control,15,0.272660464,47
2023-06-09 00:45,Control,30,0.322704736,98.66666667
2023-06-09 00:45,Freshwater,5,0.374341467,122
2023-06-09 00:45,Freshwater,15,0.335884285,88.8
2023-06-09 00:45,Freshwater,30,0.365855766,93.8
2023-06-09 00:45,Saltwater,5,0.348222608,1748.2
2023-06-09 00:45,Saltwater,15,0.297714925,1062
2023-06-09 00:45,Saltwater,30,0.30878947,906.4
2023-06-09 01:00,Control,5,0.264707221,72
2023-06-09 01:00,Control,15,0.272524699,48.5
2023-06-09 01:00,Control,30,0.322915495,97.33333333
2023-06-09 01:00,Freshwater,5,0.37445163,122.8
2023-06-09 01:00,Freshwater,15,0.335898249,88.4
2023-06-09 01:00,Freshwater,30,0.365473297,95
2023-06-09 01:00,Saltwater,5,0.348166751,1752
2023-06-09 01:00,Saltwater,15,0.297781644,1061.4
2023-06-09 01:00,Saltwater,30,0.30883757,897.8
2023-06-09 01:15,Control,5,0.26462059,71
2023-06-09 01:15,Control,15,0.272418027,47.5
2023-06-09 01:15,Control,30,0.322942648,99
2023-06-09 01:15,Freshwater,5,0.37449973,122.2
2023-06-09 01:15,Freshwater,15,0.335621289,88.8
2023-06-09 01:15,Freshwater,30,0.365602856,95.4
2023-06-09 01:15,Saltwater,5,0.34779747,1724.4
2023-06-09 01:15,Saltwater,15,0.297765352,1065.6
2023-06-09 01:15,Saltwater,30,0.308638965,890.8
2023-06-09 01:30,Control,5,0.264755062,70.66666667
2023-06-09 01:30,Control,15,0.272579005,47.5
2023-06-09 01:30,Control,30,0.322528888,99.33333333
2023-06-09 01:30,Freshwater,5,0.374319744,122.4
2023-06-09 01:30,Freshwater,15,0.335381567,88.4
2023-06-09 01:30,Freshwater,30,0.365284002,95
2023-06-09 01:30,Saltwater,5,0.347697392,1744.6
2023-06-09 01:30,Saltwater,15,0.297715701,1068.4
2023-06-09 01:30,Saltwater,30,0.308420965,882.8
2023-06-09 01:45,Control,5,0.264714979,70.33333333
2023-06-09 01:45,Control,15,0.272780713,48
2023-06-09 01:45,Control,30,0.32268922,98.66666667
2023-06-09 01:45,Freshwater,5,0.374167688,120.4
2023-06-09 01:45,Freshwater,15,0.335737659,88.6
2023-06-09 01:45,Freshwater,30,0.365262279,95.8
2023-06-09 01:45,Saltwater,5,0.347613605,1756.4
2023-06-09 01:45,Saltwater,15,0.297487616,1062.2
2023-06-09 01:45,Saltwater,30,0.307934538,876.8
2023-06-09 02:00,Control,5,0.264720151,71.33333333
2023-06-09 02:00,Control,15,0.272726407,48.5
2023-06-09 02:00,Control,30,0.322730596,97.66666667
2023-06-09 02:00,Freshwater,5,0.373925638,122.4
2023-06-09 02:00,Freshwater,15,0.335560001,88.8
2023-06-09 02:00,Freshwater,30,0.365146685,95.2
2023-06-09 02:00,Saltwater,5,0.347253634,1733.6
2023-06-09 02:00,Saltwater,15,0.297536491,1063.2
2023-06-09 02:00,Saltwater,30,0.307991172,866.4
2023-06-09 02:15,Control,5,0.264462844,72.33333333
2023-06-09 02:15,Control,15,0.272668222,48
2023-06-09 02:15,Control,30,0.322959457,99
2023-06-09 02:15,Freshwater,5,0.374031923,120.2
2023-06-09 02:15,Freshwater,15,0.33553983,88
2023-06-09 02:15,Freshwater,30,0.36492791,94.6
2023-06-09 02:15,Saltwater,5,0.347153556,1741.4
2023-06-09 02:15,Saltwater,15,0.297600882,1066.6
2023-06-09 02:15,Saltwater,30,0.307754553,865.4
2023-06-09 02:30,Control,5,0.264552061,72.33333333
2023-06-09 02:30,Control,15,0.272602279,47.5
2023-06-09 02:30,Control,30,0.322478461,99.66666667
2023-06-09 02:30,Freshwater,5,0.374042008,121
2023-06-09 02:30,Freshwater,15,0.335300883,88.4
2023-06-09 02:30,Freshwater,30,0.364713013,94.6
2023-06-09 02:30,Saltwater,5,0.346921592,1727.2
2023-06-09 02:30,Saltwater,15,0.297565971,1073.4
2023-06-09 02:30,Saltwater,30,0.307638959,841.4
2023-06-09 02:45,Control,5,0.264479653,71.66666667
2023-06-09 02:45,Control,15,0.272646887,49
2023-06-09 02:45,Control,30,0.322506907,98.33333333
2023-06-09 02:45,Freshwater,5,0.373669624,122
2023-06-09 02:45,Freshwater,15,0.335271403,88.2
2023-06-09 02:45,Freshwater,30,0.364751027,94.2
2023-06-09 02:45,Saltwater,5,0.346709022,1725
2023-06-09 02:45,Saltwater,15,0.297571402,1062.4
2023-06-09 02:45,Saltwater,30,0.307408546,824.6
2023-06-09 03:00,Control,5,0.264482239,71.33333333
2023-06-09 03:00,Control,15,0.272582884,48.5
2023-06-09 03:00,Control,30,0.322303906,99.33333333
2023-06-09 03:00,Freshwater,5,0.373905467,122
2023-06-09 03:00,Freshwater,15,0.335195375,88.9
2023-06-09 03:00,Freshwater,30,0.36459354,95
2023-06-09 03:00,Saltwater,5,0.346544553,1737.8
2023-06-09 03:00,Saltwater,15,0.297520975,1063.8
2023-06-09 03:00,Saltwater,30,0.307396133,814.6
2023-06-09 03:15,Control,5,0.264535252,70.66666667
2023-06-09 03:15,Control,15,0.272402511,47
2023-06-09 03:15,Control,30,0.322143574,99.33333333
2023-06-09 03:15,Freshwater,5,0.373906243,121.6
2023-06-09 03:15,Freshwater,15,0.334952549,88.8
2023-06-09 03:15,Freshwater,30,0.364501995,94.4
2023-06-09 03:15,Saltwater,5,0.34647861,1738.2
2023-06-09 03:15,Saltwater,15,0.297181175,1067.4
2023-06-09 03:15,Saltwater,30,0.306995045,813.8
2023-06-09 03:30,Control,5,0.264327079,72.33333333
2023-06-09 03:30,Control,15,0.27283308,47.5
2023-06-09 03:30,Control,30,0.322646551,99.66666667
2023-06-09 03:30,Freshwater,5,0.373897709,120.6
2023-06-09 03:30,Freshwater,15,0.335002976,88.4
2023-06-09 03:30,Freshwater,30,0.364230465,93.6
2023-06-09 03:30,Saltwater,5,0.346482489,1710
2023-06-09 03:30,Saltwater,15,0.297376676,1068.8
2023-06-09 03:30,Saltwater,30,0.307217699,805
2023-06-09 03:45,Control,5,0.264721444,71.33333333
2023-06-09 03:45,Control,15,0.272738044,48
2023-06-09 03:45,Control,30,0.322451308,99.33333333
2023-06-09 03:45,Freshwater,5,0.373596699,120.6
2023-06-09 03:45,Freshwater,15,0.334874969,88.2
2023-06-09 03:45,Freshwater,30,0.364149782,94.4
2023-06-09 03:45,Saltwater,5,0.346023991,1713
2023-06-09 03:45,Saltwater,15,0.297223844,1070.6
2023-06-09 03:45,Saltwater,30,0.307019094,806.2
2023-06-09 04:00,Control,5,0.264443449,71.66666667
2023-06-09 04:00,Control,15,0.275880034,47
2023-06-09 04:00,Control,30,0.322166848,99.66666667
2023-06-09 04:00,Freshwater,5,0.373747204,121.6
2023-06-09 04:00,Freshwater,15,0.334910656,87.4
2023-06-09 04:00,Freshwater,30,0.364060565,94.4
2023-06-09 04:00,Saltwater,5,0.34596503,1722.2
2023-06-09 04:00,Saltwater,15,0.296968605,1055.2
2023-06-09 04:00,Saltwater,30,0.30687945,804.8
2023-06-09 04:15,Control,5,0.264586972,71.33333333
2023-06-09 04:15,Control,15,0.272561549,47
2023-06-09 04:15,Control,30,0.322338817,100.3333333
2023-06-09 04:15,Freshwater,5,0.373671176,121.2
2023-06-09 04:15,Freshwater,15,0.334752393,88.6
2023-06-09 04:15,Freshwater,30,0.364029533,94.8
2023-06-09 04:15,Saltwater,5,0.345783493,1725
2023-06-09 04:15,Saltwater,15,0.29712842,1051.8
2023-06-09 04:15,Saltwater,30,0.306881778,806.6
2023-06-09 04:30,Control,5,0.264580507,71.33333333
2023-06-09 04:30,Control,15,0.272893204,47.5
2023-06-09 04:30,Control,30,0.322647844,97.66666667
2023-06-09 04:30,Freshwater,5,0.373564115,121.2
2023-06-09 04:30,Freshwater,15,0.334646884,88
2023-06-09 04:30,Freshwater,30,0.363833256,94
2023-06-09 04:30,Saltwater,5,0.34566402,1701.6
2023-06-09 04:30,Saltwater,15,0.297037652,1050.4
2023-06-09 04:30,Saltwater,30,0.306647486,803.6
2023-06-09 04:45,Control,5,0.264337423,71
2023-06-09 04:45,Control,15,0.272584824,47.5
2023-06-09 04:45,Control,30,0.322563799,97
2023-06-09 04:45,Freshwater,5,0.373549375,120.4
2023-06-09 04:45,Freshwater,15,0.334664727,87.8
2023-06-09 04:45,Freshwater,30,0.363470181,95
2023-06-09 04:45,Saltwater,5,0.345391714,1724.6
2023-06-09 04:45,Saltwater,15,0.297010499,1052.4
2023-06-09 04:45,Saltwater,30,0.306487671,807
2023-06-09 05:00,Control,5,0.264390436,71
2023-06-09 05:00,Control,15,0.272959147,47.5
2023-06-09 05:00,Control,30,0.322406053,99.66666667
2023-06-09 05:00,Freshwater,5,0.373400421,120.2
2023-06-09 05:00,Freshwater,15,0.33455534,87.8
2023-06-09 05:00,Freshwater,30,0.363416651,94.8
2023-06-09 05:00,Saltwater,5,0.34543128,1693.8
2023-06-09 05:00,Saltwater,15,0.297026015,1060
2023-06-09 05:00,Saltwater,30,0.306616454,807.8
2023-06-09 05:15,Control,5,0.264368455,71.33333333
2023-06-09 05:15,Control,15,0.272951389,47
2023-06-09 05:15,Control,30,0.32252113,97.33333333
2023-06-09 05:15,Freshwater,5,0.373492742,120
2023-06-09 05:15,Freshwater,15,0.334651539,87.6
2023-06-09 05:15,Freshwater,30,0.363118744,94.2
2023-06-09 05:15,Saltwater,5,0.345102341,1706.6
2023-06-09 05:15,Saltwater,15,0.296870079,1051
2023-06-09 05:15,Saltwater,30,0.306436469,802.8
2023-06-09 05:30,Control,5,0.264257257,72
2023-06-09 05:30,Control,15,0.272679859,49
2023-06-09 05:30,Control,30,0.322343989,97.33333333
2023-06-09 05:30,Freshwater,5,0.373230521,120.2
2023-06-09 05:30,Freshwater,15,0.334431212,87.6
2023-06-09 05:30,Freshwater,30,0.363350708,94.6
2023-06-09 05:30,Saltwater,5,0.344957266,1695.6
2023-06-09 05:30,Saltwater,15,0.296911196,1052.8
2023-06-09 05:30,Saltwater,30,0.306296825,801.6
2023-06-09 05:45,Control,5,0.264453793,71.66666667
2023-06-09 05:45,Control,15,0.272945571,47.5
2023-06-09 05:45,Control,30,0.321991,98.66666667
2023-06-09 05:45,Freshwater,5,0.373262329,118.8
2023-06-09 05:45,Freshwater,15,0.334192265,87.8
2023-06-09 05:45,Freshwater,30,0.363031079,94.2
2023-06-09 05:45,Saltwater,5,0.344959593,1706
2023-06-09 05:45,Saltwater,15,0.296749054,1051.6
2023-06-09 05:45,Saltwater,30,0.306252604,800.4
2023-06-09 06:00,Control,5,0.264316735,71.66666667
2023-06-09 06:00,Control,15,0.272575126,48
2023-06-09 06:00,Control,30,0.322031083,99
2023-06-09 06:00,Freshwater,5,0.373215005,119.6
2023-06-09 06:00,Freshwater,15,0.334155027,87.8
2023-06-09 06:00,Freshwater,30,0.362796011,94.2
2023-06-09 06:00,Saltwater,5,0.34471095,1711.8
2023-06-09 06:00,Saltwater,15,0.296872406,1050.6
2023-06-09 06:00,Saltwater,30,0.306070291,798.6
2023-06-09 06:15,Control,5,0.264233983,71.33333333
2023-06-09 06:15,Control,15,0.272867991,47.5
2023-06-09 06:15,Control,30,0.322179778,99
2023-06-09 06:15,Freshwater,5,0.373346115,119.8
2023-06-09 06:15,Freshwater,15,0.33423571,87.4
2023-06-09 06:15,Freshwater,30,0.362956602,95
2023-06-09 06:15,Saltwater,5,0.344565487,1717.8
2023-06-09 06:15,Saltwater,15,0.296814997,1051.8
2023-06-09 06:15,Saltwater,30,0.305892633,789.6
2023-06-09 06:30,Control,5,0.264315442,69.66666667
2023-06-09 06:30,Control,15,0.272538276,48
2023-06-09 06:30,Control,30,0.322164262,98.66666667
2023-06-09 06:30,Freshwater,5,0.372910892,120.2
2023-06-09 06:30,Freshwater,15,0.334156578,87.8
2023-06-09 06:30,Freshwater,30,0.362473278,92.2
2023-06-09 06:30,Saltwater,5,0.344225687,1691.8
2023-06-09 06:30,Saltwater,15,0.296695912,1049
2023-06-09 06:30,Saltwater,30,0.306000469,783.2
2023-06-09 06:45,Control,5,0.264118906,71.33333333
2023-06-09 06:45,Control,15,0.272627492,46.5
2023-06-09 06:45,Control,30,0.322329766,99
2023-06-09 06:45,Freshwater,5,0.37281702,119.6
2023-06-09 06:45,Freshwater,15,0.334000643,86.6
2023-06-09 06:45,Freshwater,30,0.362038055,93.2
2023-06-09 06:45,Saltwater,5,0.344113971,1689.2
2023-06-09 06:45,Saltwater,15,0.296770776,1046.4
2023-06-09 06:45,Saltwater,30,0.305915907,788.4
2023-06-09 07:00,Control,5,0.264091753,70.33333333
2023-06-09 07:00,Control,15,0.272749681,47
2023-06-09 07:00,Control,30,0.322078924,97.33333333
2023-06-09 07:00,Freshwater,5,0.372914771,119
2023-06-09 07:00,Freshwater,15,0.33397892,87.8
2023-06-09 07:00,Freshwater,30,0.362162958,95
2023-06-09 07:00,Saltwater,5,0.343967345,1694.2
2023-06-09 07:00,Saltwater,15,0.296621047,1050.6
2023-06-09 07:00,Saltwater,30,0.305717302,789.2
2023-06-09 07:15,Control,5,0.264152524,71.33333333
2023-06-09 07:15,Control,15,0.272577066,48.5
2023-06-09 07:15,Control,30,0.322115128,96.66666667
2023-06-09 07:15,Freshwater,5,0.372626949,120
2023-06-09 07:15,Freshwater,15,0.333977369,87.6
2023-06-09 07:15,Freshwater,30,0.361568696,94
2023-06-09 07:15,Saltwater,5,0.343812961,1695.4
2023-06-09 07:15,Saltwater,15,0.296563638,1050.6
2023-06-09 07:15,Saltwater,30,0.305446548,781
2023-06-09 07:30,Control,5,0.264071065,70.66666667
2023-06-09 07:30,Control,15,0.27275162,47.5
2023-06-09 07:30,Control,30,0.321794464,97.33333333
2023-06-09 07:30,Freshwater,5,0.372949682,120.4
2023-06-09 07:30,Freshwater,15,0.333919959,86
2023-06-09 07:30,Freshwater,30,0.361135799,93.2
2023-06-09 07:30,Saltwater,5,0.343797445,1686.4
2023-06-09 07:30,Saltwater,15,0.296665268,1045.2
2023-06-09 07:30,Saltwater,30,0.30525958,778.6
2023-06-09 07:45,Control,5,0.264175798,71
2023-06-09 07:45,Control,15,0.272608098,47.5
2023-06-09 07:45,Control,30,0.322137109,98
2023-06-09 07:45,Freshwater,5,0.372551696,120.2
2023-06-09 07:45,Freshwater,15,0.333717476,87.4
2023-06-09 07:45,Freshwater,30,0.361276995,93.6
2023-06-09 07:45,Saltwater,5,0.343511951,1695.8
2023-06-09 07:45,Saltwater,15,0.296401496,1034.4
2023-06-09 07:45,Saltwater,30,0.304984947,779.8
2023-06-09 08:00,Control,5,0.263848669,70.66666667
2023-06-09 08:00,Control,15,0.272465544,47.25
2023-06-09 08:00,Control,30,0.322100905,98
2023-06-09 08:00,Freshwater,5,0.372540059,120.2
2023-06-09 08:00,Freshwater,15,0.333669376,86.8
2023-06-09 08:00,Freshwater,30,0.361059771,93
2023-06-09 08:00,Saltwater,5,0.343668662,1702.4
2023-06-09 08:00,Saltwater,15,0.296458905,1045.8
2023-06-09 08:00,Saltwater,30,0.304310001,780.2
2023-06-09 08:15,Control,5,0.263887459,69.66666667
2023-06-09 08:15,Control,15,0.272555731,47
2023-06-09 08:15,Control,30,0.321740158,97
2023-06-09 08:15,Freshwater,5,0.372338351,118.6
2023-06-09 08:15,Freshwater,15,0.333397846,87.6
2023-06-09 08:15,Freshwater,30,0.360679629,94.4
2023-06-09 08:15,Saltwater,5,0.343549965,1678.4
2023-06-09 08:15,Saltwater,15,0.296429424,1042
2023-06-09 08:15,Saltwater,30,0.304029161,778.8
2023-06-09 08:30,Control,5,0.263529298,71.66666667
2023-06-09 08:30,Control,15,0.272175589,48
2023-06-09 08:30,Control,30,0.321459577,99.33333333
2023-06-09 08:30,Freshwater,5,0.372426792,119.2
2023-06-09 08:30,Freshwater,15,0.333480857,87
2023-06-09 08:30,Freshwater,30,0.360415857,92.8
2023-06-09 08:30,Saltwater,5,0.343345154,1695
2023-06-09 08:30,Saltwater,15,0.296272325,1052.8
2023-06-09 08:30,Saltwater,30,0.303545062,774.2
2023-06-09 08:45,Control,5,0.263551279,71
2023-06-09 08:45,Control,15,0.272020429,47
2023-06-09 08:45,Control,30,0.321612151,95.33333333
2023-06-09 08:45,Freshwater,5,0.371983811,119.6
2023-06-09 08:45,Freshwater,15,0.333230273,87.2
2023-06-09 08:45,Freshwater,30,0.360270782,94
2023-06-09 08:45,Saltwater,5,0.343098449,1690.8
2023-06-09 08:45,Saltwater,15,0.296171083,1048.8
2023-06-09 08:45,Saltwater,30,0.303601695,774.4
2023-06-09 09:00,Control,5,0.263427151,70.66666667
2023-06-09 09:00,Control,15,0.272352084,47.5
2023-06-09 09:00,Control,30,0.32153845,98
2023-06-09 09:00,Freshwater,5,0.371727797,120
2023-06-09 09:00,Freshwater,15,0.333096836,86.8
2023-06-09 09:00,Freshwater,30,0.360152085,93
2023-06-09 09:00,Saltwater,5,0.343065866,1690.6
2023-06-09 09:00,Saltwater,15,0.296074108,1050
2023-06-09 09:00,Saltwater,30,0.303181212,772.2
2023-06-09 09:15,Control,5,0.263359915,70.33333333
2023-06-09 09:15,Control,15,0.271758596,47
2023-06-09 09:15,Control,30,0.321167359,95.66666667
2023-06-09 09:15,Freshwater,5,0.371552466,120.6
2023-06-09 09:15,Freshwater,15,0.333132135,87.1
2023-06-09 09:15,Freshwater,30,0.359815388,93.4
2023-06-09 09:15,Saltwater,5,0.343035609,1691.4
2023-06-09 09:15,Saltwater,15,0.296138499,1052
2023-06-09 09:15,Saltwater,30,0.302974849,770.6
2023-06-09 09:30,Control,5,0.263182774,70.33333333
2023-06-09 09:30,Control,15,0.271968062,47.5
2023-06-09 09:30,Control,30,0.32111176,98.33333333
2023-06-09 09:30,Freshwater,5,0.371809256,119.2
2023-06-09 09:30,Freshwater,15,0.333099163,87.2
2023-06-09 09:30,Freshwater,30,0.359224228,92.4
2023-06-09 09:30,Saltwater,5,0.342887432,1683
2023-06-09 09:30,Saltwater,15,0.295952307,1042.2
2023-06-09 09:30,Saltwater,30,0.30225801,767.8
2023-06-09 09:45,Control,5,0.262922881,71
2023-06-09 09:45,Control,15,0.271851693,46.5
2023-06-09 09:45,Control,30,0.321031594,97.66666667
2023-06-09 09:45,Freshwater,5,0.371577291,119
2023-06-09 09:45,Freshwater,15,0.332919953,86.8
2023-06-09 09:45,Freshwater,30,0.358945716,92
2023-06-09 09:45,Saltwater,5,0.342677966,1691.8
2023-06-09 09:45,Saltwater,15,0.29594998,1046.2
2023-06-09 09:45,Saltwater,30,0.301439541,765.2
2023-06-09 10:00,Control,5,0.262961671,70.66666667
2023-06-09 10:00,Control,15,0.271477369,47.5
2023-06-09 10:00,Control,30,0.321160894,95.66666667
2023-06-09 10:00,Freshwater,5,0.371526089,119.6
2023-06-09 10:00,Freshwater,15,0.332832288,86
2023-06-09 10:00,Freshwater,30,0.359328185,93
2023-06-09 10:00,Saltwater,5,0.342624435,1690.6
2023-06-09 10:00,Saltwater,15,0.296010492,1045.4
2023-06-09 10:00,Saltwater,30,0.300590816,765.8
2023-06-09 10:15,Control,5,0.2626423,70.66666667
2023-06-09 10:15,Control,15,0.271378455,46.5
2023-06-09 10:15,Control,30,0.320871262,97.33333333
2023-06-09 10:15,Freshwater,5,0.371181633,119.8
2023-06-09 10:15,Freshwater,15,0.332624373,86.6
2023-06-09 10:15,Freshwater,30,0.358614449,91.6
2023-06-09 10:15,Saltwater,5,0.342425831,1681
2023-06-09 10:15,Saltwater,15,0.295771546,1050
2023-06-09 10:15,Saltwater,30,0.300240154,751.6
2023-06-09 10:30,Control,5,0.262611268,71.66666667
2023-06-09 10:30,Control,15,0.271277601,46.5
2023-06-09 10:30,Control,30,0.321054868,95.33333333
2023-06-09 10:30,Freshwater,5,0.371488074,120
2023-06-09 10:30,Freshwater,15,0.332444388,87.2
2023-06-09 10:30,Freshwater,30,0.357813048,93.2
2023-06-09 10:30,Saltwater,5,0.342312564,1673.6
2023-06-09 10:30,Saltwater,15,0.295413902,1039.2
2023-06-09 10:30,Saltwater,30,0.300147834,753.8
2023-06-09 10:45,Control,5,0.262350082,72.33333333
2023-06-09 10:45,Control,15,0.274109271,46.5
2023-06-09 10:45,Control,30,0.320961772,97.33333333
2023-06-09 10:45,Freshwater,5,0.370992338,119
2023-06-09 10:45,Freshwater,15,0.332327242,86.6
2023-06-09 10:45,Freshwater,30,0.357204045,92.2
2023-06-09 10:45,Saltwater,5,0.342177575,1685.2
2023-06-09 10:45,Saltwater,15,0.295388301,1041.4
2023-06-09 10:45,Saltwater,30,0.299267301,764.2
2023-06-09 11:00,Control,5,0.262010023,72
2023-06-09 11:00,Control,15,0.271132138,46.5
2023-06-09 11:00,Control,30,0.320666968,97
2023-06-09 11:00,Freshwater,5,0.371097847,119.2
2023-06-09 11:00,Freshwater,15,0.332120103,87.2
2023-06-09 11:00,Freshwater,30,0.3567727,91.9
2023-06-09 11:00,Saltwater,5,0.341937077,1690.4
2023-06-09 11:00,Saltwater,15,0.295346408,1045.4
2023-06-09 11:00,Saltwater,30,0.299433322,762.8
2023-06-09 11:15,Control,5,0.26187943,70.66666667
2023-06-09 11:15,Control,15,0.271151533,47.5
2023-06-09 11:15,Control,30,0.320794975,97.33333333
2023-06-09 11:15,Freshwater,5,0.370515221,116.2
2023-06-09 11:15,Freshwater,15,0.331925378,86.6
2023-06-09 11:15,Freshwater,30,0.356629953,92.2
2023-06-09 11:15,Saltwater,5,0.342096116,1682.6
2023-06-09 11:15,Saltwater,15,0.295115219,1045.2
2023-06-09 11:15,Saltwater,30,0.298854575,756.4
2023-06-09 11:30,Control,5,0.261720391,70.66666667
2023-06-09 11:30,Control,15,0.270623989,47.5
2023-06-09 11:30,Control,30,0.320257087,97
2023-06-09 11:30,Freshwater,5,0.370463243,118.4
2023-06-09 11:30,Freshwater,15,0.333142608,86
2023-06-09 11:30,Freshwater,30,0.356167576,91.8
2023-06-09 11:30,Saltwater,5,0.341879667,1691
2023-06-09 11:30,Saltwater,15,0.295122977,1046.2
2023-06-09 11:30,Saltwater,30,0.29859701,761.4
2023-06-09 11:45,Control,5,0.26156911,71.66666667
2023-06-09 11:45,Control,15,0.270705448,46
2023-06-09 11:45,Control,30,0.320120029,97.33333333
2023-06-09 11:45,Freshwater,5,0.370327478,118.8
2023-06-09 11:45,Freshwater,15,0.331679449,85.6
2023-06-09 11:45,Freshwater,30,0.356038793,91.2
2023-06-09 11:45,Saltwater,5,0.341759418,1686.2
2023-06-09 11:45,Saltwater,15,0.294672237,1042.4
2023-06-09 11:45,Saltwater,30,0.298282035,755.2
2023-06-09 12:00,Control,5,0.261468256,70.66666667
2023-06-09 12:00,Control,15,0.270187602,46
2023-06-09 12:00,Control,30,0.319907977,97.66666667
2023-06-09 12:00,Freshwater,5,0.36985424,117
2023-06-09 12:00,Freshwater,15,0.331752374,86
2023-06-09 12:00,Freshwater,30,0.355678822,90.4
2023-06-09 12:00,Saltwater,5,0.341734593,1676.8
2023-06-09 12:00,Saltwater,15,0.294442601,1046
2023-06-09 12:00,Saltwater,30,0.297970163,753.6
2023-06-09 12:15,Control,5,0.261098458,72
2023-06-09 12:15,Control,15,0.269900556,45.5
2023-06-09 12:15,Control,30,0.319646791,95.66666667
2023-06-09 12:15,Freshwater,5,0.36980614,118.8
2023-06-09 12:15,Freshwater,15,0.331497912,86.6
2023-06-09 12:15,Freshwater,30,0.354830097,89.8
2023-06-09 12:15,Saltwater,5,0.341607362,1671
2023-06-09 12:15,Saltwater,15,0.294229256,1038.8
2023-06-09 12:15,Saltwater,30,0.297899565,752.2
2023-06-09 12:30,Control,5,0.260943298,71.33333333
2023-06-09 12:30,Control,15,0.270174025,48
2023-06-09 12:30,Control,30,0.320226055,98
2023-06-09 12:30,Freshwater,5,0.369723129,119.2
2023-06-09 12:30,Freshwater,15,0.331322581,85.4
2023-06-09 12:30,Freshwater,30,0.35446004,90.8
2023-06-09 12:30,Saltwater,5,0.341449874,1675
2023-06-09 12:30,Saltwater,15,0.294185035,1044.2
2023-06-09 12:30,Saltwater,30,0.294199775,753
2023-06-09 12:45,Control,5,0.260910973,70.33333333
2023-06-09 12:45,Control,15,0.270042139,47.5
2023-06-09 12:45,Control,30,0.319849792,97.33333333
2023-06-09 12:45,Freshwater,5,0.369607535,119.8
2023-06-09 12:45,Freshwater,15,0.331340424,85.8
2023-06-09 12:45,Freshwater,30,0.354206354,90.6
2023-06-09 12:45,Saltwater,5,0.341525127,1671.8
2023-06-09 12:45,Saltwater,15,0.293991861,1038.2
2023-06-09 12:45,Saltwater,30,0.293835149,752.8
2023-06-09 13:00,Control,5,0.260656252,70.66666667
2023-06-09 13:00,Control,15,0.269939346,46
2023-06-09 13:00,Control,30,0.319721785,97
2023-06-09 13:00,Freshwater,5,0.369566418,119
2023-06-09 13:00,Freshwater,15,0.330920717,86.2
2023-06-09 13:00,Freshwater,30,0.354072916,90
2023-06-09 13:00,Saltwater,5,0.341093006,1659.8
2023-06-09 13:00,Saltwater,15,0.294008153,1036
2023-06-09 13:00,Saltwater,30,0.293366566,753.2
2023-06-09 13:15,Control,5,0.260692456,71.66666667
2023-06-09 13:15,Control,15,0.270016925,47
2023-06-09 13:15,Control,30,0.319583434,97
2023-06-09 13:15,Freshwater,5,0.369396518,120.6
2023-06-09 13:15,Freshwater,15,0.330932354,85
2023-06-09 13:15,Freshwater,30,0.353542269,90
2023-06-09 13:15,Saltwater,5,0.341096885,1669.6
2023-06-09 13:15,Saltwater,15,0.293750587,1038.2
2023-06-09 13:15,Saltwater,30,0.293292865,747.2
2023-06-09 13:30,Control,5,0.260476525,71.33333333
2023-06-09 13:30,Control,15,0.26941956,47
2023-06-09 13:30,Control,30,0.319412758,98
2023-06-09 13:30,Freshwater,5,0.369084646,118.2
2023-06-09 13:30,Freshwater,15,0.330822966,85.8
2023-06-09 13:30,Freshwater,30,0.35276259,89.2
2023-06-09 13:30,Saltwater,5,0.341015426,1670.2
2023-06-09 13:30,Saltwater,15,0.293575256,1037.6
2023-06-09 13:30,Saltwater,30,0.29300194,740.8
2023-06-09 13:45,Control,5,0.260166205,69
2023-06-09 13:45,Control,15,0.269497139,46.5
2023-06-09 13:45,Control,30,0.319169674,96.33333333
2023-06-09 13:45,Freshwater,5,0.368980689,117
2023-06-09 13:45,Freshwater,15,0.330835379,86
2023-06-09 13:45,Freshwater,30,0.352308747,89
2023-06-09 13:45,Saltwater,5,0.340823028,1669
2023-06-09 13:45,Saltwater,15,0.293795583,1045
2023-06-09 13:45,Saltwater,30,0.292626453,742.6
2023-06-09 14:00,Control,5,0.260011045,69.33333333
2023-06-09 14:00,Control,15,0.26937689,45
2023-06-09 14:00,Control,30,0.318854182,96.66666667
2023-06-09 14:00,Freshwater,5,0.368974482,118.8
2023-06-09 14:00,Freshwater,15,0.330631343,86.2
2023-06-09 14:00,Freshwater,30,0.351876626,89.6
2023-06-09 14:00,Saltwater,5,0.340885868,1661
2023-06-09 14:00,Saltwater,15,0.293609391,1041
2023-06-09 14:00,Saltwater,30,0.292452674,746.2
2023-06-09 14:15,Control,5,0.259894675,70.66666667
2023-06-09 14:15,Control,15,0.268860984,45.5
2023-06-09 14:15,Control,30,0.31918519,96.66666667
2023-06-09 14:15,Freshwater,5,0.368794497,119.4
2023-06-09 14:15,Freshwater,15,0.330417998,85.6
2023-06-09 14:15,Freshwater,30,0.351399509,89
2023-06-09 14:15,Saltwater,5,0.34062675,1654.4
2023-06-09 14:15,Saltwater,15,0.29367068,1038.6
2023-06-09 14:15,Saltwater,30,0.292059343,744.2
2023-06-09 14:30,Control,5,0.259932172,69.33333333
2023-06-09 14:30,Control,15,0.26898899,46.5
2023-06-09 14:30,Control,30,0.319009342,95.33333333
2023-06-09 14:30,Freshwater,5,0.368590461,118.6
2023-06-09 14:30,Freshwater,15,0.330187586,85.4
2023-06-09 14:30,Freshwater,30,0.351592683,88.4
2023-06-09 14:30,Saltwater,5,0.340361427,1666
2023-06-09 14:30,Saltwater,15,0.293425527,1032.6
2023-06-09 14:30,Saltwater,30,0.291732731,741.8
2023-06-09 14:45,Control,5,0.259757617,70.66666667
2023-06-09 14:45,Control,15,0.269169364,48.5
2023-06-09 14:45,Control,30,0.31922398,96.33333333
2023-06-09 14:45,Freshwater,5,0.368469437,118.8
2023-06-09 14:45,Freshwater,15,0.330239564,85.8
2023-06-09 14:45,Freshwater,30,0.351239694,89.4
2023-06-09 14:45,Saltwater,5,0.340210922,1657
2023-06-09 14:45,Saltwater,15,0.29328821,1041.8
2023-06-09 14:45,Saltwater,30,0.291172604,736.6
2023-06-09 15:00,Control,5,0.259533928,71.33333333
2023-06-09 15:00,Control,15,0.268795041,45.5
2023-06-09 15:00,Control,30,0.318798583,97
2023-06-09 15:00,Freshwater,5,0.36824523,119
2023-06-09 15:00,Freshwater,15,0.330145692,85.6
2023-06-09 15:00,Freshwater,30,0.350848691,88.2
2023-06-09 15:00,Saltwater,5,0.340089897,1651.2
2023-06-09 15:00,Saltwater,15,0.293194338,1042.2
2023-06-09 15:00,Saltwater,30,0.290922796,740.2
2023-06-09 15:15,Control,5,0.259305067,71
2023-06-09 15:15,Control,15,0.268184098,48.5
2023-06-09 15:15,Control,30,0.31900417,94.66666667
2023-06-09 15:15,Freshwater,5,0.367995423,119.4
2023-06-09 15:15,Freshwater,15,0.329843906,85.2
2023-06-09 15:15,Freshwater,30,0.350269169,89
2023-06-09 15:15,Saltwater,5,0.340072053,1663.2
2023-06-09 15:15,Saltwater,15,0.29317184,1047.8
2023-06-09 15:15,Saltwater,30,0.291059337,741
2023-06-09 15:30,Control,5,0.259363252,71
2023-06-09 15:30,Control,15,0.268473084,46.5
2023-06-09 15:30,Control,30,0.318302071,94.66666667
2023-06-09 15:30,Freshwater,5,0.367763459,119.2
2023-06-09 15:30,Freshwater,15,0.329793479,85.2
2023-06-09 15:30,Freshwater,30,0.350224948,88.4
2023-06-09 15:30,Saltwater,5,0.340134893,1655.4
2023-06-09 15:30,Saltwater,15,0.292997285,1028.8
2023-06-09 15:30,Saltwater,30,0.289344819,736.4
2023-06-09 15:45,Control,5,0.259170595,70
2023-06-09 15:45,Control,15,0.267995966,46.5
2023-06-09 15:45,Control,30,0.318330517,93.66666667
2023-06-09 15:45,Freshwater,5,0.367713032,118.6
2023-06-09 15:45,Freshwater,15,0.329653059,85.6
2023-06-09 15:45,Freshwater,30,0.349770329,87.4
2023-06-09 15:45,Saltwater,5,0.339816815,1655.2
2023-06-09 15:45,Saltwater,15,0.293185805,1032.6
2023-06-09 15:45,Saltwater,30,0.289056997,737.4
2023-06-09 16:00,Control,5,0.258862861,71.66666667
2023-06-09 16:00,Control,15,0.267986269,46.5
2023-06-09 16:00,Control,30,0.318075796,96
2023-06-09 16:00,Freshwater,5,0.367898448,119.4
2023-06-09 16:00,Freshwater,15,0.329603408,86
2023-06-09 16:00,Freshwater,30,0.349643098,87.8
2023-06-09 16:00,Saltwater,5,0.339786559,1647.8
2023-06-09 16:00,Saltwater,15,0.293072538,1035.8
2023-06-09 16:00,Saltwater,30,0.288727282,738.2
2023-06-09 16:15,Control,5,0.258939148,71
2023-06-09 16:15,Control,15,0.268046394,45.5
2023-06-09 16:15,Control,30,0.318273625,93
2023-06-09 16:15,Freshwater,5,0.367567957,117
2023-06-09 16:15,Freshwater,15,0.329505657,85.2
2023-06-09 16:15,Freshwater,30,0.349501127,85.6
2023-06-09 16:15,Saltwater,5,0.339458396,1663.6
2023-06-09 16:15,Saltwater,15,0.292778122,1040.9
2023-06-09 16:15,Saltwater,30,0.288402998,730.2
2023-06-09 16:30,Control,5,0.258650809,71.33333333
2023-06-09 16:30,Control,15,0.267869899,45.5
2023-06-09 16:30,Control,30,0.318285262,93.66666667
2023-06-09 16:30,Freshwater,5,0.367424434,116.6
2023-06-09 16:30,Freshwater,15,0.32946454,86
2023-06-09 16:30,Freshwater,30,0.347673342,87
2023-06-09 16:30,Saltwater,5,0.33944288,1652.4
2023-06-09 16:30,Saltwater,15,0.292727307,1038.1
2023-06-09 16:30,Saltwater,30,0.288285076,733.4
2023-06-09 16:45,Control,5,0.258649516,71
2023-06-09 16:45,Control,15,0.267701163,46.5
2023-06-09 16:45,Control,30,0.317793922,95.33333333
2023-06-09 16:45,Freshwater,5,0.367226605,117.8
2023-06-09 16:45,Freshwater,15,0.329428853,85.6
2023-06-09 16:45,Freshwater,30,0.347352936,87.6
2023-06-09 16:45,Saltwater,5,0.339420381,1637.6
2023-06-09 16:45,Saltwater,15,0.292603179,1041.2
2023-06-09 16:45,Saltwater,30,0.287832785,731.4
2023-06-09 17:00,Control,5,0.258688306,71.33333333
2023-06-09 17:00,Control,15,0.267858262,47
2023-06-09 17:00,Control,30,0.318223198,94.33333333
2023-06-09 17:00,Freshwater,5,0.367118769,118.4
2023-06-09 17:00,Freshwater,15,0.329189131,84.8
2023-06-09 17:00,Freshwater,30,0.34706046,86.6
2023-06-09 17:00,Saltwater,5,0.339435122,1656.8
2023-06-09 17:00,Saltwater,15,0.292659036,1034.4
2023-06-09 17:00,Saltwater,30,0.287878557,730.8
2023-06-09 17:15,Control,5,0.258612019,70.66666667
2023-06-09 17:15,Control,15,0.267974632,45.5
2023-06-09 17:15,Control,30,0.318440422,94.66666667
2023-06-09 17:15,Freshwater,5,0.366903096,119
2023-06-09 17:15,Freshwater,15,0.329096035,86
2023-06-09 17:15,Freshwater,30,0.34684246,86.6
2023-06-09 17:15,Saltwater,5,0.339247378,1638.8
2023-06-09 17:15,Saltwater,15,0.292517065,1028.8
2023-06-09 17:15,Saltwater,30,0.287486778,732.8
2023-06-09 17:30,Control,5,0.25853056,70.33333333
2023-06-09 17:30,Control,15,0.267447088,47
2023-06-09 17:30,Control,30,0.317793922,95.66666667
2023-06-09 17:30,Freshwater,5,0.366787502,117.8
2023-06-09 17:30,Freshwater,15,0.32905259,84.6
2023-06-09 17:30,Freshwater,30,0.346984431,86.2
2023-06-09 17:30,Saltwater,5,0.339076702,1652.8
2023-06-09 17:30,Saltwater,15,0.292517841,1036.4
2023-06-09 17:30,Saltwater,30,0.287340152,730.4
2023-06-09 17:45,Control,5,0.258380572,72
2023-06-09 17:45,Control,15,0.267831109,45.5
2023-06-09 17:45,Control,30,0.317977528,94.66666667
2023-06-09 17:45,Freshwater,5,0.367014812,118.4
2023-06-09 17:45,Freshwater,15,0.329075864,84.6
2023-06-09 17:45,Freshwater,30,0.346546104,85.8
2023-06-09 17:45,Saltwater,5,0.339103855,1660
2023-06-09 17:45,Saltwater,15,0.292368887,1034.4
2023-06-09 17:45,Saltwater,30,0.287209041,721.4
2023-06-09 18:00,Control,5,0.258061201,69.66666667
2023-06-09 18:00,Control,15,0.267530486,47
2023-06-09 18:00,Control,30,0.317875381,96
2023-06-09 18:00,Freshwater,5,0.36682862,119.2
2023-06-09 18:00,Freshwater,15,0.328810541,85.2
2023-06-09 18:00,Freshwater,30,0.346394823,85.6
2023-06-09 18:00,Saltwater,5,0.338888183,1641.8
2023-06-09 18:00,Saltwater,15,0.292385955,1012.2
2023-06-09 18:00,Saltwater,30,0.286977077,722.4
2023-06-09 18:15,Control,5,0.258067666,71
2023-06-09 18:15,Control,15,0.26794554,47
2023-06-09 18:15,Control,30,0.317340079,94.66666667
2023-06-09 18:15,Freshwater,5,0.367025673,118
2023-06-09 18:15,Freshwater,15,0.328759338,85.8
2023-06-09 18:15,Freshwater,30,0.346442923,84.4
2023-06-09 18:15,Saltwater,5,0.33881293,1636.4
2023-06-09 18:15,Saltwater,15,0.292542666,1035
2023-06-09 18:15,Saltwater,30,0.286945269,732.6
2023-06-09 18:30,Control,5,0.258053443,69
2023-06-09 18:30,Control,15,0.267852444,46.5
2023-06-09 18:30,Control,30,0.31745257,96
2023-06-09 18:30,Freshwater,5,0.36664941,119.2
2023-06-09 18:30,Freshwater,15,0.328777181,85.4
2023-06-09 18:30,Freshwater,30,0.345733066,85.8
2023-06-09 18:30,Saltwater,5,0.338646133,1639.7
2023-06-09 18:30,Saltwater,15,0.292491464,1022.6
2023-06-09 18:30,Saltwater,30,0.286683049,722.4
2023-06-09 18:45,Control,5,0.257921557,70.33333333
2023-06-09 18:45,Control,15,0.267664312,47.5
2023-06-09 18:45,Control,30,0.317515927,96.33333333
2023-06-09 18:45,Freshwater,5,0.36708153,117.8
2023-06-09 18:45,Freshwater,15,0.328731409,85.2
2023-06-09 18:45,Freshwater,30,0.345873486,84.6
2023-06-09 18:45,Saltwater,5,0.338522005,1610
2023-06-09 18:45,Saltwater,15,0.292353371,1029.8
2023-06-09 18:45,Saltwater,30,0.286721839,727
2023-06-09 19:00,Control,5,0.258027583,70.33333333
2023-06-09 19:00,Control,15,0.267957177,47
2023-06-09 19:00,Control,30,0.31724569,93
2023-06-09 19:00,Freshwater,5,0.366658719,118.2
2023-06-09 19:00,Freshwater,15,0.328746149,85.2
2023-06-09 19:00,Freshwater,30,0.34595029,86.2
2023-06-09 19:00,Saltwater,5,0.338575535,1619.6
2023-06-09 19:00,Saltwater,15,0.292264154,1019.2
2023-06-09 19:00,Saltwater,30,0.286433241,722.8
2023-06-09 19:15,Control,5,0.257928022,71
2023-06-09 19:15,Control,15,0.267802017,47
2023-06-09 19:15,Control,30,0.31715518,93.66666667
2023-06-09 19:15,Freshwater,5,0.366761901,118.4
2023-06-09 19:15,Freshwater,15,0.328704256,86
2023-06-09 19:15,Freshwater,30,0.34521328,85.8
2023-06-09 19:15,Saltwater,5,0.338340468,1647.2
2023-06-09 19:15,Saltwater,15,0.292510859,1035.4
2023-06-09 19:15,Saltwater,30,0.286558921,721.4
2023-06-09 19:30,Control,5,0.257811652,71
2023-06-09 19:30,Control,15,0.267592551,45.5
2023-06-09 19:30,Control,30,0.317603851,94
2023-06-09 19:30,Freshwater,5,0.366502008,118.4
2023-06-09 19:30,Freshwater,15,0.328746149,85.6
2023-06-09 19:30,Freshwater,30,0.345681863,86.4
2023-06-09 19:30,Saltwater,5,0.338324176,1625
2023-06-09 19:30,Saltwater,15,0.292278894,1020.6
2023-06-09 19:30,Saltwater,30,0.286279633,725
2023-06-09 19:45,Control,5,0.257900869,71.33333333
2023-06-09 19:45,Control,15,0.267745771,46
2023-06-09 19:45,Control,30,0.31750429,94.66666667
2023-06-09 19:45,Freshwater,5,0.36661605,119.1
2023-06-09 19:45,Freshwater,15,0.328777957,86
2023-06-09 19:45,Freshwater,30,0.345491792,87.2
2023-06-09 19:45,Saltwater,5,0.338019287,1631.8
2023-06-09 19:45,Saltwater,15,0.292324667,1031.2
2023-06-09 19:45,Saltwater,30,0.286340145,722.4
2023-06-09 20:00,Control,5,0.258066373,71
2023-06-09 20:00,Control,15,0.267846625,48.5
2023-06-09 20:00,Control,30,0.317396971,95.33333333
2023-06-09 20:00,Freshwater,5,0.36661605,118.8
2023-06-09 20:00,Freshwater,15,0.328713566,84.8
2023-06-09 20:00,Freshwater,30,0.345723756,86.6
2023-06-09 20:00,Saltwater,5,0.338047991,1623.2
2023-06-09 20:00,Saltwater,15,0.292306823,1033.2
2023-06-09 20:00,Saltwater,30,0.286163263,722.6
2023-06-09 20:15,Control,5,0.257977156,70.66666667
2023-06-09 20:15,Control,15,0.267937781,47.5
2023-06-09 20:15,Control,30,0.317433175,94.66666667
2023-06-09 20:15,Freshwater,5,0.366781296,117.8
2023-06-09 20:15,Freshwater,15,0.328643744,85.2
2023-06-09 20:15,Freshwater,30,0.345490241,86.6
2023-06-09 20:15,Saltwater,5,0.337831543,1622
2023-06-09 20:15,Saltwater,15,0.292382076,1043
2023-06-09 20:15,Saltwater,30,0.286220672,725.4
2023-06-09 20:30,Control,5,0.257653906,69.66666667
2023-06-09 20:30,Control,15,0.267637159,45.5
2023-06-09 20:30,Control,30,0.317499118,95.33333333
2023-06-09 20:30,Freshwater,5,0.366663374,117.6
2023-06-09 20:30,Freshwater,15,0.328522719,85.2
2023-06-09 20:30,Freshwater,30,0.345390938,86.6
2023-06-09 20:30,Saltwater,5,0.337900589,1605.4
2023-06-09 20:30,Saltwater,15,0.292252517,1034
2023-06-09 20:30,Saltwater,30,0.286053487,724.1
2023-06-09 20:45,Control,5,0.257597014,71
2023-06-09 20:45,Control,15,0.267763227,47.5
2023-06-09 20:45,Control,30,0.316939249,95.33333333
2023-06-09 20:45,Freshwater,5,0.366698285,118
2023-06-09 20:45,Freshwater,15,0.328621633,85.3
2023-06-09 20:45,Freshwater,30,0.345309479,86.8
2023-06-09 20:45,Saltwater,5,0.337667849,1582.8
2023-06-09 20:45,Saltwater,15,0.292261051,1034.8
2023-06-09 20:45,Saltwater,30,0.286159384,724.2
2023-06-09 21:00,Control,5,0.257862079,70.66666667
2023-06-09 21:00,Control,15,0.267697283,47
2023-06-09 21:00,Control,30,0.317270257,94.66666667
2023-06-09 21:00,Freshwater,5,0.366763452,117.4
2023-06-09 21:00,Freshwater,15,0.328552975,85.8
2023-06-09 21:00,Freshwater,30,0.34526681,85.4
2023-06-09 21:00,Saltwater,5,0.337655436,1601.6
2023-06-09 21:00,Saltwater,15,0.292020553,1038.8
2023-06-09 21:00,Saltwater,30,0.286126025,713
2023-06-09 21:15,Control,5,0.2578582,70
2023-06-09 21:15,Control,15,0.267935842,47.5
2023-06-09 21:15,Control,30,0.316962523,94
2023-06-09 21:15,Freshwater,5,0.36629099,117.8
2023-06-09 21:15,Freshwater,15,0.328553751,86
2023-06-09 21:15,Freshwater,30,0.345235002,85.6
2023-06-09 21:15,Saltwater,5,0.337561565,1613.6
2023-06-09 21:15,Saltwater,15,0.292107443,1024.4
2023-06-09 21:15,Saltwater,30,0.286028274,723.8
2023-06-09 21:30,Control,5,0.257781913,70.33333333
2023-06-09 21:30,Control,15,0.268151127,47.5
2023-06-09 21:30,Control,30,0.317192677,95.33333333
2023-06-09 21:30,Freshwater,5,0.36617462,117
2023-06-09 21:30,Freshwater,15,0.328424968,85.8
2023-06-09 21:30,Freshwater,30,0.34532965,85.8
2023-06-09 21:30,Saltwater,5,0.337506483,1621.4
2023-06-09 21:30,Saltwater,15,0.292167179,1032
2023-06-09 21:30,Saltwater,30,0.285842082,717
2023-06-09 21:45,Control,5,0.25769011,70.33333333
2023-06-09 21:45,Control,15,0.267994027,46.5
2023-06-09 21:45,Control,30,0.317138371,94.33333333
2023-06-09 21:45,Freshwater,5,0.366253752,117
2023-06-09 21:45,Freshwater,15,0.328638313,85
2023-06-09 21:45,Freshwater,30,0.345112426,85.6
2023-06-09 21:45,Saltwater,5,0.33730943,1618
2023-06-09 21:45,Saltwater,15,0.292192005,1023.2
2023-06-09 21:45,Saltwater,30,0.285843633,715.8
2023-06-09 22:00,Control,5,0.257743123,71
2023-06-09 22:00,Control,15,0.268087123,45.5
2023-06-09 22:00,Control,30,0.317343958,95.33333333
2023-06-09 22:00,Freshwater,5,0.366606741,118.2
2023-06-09 22:00,Freshwater,15,0.328456,84.6
2023-06-09 22:00,Freshwater,30,0.345214832,86
2023-06-09 22:00,Saltwater,5,0.337288483,1620.2
2023-06-09 22:00,Saltwater,15,0.292058567,1039.6
2023-06-09 22:00,Saltwater,30,0.285894836,724.2
2023-06-09 22:15,Control,5,0.257660371,71
2023-06-09 22:15,Control,15,0.26790675,47.5
2023-06-09 22:15,Control,30,0.316888822,95
2023-06-09 22:15,Freshwater,5,0.366353054,118.2
2023-06-09 22:15,Freshwater,15,0.328314029,85.8
2023-06-09 22:15,Freshwater,30,0.345229572,86.4
2023-06-09 22:15,Saltwater,5,0.337200818,1628.4
2023-06-09 22:15,Saltwater,15,0.292015898,1032.2
2023-06-09 22:15,Saltwater,30,0.285745883,710.8
2023-06-09 22:30,Control,5,0.257445733,70.33333333
2023-06-09 22:30,Control,15,0.267844685,46.5
2023-06-09 22:30,Control,30,0.317080186,94.33333333
2023-06-09 22:30,Freshwater,5,0.366349951,117.8
2023-06-09 22:30,Freshwater,15,0.328577025,85.4
2023-06-09 22:30,Freshwater,30,0.345385508,85.8
2023-06-09 22:30,Saltwater,5,0.337186853,1594.6
2023-06-09 22:30,Saltwater,15,0.292079514,1029.6
2023-06-09 22:30,Saltwater,30,0.285655114,720.8
2023-06-09 22:45,Control,5,0.257721142,69
2023-06-09 22:45,Control,15,0.26844787,45
2023-06-09 22:45,Control,30,0.317059498,94
2023-06-09 22:45,Freshwater,5,0.366430634,117.6
2023-06-09 22:45,Freshwater,15,0.328414883,84.8
2023-06-09 22:45,Freshwater,30,0.345097686,85.6
2023-06-09 22:45,Saltwater,5,0.337033245,1609
2023-06-09 22:45,Saltwater,15,0.291973229,1011.8
2023-06-09 22:45,Saltwater,30,0.285608566,715.8
2023-06-09 23:00,Control,5,0.257713384,70.16666667
2023-06-09 23:00,Control,15,0.268032817,46.5
2023-06-09 23:00,Control,30,0.316918561,96.33333333
2023-06-09 23:00,Freshwater,5,0.366219617,117.4
2023-06-09 23:00,Freshwater,15,0.328373765,85.8
2023-06-09 23:00,Freshwater,30,0.344899081,85.6
2023-06-09 23:00,Saltwater,5,0.337181423,1619.2
2023-06-09 23:00,Saltwater,15,0.291991848,1036.8
2023-06-09 23:00,Saltwater,30,0.285598481,718.6
2023-06-09 23:15,Control,5,0.25769011,69.33333333
2023-06-09 23:15,Control,15,0.26829271,45.5
2023-06-09 23:15,Control,30,0.317453863,93.66666667
2023-06-09 23:15,Freshwater,5,0.36618393,117.6
2023-06-09 23:15,Freshwater,15,0.328438157,85
2023-06-09 23:15,Freshwater,30,0.345110874,84.6
2023-06-09 23:15,Saltwater,5,0.33680516,1595.8
2023-06-09 23:15,Saltwater,15,0.291968574,1030.4
2023-06-09 23:15,Saltwater,30,0.285600032,716.2
2023-06-09 23:30,Control,5,0.257487109,69.33333333
2023-06-09 23:30,Control,15,0.268232585,45
2023-06-09 23:30,Control,30,0.317153887,93.66666667
2023-06-09 23:30,Freshwater,5,0.366204101,116.2
2023-06-09 23:30,Freshwater,15,0.328299288,85.8
2023-06-09 23:30,Freshwater,30,0.344961921,84.2
2023-06-09 23:30,Saltwater,5,0.336762491,1581
2023-06-09 23:30,Saltwater,15,0.292160973,1025.2
2023-06-09 23:30,Saltwater,30,0.285705541,713.6
2023-06-09 23:45,Control,5,0.257437975,70.33333333
2023-06-09 23:45,Control,15,0.268504116,45.5
2023-06-09 23:45,Control,30,0.316926319,95.66666667
2023-06-09 23:45,Freshwater,5,0.366228926,116.4
2023-06-09 23:45,Freshwater,15,0.328507203,85.8
2023-06-09 23:45,Freshwater,30,0.344904512,86
2023-06-09 23:45,Saltwater,5,0.33663138,1619.2
2023-06-09 23:45,Saltwater,15,0.291901856,1024.4
2023-06-09 23:45,Saltwater,30,0.285650459,714
2023-06-10 00:00,Control,5,0.257472886,68.66666667
2023-06-10 00:00,Control,15,0.268261678,48
2023-06-10 00:00,Control,30,0.316985797,92.33333333
2023-06-10 00:00,Freshwater,5,0.366408912,117.6
2023-06-10 00:00,Freshwater,15,0.328411004,85
2023-06-10 00:00,Freshwater,30,0.34489365,85.8
2023-06-10 00:00,Saltwater,5,0.336584057,1608.6
2023-06-10 00:00,Saltwater,15,0.292012019,1027.6
2023-06-10 00:00,Saltwater,30,0.285513143,714.6
2023-06-10 00:15,Control,5,0.257399185,70
2023-06-10 00:15,Control,15,0.268108457,48
2023-06-10 00:15,Control,30,0.316966402,91.33333333
2023-06-10 00:15,Freshwater,5,0.366088506,116.2
2023-06-10 00:15,Freshwater,15,0.328428847,85.4
2023-06-10 00:15,Freshwater,30,0.345199316,86.6
2023-06-10 00:15,Saltwater,5,0.336510356,1590.2
2023-06-10 00:15,Saltwater,15,0.291896425,1031.6
2023-06-10 00:15,Saltwater,30,0.285406082,716.2
2023-06-10 00:30,Control,5,0.25744444,71
2023-06-10 00:30,Control,15,0.268428475,47.5
2023-06-10 00:30,Control,30,0.317137078,95.66666667
2023-06-10 00:30,Freshwater,5,0.366111005,115.8
2023-06-10 00:30,Freshwater,15,0.328177488,85.4
2023-06-10 00:30,Freshwater,30,0.344687288,85.4
2023-06-10 00:30,Saltwater,5,0.336376142,1608
2023-06-10 00:30,Saltwater,15,0.291882073,1028.2
2023-06-10 00:30,Saltwater,30,0.28546194,715
2023-06-10 00:45,Control,5,0.257498746,70
2023-06-10 00:45,Control,15,0.268232586,47.5
2023-06-10 00:45,Control,30,0.316749178,94.66666667
2023-06-10 00:45,Freshwater,5,0.366271595,116.8
2023-06-10 00:45,Freshwater,15,0.32951264,84.8
2023-06-10 00:45,Freshwater,30,0.344580227,86.4
2023-06-10 00:45,Saltwater,5,0.33700454,1590.2
2023-06-10 00:45,Saltwater,15,0.291911941,1026.8
2023-06-10 00:45,Saltwater,30,0.285274972,718.4
2023-06-10 01:00,Control,5,0.257350051,71.33333333
2023-06-10 01:00,Control,15,0.268191856,47.5
2023-06-10 01:00,Control,30,0.316965109,95.33333333
2023-06-10 01:00,Freshwater,5,0.366219617,117.2
2023-06-10 01:00,Freshwater,15,0.329414889,85.4
2023-06-10 01:00,Freshwater,30,0.344475494,85.8
2023-06-10 01:00,Saltwater,5,0.336127886,1571
2023-06-10 01:00,Saltwater,15,0.2918235,1026.2
2023-06-10 01:00,Saltwater,30,0.285155499,719.3
2023-06-10 01:15,Control,5,0.257377204,70
2023-06-10 01:15,Control,15,0.268294649,47.5
2023-06-10 01:15,Control,30,0.317075014,94.66666667
2023-06-10 01:15,Freshwater,5,0.366077645,117
2023-06-10 01:15,Freshwater,15,0.328269808,85
2023-06-10 01:15,Freshwater,30,0.344947956,85.4
2023-06-10 01:15,Saltwater,5,0.336030135,1584.8
2023-06-10 01:15,Saltwater,15,0.291873151,1014.6
2023-06-10 01:15,Saltwater,30,0.285389015,715.8
2023-06-10 01:30,Control,5,0.25741858,70.33333333
2023-06-10 01:30,Control,15,0.268531269,47.5
2023-06-10 01:30,Control,30,0.316891408,94.66666667
2023-06-10 01:30,Freshwater,5,0.366007823,116.6
2023-06-10 01:30,Freshwater,15,0.328294634,85.4
2023-06-10 01:30,Freshwater,30,0.344695046,86.4
2023-06-10 01:30,Saltwater,5,0.335888164,1585.6
2023-06-10 01:30,Saltwater,15,0.291858411,1025
2023-06-10 01:30,Saltwater,30,0.285180324,720.2
2023-06-10 01:45,Control,5,0.257351344,68.66666667
2023-06-10 01:45,Control,15,0.268403261,46
2023-06-10 01:45,Control,30,0.316882357,95
2023-06-10 01:45,Freshwater,5,0.366002393,116.2
2023-06-10 01:45,Freshwater,15,0.328280669,83.6
2023-06-10 01:45,Freshwater,30,0.344946405,84.8
2023-06-10 01:45,Saltwater,5,0.335893595,1610.2
2023-06-10 01:45,Saltwater,15,0.291790916,1025.9
2023-06-10 01:45,Saltwater,30,0.28517567,713.6
2023-06-10 02:00,Control,5,0.257286694,69.66666667
2023-06-10 02:00,Control,15,0.26817634,46.5
2023-06-10 02:00,Control,30,0.316808656,95
2023-06-10 02:00,Freshwater,5,0.365988428,115.8
2023-06-10 02:00,Freshwater,15,0.328269808,85
2023-06-10 02:00,Freshwater,30,0.344692718,85.4
2023-06-10 02:00,Saltwater,5,0.335640684,1565
2023-06-10 02:00,Saltwater,15,0.291955386,1025.8
2023-06-10 02:00,Saltwater,30,0.285193513,714.8
2023-06-10 02:15,Control,5,0.257427631,70
2023-06-10 02:15,Control,15,0.271392031,45
2023-06-10 02:15,Control,30,0.31663798,95.66666667
2023-06-10 02:15,Freshwater,5,0.366031097,115.8
2023-06-10 02:15,Freshwater,15,0.329453679,85.4
2023-06-10 02:15,Freshwater,30,0.344813743,86
2023-06-10 02:15,Saltwater,5,0.335707403,1586
2023-06-10 02:15,Saltwater,15,0.291827379,1027.8
2023-06-10 02:15,Saltwater,30,0.285193513,718
2023-06-10 02:30,Control,5,0.25752202,69.33333333
2023-06-10 02:30,Control,15,0.268407141,47
2023-06-10 02:30,Control,30,0.316661254,94.33333333
2023-06-10 02:30,Freshwater,5,0.365906193,117.4
2023-06-10 02:30,Freshwater,15,0.328138698,86.2
2023-06-10 02:30,Freshwater,30,0.344950284,85.2
2023-06-10 02:30,Saltwater,5,0.335647666,1574.4
2023-06-10 02:30,Saltwater,15,0.291863066,1019.2
2023-06-10 02:30,Saltwater,30,0.285140759,715.4
2023-06-10 02:45,Control,5,0.257512969,69.33333333
2023-06-10 02:45,Control,15,0.268381927,46.5
2023-06-10 02:45,Control,30,0.317130613,95
2023-06-10 02:45,Freshwater,5,0.365927916,116
2023-06-10 02:45,Freshwater,15,0.328129388,85.2
2023-06-10 02:45,Freshwater,30,0.344812191,86.6
2023-06-10 02:45,Saltwater,5,0.335513453,1583.8
2023-06-10 02:45,Saltwater,15,0.291845222,1021.2
2023-06-10 02:45,Saltwater,30,0.285224545,712.4
2023-06-10 03:00,Control,5,0.257212993,70.66666667
2023-06-10 03:00,Control,15,0.268445931,46.5
2023-06-10 03:00,Control,30,0.316308265,94
2023-06-10 03:00,Freshwater,5,0.365965154,115.8
2023-06-10 03:00,Freshwater,15,0.328143353,85.2
2023-06-10 03:00,Freshwater,30,0.344576348,86
2023-06-10 03:00,Saltwater,5,0.33547699,1591.2
2023-06-10 03:00,Saltwater,15,0.291764539,1016
2023-06-10 03:00,Saltwater,30,0.285043008,707.2
2023-06-10 03:15,Control,5,0.257348758,70.66666667
2023-06-10 03:15,Control,15,0.268461447,46.5
2023-06-10 03:15,Control,30,0.316834516,94.66666667
2023-06-10 03:15,Freshwater,5,0.366014805,116.2
2023-06-10 03:15,Freshwater,15,0.328088271,85.6
2023-06-10 03:15,Freshwater,30,0.344855636,84.4
2023-06-10 03:15,Saltwater,5,0.335542933,1584.8
2023-06-10 03:15,Saltwater,15,0.291690062,1023
2023-06-10 03:15,Saltwater,30,0.284951463,711.8
2023-06-10 03:30,Control,5,0.25736686,69.33333333
2023-06-10 03:30,Control,15,0.268403262,46.5
2023-06-10 03:30,Control,30,0.316775038,93.33333333
2023-06-10 03:30,Freshwater,5,0.365892229,117
2023-06-10 03:30,Freshwater,15,0.328264377,86.2
2023-06-10 03:30,Freshwater,30,0.344520491,84.8
2023-06-10 03:30,Saltwater,5,0.335183738,1560.8
2023-06-10 03:30,Saltwater,15,0.291929009,1022.6
2023-06-10 03:30,Saltwater,30,0.284897933,709
2023-06-10 03:45,Control,5,0.257034559,69.33333333
2023-06-10 03:45,Control,15,0.268558422,47.5
2023-06-10 03:45,Control,30,0.316604362,94.33333333
2023-06-10 03:45,Freshwater,5,0.365920934,116.8
2023-06-10 03:45,Freshwater,15,0.328141801,85.2
2023-06-10 03:45,Freshwater,30,0.344736163,85
2023-06-10 03:45,Saltwater,5,0.335317175,1592.6
2023-06-10 03:45,Saltwater,15,0.291676098,1008.2
2023-06-10 03:45,Saltwater,30,0.284977065,704.8
2023-06-10 04:00,Control,5,0.257453491,66.33333333
2023-06-10 04:00,Control,15,0.268345077,46
2023-06-10 04:00,Control,30,0.316442737,94.33333333
2023-06-10 04:00,Freshwater,5,0.365970585,115
2023-06-10 04:00,Freshwater,15,0.328152662,84.8
2023-06-10 04:00,Freshwater,30,0.344442135,86.6
2023-06-10 04:00,Saltwater,5,0.335262869,1575.8
2023-06-10 04:00,Saltwater,15,0.291703251,1015.2
2023-06-10 04:00,Saltwater,30,0.284785442,703.2
2023-06-10 04:15,Control,5,0.257152222,69
2023-06-10 04:15,Control,15,0.26852545,47
2023-06-10 04:15,Control,30,0.316749178,90.66666667
2023-06-10 04:15,Freshwater,5,0.365831717,115
2023-06-10 04:15,Freshwater,15,0.327420307,85
2023-06-10 04:15,Freshwater,30,0.344512345,85.9
2023-06-10 04:15,Saltwater,5,0.33502082,1559
2023-06-10 04:15,Saltwater,15,0.29171256,1022.4
2023-06-10 04:15,Saltwater,30,0.284818802,705.8
2023-06-10 04:30,Control,5,0.257383669,69.33333333
2023-06-10 04:30,Control,15,0.268723279,47
2023-06-10 04:30,Control,30,0.316919854,95
2023-06-10 04:30,Freshwater,5,0.365733966,116.4
2023-06-10 04:30,Freshwater,15,0.328052584,85
2023-06-10 04:30,Freshwater,30,0.344410327,85
2023-06-10 04:30,Saltwater,5,0.335009183,1572.2
2023-06-10 04:30,Saltwater,15,0.29173118,1010.4
2023-06-10 04:30,Saltwater,30,0.284719499,703.2
2023-06-10 04:45,Control,5,0.257092744,70.33333333
2023-06-10 04:45,Control,15,0.268895894,47
2023-06-10 04:45,Control,30,0.316378087,92.33333333
2023-06-10 04:45,Freshwater,5,0.365602856,115
2023-06-10 04:45,Freshwater,15,0.327946299,84.2
2023-06-10 04:45,Freshwater,30,0.344410327,85.6
2023-06-10 04:45,Saltwater,5,0.335075126,1555.8
2023-06-10 04:45,Saltwater,15,0.291638084,1018.8
2023-06-10 04:45,Saltwater,30,0.28456046,706
2023-06-10 05:00,Control,5,0.257425045,68.33333333
2023-06-10 05:00,Control,15,0.26875819,46
2023-06-10 05:00,Control,30,0.31661212,92.66666667
2023-06-10 05:00,Freshwater,5,0.365740948,116.6
2023-06-10 05:00,Freshwater,15,0.32788889,84
2023-06-10 05:00,Freshwater,30,0.344632206,86.4
2023-06-10 05:00,Saltwater,5,0.334809802,1555.6
2023-06-10 05:00,Saltwater,15,0.291670667,1011.8
2023-06-10 05:00,Saltwater,30,0.284421592,707.8
2023-06-10 05:15,Control,5,0.257064298,69.66666667
2023-06-10 05:15,Control,15,0.268750432,46.5
2023-06-10 05:15,Control,30,0.316984504,93.33333333
2023-06-10 05:15,Freshwater,5,0.365580357,115.4
2023-06-10 05:15,Freshwater,15,0.328173609,85
2023-06-10 05:15,Freshwater,30,0.344265252,84.8
2023-06-10 05:15,Saltwater,5,0.334572407,1559.4
2023-06-10 05:15,Saltwater,15,0.291558952,1016.6
2023-06-10 05:15,Saltwater,30,0.284571321,705.4
2023-06-10 05:30,Control,5,0.25730221,70.33333333
2023-06-10 05:30,Control,15,0.268864863,47.5
2023-06-10 05:30,Control,30,0.316716853,93.66666667
2023-06-10 05:30,Freshwater,5,0.365602856,117
2023-06-10 05:30,Freshwater,15,0.328027758,85
2023-06-10 05:30,Freshwater,30,0.344527861,85.7
2023-06-10 05:30,Saltwater,5,0.334611197,1565.8
2023-06-10 05:30,Saltwater,15,0.291607052,1020.8
2023-06-10 05:30,Saltwater,30,0.284421592,704.8
2023-06-10 05:45,Control,5,0.257286694,70.33333333
2023-06-10 05:45,Control,15,0.268847407,46
2023-06-10 05:45,Control,30,0.316260424,90
2023-06-10 05:45,Freshwater,5,0.365673453,117.2
2023-06-10 05:45,Freshwater,15,0.328196883,85.4
2023-06-10 05:45,Freshwater,30,0.344585658,85.4
2023-06-10 05:45,Saltwater,5,0.334435091,1573.4
2023-06-10 05:45,Saltwater,15,0.291618689,1024.8
2023-06-10 05:45,Saltwater,30,0.2844053,705
2023-06-10 06:00,Control,5,0.257200063,70.33333333
2023-06-10 06:00,Control,15,0.268744613,47
2023-06-10 06:00,Control,30,0.316158277,94.66666667
2023-06-10 06:00,Freshwater,5,0.365708364,115.8
2023-06-10 06:00,Freshwater,15,0.32803862,84.4
2023-06-10 06:00,Freshwater,30,0.344458427,85
2023-06-10 06:00,Saltwater,5,0.334425781,1549.6
2023-06-10 06:00,Saltwater,15,0.291510852,1016.4
2023-06-10 06:00,Saltwater,30,0.28442004,703.2
2023-06-10 06:15,Control,5,0.25712119,69
2023-06-10 06:15,Control,15,0.268802799,46.5
2023-06-10 06:15,Control,30,0.316176379,94.33333333
2023-06-10 06:15,Freshwater,5,0.365602856,116.4
2023-06-10 06:15,Freshwater,15,0.327781054,84
2023-06-10 06:15,Freshwater,30,0.344160519,85.2
2023-06-10 06:15,Saltwater,5,0.334279155,1569.6
2023-06-10 06:15,Saltwater,15,0.291451892,1011.2
2023-06-10 06:15,Saltwater,30,0.284577528,704.2
2023-06-10 06:30,Control,5,0.257191012,68.33333333
2023-06-10 06:30,Control,15,0.26875819,46
2023-06-10 06:30,Control,30,0.316147933,93.66666667
2023-06-10 06:30,Freshwater,5,0.365877489,116.4
2023-06-10 06:30,Freshwater,15,0.327866392,84.8
2023-06-10 06:30,Freshwater,30,0.344221032,84
2023-06-10 06:30,Saltwater,5,0.334494827,1555.4
2023-06-10 06:30,Saltwater,15,0.291634205,1010.8
2023-06-10 06:30,Saltwater,30,0.284383578,705.4
2023-06-10 06:45,Control,5,0.25700482,69.33333333
2023-06-10 06:45,Control,15,0.26852739,47.5
2023-06-10 06:45,Control,30,0.316136296,93
2023-06-10 06:45,Freshwater,5,0.365502777,116.8
2023-06-10 06:45,Freshwater,15,0.327929232,84.8
2023-06-10 06:45,Freshwater,30,0.344133366,86.2
2023-06-10 06:45,Saltwater,5,0.33413408,1563.2
2023-06-10 06:45,Saltwater,15,0.291529472,1007
2023-06-10 06:45,Saltwater,30,0.284301343,704.8
2023-06-10 07:00,Control,5,0.257066884,70.33333333
2023-06-10 07:00,Control,15,0.26879698,46
2023-06-10 07:00,Control,30,0.315891919,94
2023-06-10 07:00,Freshwater,5,0.365754137,117
2023-06-10 07:00,Freshwater,15,0.327934662,84.6
2023-06-10 07:00,Freshwater,30,0.344238099,84.8
2023-06-10 07:00,Saltwater,5,0.333912977,1557
2023-06-10 07:00,Saltwater,15,0.291534126,1016.6
2023-06-10 07:00,Saltwater,30,0.28417256,702.8
2023-06-10 07:15,Control,5,0.256967323,69.33333333
2023-06-10 07:15,Control,15,0.268517692,47.5
2023-06-10 07:15,Control,30,0.316199653,93
2023-06-10 07:15,Freshwater,5,0.365373219,116.2
2023-06-10 07:15,Freshwater,15,0.327855531,84.4
2023-06-10 07:15,Freshwater,30,0.344013117,85.6
2023-06-10 07:15,Saltwater,5,0.334188386,1563.4
2023-06-10 07:15,Saltwater,15,0.291357244,1020.2
2023-06-10 07:15,Saltwater,30,0.283964646,702.8
2023-06-10 07:30,Control,5,0.257011285,70.33333333
2023-06-10 07:30,Control,15,0.268849347,46.5
2023-06-10 07:30,Control,30,0.316105264,94
2023-06-10 07:30,Freshwater,5,0.365442265,115.4
2023-06-10 07:30,Freshwater,15,0.32775778,84.2
2023-06-10 07:30,Freshwater,30,0.343594185,84.8
2023-06-10 07:30,Saltwater,5,0.333727561,1569.8
2023-06-10 07:30,Saltwater,15,0.291204411,1016.8
2023-06-10 07:30,Saltwater,30,0.283817244,703.1
2023-06-10 07:45,Control,5,0.256761736,69.33333333
2023-06-10 07:45,Control,15,0.271750839,46.5
2023-06-10 07:45,Control,30,0.316319902,94.66666667
2023-06-10 07:45,Freshwater,5,0.365471745,116.4
2023-06-10 07:45,Freshwater,15,0.327694164,84
2023-06-10 07:45,Freshwater,30,0.343635303,84.2
2023-06-10 07:45,Saltwater,5,0.33401228,1555.2
2023-06-10 07:45,Saltwater,15,0.291371208,1016.2
2023-06-10 07:45,Saltwater,30,0.283665187,700.6
2023-06-10 08:00,Control,5,0.256949221,70.33333333
2023-06-10 08:00,Control,15,0.268457568,47
2023-06-10 08:00,Control,30,0.315877696,94.66666667
2023-06-10 08:00,Freshwater,5,0.365336756,115.6
2023-06-10 08:00,Freshwater,15,0.327799673,85
2023-06-10 08:00,Freshwater,30,0.343445232,84.4
2023-06-10 08:00,Saltwater,5,0.33384781,1566.8
2023-06-10 08:00,Saltwater,15,0.291306817,1016.2
2023-06-10 08:00,Saltwater,30,0.283669842,699.4
2023-06-10 08:15,Control,5,0.256699672,69
2023-06-10 08:15,Control,15,0.268568119,46.5
2023-06-10 08:15,Control,30,0.316057423,95.33333333
2023-06-10 08:15,Freshwater,5,0.365188578,117
2023-06-10 08:15,Freshwater,15,0.327797346,83.8
2023-06-10 08:15,Freshwater,30,0.343553068,82.6
2023-06-10 08:15,Saltwater,5,0.333776436,1568.4
2023-06-10 08:15,Saltwater,15,0.291194326,1020
2023-06-10 08:15,Saltwater,30,0.283676048,699
2023-06-10 08:30,Control,5,0.256835437,67.66666667
2023-06-10 08:30,Control,15,0.268019241,46.5
2023-06-10 08:30,Control,30,0.316048372,94
2023-06-10 08:30,Freshwater,5,0.365104792,116.6
2023-06-10 08:30,Freshwater,15,0.32753435,84.2
2023-06-10 08:30,Freshwater,30,0.343290072,85
2023-06-10 08:30,Saltwater,5,0.333446721,1555.2
2023-06-10 08:30,Saltwater,15,0.29128587,1014.2
2023-06-10 08:30,Saltwater,30,0.283472789,698.6
2023-06-10 08:45,Control,5,0.256421677,70.33333333
2023-06-10 08:45,Control,15,0.268244222,45.5
2023-06-10 08:45,Control,30,0.316282405,93.66666667
2023-06-10 08:45,Freshwater,5,0.364871276,115
2023-06-10 08:45,Freshwater,15,0.327618912,84.6
2023-06-10 08:45,Freshwater,30,0.343015439,83.6
2023-06-10 08:45,Saltwater,5,0.333756266,1574.4
2023-06-10 08:45,Saltwater,15,0.291080283,1016.6
2023-06-10 08:45,Saltwater,30,0.283519337,693.6
2023-06-10 09:00,Control,5,0.256416505,68.66666667
2023-06-10 09:00,Control,15,0.268003725,46.5
2023-06-10 09:00,Control,30,0.315766498,95.33333333
2023-06-10 09:00,Freshwater,5,0.36494265,116.6
2023-06-10 09:00,Freshwater,15,0.327382293,83.2
2023-06-10 09:00,Freshwater,30,0.342788905,84.8
2023-06-10 09:00,Saltwater,5,0.333473874,1559
2023-06-10 09:00,Saltwater,15,0.291233116,1012.2
2023-06-10 09:00,Saltwater,30,0.283105835,694.2
2023-06-10 09:15,Control,5,0.25612558,69.66666667
2023-06-10 09:15,Control,15,0.267964935,45.5
2023-06-10 09:15,Control,30,0.315626854,92
2023-06-10 09:15,Freshwater,5,0.364901532,115.8
2023-06-10 09:15,Freshwater,15,0.327171275,84.8
2023-06-10 09:15,Freshwater,30,0.342714428,84.4
2023-06-10 09:15,Saltwater,5,0.333504906,1565.4
2023-06-10 09:15,Saltwater,15,0.291102006,1011.2
2023-06-10 09:15,Saltwater,30,0.283031358,692.2
2023-06-10 09:30,Control,5,0.255982057,68.33333333
2023-06-10 09:30,Control,15,0.267825291,47
2023-06-10 09:30,Control,30,0.315467815,93.33333333
2023-06-10 09:30,Freshwater,5,0.364949632,116
2023-06-10 09:30,Freshwater,15,0.327319453,84.6
2023-06-10 09:30,Freshwater,30,0.342394799,84.8
2023-06-10 09:30,Saltwater,5,0.333378451,1562.8
2023-06-10 09:30,Saltwater,15,0.290860732,1011.8
2023-06-10 09:30,Saltwater,30,0.283118248,696.4
2023-06-10 09:45,Control,5,0.25599628,67.66666667
2023-06-10 09:45,Control,15,0.267549882,46.5
2023-06-10 09:45,Control,30,0.31566823,91.66666667
2023-06-10 09:45,Freshwater,5,0.364401917,115.6
2023-06-10 09:45,Freshwater,15,0.327298506,83.8
2023-06-10 09:45,Freshwater,30,0.342054998,83.8
2023-06-10 09:45,Saltwater,5,0.333528956,1578
2023-06-10 09:45,Saltwater,15,0.290772291,1019.4
2023-06-10 09:45,Saltwater,30,0.282744312,695
2023-06-10 10:00,Control,5,0.255601915,70.33333333
2023-06-10 10:00,Control,15,0.267355931,46.5
2023-06-10 10:00,Control,30,0.315161374,92.33333333
2023-06-10 10:00,Freshwater,5,0.364496565,116.8
2023-06-10 10:00,Freshwater,15,0.327217047,83.6
2023-06-10 10:00,Freshwater,30,0.342169817,85
2023-06-10 10:00,Saltwater,5,0.333565419,1571
2023-06-10 10:00,Saltwater,15,0.29097555,1013.6
2023-06-10 10:00,Saltwater,30,0.282944469,696
2023-06-10 10:15,Control,5,0.255554074,69.33333333
2023-06-10 10:15,Control,15,0.267222106,46
2023-06-10 10:15,Control,30,0.315386356,91.33333333
2023-06-10 10:15,Freshwater,5,0.364570654,115.6
2023-06-10 10:15,Freshwater,15,0.326974998,84.2
2023-06-10 10:15,Freshwater,30,0.341780365,83.8
2023-06-10 10:15,Saltwater,5,0.33314028,1570.2
2023-06-10 10:15,Saltwater,15,0.290843664,1015.4
2023-06-10 10:15,Saltwater,30,0.282415373,693
2023-06-10 10:30,Control,5,0.255189448,70.33333333
2023-06-10 10:30,Control,15,0.26716974,46
2023-06-10 10:30,Control,30,0.315231196,92.33333333
2023-06-10 10:30,Freshwater,5,0.363905405,115.6
2023-06-10 10:30,Freshwater,15,0.326867162,84
2023-06-10 10:30,Freshwater,30,0.341434358,83.2
2023-06-10 10:30,Saltwater,5,0.333392415,1576.8
2023-06-10 10:30,Saltwater,15,0.290614028,1007
2023-06-10 10:30,Saltwater,30,0.282245473,695.4
2023-06-10 10:45,Control,5,0.255154537,69.66666667
2023-06-10 10:45,Control,15,0.267136768,44.5
2023-06-10 10:45,Control,30,0.315016558,92
2023-06-10 10:45,Freshwater,5,0.36388601,115.8
2023-06-10 10:45,Freshwater,15,0.326874144,84
2023-06-10 10:45,Freshwater,30,0.340954914,82.6
2023-06-10 10:45,Saltwater,5,0.333248117,1583.4
2023-06-10 10:45,Saltwater,15,0.290749017,1017.6
2023-06-10 10:45,Saltwater,30,0.282219872,695.6
2023-06-10 11:00,Control,5,0.254972224,69.66666667
2023-06-10 11:00,Control,15,0.266904028,46
2023-06-10 11:00,Control,30,0.315339808,92.66666667
2023-06-10 11:00,Freshwater,5,0.36324132,115.8
2023-06-10 11:00,Freshwater,15,0.326772514,83.2
2023-06-10 11:00,Freshwater,30,0.341258252,82.2
2023-06-10 11:00,Saltwater,5,0.333234928,1572.2
2023-06-10 11:00,Saltwater,15,0.290588426,1013.2
2023-06-10 11:00,Saltwater,30,0.282015836,690.4
2023-06-10 11:15,Control,5,0.254629579,71
2023-06-10 11:15,Control,15,0.26639394,46
2023-06-10 11:15,Control,30,0.314880793,90.66666667
2023-06-10 11:15,Freshwater,5,0.362751015,115.4
2023-06-10 11:15,Freshwater,15,0.326285312,84
2023-06-10 11:15,Freshwater,30,0.340974309,82.8
2023-06-10 11:15,Saltwater,5,0.333076665,1582.8
2023-06-10 11:15,Saltwater,15,0.290429387,1011.2
2023-06-10 11:15,Saltwater,30,0.281758271,693.4
2023-06-10 11:30,Control,5,0.254550706,69.66666667
2023-06-10 11:30,Control,15,0.26631248,47
2023-06-10 11:30,Control,30,0.314988112,92.33333333
2023-06-10 11:30,Freshwater,5,0.36299384,117.4
2023-06-10 11:30,Freshwater,15,0.326450557,84.2
2023-06-10 11:30,Freshwater,30,0.340242729,83.8
2023-06-10 11:30,Saltwater,5,0.333143384,1581.6
2023-06-10 11:30,Saltwater,15,0.290392925,1007.6
2023-06-10 11:30,Saltwater,30,0.281797836,692.6
2023-06-10 11:45,Control,5,0.253988251,69.33333333
2023-06-10 11:45,Control,15,0.265870275,46.5
2023-06-10 11:45,Control,30,0.314249809,91
2023-06-10 11:45,Freshwater,5,0.362470175,115.8
2023-06-10 11:45,Freshwater,15,0.326379959,84.2
2023-06-10 11:45,Freshwater,30,0.340213249,83.2
2023-06-10 11:45,Saltwater,5,0.333300871,1572.6
2023-06-10 11:45,Saltwater,15,0.290212939,1016
2023-06-10 11:45,Saltwater,30,0.281584491,691
2023-06-10 12:00,Control,5,0.253994716,70
2023-06-10 12:00,Control,15,0.265870275,45.5
2023-06-10 12:00,Control,30,0.314339026,92.33333333
2023-06-10 12:00,Freshwater,5,0.362315015,116.8
2023-06-10 12:00,Freshwater,15,0.325902066,84.6
2023-06-10 12:00,Freshwater,30,0.34010231,83.6
2023-06-10 12:00,Saltwater,5,0.333040202,1577.6
2023-06-10 12:00,Saltwater,15,0.290012783,1003
2023-06-10 12:00,Saltwater,30,0.281300549,685.2
2023-06-10 12:15,Control,5,0.25368181,70
2023-06-10 12:15,Control,15,0.265625897,47
2023-06-10 12:15,Control,30,0.314137318,94.66666667
2023-06-10 12:15,Freshwater,5,0.361858845,116.6
2023-06-10 12:15,Freshwater,15,0.325991283,83.6
2023-06-10 12:15,Freshwater,30,0.339772595,83.2
2023-06-10 12:15,Saltwater,5,0.333116231,1566.8
2023-06-10 12:15,Saltwater,15,0.290048469,1006
2023-06-10 12:15,Saltwater,30,0.281309858,688.6
2023-06-10 12:30,Control,5,0.253652071,71
2023-06-10 12:30,Control,15,0.265348549,46
2023-06-10 12:30,Control,30,0.314070082,93
2023-06-10 12:30,Freshwater,5,0.361969784,115.6
2023-06-10 12:30,Freshwater,15,0.325767853,84.6
2023-06-10 12:30,Freshwater,30,0.339536751,81.4
2023-06-10 12:30,Saltwater,5,0.332913747,1572.8
2023-06-10 12:30,Saltwater,15,0.289890982,1008.6
2023-06-10 12:30,Saltwater,30,0.281174869,688.8
2023-06-10 12:45,Control,5,0.253313305,70
2023-06-10 12:45,Control,15,0.265022713,45.5
2023-06-10 12:45,Control,30,0.313828291,92
2023-06-10 12:45,Freshwater,5,0.361528354,115.8
2023-06-10 12:45,Freshwater,15,0.325509512,84.2
2023-06-10 12:45,Freshwater,30,0.339268325,82.6
2023-06-10 12:45,Saltwater,5,0.332790395,1549.6
2023-06-10 12:45,Saltwater,15,0.289754441,1018.2
2023-06-10 12:45,Saltwater,30,0.280976264,688.6
2023-06-10 13:00,Control,5,0.253040482,69.66666667
2023-06-10 13:00,Control,15,0.264974226,46
2023-06-10 13:00,Control,30,0.314143783,91
2023-06-10 13:00,Freshwater,5,0.361422069,115.8
2023-06-10 13:00,Freshwater,15,0.325610753,83.6
2023-06-10 13:00,Freshwater,30,0.339159713,82.4
2023-06-10 13:00,Saltwater,5,0.332781085,1576.6
2023-06-10 13:00,Saltwater,15,0.289674534,1006.6
2023-06-10 13:00,Saltwater,30,0.280721026,688.8
2023-06-10 13:15,Control,5,0.2528155,70
2023-06-10 13:15,Control,15,0.264757002,44
2023-06-10 13:15,Control,30,0.313501162,91.33333333
2023-06-10 13:15,Freshwater,5,0.361115628,116.8
2023-06-10 13:15,Freshwater,15,0.32673993,84.4
2023-06-10 13:15,Freshwater,30,0.338542952,82.4
2023-06-10 13:15,Saltwater,5,0.332604978,1566.8
2023-06-10 13:15,Saltwater,15,0.289427829,1006
2023-06-10 13:15,Saltwater,30,0.280651204,684.6
2023-06-10 13:30,Control,5,0.252728869,70.66666667
2023-06-10 13:30,Control,15,0.264524262,45
2023-06-10 13:30,Control,30,0.313660201,90.66666667
2023-06-10 13:30,Freshwater,5,0.361271564,117
2023-06-10 13:30,Freshwater,15,0.325047135,83.4
2023-06-10 13:30,Freshwater,30,0.338553037,83.4
2023-06-10 13:30,Saltwater,5,0.332589462,1559.4
2023-06-10 13:30,Saltwater,15,0.289634968,1010.6
2023-06-10 13:30,Saltwater,30,0.280521645,683
2023-06-10 13:45,Control,5,0.252472855,69
2023-06-10 13:45,Control,15,0.26433807,46
2023-06-10 13:45,Control,30,0.313684768,93
2023-06-10 13:45,Freshwater,5,0.360981415,116.2
2023-06-10 13:45,Freshwater,15,0.325061099,84
2023-06-10 13:45,Freshwater,30,0.338423478,82.6
2023-06-10 13:45,Saltwater,5,0.332646096,1569.2
2023-06-10 13:45,Saltwater,15,0.289321545,1015.4
2023-06-10 13:45,Saltwater,30,0.280312955,681.2
2023-06-10 14:00,Control,5,0.252269854,70
2023-06-10 14:00,Control,15,0.26406654,46.5
2023-06-10 14:00,Control,30,0.313396429,92
2023-06-10 14:00,Freshwater,5,0.360519038,115.6
2023-06-10 14:00,Freshwater,15,0.325015327,83
2023-06-10 14:00,Freshwater,30,0.338327279,82.4
2023-06-10 14:00,Saltwater,5,0.332639889,1571.8
2023-06-10 14:00,Saltwater,15,0.289375851,998.8
2023-06-10 14:00,Saltwater,30,0.280133745,680.4
2023-06-10 14:15,Control,5,0.251991859,69.33333333
2023-06-10 14:15,Control,15,0.264151877,46.5
2023-06-10 14:15,Control,30,0.313567105,91.66666667
2023-06-10 14:15,Freshwater,5,0.360339053,114
2023-06-10 14:15,Freshwater,15,0.324510281,83.4
2023-06-10 14:15,Freshwater,30,0.338027045,81.8
2023-06-10 14:15,Saltwater,5,0.332355559,1575.7
2023-06-10 14:15,Saltwater,15,0.289099666,1005.6
2023-06-10 14:15,Saltwater,30,0.280106592,684.2
2023-06-10 14:30,Control,5,0.251859973,69
2023-06-10 14:30,Control,15,0.263837679,45
2023-06-10 14:30,Control,30,0.313149466,91.66666667
2023-06-10 14:30,Freshwater,5,0.360154412,115.6
2023-06-10 14:30,Freshwater,15,0.324394687,83.8
2023-06-10 14:30,Freshwater,30,0.337696554,81.8
2023-06-10 14:30,Saltwater,5,0.332411028,1572
2023-06-10 14:30,Saltwater,15,0.289178022,1001.2
2023-06-10 14:30,Saltwater,30,0.279811788,684
2023-06-10 14:45,Control,5,0.251563876,69.66666667
2023-06-10 14:45,Control,15,0.263665063,46.5
2023-06-10 14:45,Control,30,0.312907675,88.66666667
2023-06-10 14:45,Freshwater,5,0.360113295,116.2
2023-06-10 14:45,Freshwater,15,0.324256595,83
2023-06-10 14:45,Freshwater,30,0.337553031,82.2
2023-06-10 14:45,Saltwater,5,0.332147256,1577.4
2023-06-10 14:45,Saltwater,15,0.289143111,1011.5
2023-06-10 14:45,Saltwater,30,0.279849803,678.1
2023-06-10 15:00,Control,5,0.25154836,71
2023-06-10 15:00,Control,15,0.263577786,45.5
2023-06-10 15:00,Control,30,0.313100332,90.33333333
2023-06-10 15:00,Freshwater,5,0.359989167,114.8
2023-06-10 15:00,Freshwater,15,0.324107641,83.6
2023-06-10 15:00,Freshwater,30,0.337343565,80.2
2023-06-10 15:00,Saltwater,5,0.332106915,1552.8
2023-06-10 15:00,Saltwater,15,0.288994933,1008
2023-06-10 15:00,Saltwater,30,0.279821098,680.4
2023-06-10 15:15,Control,5,0.251439748,68.33333333
2023-06-10 15:15,Control,15,0.263106487,44.5
2023-06-10 15:15,Control,30,0.313062835,90.33333333
2023-06-10 15:15,Freshwater,5,0.359477915,115.8
2023-06-10 15:15,Freshwater,15,0.32372362,83.4
2023-06-10 15:15,Freshwater,30,0.33674232,81.8
2023-06-10 15:15,Saltwater,5,0.331964943,1562
2023-06-10 15:15,Saltwater,15,0.288863823,1007.6
2023-06-10 15:15,Saltwater,30,0.279718692,679.4
2023-06-10 15:30,Control,5,0.251410009,70.33333333
2023-06-10 15:30,Control,15,0.263277163,46
2023-06-10 15:30,Control,30,0.312826216,91
2023-06-10 15:30,Freshwater,5,0.359412747,115.2
2023-06-10 15:30,Freshwater,15,0.323794218,83.8
2023-06-10 15:30,Freshwater,30,0.336573195,80.8
2023-06-10 15:30,Saltwater,5,0.332007612,1558.6
2023-06-10 15:30,Saltwater,15,0.288854513,1010.2
2023-06-10 15:30,Saltwater,30,0.279485952,666.6
2023-06-10 15:45,Control,5,0.251195371,69.33333333
2023-06-10 15:45,Control,15,0.262988178,46
2023-06-10 15:45,Control,30,0.312691744,90
2023-06-10 15:45,Freshwater,5,0.358929424,116.4
2023-06-10 15:45,Freshwater,15,0.323705001,84.2
2023-06-10 15:45,Freshwater,30,0.336612761,81.8
2023-06-10 15:45,Saltwater,5,0.332027007,1562.2
2023-06-10 15:45,Saltwater,15,0.288906492,1009.2
2023-06-10 15:45,Saltwater,30,0.279322259,667
2023-06-10 16:00,Control,5,0.25092772,71.33333333
2023-06-10 16:00,Control,15,0.262961025,46
2023-06-10 16:00,Control,30,0.312833974,91.66666667
2023-06-10 16:00,Freshwater,5,0.359140442,115.4
2023-06-10 16:00,Freshwater,15,0.323657677,84.2
2023-06-10 16:00,Freshwater,30,0.336331922,82.8
2023-06-10 16:00,Saltwater,5,0.331971926,1562.2
2023-06-10 16:00,Saltwater,15,0.28864272,1009.4
2023-06-10 16:00,Saltwater,30,0.279372686,664
2023-06-10 16:15,Control,5,0.251027281,69.66666667
2023-06-10 16:15,Control,15,0.265590987,45.5
2023-06-10 16:15,Control,30,0.312263761,89.33333333
2023-06-10 16:15,Freshwater,5,0.358985282,114.4
2023-06-10 16:15,Freshwater,15,0.323452866,83.4
2023-06-10 16:15,Freshwater,30,0.336561558,80.8
2023-06-10 16:15,Saltwater,5,0.331633677,1563.4
2023-06-10 16:15,Saltwater,15,0.288607809,1006.8
2023-06-10 16:15,Saltwater,30,0.279272995,665.5
2023-06-10 16:30,Control,5,0.250826866,70
2023-06-10 16:30,Control,15,0.262625491,45.5
2023-06-10 16:30,Control,30,0.312333583,90.66666667
2023-06-10 16:30,Freshwater,5,0.358670307,115.6
2023-06-10 16:30,Freshwater,15,0.3231953,84.4
2023-06-10 16:30,Freshwater,30,0.33617521,81
2023-06-10 16:30,Saltwater,5,0.331649969,1566.8
2023-06-10 16:30,Saltwater,15,0.288520919,1014.2
2023-06-10 16:30,Saltwater,30,0.279184166,661.8
2023-06-10 16:45,Control,5,0.250745407,69
2023-06-10 16:45,Control,15,0.262621612,43.5
2023-06-10 16:45,Control,30,0.312133168,90
2023-06-10 16:45,Freshwater,5,0.358799865,115.2
2023-06-10 16:45,Freshwater,15,0.323240297,84
2023-06-10 16:45,Freshwater,30,0.335851701,80.6
2023-06-10 16:45,Saltwater,5,0.331743065,1556.8
2023-06-10 16:45,Saltwater,15,0.288444115,1007.8
2023-06-10 16:45,Saltwater,30,0.279004956,663.2
2023-06-10 17:00,Control,5,0.25052689,70
2023-06-10 17:00,Control,15,0.262375296,44.5
2023-06-10 17:00,Control,30,0.312378838,88
2023-06-10 17:00,Freshwater,5,0.358450755,115.4
2023-06-10 17:00,Freshwater,15,0.323238745,83.6
2023-06-10 17:00,Freshwater,30,0.335864114,82.2
2023-06-10 17:00,Saltwater,5,0.331734531,1553.2
2023-06-10 17:00,Saltwater,15,0.288363432,1012.4
2023-06-10 17:00,Saltwater,30,0.278885483,664.2
2023-06-10 17:15,Control,5,0.250362679,68
2023-06-10 17:15,Control,15,0.262586701,44
2023-06-10 17:15,Control,30,0.3117763,89
2023-06-10 17:15,Freshwater,5,0.35876573,114.2
2023-06-10 17:15,Freshwater,15,0.323126254,83.6
2023-06-10 17:15,Freshwater,30,0.335572413,79.6
2023-06-10 17:15,Saltwater,5,0.331570061,1545.8
2023-06-10 17:15,Saltwater,15,0.288458079,997.8
2023-06-10 17:15,Saltwater,30,0.279011163,662
2023-06-10 17:30,Control,5,0.250389832,70.66666667
2023-06-10 17:30,Control,15,0.262462573,45
2023-06-10 17:30,Control,30,0.311729752,91
2023-06-10 17:30,Freshwater,5,0.358366969,113.4
2023-06-10 17:30,Freshwater,15,0.322635173,83.4
2023-06-10 17:30,Freshwater,30,0.335637581,80.2
2023-06-10 17:30,Saltwater,5,0.331435848,1564
2023-06-10 17:30,Saltwater,15,0.288432478,1000.6
2023-06-10 17:30,Saltwater,30,0.278502238,663
2023-06-10 17:45,Control,5,0.250455775,70
2023-06-10 17:45,Control,15,0.262495545,45
2023-06-10 17:45,Control,30,0.312033607,89.33333333
2023-06-10 17:45,Freshwater,5,0.358853396,116.2
2023-06-10 17:45,Freshwater,15,0.322772489,82.6
2023-06-10 17:45,Freshwater,30,0.335712833,80.4
2023-06-10 17:45,Saltwater,5,0.331463777,1557.4
2023-06-10 17:45,Saltwater,15,0.288288955,995.8
2023-06-10 17:45,Saltwater,30,0.278570508,661.2
2023-06-10 18:00,Control,5,0.250266997,70
2023-06-10 18:00,Control,15,0.262373356,44
2023-06-10 18:00,Control,30,0.312103429,92.33333333
2023-06-10 18:00,Freshwater,5,0.358128023,115.2
2023-06-10 18:00,Freshwater,15,0.32400446,84
2023-06-10 18:00,Freshwater,30,0.335743865,81.2
2023-06-10 18:00,Saltwater,5,0.331286894,1541.4
2023-06-10 18:00,Saltwater,15,0.288340934,1008.8
2023-06-10 18:00,Saltwater,30,0.278511548,660.7
2023-06-10 18:15,Control,5,0.249969607,68.66666667
2023-06-10 18:15,Control,15,0.262505242,45.5
2023-06-10 18:15,Control,30,0.31167286,89
2023-06-10 18:15,Freshwater,5,0.358288613,114.8
2023-06-10 18:15,Freshwater,15,0.322810503,82.6
2023-06-10 18:15,Freshwater,30,0.335637581,82
2023-06-10 18:15,Saltwater,5,0.331407143,1564.4
2023-06-10 18:15,Saltwater,15,0.288297489,1001.8
2023-06-10 18:15,Saltwater,30,0.278587576,661.6
2023-06-10 18:30,Control,5,0.250021327,69.66666667
2023-06-10 18:30,Control,15,0.262332627,44.5
2023-06-10 18:30,Control,30,0.311937925,90.66666667
2023-06-10 18:30,Freshwater,5,0.35844067,113.6
2023-06-10 18:30,Freshwater,15,0.322794987,83.2
2023-06-10 18:30,Freshwater,30,0.335620513,81.6
2023-06-10 18:30,Saltwater,5,0.331416453,1551.4
2023-06-10 18:30,Saltwater,15,0.288244734,1007.6
2023-06-10 18:30,Saltwater,30,0.278480516,661.6
2023-06-10 18:45,Control,5,0.250166143,69
2023-06-10 18:45,Control,15,0.262361719,44.5
2023-06-10 18:45,Control,30,0.311586229,90
2023-06-10 18:45,Freshwater,5,0.35792709,116.2
2023-06-10 18:45,Freshwater,15,0.322759301,83.4
2023-06-10 18:45,Freshwater,30,0.335382342,79.6
2023-06-10 18:45,Saltwater,5,0.331245001,1544.8
2023-06-10 18:45,Saltwater,15,0.288330848,1008.2
2023-06-10 18:45,Saltwater,30,0.278364146,661.8
2023-06-10 19:00,Control,5,0.250109251,70
2023-06-10 19:00,Control,15,0.262596398,45.5
2023-06-10 19:00,Control,30,0.311862931,89.66666667
2023-06-10 19:00,Freshwater,5,0.357910799,115
2023-06-10 19:00,Freshwater,15,0.322680945,83.6
2023-06-10 19:00,Freshwater,30,0.335353638,80.8
2023-06-10 19:00,Saltwater,5,0.33123957,1552
2023-06-10 19:00,Saltwater,15,0.288366535,1005.2
2023-06-10 19:00,Saltwater,30,0.278506117,662.4
2023-06-10 19:15,Control,5,0.250049773,70.66666667
2023-06-10 19:15,Control,15,0.26243542,44.5
2023-06-10 19:15,Control,30,0.311416846,91.33333333
2023-06-10 19:15,Freshwater,5,0.357933297,115.6
2023-06-10 19:15,Freshwater,15,0.322784126,83
2023-06-10 19:15,Freshwater,30,0.335421908,79.6
2023-06-10 19:15,Saltwater,5,0.331079756,1548
2023-06-10 19:15,Saltwater,15,0.288382827,1010.8
2023-06-10 19:15,Saltwater,30,0.278164765,658.2
2023-06-10 19:30,Control,5,0.25017778,69.33333333
2023-06-10 19:30,Control,15,0.262641007,46
2023-06-10 19:30,Control,30,0.311747854,90
2023-06-10 19:30,Freshwater,5,0.358482563,113.8
2023-06-10 19:30,Freshwater,15,0.322618881,83.4
2023-06-10 19:30,Freshwater,30,0.335674819,80.2
2023-06-10 19:30,Saltwater,5,0.331184489,1547
2023-06-10 19:30,Saltwater,15,0.288337055,1006.8
2023-06-10 19:30,Saltwater,30,0.27836337,663.6
2023-06-10 19:45,Control,5,0.249875218,68.33333333
2023-06-10 19:45,Control,15,0.262425723,43.5
2023-06-10 19:45,Control,30,0.3113884,90.33333333
2023-06-10 19:45,Freshwater,5,0.35819319,114
2023-06-10 19:45,Freshwater,15,0.322736802,83.4
2023-06-10 19:45,Freshwater,30,0.335501816,80
2023-06-10 19:45,Saltwater,5,0.331113891,1549.2
2023-06-10 19:45,Saltwater,15,0.288245122,1002.2
2023-06-10 19:45,Saltwater,30,0.278098046,663
2023-06-10 20:00,Control,5,0.250127353,70.33333333
2023-06-10 20:00,Control,15,0.26259058,46
2023-06-10 20:00,Control,30,0.311573299,90.33333333
2023-06-10 20:00,Freshwater,5,0.358053546,115
2023-06-10 20:00,Freshwater,15,0.322648361,83
2023-06-10 20:00,Freshwater,30,0.335365275,80.8
2023-06-10 20:00,Saltwater,5,0.331009934,1537.6
2023-06-10 20:00,Saltwater,15,0.288319987,996.8
2023-06-10 20:00,Saltwater,30,0.27805305,661.6
2023-06-10 20:15,Control,5,0.24973816,70
2023-06-10 20:15,Control,15,0.262815562,47
2023-06-10 20:15,Control,30,0.311696134,90.66666667
2023-06-10 20:15,Freshwater,5,0.358128023,113.4
2023-06-10 20:15,Freshwater,15,0.322559144,83.8
2023-06-10 20:15,Freshwater,30,0.335528969,82.4
2023-06-10 20:15,Saltwater,5,0.331262844,1546.4
2023-06-10 20:15,Saltwater,15,0.288351795,1008
2023-06-10 20:15,Saltwater,30,0.278240793,658.8
2023-06-10 20:30,Control,5,0.249951505,69
2023-06-10 20:30,Control,15,0.262831078,45.5
2023-06-10 20:30,Control,30,0.311804746,91
2023-06-10 20:30,Freshwater,5,0.358218015,114.2
2023-06-10 20:30,Freshwater,15,0.322638276,83.4
2023-06-10 20:30,Freshwater,30,0.335631374,81.4
2023-06-10 20:30,Saltwater,5,0.331002176,1540.6
2023-06-10 20:30,Saltwater,15,0.288375069,998.6
2023-06-10 20:30,Saltwater,30,0.278123648,662.2
2023-06-10 20:45,Control,5,0.249771778,70
2023-06-10 20:45,Control,15,0.262829139,46
2023-06-10 20:45,Control,30,0.311463394,89
2023-06-10 20:45,Freshwater,5,0.358138884,115
2023-06-10 20:45,Freshwater,15,0.322549059,84
2023-06-10 20:45,Freshwater,30,0.335396307,80.6
2023-06-10 20:45,Saltwater,5,0.330993642,1533.2
2023-06-10 20:45,Saltwater,15,0.288491439,996.8
2023-06-10 20:45,Saltwater,30,0.277987107,657.6
2023-06-10 21:00,Control,5,0.249580414,69.66666667
2023-06-10 21:00,Control,15,0.26270501,45
2023-06-10 21:00,Control,30,0.311641828,90.33333333
2023-06-10 21:00,Freshwater,5,0.358053546,114.6
2023-06-10 21:00,Freshwater,15,0.322728269,84.2
2023-06-10 21:00,Freshwater,30,0.335667061,79.8
2023-06-10 21:00,Saltwater,5,0.330987435,1528.8
2023-06-10 21:00,Saltwater,15,0.288394464,998
2023-06-10 21:00,Saltwater,30,0.278016587,665.8
2023-06-10 21:15,Control,5,0.249844186,68
2023-06-10 21:15,Control,15,0.262836897,45
2023-06-10 21:15,Control,30,0.311225482,89.66666667
2023-06-10 21:15,Freshwater,5,0.358077596,114.2
2023-06-10 21:15,Freshwater,15,0.322647973,83.4
2023-06-10 21:15,Freshwater,30,0.33525356,81.8
2023-06-10 21:15,Saltwater,5,0.330709699,1535.4
2023-06-10 21:15,Saltwater,15,0.288520919,1005.4
2023-06-10 21:15,Saltwater,30,0.278076324,660.8
2023-06-10 21:30,Control,5,0.249935989,69
2023-06-10 21:30,Control,15,0.26294163,43.5
2023-06-10 21:30,Control,30,0.311513821,89
2023-06-10 21:30,Freshwater,5,0.357770379,114.4
2023-06-10 21:30,Freshwater,15,0.322611123,83.2
2023-06-10 21:30,Freshwater,30,0.335544485,81.8
2023-06-10 21:30,Saltwater,5,0.330897443,1546.8
2023-06-10 21:30,Saltwater,15,0.288291282,995.2
2023-06-10 21:30,Saltwater,30,0.277877719,659.4
2023-06-10 21:45,Control,5,0.249708421,70
2023-06-10 21:45,Control,15,0.262633249,44.5
2023-06-10 21:45,Control,30,0.311305648,91
2023-06-10 21:45,Freshwater,5,0.358184656,114.8
2023-06-10 21:45,Freshwater,15,0.323853179,82.8
2023-06-10 21:45,Freshwater,30,0.335615082,79.4
2023-06-10 21:45,Saltwater,5,0.330782624,1523
2023-06-10 21:45,Saltwater,15,0.28842472,998.6
2023-06-10 21:45,Saltwater,30,0.27796073,660.2
2023-06-10 22:00,Control,5,0.249522229,68.33333333
2023-06-10 22:00,Control,15,0.263162733,46
2023-06-10 22:00,Control,30,0.311217724,89.33333333
2023-06-10 22:00,Freshwater,5,0.357755639,115.6
2023-06-10 22:00,Freshwater,15,0.322566126,83.2
2023-06-10 22:00,Freshwater,30,0.335314848,81.4
2023-06-10 22:00,Saltwater,5,0.330688752,1527.6
2023-06-10 22:00,Saltwater,15,0.288303695,994.4
2023-06-10 22:00,Saltwater,30,0.278052274,659.2
2023-06-10 22:15,Control,5,0.249735574,70
2023-06-10 22:15,Control,15,0.262673979,43.5
2023-06-10 22:15,Control,30,0.311458222,90
2023-06-10 22:15,Freshwater,5,0.358136556,112.2
2023-06-10 22:15,Freshwater,15,0.322650689,83.4
2023-06-10 22:15,Freshwater,30,0.335431994,78.4
2023-06-10 22:15,Saltwater,5,0.330734525,1530
2023-06-10 22:15,Saltwater,15,0.288328521,1001.2
2023-06-10 22:15,Saltwater,30,0.277972367,660.2
2023-06-10 22:30,Control,5,0.249836428,68.66666667
2023-06-10 22:30,Control,15,0.262881505,45.5
2023-06-10 22:30,Control,30,0.311164711,90.66666667
2023-06-10 22:30,Freshwater,5,0.357667973,113.6
2023-06-10 22:30,Freshwater,15,0.322456739,83.2
2023-06-10 22:30,Freshwater,30,0.335705075,81.4
2023-06-10 22:30,Saltwater,5,0.33052118,1526.6
2023-06-10 22:30,Saltwater,15,0.288246286,1003.6
2023-06-10 22:30,Saltwater,30,0.27799952,659.8
2023-06-10 22:45,Control,5,0.24950542,70
2023-06-10 22:45,Control,15,0.263151095,45.5
2023-06-10 22:45,Control,30,0.311613382,91
2023-06-10 22:45,Freshwater,5,0.357839425,114.6
2023-06-10 22:45,Freshwater,15,0.322727493,83.8
2023-06-10 22:45,Freshwater,30,0.335542933,80.4
2023-06-10 22:45,Saltwater,5,0.330706596,1530.6
2023-06-10 22:45,Saltwater,15,0.288375069,1004.8
2023-06-10 22:45,Saltwater,30,0.277887804,661.2
2023-06-10 23:00,Control,5,0.249791173,69.66666667
2023-06-10 23:00,Control,15,0.263069637,45.5
2023-06-10 23:00,Control,30,0.311343145,90.33333333
2023-06-10 23:00,Freshwater,5,0.357721503,114.4
2023-06-10 23:00,Freshwater,15,0.322684824,84
2023-06-10 23:00,Freshwater,30,0.335916093,80.6
2023-06-10 23:00,Saltwater,5,0.330559194,1539.8
2023-06-10 23:00,Saltwater,15,0.288394464,991.4
2023-06-10 23:00,Saltwater,30,0.277788502,657.8
2023-06-10 23:15,Control,5,0.249862288,69.33333333
2023-06-10 23:15,Control,15,0.263036665,44.5
2023-06-10 23:15,Control,30,0.311468566,88.66666667
2023-06-10 23:15,Freshwater,5,0.358268442,114.2
2023-06-10 23:15,Freshwater,15,0.322556817,82.8
2023-06-10 23:15,Freshwater,30,0.335379239,80.6
2023-06-10 23:15,Saltwater,5,0.330506439,1518.2
2023-06-10 23:15,Saltwater,15,0.288422393,1000.4
2023-06-10 23:15,Saltwater,30,0.277923491,660.4
2023-06-10 23:30,Control,5,0.249729109,69
2023-06-10 23:30,Control,15,0.262807804,46.5
2023-06-10 23:30,Control,30,0.311321164,90.33333333
2023-06-10 23:30,Freshwater,5,0.357754087,114.2
2023-06-10 23:30,Freshwater,15,0.322697237,84
2023-06-10 23:30,Freshwater,30,0.335615082,79.8
2023-06-10 23:30,Saltwater,5,0.330364468,1535.8
2023-06-10 23:30,Saltwater,15,0.288344037,999.8
2023-06-10 23:30,Saltwater,30,0.277887804,660.8
2023-06-10 23:45,Control,5,0.249467923,69.33333333
2023-06-10 23:45,Control,15,0.263009512,45
2023-06-10 23:45,Control,30,0.310895767,90
2023-06-10 23:45,Freshwater,5,0.357681938,113.6
2023-06-10 23:45,Freshwater,15,0.322582418,84
2023-06-10 23:45,Freshwater,30,0.335819894,81.6
2023-06-10 23:45,Saltwater,5,0.330160433,1535.4
2023-06-10 23:45,Saltwater,15,0.288496094,1004
2023-06-10 23:45,Saltwater,30,0.277826516,661
2023-06-11 00:00,Control,5,0.249765313,68.66666667
2023-06-11 00:00,Control,15,0.263203462,43.5
2023-06-11 00:00,Control,30,0.311334094,90.33333333
2023-06-11 00:00,Freshwater,5,0.357869681,115
2023-06-11 00:00,Freshwater,15,0.322198397,84
2023-06-11 00:00,Freshwater,30,0.335614307,82.2
2023-06-11 00:00,Saltwater,5,0.330344297,1514.2
2023-06-11 00:00,Saltwater,15,0.288287403,1003.8
2023-06-11 00:00,Saltwater,30,0.277753979,657.1
2023-06-11 00:15,Control,5,0.249551968,68.66666667
2023-06-11 00:15,Control,15,0.262867929,45.5
2023-06-11 00:15,Control,30,0.311612089,88.66666667
2023-06-11 00:15,Freshwater,5,0.357854941,113.2
2023-06-11 00:15,Freshwater,15,0.322611899,83.8
2023-06-11 00:15,Freshwater,30,0.335691111,80.6
2023-06-11 00:15,Saltwater,5,0.330431187,1510.6
2023-06-11 00:15,Saltwater,15,0.288281973,995
2023-06-11 00:15,Saltwater,30,0.277783847,661.8
2023-06-11 00:30,Control,5,0.24949249,70.33333333
2023-06-11 00:30,Control,15,0.263164672,44
2023-06-11 00:30,Control,30,0.311115577,90.66666667
2023-06-11 00:30,Freshwater,5,0.357875888,113
2023-06-11 00:30,Freshwater,15,0.322699564,83.6
2023-06-11 00:30,Freshwater,30,0.335452164,82.2
2023-06-11 00:30,Saltwater,5,0.330002945,1511
2023-06-11 00:30,Saltwater,15,0.288285076,996.4
2023-06-11 00:30,Saltwater,30,0.277852893,659
2023-06-11 00:45,Control,5,0.249403273,69.33333333
2023-06-11 00:45,Control,15,0.263218978,45
2023-06-11 00:45,Control,30,0.311178934,90
2023-06-11 00:45,Freshwater,5,0.357822357,114.2
2023-06-11 00:45,Freshwater,15,0.322544792,83.6
2023-06-11 00:45,Freshwater,30,0.335695766,81.4
2023-06-11 00:45,Saltwater,5,0.330052596,1512
2023-06-11 00:45,Saltwater,15,0.288384378,998
2023-06-11 00:45,Saltwater,30,0.27787384,662.4
2023-06-11 01:00,Control,5,0.249603688,69
2023-06-11 01:00,Control,15,0.263003693,46
2023-06-11 01:00,Control,30,0.311511235,89.66666667
2023-06-11 01:00,Freshwater,5,0.357739347,114
2023-06-11 01:00,Freshwater,15,0.322624311,83
2023-06-11 01:00,Freshwater,30,0.335442079,81.4
2023-06-11 01:00,Saltwater,5,0.330009152,1497.6
2023-06-11 01:00,Saltwater,15,0.288405325,994.2
2023-06-11 01:00,Saltwater,30,0.277813328,657.8
2023-06-11 01:15,Control,5,0.249804103,68.66666667
2023-06-11 01:15,Control,15,0.263131701,47
2023-06-11 01:15,Control,30,0.310953952,90
2023-06-11 01:15,Freshwater,5,0.357594272,112.2
2023-06-11 01:15,Freshwater,15,0.322619657,82.8
2023-06-11 01:15,Freshwater,30,0.335421908,80.2
2023-06-11 01:15,Saltwater,5,0.329821408,1519.2
2023-06-11 01:15,Saltwater,15,0.288131468,1011
2023-06-11 01:15,Saltwater,30,0.277613947,663
2023-06-11 01:30,Control,5,0.249511885,69
2023-06-11 01:30,Control,15,0.263164672,45.5
2023-06-11 01:30,Control,30,0.310898353,89.33333333
2023-06-11 01:30,Freshwater,5,0.357591945,114.6
2023-06-11 01:30,Freshwater,15,0.322620432,83.4
2023-06-11 01:30,Freshwater,30,0.3356081,80.8
2023-06-11 01:30,Saltwater,5,0.329855543,1519.6
2023-06-11 01:30,Saltwater,15,0.288204393,1009.6
2023-06-11 01:30,Saltwater,30,0.27778152,657.6
2023-06-11 01:45,Control,5,0.249555847,69.66666667
2023-06-11 01:45,Control,15,0.266186413,45
2023-06-11 01:45,Control,30,0.311222896,88.33333333
2023-06-11 01:45,Freshwater,5,0.358093112,112.6
2023-06-11 01:45,Freshwater,15,0.3226856,83.6
2023-06-11 01:45,Freshwater,30,0.335356741,81.4
2023-06-11 01:45,Saltwater,5,0.329694953,1501
2023-06-11 01:45,Saltwater,15,0.288173361,991.6
2023-06-11 01:45,Saltwater,30,0.277708595,656.6
2023-06-11 02:00,Control,5,0.249491197,68.66666667
2023-06-11 02:00,Control,15,0.263242252,45
2023-06-11 02:00,Control,30,0.31106515,90
2023-06-11 02:00,Freshwater,5,0.358065959,113.2
2023-06-11 02:00,Freshwater,15,0.322675514,83.6
2023-06-11 02:00,Freshwater,30,0.335269076,81
2023-06-11 02:00,Saltwater,5,0.329660042,1512
2023-06-11 02:00,Saltwater,15,0.288252492,987.2
2023-06-11 02:00,Saltwater,30,0.277692303,655.8
2023-06-11 02:15,Control,5,0.249682561,69.33333333
2023-06-11 02:15,Control,15,0.263428444,44.5
2023-06-11 02:15,Control,30,0.311195743,89.66666667
2023-06-11 02:15,Freshwater,5,0.357618322,114.2
2023-06-11 02:15,Freshwater,15,0.322527336,83.2
2023-06-11 02:15,Freshwater,30,0.335588705,80.8
2023-06-11 02:15,Saltwater,5,0.329839251,1495.6
2023-06-11 02:15,Saltwater,15,0.288318435,1000.4
2023-06-11 02:15,Saltwater,30,0.277545677,656.8
2023-06-11 02:30,Control,5,0.249642478,69.33333333
2023-06-11 02:30,Control,15,0.263067697,46
2023-06-11 02:30,Control,30,0.311017309,89.66666667
2023-06-11 02:30,Freshwater,5,0.357601254,114.2
2023-06-11 02:30,Freshwater,15,0.322672411,84.4
2023-06-11 02:30,Freshwater,30,0.335217097,80.8
2023-06-11 02:30,Saltwater,5,0.329555309,1527
2023-06-11 02:30,Saltwater,15,0.288365759,989.4
2023-06-11 02:30,Saltwater,30,0.277581363,657.2
2023-06-11 02:45,Control,5,0.249284317,68.66666667
2023-06-11 02:45,Control,15,0.263570028,43.5
2023-06-11 02:45,Control,30,0.311112991,87.66666667
2023-06-11 02:45,Freshwater,5,0.357687368,114
2023-06-11 02:45,Freshwater,15,0.322692582,83
2023-06-11 02:45,Freshwater,30,0.335347431,80
2023-06-11 02:45,Saltwater,5,0.329492469,1500.4
2023-06-11 02:45,Saltwater,15,0.288252492,997
2023-06-11 02:45,Saltwater,30,0.27772799,655.6
2023-06-11 03:00,Control,5,0.249383878,67
2023-06-11 03:00,Control,15,0.26352154,44.5
2023-06-11 03:00,Control,30,0.311100061,88.66666667
2023-06-11 03:00,Freshwater,5,0.357506607,114.6
2023-06-11 03:00,Freshwater,15,0.322737578,82.4
2023-06-11 03:00,Freshwater,30,0.335555346,81.2
2023-06-11 03:00,Saltwater,5,0.329756241,1530.2
2023-06-11 03:00,Saltwater,15,0.28817724,990.4
2023-06-11 03:00,Saltwater,30,0.277642652,657.4
2023-06-11 03:15,Control,5,0.249672217,69
2023-06-11 03:15,Control,15,0.263550633,44.5
2023-06-11 03:15,Control,30,0.310760002,90.33333333
2023-06-11 03:15,Freshwater,5,0.35744687,113.6
2023-06-11 03:15,Freshwater,15,0.322528888,83.6
2023-06-11 03:15,Freshwater,30,0.335373033,80.4
2023-06-11 03:15,Saltwater,5,0.329513415,1514.8
2023-06-11 03:15,Saltwater,15,0.28816793,987.6
2023-06-11 03:15,Saltwater,30,0.277577484,658
2023-06-11 03:30,Control,5,0.249773071,67.66666667
2023-06-11 03:30,Control,15,0.263275223,44.5
2023-06-11 03:30,Control,30,0.310851805,90.66666667
2023-06-11 03:30,Freshwater,5,0.357550827,114
2023-06-11 03:30,Freshwater,15,0.322610347,83.4
2023-06-11 03:30,Freshwater,30,0.335297004,80.8
2023-06-11 03:30,Saltwater,5,0.329504882,1510.8
2023-06-11 03:30,Saltwater,15,0.288354898,1012.8
2023-06-11 03:30,Saltwater,30,0.277469648,656.8
2023-06-11 03:45,Control,5,0.249667045,69.33333333
2023-06-11 03:45,Control,15,0.26344396,46
2023-06-11 03:45,Control,30,0.310681129,88.66666667
2023-06-11 03:45,Freshwater,5,0.357691247,113
2023-06-11 03:45,Freshwater,15,0.322519578,83.2
2023-06-11 03:45,Freshwater,30,0.335347431,80.8
2023-06-11 03:45,Saltwater,5,0.329360583,1526.4
2023-06-11 03:45,Saltwater,15,0.288351795,1000.8
2023-06-11 03:45,Saltwater,30,0.277535591,659.6
2023-06-11 04:00,Control,5,0.249443356,68.66666667
2023-06-11 04:00,Control,15,0.263591362,45
2023-06-11 04:00,Control,30,0.310749658,88.66666667
2023-06-11 04:00,Freshwater,5,0.357386358,114
2023-06-11 04:00,Freshwater,15,0.322493977,84
2023-06-11 04:00,Freshwater,30,0.335564655,82
2023-06-11 04:00,Saltwater,5,0.329461437,1522.2
2023-06-11 04:00,Saltwater,15,0.288170258,987
2023-06-11 04:00,Saltwater,30,0.277570502,657.8
2023-06-11 04:15,Control,5,0.249592051,67.66666667
2023-06-11 04:15,Control,15,0.263428444,45
2023-06-11 04:15,Control,30,0.310621651,88.66666667
2023-06-11 04:15,Freshwater,5,0.357619098,113
2023-06-11 04:15,Freshwater,15,0.32245286,83.6
2023-06-11 04:15,Freshwater,30,0.335374584,81.6
2023-06-11 04:15,Saltwater,5,0.329314811,1493.6
2023-06-11 04:15,Saltwater,15,0.288280421,1010.4
2023-06-11 04:15,Saltwater,30,0.277824965,660.4
2023-06-11 04:30,Control,5,0.249550675,67.66666667
2023-06-11 04:30,Control,15,0.263620454,45.5
2023-06-11 04:30,Control,30,0.310760002,90
2023-06-11 04:30,Freshwater,5,0.357535311,114.4
2023-06-11 04:30,Freshwater,15,0.323749221,83.6
2023-06-11 04:30,Freshwater,30,0.335590257,81.4
2023-06-11 04:30,Saltwater,5,0.329258177,1487
2023-06-11 04:30,Saltwater,15,0.288106642,993.4
2023-06-11 04:30,Saltwater,30,0.277640324,653.4
2023-06-11 04:45,Control,5,0.249465337,69
2023-06-11 04:45,Control,15,0.26352348,47
2023-06-11 04:45,Control,30,0.310774225,88.33333333
2023-06-11 04:45,Freshwater,5,0.357567895,114.2
2023-06-11 04:45,Freshwater,15,0.322585521,83.2
2023-06-11 04:45,Freshwater,30,0.33546768,80.6
2023-06-11 04:45,Saltwater,5,0.329180597,1503.6
2023-06-11 04:45,Saltwater,15,0.288092678,996
2023-06-11 04:45,Saltwater,30,0.277502232,655.6
2023-06-11 05:00,Control,5,0.249500248,68
2023-06-11 05:00,Control,15,0.263284921,47
2023-06-11 05:00,Control,30,0.310686301,89
2023-06-11 05:00,Freshwater,5,0.357678059,113
2023-06-11 05:00,Freshwater,15,0.322548283,83
2023-06-11 05:00,Freshwater,30,0.335412599,81.4
2023-06-11 05:00,Saltwater,5,0.329150341,1506.6
2023-06-11 05:00,Saltwater,15,0.288079489,999.8
2023-06-11 05:00,Saltwater,30,0.277426979,656.2
2023-06-11 05:15,Control,5,0.249529987,68
2023-06-11 05:15,Control,15,0.266407516,45
2023-06-11 05:15,Control,30,0.310862149,90.66666667
2023-06-11 05:15,Freshwater,5,0.357326621,113
2023-06-11 05:15,Freshwater,15,0.322580867,83.4
2023-06-11 05:15,Freshwater,30,0.33556388,81.4
2023-06-11 05:15,Saltwater,5,0.3290138,1493.8
2023-06-11 05:15,Saltwater,15,0.288159396,991.2
2023-06-11 05:15,Saltwater,30,0.277533264,653.8
2023-06-11 05:30,Control,5,0.249281731,68.33333333
2023-06-11 05:30,Control,15,0.263921077,45.5
2023-06-11 05:30,Control,30,0.310449682,88.33333333
2023-06-11 05:30,Freshwater,5,0.357434457,112.2
2023-06-11 05:30,Freshwater,15,0.322563023,82.8
2023-06-11 05:30,Freshwater,30,0.335427339,80.4
2023-06-11 05:30,Saltwater,5,0.32906733,1506.4
2023-06-11 05:30,Saltwater,15,0.288108969,998.4
2023-06-11 05:30,Saltwater,30,0.277331556,652
2023-06-11 05:45,Control,5,0.249404566,68
2023-06-11 05:45,Control,15,0.263548693,43.5
2023-06-11 05:45,Control,30,0.310732849,86.33333333
2023-06-11 05:45,Freshwater,5,0.357397995,113.4
2023-06-11 05:45,Freshwater,15,0.322478461,82
2023-06-11 05:45,Freshwater,30,0.335795844,81.6
2023-06-11 05:45,Saltwater,5,0.329002163,1512.8
2023-06-11 05:45,Saltwater,15,0.287980962,994.8
2023-06-11 05:45,Saltwater,30,0.277473527,651.4
2023-06-11 06:00,Control,5,0.249607567,67.66666667
2023-06-11 06:00,Control,15,0.263570027,45.5
2023-06-11 06:00,Control,30,0.310824652,88.33333333
2023-06-11 06:00,Freshwater,5,0.35772771,112.6
2023-06-11 06:00,Freshwater,15,0.322494753,83.8
2023-06-11 06:00,Freshwater,30,0.33529235,81
2023-06-11 06:00,Saltwater,5,0.329068106,1520.6
2023-06-11 06:00,Saltwater,15,0.288077937,993.6
2023-06-11 06:00,Saltwater,30,0.27757283,660
2023-06-11 06:15,Control,5,0.249449821,67.66666667
2023-06-11 06:15,Control,15,0.263455597,46
2023-06-11 06:15,Control,30,0.310785862,90
2023-06-11 06:15,Freshwater,5,0.35719939,113.2
2023-06-11 06:15,Freshwater,15,0.322451308,82.8
2023-06-11 06:15,Freshwater,30,0.335255887,80.2
2023-06-11 06:15,Saltwater,5,0.328761665,1513.4
2023-06-11 06:15,Saltwater,15,0.288172585,1004.2
2023-06-11 06:15,Saltwater,30,0.277433961,652.6
2023-06-11 06:30,Control,5,0.249323107,66.33333333
2023-06-11 06:30,Control,15,0.263810525,44
2023-06-11 06:30,Control,30,0.310519504,87.33333333
2023-06-11 06:30,Freshwater,5,0.357545397,113
2023-06-11 06:30,Freshwater,15,0.323668538,84
2023-06-11 06:30,Freshwater,30,0.335213994,81.4
2023-06-11 06:30,Saltwater,5,0.328705808,1485.4
2023-06-11 06:30,Saltwater,15,0.288077937,1004.6
2023-06-11 06:30,Saltwater,30,0.277318367,654.6
2023-06-11 06:45,Control,5,0.249332158,68.66666667
2023-06-11 06:45,Control,15,0.263463355,42
2023-06-11 06:45,Control,30,0.310409599,90.66666667
2023-06-11 06:45,Freshwater,5,0.357641596,112
2023-06-11 06:45,Freshwater,15,0.322481564,83.6
2023-06-11 06:45,Freshwater,30,0.335464577,79.4
2023-06-11 06:45,Saltwater,5,0.328794249,1507.2
2023-06-11 06:45,Saltwater,15,0.288115952,997.5
2023-06-11 06:45,Saltwater,30,0.277426203,653.8
2023-06-11 07:00,Control,5,0.249617911,67.66666667
2023-06-11 07:00,Control,15,0.263568088,45.5
2023-06-11 07:00,Control,30,0.310169101,89
2023-06-11 07:00,Freshwater,5,0.357479454,113.2
2023-06-11 07:00,Freshwater,15,0.322459842,83
2023-06-11 07:00,Freshwater,30,0.335234165,80.4
2023-06-11 07:00,Saltwater,5,0.328517288,1511
2023-06-11 07:00,Saltwater,15,0.287972429,992
2023-06-11 07:00,Saltwater,30,0.27734009,659
2023-06-11 07:15,Control,5,0.249139501,67.33333333
2023-06-11 07:15,Control,15,0.263502145,45
2023-06-11 07:15,Control,30,0.310410892,89
2023-06-11 07:15,Freshwater,5,0.357399546,112.8
2023-06-11 07:15,Freshwater,15,0.32248234,83.4
2023-06-11 07:15,Freshwater,30,0.335307866,82
2023-06-11 07:15,Saltwater,5,0.328656156,1502
2023-06-11 07:15,Saltwater,15,0.287967774,998.2
2023-06-11 07:15,Saltwater,30,0.27719967,657.6
2023-06-11 07:30,Control,5,0.249178291,69.33333333
2023-06-11 07:30,Control,15,0.263356682,45.5
2023-06-11 07:30,Control,30,0.310375981,87
2023-06-11 07:30,Freshwater,5,0.357391013,114
2023-06-11 07:30,Freshwater,15,0.322507941,83.8
2023-06-11 07:30,Freshwater,30,0.335051076,80.8
2023-06-11 07:30,Saltwater,5,0.328538235,1508.8
2023-06-11 07:30,Saltwater,15,0.28796855,999.8
2023-06-11 07:30,Saltwater,30,0.27745646,655.8
2023-06-11 07:45,Control,5,0.249299833,67.66666667
2023-06-11 07:45,Control,15,0.266531644,44.5
2023-06-11 07:45,Control,30,0.310480714,89
2023-06-11 07:45,Freshwater,5,0.357249817,114
2023-06-11 07:45,Freshwater,15,0.322350454,83.8
2023-06-11 07:45,Freshwater,30,0.335235716,81.6
2023-06-11 07:45,Saltwater,5,0.32831558,1508.2
2023-06-11 07:45,Saltwater,15,0.288163275,1001
2023-06-11 07:45,Saltwater,30,0.27739362,655
2023-06-11 08:00,Control,5,0.249226132,67
2023-06-11 08:00,Control,15,0.263370259,46.5
2023-06-11 08:00,Control,30,0.310312624,90.33333333
2023-06-11 08:00,Freshwater,5,0.357061298,112.4
2023-06-11 08:00,Freshwater,15,0.322248048,83.4
2023-06-11 08:00,Freshwater,30,0.334892037,82.2
2023-06-11 08:00,Saltwater,5,0.328411004,1506.2
2023-06-11 08:00,Saltwater,15,0.287893297,999.8
2023-06-11 08:00,Saltwater,30,0.27712752,652.8
2023-06-11 08:15,Control,5,0.248979169,70
2023-06-11 08:15,Control,15,0.263393533,45.5
2023-06-11 08:15,Control,30,0.310394083,87.66666667
2023-06-11 08:15,Freshwater,5,0.357085347,113.2
2023-06-11 08:15,Freshwater,15,0.322320198,83.2
2023-06-11 08:15,Freshwater,30,0.335183738,78
2023-06-11 08:15,Saltwater,5,0.328456776,1512.2
2023-06-11 08:15,Saltwater,15,0.287887091,996.6
2023-06-11 08:15,Saltwater,30,0.277319919,659.8
2023-06-11 08:30,Control,5,0.248995978,69
2023-06-11 08:30,Control,15,0.263436202,43.5
2023-06-11 08:30,Control,30,0.309809647,89
2023-06-11 08:30,Freshwater,5,0.357124913,113.8
2023-06-11 08:30,Freshwater,15,0.322213913,82
2023-06-11 08:30,Freshwater,30,0.33486566,81.4
2023-06-11 08:30,Saltwater,5,0.328492463,1510.6
2023-06-11 08:30,Saltwater,15,0.287772272,994.8
2023-06-11 08:30,Saltwater,30,0.277048389,656.8
2023-06-11 08:45,Control,5,0.24862618,68
2023-06-11 08:45,Control,15,0.263374138,47
2023-06-11 08:45,Control,30,0.31027642,89.33333333
2023-06-11 08:45,Freshwater,5,0.356893725,113.2
2023-06-11 08:45,Freshwater,15,0.322069614,83.2
2023-06-11 08:45,Freshwater,30,0.334864108,81.2
2023-06-11 08:45,Saltwater,5,0.328225587,1517.8
2023-06-11 08:45,Saltwater,15,0.287996478,1001
2023-06-11 08:45,Saltwater,30,0.27724389,654.8
2023-06-11 09:00,Control,5,0.248787805,68
2023-06-11 09:00,Control,15,0.263197644,44.5
2023-06-11 09:00,Control,30,0.310180738,89
2023-06-11 09:00,Freshwater,5,0.356703654,113.8
2023-06-11 09:00,Freshwater,15,0.321902042,83
2023-06-11 09:00,Freshwater,30,0.334517325,80.2
2023-06-11 09:00,Saltwater,5,0.328309374,1514
2023-06-11 09:00,Saltwater,15,0.287853731,997
2023-06-11 09:00,Saltwater,30,0.276950638,655.2
2023-06-11 09:15,Control,5,0.248407663,70
2023-06-11 09:15,Control,15,0.263075455,43.5
2023-06-11 09:15,Control,30,0.309898864,89.33333333
2023-06-11 09:15,Freshwater,5,0.356609006,112.6
2023-06-11 09:15,Freshwater,15,0.322099095,83.8
2023-06-11 09:15,Freshwater,30,0.334627489,79.6
2023-06-11 09:15,Saltwater,5,0.328186797,1507
2023-06-11 09:15,Saltwater,15,0.287675297,993.8
2023-06-11 09:15,Saltwater,30,0.276631784,654.2
2023-06-11 09:30,Control,5,0.248463262,69.33333333
2023-06-11 09:30,Control,15,0.262805864,43.5
2023-06-11 09:30,Control,30,0.309644143,88
2023-06-11 09:30,Freshwater,5,0.356575647,113.4
2023-06-11 09:30,Freshwater,15,0.321687921,82.4
2023-06-11 09:30,Freshwater,30,0.334416471,80.3
2023-06-11 09:30,Saltwater,5,0.328151111,1505.6
2023-06-11 09:30,Saltwater,15,0.2875085,989.6
2023-06-11 09:30,Saltwater,30,0.276868403,655.6
2023-06-11 09:45,Control,5,0.248398612,68
2023-06-11 09:45,Control,15,0.262489726,45.5
2023-06-11 09:45,Control,30,0.309724309,88
2023-06-11 09:45,Freshwater,5,0.356567889,113
2023-06-11 09:45,Freshwater,15,0.321833771,83.2
2023-06-11 09:45,Freshwater,30,0.333964956,81
2023-06-11 09:45,Saltwater,5,0.328245758,1515
2023-06-11 09:45,Saltwater,15,0.287454194,983.8
2023-06-11 09:45,Saltwater,30,0.276800909,656.4
2023-06-11 10:00,Control,5,0.248004247,68.33333333
2023-06-11 10:00,Control,15,0.262404388,44
2023-06-11 10:00,Control,30,0.309657073,88.33333333
2023-06-11 10:00,Freshwater,5,0.35608379,112.8
2023-06-11 10:00,Freshwater,15,0.32161422,83.6
2023-06-11 10:00,Freshwater,30,0.334043312,80.6
2023-06-11 10:00,Saltwater,5,0.328006812,1507.6
2023-06-11 10:00,Saltwater,15,0.287467383,991.8
2023-06-11 10:00,Saltwater,30,0.27664187,653.8
2023-06-11 10:15,Control,5,0.247922788,69
2023-06-11 10:15,Control,15,0.262563427,44
2023-06-11 10:15,Control,30,0.30935839,90.33333333
2023-06-11 10:15,Freshwater,5,0.3562149,112.6
2023-06-11 10:15,Freshwater,15,0.321639045,83.4
2023-06-11 10:15,Freshwater,30,0.33366317,80.6
2023-06-11 10:15,Saltwater,5,0.328003709,1519.6
2023-06-11 10:15,Saltwater,15,0.287565909,992.2
2023-06-11 10:15,Saltwater,30,0.276590667,651.8
2023-06-11 10:30,Control,5,0.247770214,67.33333333
2023-06-11 10:30,Control,15,0.262061097,46
2023-06-11 10:30,Control,30,0.309198058,88
2023-06-11 10:30,Freshwater,5,0.35617611,112.8
2023-06-11 10:30,Freshwater,15,0.321330277,82.4
2023-06-11 10:30,Freshwater,30,0.333478529,79.6
2023-06-11 10:30,Saltwater,5,0.328058015,1501.8
2023-06-11 10:30,Saltwater,15,0.287396785,976.8
2023-06-11 10:30,Saltwater,30,0.276443265,653.4
2023-06-11 10:45,Control,5,0.247321543,68.33333333
2023-06-11 10:45,Control,15,0.262096008,44.5
2023-06-11 10:45,Control,30,0.309090739,89.33333333
2023-06-11 10:45,Freshwater,5,0.355692786,113.8
2023-06-11 10:45,Freshwater,15,0.321393893,82.6
2023-06-11 10:45,Freshwater,30,0.333232601,79.6
2023-06-11 10:45,Saltwater,5,0.328009139,1510.4
2023-06-11 10:45,Saltwater,15,0.287312223,989.4
2023-06-11 10:45,Saltwater,30,0.276436283,654
2023-06-11 11:00,Control,5,0.24743662,68
2023-06-11 11:00,Control,15,0.262016488,44
2023-06-11 11:00,Control,30,0.308927821,86.66666667
2023-06-11 11:00,Freshwater,5,0.35547789,113.8
2023-06-11 11:00,Freshwater,15,0.321161928,82.8
2023-06-11 11:00,Freshwater,30,0.333123213,79.4
2023-06-11 11:00,Saltwater,5,0.328267481,1499.6
2023-06-11 11:00,Saltwater,15,0.287091896,985.8
2023-06-11 11:00,Saltwater,30,0.275734959,649.2
2023-06-11 11:15,Control,5,0.247040962,68.33333333
2023-06-11 11:15,Control,15,0.26154325,44
2023-06-11 11:15,Control,30,0.308938165,88.66666667
2023-06-11 11:15,Freshwater,5,0.355481769,112.6
2023-06-11 11:15,Freshwater,15,0.321147188,84
2023-06-11 11:15,Freshwater,30,0.332996757,79.8
2023-06-11 11:15,Saltwater,5,0.328113872,1525.2
2023-06-11 11:15,Saltwater,15,0.287292052,996.6
2023-06-11 11:15,Saltwater,30,0.275467308,647.4
2023-06-11 11:30,Control,5,0.246920713,69.66666667
2023-06-11 11:30,Control,15,0.261752716,43
2023-06-11 11:30,Control,30,0.308745508,87
2023-06-11 11:30,Freshwater,5,0.354904574,113
2023-06-11 11:30,Freshwater,15,0.320958669,82.6
2023-06-11 11:30,Freshwater,30,0.332735313,79.2
2023-06-11 11:30,Saltwater,5,0.328002933,1510.8
2023-06-11 11:30,Saltwater,15,0.287018195,985.2
2023-06-11 11:30,Saltwater,30,0.275560404,648.6
2023-06-11 11:45,Control,5,0.246541864,68
2023-06-11 11:45,Control,15,0.261485065,45
2023-06-11 11:45,Control,30,0.30897049,88.33333333
2023-06-11 11:45,Freshwater,5,0.35492009,114
2023-06-11 11:45,Freshwater,15,0.320926861,82.4
2023-06-11 11:45,Freshwater,30,0.332592566,80.2
2023-06-11 11:45,Saltwater,5,0.328225587,1513.4
2023-06-11 11:45,Saltwater,15,0.286845191,994.2
2023-06-11 11:45,Saltwater,30,0.275080184,650.4
2023-06-11 12:00,Control,5,0.246462991,68.33333333
2023-06-11 12:00,Control,15,0.261479247,45
2023-06-11 12:00,Control,30,0.308524405,88.33333333
2023-06-11 12:00,Freshwater,5,0.354796737,113.8
2023-06-11 12:00,Freshwater,15,0.320869452,83.2
2023-06-11 12:00,Freshwater,30,0.332652302,80.2
2023-06-11 12:00,Saltwater,5,0.328172057,1520.8
2023-06-11 12:00,Saltwater,15,0.286784679,998.2
2023-06-11 12:00,Saltwater,30,0.274825722,645.4
2023-06-11 12:15,Control,5,0.246213442,67.66666667
2023-06-11 12:15,Control,15,0.261128197,45
2023-06-11 12:15,Control,30,0.308468806,89.33333333
2023-06-11 12:15,Freshwater,5,0.354761051,113.2
2023-06-11 12:15,Freshwater,15,0.320459829,82.8
2023-06-11 12:15,Freshwater,30,0.332269057,79.2
2023-06-11 12:15,Saltwater,5,0.328267481,1516
2023-06-11 12:15,Saltwater,15,0.286766835,990.8
2023-06-11 12:15,Saltwater,30,0.274889337,651.4
2023-06-11 12:30,Control,5,0.245954842,70.33333333
2023-06-11 12:30,Control,15,0.260990492,44.5
2023-06-11 12:30,Control,30,0.308554144,89.33333333
2023-06-11 12:30,Freshwater,5,0.354612873,114.2
2023-06-11 12:30,Freshwater,15,0.320372164,83
2023-06-11 12:30,Freshwater,30,0.331889691,79.4
2023-06-11 12:30,Saltwater,5,0.327983538,1520
2023-06-11 12:30,Saltwater,15,0.286639604,991.6
2023-06-11 12:30,Saltwater,30,0.274829601,646
2023-06-11 12:45,Control,5,0.245887606,67.66666667
2023-06-11 12:45,Control,15,0.263595241,43.5
2023-06-11 12:45,Control,30,0.308340799,85.33333333
2023-06-11 12:45,Freshwater,5,0.354165236,114.2
2023-06-11 12:45,Freshwater,15,0.320488534,82.4
2023-06-11 12:45,Freshwater,30,0.331892018,79.6
2023-06-11 12:45,Saltwater,5,0.327901303,1517.6
2023-06-11 12:45,Saltwater,15,0.286672188,985.2
2023-06-11 12:45,Saltwater,30,0.274651167,647.4
2023-06-11 13:00,Control,5,0.245554012,69.66666667
2023-06-11 13:00,Control,15,0.260470706,43.5
2023-06-11 13:00,Control,30,0.308075734,88.33333333
2023-06-11 13:00,Freshwater,5,0.354015507,112.8
2023-06-11 13:00,Freshwater,15,0.320210022,82.4
2023-06-11 13:00,Freshwater,30,0.331518083,78.8
2023-06-11 13:00,Saltwater,5,0.327925353,1526.8
2023-06-11 13:00,Saltwater,15,0.286468152,990.8
2023-06-11 13:00,Saltwater,30,0.274454114,647.2
2023-06-11 13:15,Control,5,0.245468674,68.66666667
2023-06-11 13:15,Control,15,0.260232148,44.5
2023-06-11 13:15,Control,30,0.307782223,88.66666667
2023-06-11 13:15,Freshwater,5,0.353780439,113.4
2023-06-11 13:15,Freshwater,15,0.32010684,83
2023-06-11 13:15,Freshwater,30,0.331327236,78.4
2023-06-11 13:15,Saltwater,5,0.32796647,1523.2
2023-06-11 13:15,Saltwater,15,0.286496857,993.4
2023-06-11 13:15,Saltwater,30,0.274459544,645.6
2023-06-11 13:30,Control,5,0.245323858,67
2023-06-11 13:30,Control,15,0.260292273,43.5
2023-06-11 13:30,Control,30,0.307603789,88.33333333
2023-06-11 13:30,Freshwater,5,0.353679585,113
2023-06-11 13:30,Freshwater,15,0.319873325,82.6
2023-06-11 13:30,Freshwater,30,0.330847016,79.4
2023-06-11 13:30,Saltwater,5,0.327968798,1512.4
2023-06-11 13:30,Saltwater,15,0.286403761,987.8
2023-06-11 13:30,Saltwater,30,0.274323779,650
2023-06-11 13:45,Control,5,0.245104048,69
2023-06-11 13:45,Control,15,0.259772487,43.5
2023-06-11 13:45,Control,30,0.307990396,89
2023-06-11 13:45,Freshwater,5,0.353596575,113.4
2023-06-11 13:45,Freshwater,15,0.319746093,82.6
2023-06-11 13:45,Freshwater,30,0.330950197,79.2
2023-06-11 13:45,Saltwater,5,0.327918371,1521.2
2023-06-11 13:45,Saltwater,15,0.286212914,983
2023-06-11 13:45,Saltwater,30,0.274045267,647
2023-06-11 14:00,Control,5,0.245047156,69
2023-06-11 14:00,Control,15,0.259807398,43.5
2023-06-11 14:00,Control,30,0.307337431,88.66666667
2023-06-11 14:00,Freshwater,5,0.353411159,112.4
2023-06-11 14:00,Freshwater,15,0.319634378,83.4
2023-06-11 14:00,Freshwater,30,0.330767108,79.4
2023-06-11 14:00,Saltwater,5,0.327810534,1511.4
2023-06-11 14:00,Saltwater,15,0.286188864,981.4
2023-06-11 14:00,Saltwater,30,0.274025096,647.6
2023-06-11 14:15,Control,5,0.244795021,69.33333333
2023-06-11 14:15,Control,15,0.259588234,44
2023-06-11 14:15,Control,30,0.3076387,86.33333333
2023-06-11 14:15,Freshwater,5,0.352930938,113.2
2023-06-11 14:15,Freshwater,15,0.319377588,82.6
2023-06-11 14:15,Freshwater,30,0.330552987,79
2023-06-11 14:15,Saltwater,5,0.327944748,1513.4
2023-06-11 14:15,Saltwater,15,0.286157057,990.2
2023-06-11 14:15,Saltwater,30,0.273876918,641.6
2023-06-11 14:30,Control,5,0.244461427,69.33333333
2023-06-11 14:30,Control,15,0.259452469,45
2023-06-11 14:30,Control,30,0.307292176,86.33333333
2023-06-11 14:30,Freshwater,5,0.353101614,112.8
2023-06-11 14:30,Freshwater,15,0.319410948,81.8
2023-06-11 14:30,Freshwater,30,0.330255856,79.8
2023-06-11 14:30,Saltwater,5,0.327770193,1508.2
2023-06-11 14:30,Saltwater,15,0.286104302,990.8
2023-06-11 14:30,Saltwater,30,0.273865281,644
2023-06-11 14:45,Control,5,0.244315318,68
2023-06-11 14:45,Control,15,0.25948932,44
2023-06-11 14:45,Control,30,0.30736717,88.66666667
2023-06-11 14:45,Freshwater,5,0.353068255,111.8
2023-06-11 14:45,Freshwater,15,0.319226307,82.8
2023-06-11 14:45,Freshwater,30,0.33029387,78.8
2023-06-11 14:45,Saltwater,5,0.327909061,1521
2023-06-11 14:45,Saltwater,15,0.285989484,986.6
2023-06-11 14:45,Saltwater,30,0.273862954,645
2023-06-11 15:00,Control,5,0.244231273,67.66666667
2023-06-11 15:00,Control,15,0.259326401,43
2023-06-11 15:00,Control,30,0.307076245,88.66666667
2023-06-11 15:00,Freshwater,5,0.352697423,113
2023-06-11 15:00,Freshwater,15,0.319156485,82.4
2023-06-11 15:00,Freshwater,30,0.330227151,79
2023-06-11 15:00,Saltwater,5,0.327768641,1511
2023-06-11 15:00,Saltwater,15,0.285956124,986.8
2023-06-11 15:00,Saltwater,30,0.273658919,642.2
2023-06-11 15:15,Control,5,0.244240324,70.66666667
2023-06-11 15:15,Control,15,0.259223608,43
2023-06-11 15:15,Control,30,0.307113742,87.66666667
2023-06-11 15:15,Freshwater,5,0.352410377,112.2
2023-06-11 15:15,Freshwater,15,0.319051752,83
2023-06-11 15:15,Freshwater,30,0.329834985,78.1
2023-06-11 15:15,Saltwater,5,0.327589431,1509.2
2023-06-11 15:15,Saltwater,15,0.285843633,994.4
2023-06-11 15:15,Saltwater,30,0.273666677,643.8
2023-06-11 15:30,Control,5,0.243954571,68.33333333
2023-06-11 15:30,Control,15,0.258977292,43.5
2023-06-11 15:30,Control,30,0.307041334,85.33333333
2023-06-11 15:30,Freshwater,5,0.35240417,112.6
2023-06-11 15:30,Freshwater,15,0.318653767,83
2023-06-11 15:30,Freshwater,30,0.329748483,78.6
2023-06-11 15:30,Saltwater,5,0.32759331,1507.2
2023-06-11 15:30,Saltwater,15,0.285697783,985
2023-06-11 15:30,Saltwater,30,0.273456435,647.2
2023-06-11 15:45,Control,5,0.243843373,69.33333333
2023-06-11 15:45,Control,15,0.258767826,45.5
2023-06-11 15:45,Control,30,0.306732307,88
2023-06-11 15:45,Freshwater,5,0.352038768,113
2023-06-11 15:45,Freshwater,15,0.318615753,83.2
2023-06-11 15:45,Freshwater,30,0.329742276,78.4
2023-06-11 15:45,Saltwater,5,0.327522713,1496.6
2023-06-11 15:45,Saltwater,15,0.285870786,995
2023-06-11 15:45,Saltwater,30,0.273192663,639
2023-06-11 16:00,Control,5,0.243706315,69
2023-06-11 16:00,Control,15,0.258787221,43
2023-06-11 16:00,Control,30,0.306781441,86
2023-06-11 16:00,Freshwater,5,0.352179188,113
2023-06-11 16:00,Freshwater,15,0.318529639,82.8
2023-06-11 16:00,Freshwater,30,0.329375323,78.8
2023-06-11 16:00,Saltwater,5,0.327614257,1514.2
2023-06-11 16:00,Saltwater,15,0.285717954,989.6
2023-06-11 16:00,Saltwater,30,0.273371873,643.6
2023-06-11 16:15,Control,5,0.243799411,68.66666667
2023-06-11 16:15,Control,15,0.258593271,44.5
2023-06-11 16:15,Control,30,0.306652141,86
2023-06-11 16:15,Freshwater,5,0.351951879,111
2023-06-11 16:15,Freshwater,15,0.318497831,81.2
2023-06-11 16:15,Freshwater,30,0.329426526,79.4
2023-06-11 16:15,Saltwater,5,0.327403239,1511.4
2023-06-11 16:15,Saltwater,15,0.285716402,993
2023-06-11 16:15,Saltwater,30,0.27311741,642.2
2023-06-11 16:30,Control,5,0.243664939,67.33333333
2023-06-11 16:30,Control,15,0.258779463,44
2023-06-11 16:30,Control,30,0.306610765,86.33333333
2023-06-11 16:30,Freshwater,5,0.35173931,112.2
2023-06-11 16:30,Freshwater,15,0.318407838,81.6
2023-06-11 16:30,Freshwater,30,0.329306277,78.8
2023-06-11 16:30,Saltwater,5,0.327457545,1509.6
2023-06-11 16:30,Saltwater,15,0.285666751,986.2
2023-06-11 16:30,Saltwater,30,0.273018884,639.4
2023-06-11 16:45,Control,5,0.243526588,66.66666667
2023-06-11 16:45,Control,15,0.258893893,45.5
2023-06-11 16:45,Control,30,0.306442675,87.33333333
2023-06-11 16:45,Freshwater,5,0.351480192,111.2
2023-06-11 16:45,Freshwater,15,0.318271298,83
2023-06-11 16:45,Freshwater,30,0.328940875,78.8
2023-06-11 16:45,Saltwater,5,0.32753435,1498.2
2023-06-11 16:45,Saltwater,15,0.285635719,992.6
2023-06-11 16:45,Saltwater,30,0.272892428,641.4
2023-06-11 17:00,Control,5,0.2435059,70
2023-06-11 17:00,Control,15,0.258665032,43.5
2023-06-11 17:00,Control,30,0.306551287,87.66666667
2023-06-11 17:00,Freshwater,5,0.351424335,112.2
2023-06-11 17:00,Freshwater,15,0.318199924,83
2023-06-11 17:00,Freshwater,30,0.329083622,79
2023-06-11 17:00,Saltwater,5,0.327518058,1508.2
2023-06-11 17:00,Saltwater,15,0.285605463,988.2
2023-06-11 17:00,Saltwater,30,0.272901738,639.6
2023-06-11 17:15,Control,5,0.243487798,67
2023-06-11 17:15,Control,15,0.261816719,44
2023-06-11 17:15,Control,30,0.306584905,87.33333333
2023-06-11 17:15,Freshwater,5,0.351411146,112
2023-06-11 17:15,Freshwater,15,0.318258109,83
2023-06-11 17:15,Freshwater,30,0.329046384,77.6
2023-06-11 17:15,Saltwater,5,0.327528919,1494
2023-06-11 17:15,Saltwater,15,0.285607014,983.4
2023-06-11 17:15,Saltwater,30,0.272871482,639.2
2023-06-11 17:30,Control,5,0.243204631,67.66666667
2023-06-11 17:30,Control,15,0.258602968,44
2023-06-11 17:30,Control,30,0.306057361,88.33333333
2023-06-11 17:30,Freshwater,5,0.351645438,112.4
2023-06-11 17:30,Freshwater,15,0.318218543,82.2
2023-06-11 17:30,Freshwater,30,0.328948633,77.6
2023-06-11 17:30,Saltwater,5,0.327189894,1498
2023-06-11 17:30,Saltwater,15,0.285474353,982.6
2023-06-11 17:30,Saltwater,30,0.27282183,639.8
2023-06-11 17:45,Control,5,0.243383065,68
2023-06-11 17:45,Control,15,0.258952078,43
2023-06-11 17:45,Control,30,0.306193126,84
2023-06-11 17:45,Freshwater,5,0.351159787,112.2
2023-06-11 17:45,Freshwater,15,0.318210785,83.2
2023-06-11 17:45,Freshwater,30,0.329057245,77.4
2023-06-11 17:45,Saltwater,5,0.327328763,1503.4
2023-06-11 17:45,Saltwater,15,0.285403755,986.4
2023-06-11 17:45,Saltwater,30,0.272655809,640.2
2023-06-11 18:00,Control,5,0.243039127,67.66666667
2023-06-11 18:00,Control,15,0.258794979,43
2023-06-11 18:00,Control,30,0.305962972,87.66666667
2023-06-11 18:00,Freshwater,5,0.35141037,112.6
2023-06-11 18:00,Freshwater,15,0.317974942,82.2
2023-06-11 18:00,Freshwater,30,0.328899758,78.6
2023-06-11 18:00,Saltwater,5,0.327377638,1504.4
2023-06-11 18:00,Saltwater,15,0.285480559,985.4
2023-06-11 18:00,Saltwater,30,0.272671325,641.8
2023-06-11 18:15,Control,5,0.243049471,69
2023-06-11 18:15,Control,15,0.258729036,45
2023-06-11 18:15,Control,30,0.306419401,87.33333333
2023-06-11 18:15,Freshwater,5,0.351104705,111.8
2023-06-11 18:15,Freshwater,15,0.318035454,81.6
2023-06-11 18:15,Freshwater,30,0.328780284,78.6
2023-06-11 18:15,Saltwater,5,0.327331866,1504.2
2023-06-11 18:15,Saltwater,15,0.285327726,987.2
2023-06-11 18:15,Saltwater,30,0.272714382,641
2023-06-11 18:30,Control,5,0.242997751,68
2023-06-11 18:30,Control,15,0.258690245,44.5
2023-06-11 18:30,Control,30,0.306165973,86.33333333
2023-06-11 18:30,Freshwater,5,0.351222627,111.2
2023-06-11 18:30,Freshwater,15,0.318079675,82.6
2023-06-11 18:30,Freshwater,30,0.328950185,78.8
2023-06-11 18:30,Saltwater,5,0.327295403,1497
2023-06-11 18:30,Saltwater,15,0.285545726,982.2
2023-06-11 18:30,Saltwater,30,0.272785756,636.3
2023-06-11 18:45,Control,5,0.24300163,68
2023-06-11 18:45,Control,15,0.258692185,43
2023-06-11 18:45,Control,30,0.306489223,86.66666667
2023-06-11 18:45,Freshwater,5,0.351217196,111.8
2023-06-11 18:45,Freshwater,15,0.317972615,82.4
2023-06-11 18:45,Freshwater,30,0.328598747,78.8
2023-06-11 18:45,Saltwater,5,0.327355916,1487.9
2023-06-11 18:45,Saltwater,15,0.285464267,986
2023-06-11 18:45,Saltwater,30,0.272726407,642.4
2023-06-11 19:00,Control,5,0.243111535,68
2023-06-11 19:00,Control,15,0.258715459,45
2023-06-11 19:00,Control,30,0.306453019,86
2023-06-11 19:00,Freshwater,5,0.351543032,112.8
2023-06-11 19:00,Freshwater,15,0.318011405,82.4
2023-06-11 19:00,Freshwater,30,0.328684861,79.2
2023-06-11 19:00,Saltwater,5,0.327241873,1500.2
2023-06-11 19:00,Saltwater,15,0.285644253,993.6
2023-06-11 19:00,Saltwater,30,0.272662791,643.6
2023-06-11 19:15,Control,5,0.243049471,68
2023-06-11 19:15,Control,15,0.258808555,44.5
2023-06-11 19:15,Control,30,0.306217693,86.33333333
2023-06-11 19:15,Freshwater,5,0.35125521,112.2
2023-06-11 19:15,Freshwater,15,0.317981148,82.8
2023-06-11 19:15,Freshwater,30,0.328675551,78.2
2023-06-11 19:15,Saltwater,5,0.327211617,1499.2
2023-06-11 19:15,Saltwater,15,0.285393669,979.4
2023-06-11 19:15,Saltwater,30,0.272617019,641
2023-06-11 19:30,Control,5,0.243010681,67.66666667
2023-06-11 19:30,Control,15,0.258899711,45
2023-06-11 19:30,Control,30,0.306180196,86
2023-06-11 19:30,Freshwater,5,0.351236591,112.6
2023-06-11 19:30,Freshwater,15,0.317923739,82.8
2023-06-11 19:30,Freshwater,30,0.328612712,78.2
2023-06-11 19:30,Saltwater,5,0.327209289,1499
2023-06-11 19:30,Saltwater,15,0.285527883,980.8
2023-06-11 19:30,Saltwater,30,0.272671325,642.6
2023-06-11 19:45,Control,5,0.242786992,68.66666667
2023-06-11 19:45,Control,15,0.258746491,44.5
2023-06-11 19:45,Control,30,0.306109081,87.33333333
2023-06-11 19:45,Freshwater,5,0.351020919,111.8
2023-06-11 19:45,Freshwater,15,0.317922963,82
2023-06-11 19:45,Freshwater,30,0.328886569,79.2
2023-06-11 19:45,Saltwater,5,0.326935432,1502.6
2023-06-11 19:45,Saltwater,15,0.285521289,986
2023-06-11 19:45,Saltwater,30,0.272544094,642.5
2023-06-11 20:00,Control,5,0.242819317,68.33333333
2023-06-11 20:00,Control,15,0.258796918,44.5
2023-06-11 20:00,Control,30,0.306123304,86
2023-06-11 20:00,Freshwater,5,0.351165218,112.6
2023-06-11 20:00,Freshwater,15,0.317971839,82.4
2023-06-11 20:00,Freshwater,30,0.328722099,78.4
2023-06-11 20:00,Saltwater,5,0.327116969,1498.2
2023-06-11 20:00,Saltwater,15,0.285473577,978.2
2023-06-11 20:00,Saltwater,30,0.272543318,638
2023-06-11 20:15,Control,5,0.242863279,68
2023-06-11 20:15,Control,15,0.258893893,44.5
2023-06-11 20:15,Control,30,0.306106495,84.33333333
2023-06-11 20:15,Freshwater,5,0.351131858,111.8
2023-06-11 20:15,Freshwater,15,0.317872536,83.2
2023-06-11 20:15,Freshwater,30,0.328941651,79
2023-06-11 20:15,Saltwater,5,0.326999048,1494.4
2023-06-11 20:15,Saltwater,15,0.285580637,975
2023-06-11 20:15,Saltwater,30,0.272470005,640
2023-06-11 20:30,Control,5,0.2429887,68.66666667
2023-06-11 20:30,Control,15,0.258940441,44
2023-06-11 20:30,Control,30,0.305950042,85.66666667
2023-06-11 20:30,Freshwater,5,0.35104109,112.4
2023-06-11 20:30,Freshwater,15,0.31804554,82.6
2023-06-11 20:30,Freshwater,30,0.32869805,78.2
2023-06-11 20:30,Saltwater,5,0.326826044,1484.4
2023-06-11 20:30,Saltwater,15,0.28542315,982.6
2023-06-11 20:30,Saltwater,30,0.272313681,642.6
2023-06-11 20:45,Control,5,0.242902069,68.66666667
2023-06-11 20:45,Control,15,0.259035476,45
2023-06-11 20:45,Control,30,0.305783245,85.33333333
2023-06-11 20:45,Freshwater,5,0.35131805,112.2
2023-06-11 20:45,Freshwater,15,0.319157261,82.2
2023-06-11 20:45,Freshwater,30,0.328721324,79.2
2023-06-11 20:45,Saltwater,5,0.326964525,1482.5
2023-06-11 20:45,Saltwater,15,0.28560779,976
2023-06-11 20:45,Saltwater,30,0.272554955,636.6
2023-06-11 21:00,Control,5,0.242529685,69.66666667
2023-06-11 21:00,Control,15,0.258994747,44
2023-06-11 21:00,Control,30,0.305625499,87.66666667
2023-06-11 21:00,Freshwater,5,0.350864207,111.4
2023-06-11 21:00,Freshwater,15,0.317944686,82.8
2023-06-11 21:00,Freshwater,30,0.328734512,78
2023-06-11 21:00,Saltwater,5,0.326945517,1487.8
2023-06-11 21:00,Saltwater,15,0.285597705,982.2
2023-06-11 21:00,Saltwater,30,0.272409105,636.8
2023-06-11 21:15,Control,5,0.242912413,68.33333333
2023-06-11 21:15,Control,15,0.258915227,44
2023-06-11 21:15,Control,30,0.305648773,85
2023-06-11 21:15,Freshwater,5,0.350930926,111.6
2023-06-11 21:15,Freshwater,15,0.317877191,81.4
2023-06-11 21:15,Freshwater,30,0.328940875,77.6
2023-06-11 21:15,Saltwater,5,0.326982756,1484.2
2023-06-11 21:15,Saltwater,15,0.285382032,972
2023-06-11 21:15,Saltwater,30,0.272442464,637
2023-06-11 21:30,Control,5,0.242606618,67.33333333
2023-06-11 21:30,Control,15,0.259012202,43.5
2023-06-11 21:30,Control,30,0.305853067,87
2023-06-11 21:30,Freshwater,5,0.350970492,111.4
2023-06-11 21:30,Freshwater,15,0.317978821,82.4
2023-06-11 21:30,Freshwater,30,0.328647623,77.8
2023-06-11 21:30,Saltwater,5,0.326799667,1489.4
2023-06-11 21:30,Saltwater,15,0.285426253,980.8
2023-06-11 21:30,Saltwater,30,0.272309802,641
2023-06-11 21:45,Control,5,0.242351251,67.66666667
2023-06-11 21:45,Control,15,0.258996686,45
2023-06-11 21:45,Control,30,0.306079342,88.33333333
2023-06-11 21:45,Freshwater,5,0.350975922,112.6
2023-06-11 21:45,Freshwater,15,0.317853141,83
2023-06-11 21:45,Freshwater,30,0.328866398,78.4
2023-06-11 21:45,Saltwater,5,0.326890436,1502.6
2023-06-11 21:45,Saltwater,15,0.285674509,985.6
2023-06-11 21:45,Saltwater,30,0.272340834,639.2
2023-06-11 22:00,Control,5,0.2426008,67.66666667
2023-06-11 22:00,Control,15,0.259305067,43
2023-06-11 22:00,Control,30,0.305461288,88
2023-06-11 22:00,Freshwater,5,0.351125652,111
2023-06-11 22:00,Freshwater,15,0.319153382,82.6
2023-06-11 22:00,Freshwater,30,0.328802007,78.2
2023-06-11 22:00,Saltwater,5,0.326687952,1489.1
2023-06-11 22:00,Saltwater,15,0.285458061,982
2023-06-11 22:00,Saltwater,30,0.272381952,641.8
2023-06-11 22:15,Control,5,0.242618902,68
2023-06-11 22:15,Control,15,0.25929343,44.5
2023-06-11 22:15,Control,30,0.30599853,86.66666667
2023-06-11 22:15,Freshwater,5,0.350726891,112
2023-06-11 22:15,Freshwater,15,0.317874864,83
2023-06-11 22:15,Freshwater,30,0.329118533,78
2023-06-11 22:15,Saltwater,5,0.326840784,1484.8
2023-06-11 22:15,Saltwater,15,0.285546502,980.6
2023-06-11 22:15,Saltwater,30,0.272150763,634.6
2023-06-11 22:30,Control,5,0.242572354,68
2023-06-11 22:30,Control,15,0.259039356,44
2023-06-11 22:30,Control,30,0.305921596,86.66666667
2023-06-11 22:30,Freshwater,5,0.351009282,112
2023-06-11 22:30,Freshwater,15,0.317850038,82.4
2023-06-11 22:30,Freshwater,30,0.328686413,78.2
2023-06-11 22:30,Saltwater,5,0.32676398,1488.6
2023-06-11 22:30,Saltwater,15,0.285655114,981.6
2023-06-11 22:30,Saltwater,30,0.272376521,639.4
2023-06-11 22:45,Control,5,0.242463742,68
2023-06-11 22:45,Control,15,0.259295369,44.5
2023-06-11 22:45,Control,30,0.305591881,85.33333333
2023-06-11 22:45,Freshwater,5,0.350958855,111.8
2023-06-11 22:45,Freshwater,15,0.317928394,82.4
2023-06-11 22:45,Freshwater,30,0.328505651,77.6
2023-06-11 22:45,Saltwater,5,NA,NA
2023-06-11 22:45,Saltwater,15,0.285629513,988
2023-06-11 22:45,Saltwater,30,0.27249677,640