species,slope,p,plot
Beech,2.8373328307980487e-4,0.5529555525819984,Freshwater
Red Maple,1.0792189609570897e-4,0.7806960786243266,Freshwater
Tulip Poplar,-0.002556452729700683,1.7647960364965473e-6,Freshwater
Beech,0.0014349765545457838,4.4458166133635454e-4,Saltwater
Red Maple,-0.0031593781628627706,3.587372849067384e-15,Saltwater
Tulip Poplar,-0.0060840461620300075,1.8857862736600705e-16,Saltwater
