species,slope,p,plot
Beech,3.258054633172656e-5,0.9599277081768202,Freshwater
Red Maple,4.387483004999003e-6,0.9893098790797296,Freshwater
Tulip Poplar,-0.0039199949270460705,5.377821921206769e-9,Freshwater
Beech,0.0016164547706195773,1.0640139176472068e-4,Saltwater
Red Maple,-0.004798697641292949,1.7730687357400918e-26,Saltwater
Tulip Poplar,-0.008802722846467752,6.062615770045386e-17,Saltwater
